Date,Open,High,Low,Close,Volume,daily_return,MA7,MA21
2021-08-13,148.97000122070312,149.44000244140625,148.27000427246094,149.10000610351562,59375000,,,
2021-08-16,148.5399932861328,151.19000244140625,146.47000122070312,151.1199951171875,103296000,0.013547880154139325,,
2021-08-17,150.22999572753906,151.67999267578125,149.08999633789062,150.19000244140625,92229700,-0.006154001494375949,,
2021-08-18,149.8000030517578,150.72000122070312,146.14999389648438,146.36000061035156,86326000,-0.025501043803157875,,
2021-08-19,145.02999877929688,148.0,144.5,146.6999969482422,86960300,0.002323014050784167,,
2021-08-20,147.44000244140625,148.5,146.77999877929688,148.19000244140625,60549600,0.010156820205591055,,
2021-08-23,148.30999755859375,150.19000244140625,147.88999938964844,149.7100067138672,60131800,0.010257131030562805,148.76714433942522,
2021-08-24,149.4499969482422,150.86000061035156,149.14999389648438,149.6199951171875,48606400,-0.0006012396810035625,148.84142848423548,
2021-08-25,149.80999755859375,150.32000732421875,147.8000030517578,148.36000061035156,58991300,-0.008421297606974743,148.4471435546875,
2021-08-26,148.35000610351562,149.1199951171875,147.50999450683594,147.5399932861328,48597200,-0.005527145597501004,148.06857081821985,
2021-08-27,147.47999572753906,148.75,146.8300018310547,148.60000610351562,55802400,0.007184579541948732,148.3885716029576,
2021-08-30,149.0,153.49000549316406,148.61000061035156,153.1199951171875,90956700,0.03041715227469921,149.3057141985212,
2021-08-31,152.66000366210938,152.8000030517578,151.2899932861328,151.8300018310547,86453100,-0.008424721311841354,149.82571411132812,
2021-09-01,152.8300018310547,154.97999572753906,152.33999633789062,152.50999450683594,80313700,0.004478644981759983,150.2257123674665,
2021-09-02,153.8699951171875,154.72000122070312,152.39999389648438,153.64999389648438,71115500,0.007474915944589711,150.80142647879464,
2021-09-03,153.75999450683594,154.6300048828125,153.08999633789062,154.3000030517578,57808700,0.0042304535053308,151.6499982561384,
2021-09-07,154.97000122070312,157.25999450683594,154.38999938964844,156.69000244140625,82278300,0.01548930228372547,152.95714242117745,
2021-09-08,156.97999572753906,157.0399932861328,153.97999572753906,155.11000061035156,74420200,-0.010083616098260806,153.88714163643974,
2021-09-09,155.49000549316406,156.11000061035156,153.9499969482422,154.07000732421875,57305700,-0.006704875778740793,154.02285766601562,
2021-09-10,155.0,155.47999572753906,148.6999969482422,148.97000122070312,140893200,-0.03310187486902216,153.6142861502511,
2021-09-13,150.6300048828125,151.4199981689453,148.75,149.5500030517578,102404300,0.003893413615506436,153.1914302280971,150.72809564499627
2021-09-14,150.35000610351562,151.07000732421875,146.91000366210938,148.1199951171875,109296300,-0.009562072252685905,152.40143040248327,150.68142845517113
2021-09-15,148.55999755859375,149.44000244140625,146.3699951171875,149.02999877929688,83281300,0.006143692223250508,151.64857264927454,150.5819048200335
2021-09-16,148.44000244140625,148.97000122070312,147.22000122070312,148.7899932861328,68034100,-0.0016104508832446296,150.51999991280692,150.51523771740142
2021-09-17,148.82000732421875,148.82000732421875,145.75999450683594,146.05999755859375,129868800,-0.018347979371765355,149.22714233398438,150.5009518577939
2021-09-20,143.8000030517578,144.83999633789062,141.27000427246094,142.94000244140625,123478900,-0.02136105141269684,147.63714163643974,150.32190450032553
2021-09-21,143.92999267578125,144.60000610351562,142.77999877929688,143.42999267578125,75834000,0.003427943374884501,146.84571184430803,150.09523736862909
2021-09-22,144.4499969482422,146.42999267578125,143.6999969482422,145.85000610351562,76404300,0.016872436389261614,146.31714085170202,149.91142781575522
2021-09-23,146.64999389648438,147.0800018310547,145.63999938964844,146.8300018310547,64838200,0.0067192025130498045,146.13285609654017,149.77857099260603
2021-09-24,145.66000366210938,147.47000122070312,145.55999755859375,146.9199981689453,53477900,0.0006129288072487249,145.83142743791853,149.70999944777716
2021-09-27,145.47000122070312,145.9600067138672,143.82000732421875,145.3699951171875,74150700,-0.010549980064493591,145.34285627092635,149.6066662016369
2021-09-28,143.25,144.75,141.69000244140625,141.91000366210938,108972300,-0.0238012765446467,144.75,149.28809465680803
2021-09-29,142.47000122070312,144.4499969482422,142.02999877929688,142.8300018310547,74602000,0.006482969101571312,144.73428562709265,148.79809497651598
2021-09-30,143.66000366210938,144.3800048828125,141.27999877929688,141.5,89056700,-0.009311781936598096,144.4585723876953,148.30619012741815
2021-10-01,141.89999389648438,142.9199981689453,139.11000061035156,142.64999389648438,94639600,0.00812716534617941,144.00142778669084,147.83666628882997
2021-10-04,141.75999450683594,142.2100067138672,138.27000427246094,139.13999938964844,98322000,-0.02460564077824645,142.9028560093471,147.14571416945685
2021-10-05,139.49000549316406,142.24000549316406,139.36000061035156,141.11000061035156,80861100,0.014158410445197056,142.07285635811942,146.51761881510416
2021-10-06,139.47000122070312,142.14999389648438,138.3699951171875,142.0,83221100,0.00630713192402288,141.59142848423548,145.8180948893229
2021-10-07,143.05999755859375,144.22000122070312,142.72000122070312,143.2899932861328,61732700,0.009084459761498742,141.788569859096,145.25523739769346
2021-10-08,144.02999877929688,144.17999267578125,142.55999755859375,142.89999389648438,58773200,-0.00272174895611621,141.79856872558594,144.72333199637276
2021-10-11,142.27000427246094,144.80999755859375,141.80999755859375,142.80999755859375,64452200,-0.0006297854565047167,141.98571123395647,144.42999848865327
2021-10-12,143.22999572753906,143.25,141.0399932861328,141.50999450683594,73035900,-0.009103025516294383,141.8228541782924,144.0471409388951
2021-10-13,141.24000549316406,141.39999389648438,139.1999969482422,140.91000366210938,78762700,-0.004239918507647045,142.0757119315011,143.7038080124628
2021-10-14,142.11000061035156,143.8800048828125,141.50999450683594,143.75999450683594,69907100,0.02022561046524851,142.45428248814173,143.4528554280599
2021-10-15,143.77000427246094,144.89999389648438,143.50999450683594,144.83999633789062,67940300,0.007512533892058082,142.85999625069755,143.26476033528647
2021-10-18,143.4499969482422,146.83999633789062,143.16000366210938,146.5500030517578,85589200,0.01180617755525204,143.3257119315011,143.28809393019904
2021-10-19,147.00999450683594,149.1699981689453,146.5500030517578,148.75999450683594,76378900,0.01508011879261173,144.16285487583704,143.56523640950522
2021-10-20,148.6999969482422,149.75,148.1199951171875,149.25999450683594,58418800,0.003361118704377386,145.08428301130022,143.84285554431733
2021-10-21,148.80999755859375,149.63999938964844,147.8699951171875,149.47999572753906,61421000,0.0014739463272126496,146.2228546142578,144.01571219308036
2021-10-22,149.69000244140625,150.17999267578125,148.63999938964844,148.69000244140625,58883400,-0.005284943194491021,147.33428301130022,144.10428365071616
2021-10-25,148.67999267578125,149.3699951171875,147.6199951171875,148.63999938964844,50720600,-0.0003362906109138919,148.03142656598772,144.18618847074964
2021-10-26,149.3300018310547,150.83999633789062,149.00999450683594,149.32000732421875,60893400,0.004574865025313457,148.67142813546317,144.37428429013207
2021-10-27,149.36000061035156,149.72999572753906,148.49000549316406,148.85000610351562,56094900,-0.0031476104851951847,149.0,144.7047605968657
2021-10-28,149.82000732421875,153.1699981689453,149.72000122070312,152.57000732421875,100077900,0.02499160946030532,149.5442875453404,145.16857038225447
2021-10-29,147.22000122070312,149.94000244140625,146.41000366210938,149.8000030517578,124953200,-0.0181556278395828,149.6214316231864,145.56380862281435
2021-11-01,148.99000549316406,149.6999969482422,147.8000030517578,148.9600067138672,74588300,-0.005607452074619768,149.5471474783761,145.86428542364212
2021-11-02,148.66000366210938,151.57000732421875,148.64999389648438,150.02000427246094,69122000,0.007115987586049588,149.73714773995536,146.38238089425224
2021-11-03,150.38999938964844,151.97000122070312,149.82000732421875,151.49000549316406,54511500,0.009798701365408391,150.144291469029,146.87666684105284
2021-11-04,151.5800018310547,152.42999267578125,150.63999938964844,150.9600067138672,60394600,-0.003498572579567205,150.37857709612166,147.30333382742745
2021-11-05,151.88999938964844,152.1999969482422,150.05999755859375,151.27999877929688,65463900,0.0021197141706292832,150.72571890694755,147.68381027948288
2021-11-08,151.41000366210938,151.57000732421875,150.16000366210938,150.44000244140625,55020900,-0.005552593499925207,150.4214324951172,148.04285830543154
2021-11-09,150.1999969482422,151.42999267578125,150.05999755859375,150.80999755859375,56787900,0.0024594197765426262,150.56571742466517,148.42381068638392
2021-11-10,150.02000427246094,150.1300048828125,147.85000610351562,147.9199981689453,65187100,-0.01916318172822462,150.41714477539062,148.72904895600817
2021-11-11,148.9600067138672,149.42999267578125,147.67999267578125,147.8699951171875,41000000,-0.0003380411869712274,150.11000061035156,149.06047712053572
2021-11-12,148.42999267578125,150.39999389648438,147.47999572753906,149.99000549316406,63804000,0.014336988205730705,149.89571489606584,149.35714431036087
2021-11-15,150.3699951171875,151.8800048828125,149.42999267578125,150.0,59222800,6.663448543164918e-05,149.7585710797991,149.6028587704613
2021-11-16,149.94000244140625,151.49000549316406,149.33999633789062,151.0,59256200,0.006666666666666599,149.71857125418526,149.81476338704428
2021-11-17,151.0,155.0,150.99000549316406,153.49000549316406,88807000,0.016490102603735624,150.15428597586495,150.04000200544084
2021-11-18,153.7100067138672,158.6699981689453,153.0500030517578,157.8699951171875,137827700,0.02853599235957094,151.16285705566406,150.45000203450522
2021-11-19,157.64999389648438,161.02000427246094,156.52999877929688,160.5500030517578,117305600,0.016976043690765552,152.96714346749442,150.97714524042038
2021-11-22,161.67999267578125,165.6999969482422,161.0,161.02000427246094,117467900,0.002927444483147079,154.84571620396204,151.56428818475632
2021-11-23,161.1199951171875,161.8000030517578,159.05999755859375,161.41000366210938,96041900,0.0024220555167078217,156.4771445138114,152.1723836263021
2021-11-24,160.75,162.13999938964844,159.63999938964844,161.94000244140625,69463600,0.003283555958565998,158.18285914829798,152.7733357747396
2021-11-26,159.57000732421875,160.4499969482422,156.36000061035156,156.80999755859375,76959800,-0.031678429081589354,159.01285879952567,153.15238298688615
2021-11-29,159.3699951171875,161.19000244140625,158.7899932861328,160.24000549316406,88748200,0.02187365594013646,159.9771445138114,153.51762099493118
2021-11-30,159.99000549316406,165.52000427246094,159.9199981689453,165.3000030517578,174048100,0.031577617231232535,161.03857421875,154.25571623302642
2021-12-01,167.47999572753906,170.3000030517578,164.52999877929688,164.77000427246094,152052500,-0.003206284147078464,161.6414315359933,155.0085732596261
2021-12-02,158.74000549316406,164.1999969482422,157.8000030517578,163.75999450683594,136739200,-0.006129815739731703,162.0328587123326,155.66285850888207
2021-12-03,164.02000427246094,164.9600067138672,159.72000122070312,161.83999633789062,118023100,-0.011724464053185835,162.0942862374442,156.1557152157738
2021-12-06,164.2899932861328,167.8800048828125,164.27999877929688,165.32000732421875,107497000,0.021502787105003085,162.577144077846,156.8395247686477
2021-12-07,169.0800018310547,171.5800018310547,168.33999633789062,171.17999267578125,120405400,0.035446316791349686,164.6300005231585,157.78714352562315
2021-12-08,172.1300048828125,175.9600067138672,170.6999969482422,175.0800018310547,116998900,0.02278308985945654,166.75,158.96047682989212
2021-12-09,174.91000366210938,176.75,173.9199981689453,174.55999755859375,108923700,-0.0029700951966102895,168.07285635811942,160.0914292108445
2021-12-10,175.2100067138672,179.6300048828125,174.69000244140625,179.4499969482422,115402700,0.028013287454401015,170.1699981689453,161.59285772414435
2021-12-13,181.1199951171875,182.1300048828125,175.52999877929688,175.74000549316406,153237000,-0.020674235264256824,171.88142830984933,162.92000107538132
2021-12-14,175.25,177.74000549316406,172.2100067138672,174.3300018310547,139380400,-0.008023236702153325,173.66571480887276,164.0790485200428
2021-12-15,175.11000061035156,179.5,172.30999755859375,179.3000030517578,131063300,0.02850915601733095,175.66285705566406,165.47428676060267
2021-12-16,179.27999877929688,181.13999938964844,170.75,172.25999450683594,150185800,-0.039263850669816525,175.817143031529,166.4866674514044
2021-12-17,169.92999267578125,173.47000122070312,169.69000244140625,171.13999938964844,195432700,-0.006501771466984829,175.25428553989954,167.32714335123697
2021-12-20,168.27999877929688,170.5800018310547,167.4600067138672,169.75,107499100,-0.00812200183829448,174.567143031529,167.89285786946616
2021-12-21,171.55999755859375,173.1999969482422,169.1199951171875,172.99000549316406,91185900,0.01908692484927288,173.644287109375,168.48523893810454
2021-12-22,173.0399932861328,175.86000061035156,172.14999389648438,175.63999938964844,92135300,0.01531876878626437,173.6300005231585,169.18142918178015
2021-12-23,175.85000610351562,176.85000610351562,175.27000427246094,176.27999877929688,68356600,0.0036438134358485197,173.90857151576452,169.88952418736048
2021-12-27,177.08999633789062,180.4199981689453,177.07000732421875,180.3300018310547,74919600,0.022974830268908786,174.0557141985212,170.7652384440104
2021-12-28,180.16000366210935,181.3300018310547,178.52999877929688,179.2899932861328,79144300,-0.00576725189575622,175.05999973842077,171.83571443103608
2021-12-29,179.3300018310547,180.6300048828125,178.13999938964844,179.3800048828125,62348900,0.0005020447322792165,176.23714338030135,172.7471429734003
2021-12-30,179.47000122070312,180.57000732421875,178.08999633789062,178.1999969482422,59773000,-0.006578257901939555,177.4442858014788,173.3614283970424
2021-12-31,178.08999633789062,179.22999572753906,177.25999450683594,177.57000732421875,64062300,-0.0035352953693170708,178.09857177734375,173.97095235188803
2022-01-03,177.8300018310547,182.8800048828125,177.7100067138672,182.00999450683597,104487900,0.025004150472947906,179.0085710797991,174.83999997093565
2022-01-04,182.6300048828125,182.94000244140625,179.1199951171875,179.6999969482422,99310400,-0.012691597320536263,179.4971422467913,175.6904761904762
2022-01-05,179.61000061035156,180.1699981689453,174.63999938964844,174.9199981689453,94537600,-0.02659988236212174,178.72428458077567,176.14761861165366
2022-01-06,172.6999969482422,175.3000030517578,171.63999938964844,172.0,96904000,-0.016693335236175,177.682856968471,176.18666657947358
2022-01-07,172.88999938964844,174.13999938964844,171.02999877929688,172.1699981689453,86709100,0.0009883614473564784,176.6528560093471,176.04809497651598
2022-01-10,169.0800018310547,172.5,168.1699981689453,172.19000244140625,106765600,0.00011618907285648739,175.7942853655134,175.93523806617372
2022-01-11,172.32000732421875,175.17999267578125,170.82000732421875,175.0800018310547,76138300,0.016783781570778755,175.4385702950614,175.7271430605934
2022-01-12,176.1199951171875,177.17999267578125,174.82000732421875,175.52999877929688,74805200,0.0025702361408266317,174.51285661969865,175.7171427408854
2022-01-13,175.77999877929688,176.6199951171875,171.7899932861328,172.19000244140625,84505800,-0.019028065636177538,173.44000026157923,175.61523800804503
2022-01-14,171.33999633789062,173.77999877929688,171.08999633789062,173.07000732421875,80440800,0.005110661887074208,173.17571585518974,175.31857154482887
2022-01-18,171.50999450683594,172.5399932861328,169.41000366210938,169.8000030517578,90956700,-0.018894112983626976,172.86143057686942,175.20142909458704
2022-01-19,170.0,171.0800018310547,165.94000244140625,166.22999572753906,94815000,-0.021024777738847034,172.01285879952567,174.96761939639137
2022-01-20,166.97999572753906,169.67999267578125,164.17999267578125,164.50999450683594,91420500,-0.010347117036099251,170.91571480887276,174.71809532528832
2022-01-21,164.4199981689453,166.3300018310547,162.3000030517578,162.41000366210938,122848900,-0.01276512622240289,169.10571507045202,174.21428571428572
2022-01-24,160.02000427246094,162.3000030517578,154.6999969482422,161.6199951171875,162294600,-0.00486428500159064,167.11857169015067,173.54666646321616
2022-01-25,158.97999572753906,162.75999450683594,157.02000427246094,159.77999877929688,115798400,-0.011384707297859231,165.34571402413505,172.76095217750185
2022-01-26,163.5,164.38999938964844,157.82000732421875,159.69000244140625,108275300,-0.0005632515870458432,163.43428475516183,171.7780950637091
2022-01-27,162.4499969482422,163.83999633789062,158.27999877929688,159.22000122070312,121954600,-0.0029432100539642514,161.922855922154,170.82238115583147
2022-01-28,165.7100067138672,170.35000610351562,162.8000030517578,170.3300018310547,179935700,0.06977766942076213,162.5085710797991,170.39142862955728
2022-01-31,170.16000366210938,175.0,169.50999450683594,174.77999877929688,115541600,0.026125737688043937,163.97571454729353,170.22857157389322
2022-02-01,174.00999450683594,174.83999633789062,172.30999755859375,174.61000061035156,86213900,-0.0009726408635577499,165.71857125418526,170.08761887323288
2022-02-02,174.75,175.8800048828125,173.3300018310547,175.83999633789062,84914300,0.007044245594408194,167.75,169.79380943661644
2022-02-03,174.47999572753906,176.24000549316406,172.1199951171875,172.89999389648438,89418100,-0.016719759455390393,169.62428501674108,169.46999976748512
2022-02-04,171.67999267578125,174.10000610351562,170.67999267578125,172.38999938964844,82465400,-0.0029496502304173777,171.4385702950614,169.34952363513764
2022-02-07,172.86000061035156,173.9499969482422,170.9499969482422,171.66000366210938,77251200,-0.004234559603942367,173.21571350097656,169.33333333333334
2022-02-08,171.72999572753906,175.35000610351562,171.42999267578125,174.8300018310547,74829200,0.018466725511581794,173.8585706438337,169.46000017438615
2022-02-09,176.0500030517578,176.64999389648438,174.89999389648438,176.27999877929688,71285000,0.008293753549481586,174.07285635811942,169.6547619047619
2022-02-10,174.13999938964844,175.47999572753906,171.5500030517578,172.1199951171875,90865900,-0.02359884099680365,173.7171412876674,169.51380920410156
2022-02-11,172.3300018310547,173.0800018310547,168.0399932861328,168.63999938964844,98670700,-0.020218427993619836,172.6885702950614,169.18571399507067
2022-02-14,167.3699951171875,169.5800018310547,166.55999755859375,168.8800048828125,86185500,0.0014231824835904128,172.1142861502511,169.0280950637091
2022-02-15,170.97000122070312,172.9499969482422,170.25,172.7899932861328,62527400,0.023152465006342826,172.17142813546317,169.01476106189546
2022-02-16,171.85000610351562,173.33999633789062,170.0500030517578,172.5500030517578,61177400,-0.0013889128057177347,172.29857090541296,169.14571344284784
2022-02-17,171.02999877929688,171.91000366210938,168.47000122070312,168.8800048828125,69589300,-0.021269186346200564,171.44857134137834,169.27190435500373
2022-02-18,169.82000732421875,170.5399932861328,166.19000244140625,167.3000030517578,82772700,-0.009355766137921773,170.16571480887276,169.4047619047619
2022-02-22,164.97999572753906,166.69000244140625,162.14999389648438,164.32000732421875,91162800,-0.017812287347162448,169.05143083844865,169.49571446010046
2022-02-23,165.5399932861328,166.14999389648438,159.75,160.07000732421875,90009200,-0.02586416632525068,167.82714625767298,169.42190551757812
2022-02-24,152.5800018310547,162.85000610351562,152.0,162.74000549316406,141147500,0.01668019020913314,166.95000348772322,169.56285821823846
2022-02-25,163.83999633789062,165.1199951171875,160.8699951171875,164.85000610351562,91974200,0.012965469700934706,165.8157196044922,169.80857267833892
2022-02-28,163.05999755859375,165.4199981689453,162.42999267578125,165.1199951171875,95056600,0.0016377858882354879,164.75428989955358,170.0895247686477
2022-03-01,164.6999969482422,166.60000610351562,161.97000122070312,163.1999969482422,83474400,-0.011627896231359958,163.94286019461495,169.75000072660902
2022-03-02,164.38999938964844,167.36000061035156,162.9499969482422,166.55999755859375,79724800,0.02058823941900667,163.83714512416296,169.3585720970517
2022-03-03,168.47000122070312,168.91000366210938,165.5500030517578,166.22999572753906,76678400,-0.001981279033932526,164.11000061035156,168.9595242454892
2022-03-04,164.49000549316406,165.5500030517578,162.10000610351562,163.1699981689453,83737200,-0.01840821534766368,164.5528564453125,168.35619099934897
2022-03-07,163.36000061035156,165.02000427246094,159.0399932861328,159.3000030517578,96418800,-0.02371756548762427,164.0614275251116,167.7085723876953
2022-03-08,158.82000732421875,162.8800048828125,155.8000030517578,157.44000244140625,131148300,-0.011676086470301161,163.0028555733817,166.99666777111236
2022-03-09,161.47999572753906,163.41000366210938,159.41000366210938,162.9499969482422,91454900,0.034997423916368176,162.69285583496094,166.58190554664247
2022-03-10,160.1999969482422,160.38999938964844,155.97999572753906,158.52000427246094,105342000,-0.027186209013482565,162.02428545270647,165.80523899623327
2022-03-11,158.92999267578125,159.27999877929688,154.5,154.72999572753906,96970100,-0.02390870831928371,160.33428519112724,164.779048374721
2022-03-14,151.4499969482422,154.1199951171875,150.10000610351562,150.6199951171875,108732100,-0.026562403695717718,158.10428510393416,163.75523885091147
2022-03-15,150.89999389648438,155.57000732421875,150.3800048828125,155.08999633789062,92964300,0.029677342754030223,156.9499991280692,163.11000061035156
2022-03-16,157.0500030517578,160.0,154.4600067138672,159.58999633789062,102300200,0.02901541109199557,156.9914267403739,162.66761925106957
2022-03-17,158.61000061035156,161.0,157.6300048828125,160.6199951171875,75615400,0.006454030972694147,157.44571140834265,162.08809552873885
2022-03-18,160.50999450683594,164.47999572753906,159.75999450683594,163.97999572753906,123511700,0.020918943546848645,157.59285409109933,161.67999994187127
2022-03-21,163.50999450683594,166.35000610351562,163.00999450683594,165.3800048828125,95811400,0.008537682593916074,158.5728541782924,161.51333327520462
2022-03-22,165.50999450683594,169.4199981689453,164.91000366210938,168.82000732421875,81532000,0.0208005946295855,160.58571297781808,161.58571443103608
2022-03-23,167.99000549316406,172.63999938964844,167.64999389648438,170.2100067138672,98062700,0.008233617636201895,163.38428606305803,161.8661905924479
2022-03-24,171.05999755859375,174.13999938964844,170.2100067138672,174.07000732421875,90131400,0.02267787120671727,166.09571620396204,162.5328572591146
2022-03-25,173.8800048828125,175.27999877929688,172.75,174.72000122070312,80546200,0.003734094727035453,168.25714547293526,163.10333324614027
2022-03-28,172.1699981689453,175.72999572753906,172.0,175.60000610351562,90371900,0.005036657947940837,170.39714704241072,163.61523800804503
2022-03-29,176.69000244140625,179.00999450683594,176.33999633789062,178.9600067138672,100589400,0.019134399166084615,172.53714861188615,164.27428617931548
2022-03-30,178.5500030517578,179.61000061035156,176.6999969482422,177.77000427246094,92633200,-0.006649544014093012,174.30714852469308,164.96809605189733
2022-03-31,177.83999633789062,178.02999877929688,174.39999389648438,174.61000061035156,103049300,-0.017775797863323284,175.13429042271204,165.35142953055245
2022-04-01,174.02999877929688,174.8800048828125,171.94000244140625,174.30999755859375,78751300,-0.0017181321270783867,175.72000340053015,165.73619152250745
2022-04-04,174.57000732421875,178.49000549316406,174.44000244140625,178.44000244140625,76468400,0.023693448113463633,176.3442884172712,166.46333458310082
2022-04-05,177.5,178.3000030517578,174.4199981689453,175.05999755859375,73401800,-0.018941968373500706,176.39285932268416,167.21381051199776
2022-04-06,172.36000061035156,173.6300048828125,170.1300048828125,171.8300018310547,89058800,-0.018450792714411857,175.85428728376115,167.89904857817152
2022-04-07,171.16000366210938,173.36000061035156,169.85000610351562,172.13999938964844,77594700,0.0018040944846089424,174.8800005231585,168.33666774204798
2022-04-08,171.77999877929688,171.77999877929688,169.1999969482422,170.08999633789062,76575500,-0.01190892912179875,173.78285653250558,168.8876197451637
2022-04-11,168.7100067138672,169.02999877929688,165.5,165.75,72246700,-0.025515882364234077,172.51714215959822,169.4123818533761
2022-04-12,168.02000427246094,169.8699951171875,166.63999938964844,167.66000366210938,79265200,0.01152340067637625,171.567143031529,170.22381083170572
2022-04-13,167.38999938964844,171.0399932861328,166.77000427246094,170.39999389648438,70618900,0.016342539511671417,170.41857038225447,170.95285833449591
2022-04-14,170.6199951171875,171.27000427246094,165.0399932861328,165.2899932861328,75329400,-0.02998826756681583,169.0228554861886,171.22428676060267
2022-04-18,163.9199981689453,166.60000610351562,163.57000732421875,165.07000732421875,69023900,-0.0013309091345490298,168.05714198521204,171.43619210379464
2022-04-19,165.02000427246094,167.82000732421875,163.91000366210938,167.39999389648438,67723800,0.014115141872437453,167.37999834333147,171.5990491594587
2022-04-20,168.75999450683594,168.8800048828125,166.10000610351562,167.22999572753906,67929800,-0.0010155207595194948,166.97142682756697,171.68714396158853
2022-04-21,168.91000366210938,171.52999877929688,165.91000366210938,166.4199981689453,87227800,-0.004843614060203949,167.06714085170202,171.57285781133743
2022-04-22,166.4600067138672,167.8699951171875,161.5,161.7899932861328,84882400,-0.02782120498590701,166.22856794084822,171.1719047909691
2022-04-25,161.1199951171875,163.1699981689453,158.4600067138672,162.8800048828125,96046400,0.006737200333224225,165.15428379603796,170.63904753185454
2022-04-26,162.25,162.33999633789062,156.72000122070312,156.8000030517578,95623200,-0.03732810442527357,163.9414280482701,169.78571428571428
2022-04-27,155.91000366210938,159.7899932861328,155.3800048828125,156.57000732421875,88063200,-0.001466809458308127,162.72714233398438,168.87952386765252
2022-04-28,159.25,164.52000427246094,158.92999267578125,163.63999938964844,130216800,0.04515546870218534,162.19000026157923,168.1499997093564
2022-04-29,161.83999633789062,166.1999969482422,157.25,157.64999389648438,131747600,-0.036604775821961866,160.82142857142858,167.19190397716704
2022-05-02,156.7100067138672,158.22999572753906,153.27000427246094,157.9600067138672,123055300,0.0019664626031408172,159.61285836356026,166.39904712495348
2022-05-03,158.14999389648438,160.7100067138672,156.32000732421875,159.47999572753906,88966500,0.009622619328101267,159.2828587123326,165.69285656156995
2022-05-04,159.6699981689453,166.47999572753906,159.25999450683594,166.02000427246094,108256500,0.0410083315784322,159.73143005371094,165.10142807733445
2022-05-05,163.85000610351562,164.0800018310547,154.9499969482422,156.77000427246094,130525300,-0.05571617733980727,159.7271445138114,164.23047601609002
2022-05-06,156.00999450683594,159.44000244140625,154.17999267578125,157.27999877929688,116124600,0.0032531383104996703,159.82857186453683,163.53761872791108
2022-05-09,154.92999267578125,155.8300018310547,151.49000549316406,152.05999755859375,131577900,-0.03318922470255159,158.17428588867188,162.58142816452752
2022-05-10,155.52000427246094,156.74000549316406,152.92999267578125,154.50999450683594,115366700,0.01611204121779708,157.72571454729353,161.8395233154297
2022-05-11,153.5,155.4499969482422,145.80999755859375,146.5,142689800,-0.05184127106082803,156.08857073102678,160.92285664876303
2022-05-12,142.77000427246094,146.1999969482422,138.8000030517578,142.55999755859375,182602000,-0.026894214617107504,153.67142813546317,159.72761826288132
2022-05-13,144.58999633789062,148.10000610351562,143.11000061035156,147.11000061035156,113990900,0.03191640803646689,150.9699990408761,158.61857096354166
2022-05-16,145.5500030517578,147.52000427246094,144.17999267578125,145.5399932861328,86643800,-0.010672335787539122,149.36571175711495,157.67809477306548
2022-05-17,148.86000061035156,149.77000427246094,146.67999267578125,149.24000549316406,78336300,0.02542264929033622,148.2171412876674,156.92428516206286
2022-05-18,146.85000610351562,147.36000061035156,139.89999389648438,140.82000732421875,109742900,-0.056419176219683176,146.6114283970424,155.65857151576452
2022-05-19,139.8800048828125,141.66000366210938,136.60000610351562,137.35000610351562,136095600,-0.024641393553644142,144.16000148228235,154.2357148670015
2022-05-20,139.08999633789062,140.6999969482422,132.61000061035156,137.58999633789062,137426100,0.0017472895792529641,142.88714381626673,152.86285763695128
2022-05-23,137.7899932861328,143.25999450683594,137.64999389648438,143.11000061035156,117726300,0.04011922682885327,142.96571568080358,151.97333417619978
2022-05-24,140.80999755859375,141.97000122070312,137.3300018310547,140.36000061035156,104132700,-0.019215987619813357,142.00142996651786,150.9009530203683
2022-05-25,138.42999267578125,141.7899932861328,138.33999633789062,140.52000427246094,92482700,0.0011399519906925004,141.28428867885046,150.12571498325892
2022-05-26,137.38999938964844,144.33999633789062,137.13999938964844,143.77999877929688,90601500,0.02319950475175747,140.50428771972656,149.51666695731026
2022-05-27,145.38999938964844,149.67999267578125,145.25999450683594,149.63999938964844,90978500,0.04075671623385313,141.7642865862165,148.8500002906436
2022-05-31,149.07000732421875,150.66000366210938,146.83999633789062,148.83999633789062,103718400,-0.005346184543042365,143.4057137625558,148.43047659737724
2022-06-01,149.89999389648438,151.74000549316406,147.67999267578125,148.7100067138672,74286600,-0.0008733514325567349,144.9942866734096,147.99000040690103
2022-06-02,147.8300018310547,151.27000427246094,146.86000061035156,151.2100067138672,72348100,0.016811242600575316,146.15143040248327,147.59619140625
2022-06-03,146.89999389648438,147.97000122070312,144.4600067138672,145.3800048828125,88570300,-0.03855566147871903,146.86857386997767,146.6133342924572
2022-06-06,147.02999877929688,148.57000732421875,144.89999389648438,146.13999938964844,71598400,0.005227641225136415,147.67143031529017,146.10714358375185
2022-06-07,144.35000610351562,149.0,144.10000610351562,148.7100067138672,67808200,0.017585926747997416,148.37571716308594,145.6990487234933
2022-06-08,148.5800018310547,149.8699951171875,147.4600067138672,147.9600067138672,53950200,-0.005043372780172639,148.1357182094029,145.5038110642206
2022-06-09,147.0800018310547,147.9499969482422,142.52999877929688,142.63999938964844,69473000,-0.0359557115626985,147.250004359654,144.9385732014974
2022-06-10,140.27999877929688,140.75999450683594,137.05999755859375,137.1300048828125,91437900,-0.038628677302390724,145.59571838378906,144.4923829578218
2022-06-13,132.8699951171875,135.1999969482422,131.44000244140625,131.8800048828125,122207100,-0.03828483784046022,142.83428955078125,143.9838118780227
2022-06-14,133.1300048828125,133.88999938964844,131.47999572753906,132.75999450683594,84784300,0.006672653862921818,141.03143092564173,143.30047825404577
2022-06-15,134.2899932861328,137.33999633789062,132.16000366210938,135.42999267578125,91533000,0.020111466401181888,139.50142996651786,142.81904965355284
2022-06-16,132.0800018310547,132.38999938964844,129.0399932861328,130.05999755859375,108123900,-0.039651446559871295,136.83714294433594,141.9057159423828
2022-06-17,130.07000732421875,133.0800018310547,129.80999755859375,131.55999755859375,134520300,0.011533138767930717,134.4942844935826,141.46476309640067
2022-06-21,133.4199981689453,137.05999755859375,133.32000732421875,135.8699951171875,81000500,0.032760699593918474,133.52714102608817,141.39428638276598
2022-06-22,134.7899932861328,137.75999450683594,133.91000366210938,135.35000610351562,73409200,-0.003827107031419197,133.2728554861886,141.28762018112909
2022-06-23,136.82000732421875,138.58999633789062,135.6300048828125,138.27000427246094,72433800,0.021573683319320303,134.18571254185267,141.05714416503906
2022-06-24,139.89999389648438,141.91000366210938,139.77000427246094,141.66000366210938,89116800,0.024517243689154977,135.45714242117745,141.11904907226562
2022-06-27,142.6999969482422,143.49000549316406,140.97000122070312,141.66000366210938,70207900,0.0,136.3471439906529,141.17333475748697
2022-06-28,142.1300048828125,143.4199981689453,137.32000732421875,137.44000244140625,67083400,-0.029789645006425114,137.40143040248327,140.8714301699684
2022-06-29,137.4600067138672,140.6699981689453,136.6699981689453,139.22999572753906,66242400,0.013023815878466127,138.4971444266183,140.37571570986793
2022-06-30,137.25,138.3699951171875,133.77000427246094,136.72000122070312,98964500,-0.01802768500939822,138.61857386997767,139.79857308523995
2022-07-01,136.0399932861328,139.0399932861328,135.66000366210938,138.92999267578125,71051600,0.016164360995803317,139.1300005231585,139.33285813104538
2022-07-05,137.77000427246094,141.61000061035156,136.92999267578125,141.55999755859375,73353800,0.018930432746441683,139.5999995640346,138.87333388555618
2022-07-06,141.35000610351562,144.1199951171875,141.0800018310547,142.9199981689453,74064300,0.009607238159132114,139.77999877929688,138.75619070870536
2022-07-07,143.2899932861328,146.5500030517578,143.27999877929688,146.35000610351562,66253700,0.02399949607133145,140.4499991280692,138.76619102841332
2022-07-08,145.25999450683594,147.5500030517578,145.0,147.0399932861328,64547800,0.004714637197412497,141.82142639160156,138.68666657947358
2022-07-11,145.6699981689453,146.63999938964844,143.77999877929688,144.8699951171875,63141600,-0.014757877230874183,142.62714059012276,138.53952317010788
2022-07-12,145.75999450683594,148.4499969482422,145.0500030517578,145.86000061035156,77588800,0.006833751132270249,143.93285478864397,138.69285656156995
2022-07-13,142.99000549316406,146.4499969482422,142.1199951171875,145.49000549316406,71185600,-0.0025366455206311533,144.8699994768415,139.09095182872954
2022-07-14,144.0800018310547,148.9499969482422,143.25,148.47000122070312,78140700,0.0204824772494705,145.85714285714286,139.8809516543434
2022-07-15,149.77999877929688,150.86000061035156,148.1999969482422,150.1699981689453,76259900,0.011450103955445545,146.89285714285714,140.70999944777716
2022-07-18,150.74000549316406,151.57000732421875,146.6999969482422,147.07000732421875,81420900,-0.020643210245224752,146.99571446010046,141.26428585960753
2022-07-19,147.9199981689453,151.22999572753906,146.91000366210938,151.0,82982400,0.026721917998667744,147.5614297049386,142.2614288330078
2022-07-20,151.1199951171875,153.72000122070312,150.3699951171875,153.0399932861328,64823400,0.013509889312137924,148.72857230050224,143.28428577241442
2022-07-21,154.5,155.57000732421875,151.94000244140625,155.35000610351562,65086600,0.015094177461599134,150.08428737095423,144.21190534319197
2022-07-22,155.38999938964844,156.27999877929688,153.41000366210938,154.08999633789062,66675400,-0.008110780277571505,151.31285749162947,145.10428583054315
2022-07-25,154.00999450683594,155.0399932861328,152.27999877929688,152.9499969482422,53623900,-0.0073982699509488326,151.9528568812779,145.80333310081846
2022-07-26,152.25999450683594,153.08999633789062,150.8000030517578,151.60000610351562,55138700,-0.0088263541788981,152.15714372907365,146.27666655040923
2022-07-27,152.5800018310547,157.3300018310547,152.16000366210938,156.7899932861328,78620700,0.034234742570348864,153.54571315220423,146.9971422467913
2022-07-28,156.97999572753906,157.63999938964844,154.41000366210938,157.35000610351562,81378700,0.0035717382573059453,154.4528568812779,147.9452376592727
2022-07-29,161.24000549316406,163.6300048828125,159.5,162.50999450683594,101786900,0.03279306134837845,155.8057141985212,149.0538090297154
2022-08-01,161.00999450683594,163.58999633789062,160.88999938964844,161.50999450683594,67829400,-0.00615346768692393,156.68571254185267,150.23428490048363
2022-08-02,160.10000610351562,162.41000366210938,159.6300048828125,160.00999450683594,59907000,-0.009287350944318873,157.53142656598772,151.23809451148622
2022-08-03,160.83999633789062,166.58999633789062,160.75,166.1300048828125,82507500,0.038247675683253046,159.4142848423549,152.40809486025856
2022-08-04,166.00999450683594,167.19000244140625,164.42999267578125,165.80999755859375,55474100,-0.0019262464022948844,161.44428362165178,153.4980948311942
2022-08-05,163.2100067138672,165.85000610351562,163.0,165.35000610351562,56697000,-0.0027742082012610636,162.6671425955636,154.4028567359561
2022-08-08,166.3699951171875,167.80999755859375,164.1999969482422,164.8699951171875,60276900,-0.0029029995077690662,163.7414267403739,155.2519044421968
2022-08-09,164.02000427246094,165.82000732421875,163.25,164.9199981689453,63135500,0.0003032877615012364,164.08571297781808,156.2066664922805
2022-08-10,167.67999267578125,169.33999633789062,166.89999389648438,169.24000549316406,70170500,0.026194563256017656,165.19000026157923,157.32000005812873
2022-08-11,170.05999755859375,170.99000549316406,168.19000244140625,168.49000549316406,57149200,-0.0044315763156265175,166.40143040248327,158.41523815336683
2022-08-12,169.82000732421875,172.1699981689453,169.39999389648438,172.10000610351562,68039400,0.021425606817361276,167.25428771972656,159.54047648111978
2022-08-15,171.52000427246094,173.38999938964844,171.35000610351562,173.19000244140625,54091700,0.006333505515595528,168.30857413155692,160.6366671607608
2022-08-16,172.77999877929688,173.7100067138672,171.66000366210938,173.02999877929688,56377100,-0.0009238620004263787,169.4057159423828,161.87285723005022
2022-08-17,172.77000427246094,176.14999389648438,172.57000732421875,174.5500030517578,79542000,0.00878462857992468,170.78857421875,162.9942859468006
2022-08-18,173.75,174.89999389648438,173.1199951171875,174.14999389648438,62290100,-0.0022916594000563784,172.10714503696985,163.99952407110305
2022-08-19,173.02999877929688,173.74000549316406,171.30999755859375,171.52000427246094,70346300,-0.015101864577650947,172.43285914829798,164.76952398390998
2022-08-22,169.69000244140625,169.86000061035156,167.13999938964844,167.57000732421875,69026800,-0.023029365962279114,172.30143083844865,165.41142926897322
2022-08-23,167.0800018310547,168.7100067138672,166.64999389648438,167.22999572753906,54147100,-0.0020290719210975805,171.60571507045202,166.0914292108445
2022-08-24,167.32000732421875,168.11000061035156,166.25,167.52999877929688,53841500,0.001793954789346408,170.7971431187221,166.8500002906436
2022-08-25,168.77999877929688,170.13999938964844,168.35000610351562,170.02999877929688,51218200,0.014922700520600518,170.36857169015067,167.48047674269904
2022-08-26,170.57000732421875,171.0500030517578,163.55999755859375,163.6199951171875,78961000,-0.03769925135640162,168.80714198521204,167.77904764811197
2022-08-29,161.14999389648438,162.89999389648438,159.82000732421875,161.3800048828125,73314000,-0.013690198638440787,166.98285784040178,167.7252386183966
2022-08-30,162.1300048828125,162.55999755859375,157.72000122070312,158.91000366210938,77906200,-0.015305497248539135,165.18142918178015,167.60142953055245
2022-08-31,160.30999755859375,160.5800018310547,157.13999938964844,157.22000122070312,87991100,-0.010634965719336975,163.7028568812779,167.46857270740327
2022-09-01,156.63999938964844,158.4199981689453,154.6699981689453,157.9600067138672,74229900,0.004706815210650195,162.37857273646765,167.07952517554872
2022-09-02,159.75,160.36000061035156,154.97000122070312,155.80999755859375,76957800,-0.013611098150736467,160.70428684779577,166.60333469935827
2022-09-06,156.47000122070312,157.08999633789062,153.69000244140625,154.52999877929688,73714800,-0.008215126110989845,158.49000113351005,166.08809625534784
2022-09-07,154.82000732421875,156.6699981689453,153.61000061035156,155.9600067138672,87449600,0.00925391798269981,157.39571707589286,165.66381109328498
2022-09-08,154.63999938964844,156.36000061035156,152.67999267578125,154.4600067138672,84923800,-0.009617850316921195,156.40714590890067,165.16571626209077
2022-09-09,155.47000122070312,157.82000732421875,154.75,157.3699951171875,68028800,0.01883975318420772,156.18714468819755,164.60047767275856
2022-09-12,159.58999633789062,164.25999450683594,159.3000030517578,163.42999267578125,104956000,0.038507960517385253,157.07428632463728,164.35952468145462
2022-09-13,159.89999389648438,160.5399932861328,153.3699951171875,153.83999633789062,122656600,-0.05867953721882391,156.4857134137835,163.49000040690103
2022-09-14,154.7899932861328,157.10000610351562,153.61000061035156,155.30999755859375,87965400,0.009555390377639084,156.4142848423549,162.6385716029576
2022-09-15,154.64999389648438,155.24000549316406,151.3800048828125,152.3699951171875,90481100,-0.018929898188280392,156.105712890625,161.6547619047619
2022-09-16,151.2100067138672,151.35000610351562,148.3699951171875,150.6999969482422,162278800,-0.010960151095764759,155.35428292410714,160.519047328404
2022-09-19,149.30999755859375,154.55999755859375,149.10000610351562,154.47999572753906,81474200,0.025082938658552933,155.35713849748885,159.58238074893043
2022-09-20,153.39999389648438,158.0800018310547,153.0800018310547,156.89999389648438,107689800,0.01566544689199456,155.28999546595983,158.88618977864584
2022-09-21,157.33999633789062,158.74000549316406,153.60000610351562,153.72000122070312,101696800,-0.02026764053209118,153.9028538295201,158.2266656784784
2022-09-22,152.3800048828125,154.47000122070312,150.91000366210938,152.74000549316406,86652500,-0.006375199842290069,153.74571228027344,157.53666614350817
2022-09-23,151.19000244140625,151.47000122070312,148.55999755859375,150.42999267578125,96029900,-0.015123823060790742,153.04856872558594,156.72238013857887
2022-09-26,149.66000366210938,153.77000427246094,149.63999938964844,150.77000427246094,93339400,0.0022602646628622214,152.81999860491072,155.80523754301527
2022-09-27,152.74000549316406,154.72000122070312,149.9499969482422,151.75999450683594,84442700,0.0065662280713738586,152.97142682756697,155.240475609189
2022-09-28,147.63999938964844,150.63999938964844,144.83999633789062,149.83999633789062,146691400,-0.012651543479456517,152.3085697719029,154.69095139276413
2022-09-29,146.10000610351562,146.72000122070312,140.67999267578125,142.47999572753906,128138200,-0.049119065604851575,150.24857003348214,153.90857006254652
2022-09-30,141.27999877929688,143.10000610351562,138.0,138.1999969482422,124925300,-0.030039296095161427,148.03142656598772,153.0028555733817
2022-10-03,138.2100067138672,143.07000732421875,137.69000244140625,142.4499969482422,114311700,0.030752533240588242,146.5614253452846,152.2642836797805
2022-10-04,145.02999877929688,146.22000122070312,144.25999450683594,146.10000610351562,87830100,0.02562309044204225,145.94285583496094,151.8019031343006
2022-10-05,144.07000732421875,147.3800048828125,143.00999450683594,146.39999389648438,79471000,0.0020533044519943644,145.31856863839286,151.41476004464286
2022-10-06,145.80999755859375,147.5399932861328,145.22000122070312,145.42999267578125,68402200,-0.0066256916744750205,144.4142826625279,150.91333080473402
2022-10-07,142.5399932861328,143.10000610351562,139.4499969482422,140.08999633789062,85925600,-0.03671867294799025,143.02142551967077,150.22904459635416
2022-10-10,140.4199981689453,141.88999938964844,138.57000732421875,140.4199981689453,74899000,0.0023556416566585803,142.72714015415735,149.4219018845331
2022-10-11,139.89999389648438,141.35000610351562,138.22000122070312,138.97999572753906,77033700,-0.01025496695758199,142.83856855119978,148.2576163155692
2022-10-12,139.1300048828125,140.36000061035156,138.16000366210938,138.33999633789062,70433700,-0.004604974883602009,142.25142560686385,147.51952107747397
2022-10-13,134.99000549316406,143.58999633789062,134.3699951171875,142.99000549316406,113224000,0.0336129050048255,141.80713980538505,146.93285478864397
2022-10-14,144.30999755859375,144.52000427246094,138.19000244140625,138.3800048828125,88598000,-0.03224001981433555,140.6614270891462,146.26666477748327
2022-10-17,141.07000732421875,142.89999389648438,140.27000427246094,142.41000366210938,85250900,0.02912269574429982,140.23000008719308,145.87190319242933
2022-10-18,145.49000549316406,146.6999969482422,140.61000061035156,143.75,99136600,0.009409425626236034,140.7528577532087,145.36095101492745
2022-10-19,141.69000244140625,144.9499969482422,141.5,143.86000061035156,61758300,0.0007652216372282528,141.2442866734096,144.73999895368303
2022-10-20,143.02000427246094,145.88999938964844,142.64999389648438,143.38999938964844,64522000,-0.003267073673773546,141.87428719656808,144.2480941045852
2022-10-21,142.8699951171875,147.85000610351562,142.64999389648438,147.27000427246094,86548600,0.027059103837980825,143.1500026157924,143.9876178559803
2022-10-24,147.19000244140625,150.22999572753906,146.0,149.4499969482422,75981900,0.014802693097965003,144.07285853794642,143.94095139276413
2022-10-25,150.08999633789062,152.49000549316406,149.36000061035156,152.33999633789062,74732300,0.019337567404898115,146.067143031529,144.01571291968935
2022-10-26,150.9600067138672,151.99000549316406,148.0399932861328,149.35000610351562,88194300,-0.019627086164182295,147.0585719517299,143.9009515671503
2022-10-27,148.07000732421875,149.0500030517578,144.1300048828125,144.8000030517578,109180200,-0.03046536903791064,147.2085723876953,143.66095188685827
2022-10-28,148.1999969482422,157.5,147.82000732421875,155.74000549316406,164762400,0.07555250145606562,148.9057159423828,144.29238092331659
2022-10-31,153.16000366210938,154.24000549316406,151.9199981689453,153.33999633789062,97943200,-0.015410357458724877,150.327144077846,145.01333327520462
2022-11-01,155.0800018310547,155.4499969482422,149.1300048828125,150.64999389648438,80379300,-0.0175427318745901,150.80999973842077,145.40380932035902
2022-11-02,148.9499969482422,152.1699981689453,145.0,145.02999877929688,93604600,-0.03730498071609045,150.17857142857142,145.3528565906343
2022-11-03,142.05999755859375,142.8000030517578,138.75,138.8800048828125,97918500,-0.04240497792352105,148.2557155064174,144.99476187569755
2022-11-04,142.08999633789062,142.6699981689453,134.3800048828125,138.3800048828125,140814800,-0.003600230288167805,146.6885724748884,144.65904817127046
2022-11-07,137.11000061035156,139.14999389648438,135.6699981689453,138.9199981689453,83374600,0.003902249364639898,145.84857177734375,144.60333397274925
2022-11-08,140.41000366210938,141.42999267578125,137.49000549316406,139.5,89908500,0.004175078021159573,143.52857099260603,144.5595245361328
2022-11-09,138.5,138.5500030517578,134.58999633789062,134.8699951171875,74917800,-0.03318999915994625,140.88999938964844,144.36381022135416
2022-11-10,141.24000549316406,146.8699951171875,139.5,146.8699951171875,118854000,0.08897457132383879,140.3499995640346,144.7700006394159
2022-11-11,145.82000732421875,150.00999450683594,144.3699951171875,149.6999969482422,93979700,0.019268754171310798,141.01714215959822,145.0895240420387
2022-11-14,148.97000122070312,150.27999877929688,147.42999267578125,148.27999877929688,73374100,-0.009485625904429806,142.35999843052454,145.56095232282365
2022-11-15,152.22000122070312,153.58999633789062,148.55999755859375,150.0399932861328,89868300,0.011869399253607638,144.0257110595703,145.92428516206286
2022-11-16,149.1300048828125,149.8699951171875,147.2899932861328,148.7899932861328,64218300,-0.00833111207633952,145.43571036202567,146.1642848423549
2022-11-17,146.42999267578125,151.47999572753906,146.14999389648438,150.72000122070312,80389400,0.01297135574741759,147.03856767926897,146.49095153808594
2022-11-18,152.30999755859375,152.6999969482422,149.97000122070312,151.2899932861328,74829600,0.003781794458686649,149.384281703404,146.8671417236328
2022-11-21,150.16000366210938,150.3699951171875,147.72000122070312,148.00999450683594,58724100,-0.02168020969565021,149.54713875906808,146.90237935384116
2022-11-22,148.1300048828125,150.4199981689453,146.92999267578125,150.17999267578125,51804100,0.014661159715434469,149.61570957728796,146.93714105515252
2022-11-23,149.4499969482422,151.8300018310547,149.33999633789062,151.07000732421875,58301400,0.0059263196953200925,150.0142822265625,146.87666538783483
2022-11-25,148.30999755859375,148.8800048828125,147.1199951171875,148.11000061035156,35195900,-0.01959360938875554,149.73856898716517,146.81761750720796
2022-11-28,145.13999938964844,146.63999938964844,143.3800048828125,144.22000122070312,69246000,-0.02626425881856731,149.08571297781808,146.78999837239584
2022-11-29,144.2899932861328,144.80999755859375,140.35000610351562,141.1699981689453,83763800,-0.021148266717113118,147.72142682756697,146.096188499814
2022-11-30,141.39999389648438,148.72000122070312,140.5500030517578,148.02999877929688,111380900,0.04859389884061516,147.2557133265904,145.84333147321428
2022-12-01,148.2100067138672,149.1300048828125,146.61000061035156,148.30999755859375,71250400,0.0018915002472865705,147.29857090541296,145.73190307617188
2022-12-02,145.9600067138672,148.0,145.64999389648438,147.80999755859375,65447400,-0.0033713168918532155,146.96000017438615,145.8642839704241
2022-12-05,147.77000427246094,150.9199981689453,145.77000427246094,146.6300048828125,68826400,-0.00798317228381984,146.32571411132812,146.23333158947173
2022-12-06,147.07000732421875,147.3000030517578,141.9199981689453,142.91000366210938,64727200,-0.025369986338581674,145.5828574044364,146.44904581705728
2022-12-07,142.19000244140625,143.3699951171875,140.0,140.94000244140625,69721100,-0.013784907775671984,145.1142861502511,146.5452364966983
2022-12-08,142.36000061035156,143.52000427246094,141.10000610351562,142.64999389648438,62128300,0.012132761639400691,145.32571411132812,146.6952362060547
2022-12-09,142.33999633789062,145.57000732421875,140.89999389648438,142.16000366210938,76097000,-0.0034349124103753015,144.48714338030135,147.04237947009858
2022-12-12,142.6999969482422,144.5,141.05999755859375,144.49000549316406,70462700,0.01638999557563814,143.9414302280971,146.92904663085938
2022-12-13,149.5,149.97000122070312,144.24000549316406,145.47000122070312,93886200,0.006782446468835079,143.60714503696985,146.72761826288132
2022-12-14,145.35000610351562,146.66000366210938,141.16000366210938,143.2100067138672,82291200,-0.015535811424151502,143.11857386997767,146.48619006928942
2022-12-15,141.11000061035156,141.8000030517578,136.02999877929688,136.5,98931900,-0.04685431463789913,142.2028590611049,145.84142848423548
2022-12-16,136.69000244140625,137.64999389648438,133.72999572753906,134.50999450683594,160156900,-0.014578794821714758,141.28428649902344,145.1614285423642
2022-12-19,135.11000061035156,135.1999969482422,131.32000732421875,132.3699951171875,79592600,-0.01590959391154889,139.81571524483817,144.28761872791108
2022-12-20,131.38999938964844,133.25,129.88999938964844,132.3000030517578,77432800,-0.0005287608069164396,138.40714372907365,143.38333347865515
2022-12-21,132.97999572753906,136.80999755859375,132.75,135.4499969482422,85928000,0.023809477126406797,137.11571393694197,142.78523835681733
2022-12-22,134.35000610351562,134.55999755859375,130.3000030517578,132.22999572753906,77852100,-0.02377261936693542,135.22428458077567,141.93047659737724
2022-12-23,130.9199981689453,132.4199981689453,129.63999938964844,131.86000061035156,63814900,-0.0027981178941416385,133.6028551374163,141.01571437290735
2022-12-27,131.3800048828125,131.41000366210938,128.72000122070312,130.02999877929688,69007800,-0.01387836965405731,132.67856924874442,140.1547619047619
2022-12-28,129.6699981689453,131.02999877929688,125.87000274658205,126.04000091552734,85438400,-0.03068521034551308,131.46857016427177,139.28904760451545
2022-12-29,127.98999786376952,130.47999572753906,127.7300033569336,129.61000061035156,75703700,0.02832433885189234,131.07428523472376,138.7385715302967
2022-12-30,128.41000366210938,129.9499969482422,127.43000030517578,129.92999267578125,77034200,0.00246888406699175,130.73571232387,137.87666647774833
2023-01-03,130.27999877929688,130.89999389648438,124.16999816894533,125.06999969482422,112117500,-0.03740470449409117,129.2528555733817,136.76999991280692
2023-01-04,126.88999938964844,128.66000366210938,125.08000183105467,126.36000061035156,89113600,0.010314231379827232,128.4142848423549,135.74857148670014
2023-01-05,127.12999725341795,127.7699966430664,124.76000213623048,125.0199966430664,80962700,-0.010604653061194957,127.43714141845703,134.71952347528367
2023-01-06,126.01000213623048,130.2899932861328,124.88999938964844,129.6199951171875,87754700,0.036794101724815675,127.37856946672711,134.0866659255255
2023-01-09,130.47000122070312,133.41000366210938,129.88999938964844,130.14999389648438,70790800,0.004088865910060413,127.96571132114956,133.57285599481492
2023-01-10,130.25999450683594,131.25999450683594,128.1199951171875,130.72999572753906,63896200,0.004456410743407302,128.1257106236049,133.00523703438895
2023-01-11,131.25,133.50999450683594,130.4600067138672,133.49000549316406,69458900,0.02111229140844828,128.63428388323103,132.5923799787249
2023-01-12,133.8800048828125,134.25999450683594,131.44000244140625,133.41000366210938,71379600,-0.0005993095195339082,129.82571302141463,132.06476084391275
2023-01-13,132.02999877929688,134.9199981689453,131.66000366210938,134.75999450683594,57809700,0.010119112567793076,131.0257121494838,131.5547605242048
2023-01-17,134.8300018310547,137.2899932861328,134.1300048828125,135.94000244140625,63646600,0.008756366745847899,132.58571297781808,131.2085698445638
2023-01-18,136.82000732421875,138.61000061035156,135.02999877929688,135.2100067138672,69672800,-0.005369984658148752,133.38428606305803,131.14714159284318
2023-01-19,134.0800018310547,136.25,133.77000427246094,135.27000427246094,58280400,0.00044373608175840573,134.11571611676897,131.18333253406342
2023-01-20,135.27999877929688,138.02000427246094,134.22000122070312,137.8699951171875,80223600,0.01922074933545259,135.1357160295759,131.44523729596818
2023-01-23,138.1199951171875,143.32000732421875,137.89999389648438,141.11000061035156,81760300,0.02350043960188808,136.22428676060267,131.86476098923455
2023-01-24,140.30999755859375,143.16000366210938,140.3000030517578,142.52999877929688,66435100,0.010063058343160014,137.52714320591517,132.2019039335705
2023-01-25,140.88999938964844,142.42999267578125,138.80999755859375,141.86000061035156,65799300,-0.00470075194473818,138.5414297921317,132.66047559465682
2023-01-26,143.1699981689453,144.25,141.89999389648438,143.9600067138672,54105100,0.014803370185255682,139.68714468819755,133.23666636149088
2023-01-27,143.16000366210938,147.22999572753906,143.0800018310547,145.92999267578125,70555800,0.013684258613779976,141.21857125418526,133.99380892799013
2023-01-30,144.9600067138672,145.5500030517578,142.85000610351562,143.0,64015300,-0.020078070464177533,142.32285635811942,134.80142793201264
2023-01-31,142.6999969482422,144.33999633789062,142.27999877929688,144.2899932861328,65874500,0.009020932070858745,143.23999895368303,135.50047520228796
2023-02-01,143.97000122070312,146.61000061035156,141.32000732421875,145.42999267578125,77663600,0.007900751560697472,143.85714067731584,136.23857044038317
2023-02-02,148.89999389648438,151.17999267578125,148.1699981689453,150.82000732421875,118339000,0.03706260688917107,145.0414276123047,137.46476127987816
2023-02-03,148.02999877929688,157.3800048828125,147.8300018310547,154.5,154357300,0.024399897209064214,146.8471418108259,138.8047612508138
2023-02-06,152.57000732421875,153.10000610351562,150.77999877929688,151.72999572753906,69858300,-0.01792883024246561,147.95714024135046,140.07666596912202
2023-02-07,150.63999938964844,155.22999572753906,150.63999938964844,154.64999389648438,83322600,0.019244699473851767,149.2028547014509,141.26857067289808
2023-02-08,153.8800048828125,154.5800018310547,151.1699981689453,151.9199981689453,64120100,-0.017652737376545935,150.47714015415735,142.30523754301527
2023-02-09,153.77999877929688,154.3300018310547,150.4199981689453,150.8699951171875,56007100,-0.006911552556695955,151.4171404157366,143.2642851329985
2023-02-10,149.4600067138672,151.33999633789062,149.22000122070312,151.00999450683594,57450700,0.0009279472007650558,152.2142835344587,144.09857032412575
2023-02-13,150.9499969482422,154.25999450683594,150.9199981689453,153.85000610351562,62199000,0.01880677902118011,152.6471405029297,145.0719037737165
2023-02-14,152.1199951171875,153.77000427246094,150.86000061035156,153.1999969482422,61707600,-0.004224953717818392,152.46142578125,145.9499991280692
2023-02-15,153.11000061035156,155.5,152.8800048828125,155.3300018310547,65573800,0.013903426404976438,152.9757123674665,146.87333243233817
2023-02-16,153.50999450683594,156.3300018310547,153.35000610351562,153.7100067138672,68167900,-0.010429376798369527,152.84142848423548,147.75428481329055
2023-02-17,152.35000610351562,153.0,150.85000610351562,152.5500030517578,59144100,-0.007546702305912589,152.93142918178015,148.57714189801897
2023-02-21,150.1999969482422,151.3000030517578,148.41000366210938,148.47999572753906,58867200,-0.026679824600448265,152.59000069754464,149.08238002232142
2023-02-22,148.8699951171875,149.9499969482422,147.16000366210938,148.91000366210938,51011300,0.0028960664530148783,152.29000200544084,149.4538087390718
2023-02-23,150.08999633789062,150.33999633789062,147.24000549316406,149.39999389648438,48394200,0.0032905125399556034,151.65428597586495,149.78095136369978
2023-02-24,147.11000061035156,147.19000244140625,145.72000122070312,146.7100067138672,55469600,-0.018005269695533066,150.7271445138114,150.01190403529577
2023-02-27,147.7100067138672,149.1699981689453,147.4499969482422,147.9199981689453,44998500,0.008247504598905886,149.66857256208147,150.20047505696616
2023-02-28,147.0500030517578,149.0800018310547,146.8300018310547,147.41000366210938,50547000,-0.003447772533457294,148.76857212611608,150.27095177060082
2023-03-01,146.8300018310547,147.22999572753906,145.00999450683594,145.30999755859375,55479000,-0.014246021649447993,147.73428562709265,150.3809516543434
2023-03-02,144.3800048828125,146.7100067138672,143.89999389648438,145.91000366210938,52238100,0.0041291453691869595,147.36714390345983,150.45809500558036
2023-03-03,148.0399932861328,151.11000061035156,147.3300018310547,151.02999877929688,70732300,0.035090089703815774,147.67000034877233,150.72476196289062
2023-03-06,153.7899932861328,156.3000030517578,153.4600067138672,153.8300018310547,87558000,0.01853938339660255,148.30285862513952,150.8680950346447
2023-03-07,153.6999969482422,154.02999877929688,151.1300048828125,151.60000610351562,56182000,-0.014496494188358522,149.00142996651786,150.73000008719308
2023-03-08,152.80999755859375,153.47000122070312,151.8300018310547,152.8699951171875,47204800,0.00837723590066819,149.7085723876953,150.78428577241442
2023-03-09,153.55999755859375,154.5399932861328,150.22999572753906,150.58999633789062,53833600,-0.014914625839747453,150.16285705566406,150.59095255533853
2023-03-10,150.2100067138672,150.94000244140625,147.61000061035156,148.5,68572400,-0.0138787196275717,150.61857169015067,150.42809549967447
2023-03-13,147.80999755859375,153.13999938964844,147.6999969482422,150.47000122070312,84457100,0.013266001486216261,151.26999991280692,150.40904817127046
2023-03-14,151.27999877929688,153.39999389648438,150.10000610351562,152.58999633789062,73695900,0.01408915464869298,151.49285670689173,150.48428635370163
2023-03-15,151.19000244140625,153.25,149.9199981689453,152.99000549316406,77167900,0.0026214638237991306,151.37285723005022,150.4433339436849
2023-03-16,152.16000366210938,156.4600067138672,151.63999938964844,155.85000610351562,76161100,0.018694035607962345,151.98000008719308,150.56952485584077
2023-03-17,156.0800018310547,156.74000549316406,154.27999877929688,155.0,98944600,-0.00545400109224925,152.28428649902344,150.55381048293341
2023-03-20,155.07000732421875,157.82000732421875,154.14999389648438,157.39999389648438,73641400,0.015483831590221708,153.25714329310827,150.72952415829613
2023-03-21,157.32000732421875,159.39999389648438,156.5399932861328,159.27999877929688,73938300,0.011944122971497162,154.7971431187221,151.0500001453218
2023-03-22,159.3000030517578,162.13999938964844,157.80999755859375,157.8300018310547,75701800,-0.009103446505241086,155.84857177734375,151.49523853120348
2023-03-23,158.8300018310547,161.5500030517578,157.67999267578125,158.92999267578125,67622100,0.006969466083539766,156.75428553989954,151.97238086518786
2023-03-24,158.86000061035156,160.33999633789062,157.85000610351562,160.25,59196500,0.008305589788276002,157.7914276123047,152.48904782249815
2023-03-27,159.94000244140625,160.77000427246094,157.8699951171875,158.27999877929688,52390300,-0.012293299349161457,158.13856942313058,153.03999982561385
2023-03-28,157.97000122070312,158.49000549316406,155.97999572753906,157.64999389648438,45992200,-0.003980318976947728,158.5171399797712,153.50333295549666
2023-03-29,159.3699951171875,161.0500030517578,159.35000610351562,160.77000427246094,51305700,0.019790742129842442,158.99857003348214,154.1395234607515
2023-03-30,161.52999877929688,162.47000122070312,161.27000427246094,162.36000061035156,49501700,0.009889881791605992,159.4385702950614,154.95142836797805
2023-03-31,162.44000244140625,165.0,161.91000366210938,164.89999389648438,68749800,0.015644205941022005,160.44856916155135,155.85571361723402
2023-04-03,164.27000427246094,166.2899932861328,164.22000122070312,166.1699981689453,56976200,0.00770166355044366,161.48285566057478,156.57666596912202
2023-04-04,166.60000610351562,166.83999633789062,165.11000061035156,165.6300048828125,46278300,-0.003249643690696802,162.25142778669084,157.13857087634858
2023-04-05,164.74000549316406,165.0500030517578,161.8000030517578,163.75999450683594,51511700,-0.011290287513422759,163.03428431919642,157.71761794317337
2023-04-06,162.42999267578125,164.9600067138672,162.0,164.66000366210938,45390100,0.005495903672834368,164.03571428571428,158.27904692150298
2023-04-10,161.4199981689453,162.02999877929688,160.0800018310547,162.02999877929688,47716900,-0.01597233586979263,164.21571350097656,158.82380894252233
2023-04-11,162.35000610351562,162.36000061035156,160.50999450683594,160.8000030517578,47644200,-0.007591160506113748,163.99285670689173,159.40952337355841
2023-04-12,161.22000122070312,162.05999755859375,159.77999877929688,160.10000610351562,50133100,-0.004353214769634461,163.30714416503906,159.8680950346447
2023-04-13,161.6300048828125,165.8000030517578,161.4199981689453,165.55999755859375,68445600,0.03410363052421039,163.22000122070312,160.48571414039247
2023-04-14,164.58999633789062,166.32000732421875,163.82000732421875,165.2100067138672,49386500,-0.0021139819394035975,163.16000148228235,161.06761896042596
2023-04-17,165.08999633789062,165.38999938964844,164.02999877929688,165.22999572753906,41516200,0.0001209915432451858,163.37000165666853,161.5142851329985
2023-04-18,166.10000610351562,167.41000366210938,165.64999389648438,166.47000122070312,49923000,0.0075047238711354325,163.62857273646765,162.06047566731772
2023-04-19,165.8000030517578,168.16000366210938,165.5399932861328,167.6300048828125,47720200,0.006968244450070493,164.42857360839844,162.54761904761904
2023-04-20,166.08999633789062,167.8699951171875,165.55999755859375,166.64999389648438,52456400,-0.0058462742813449875,165.2642865862165,162.89857119605654
2023-04-21,165.0500030517578,166.4499969482422,164.49000549316406,165.02000427246094,58337300,-0.00978091619394783,165.96714346749442,163.24095226469495
2023-04-24,165.0,165.60000610351562,163.88999938964844,165.3300018310547,41949600,0.001878545331279513,165.93428693498885,163.54571460542223
2023-04-25,165.19000244140625,166.30999755859375,163.72999572753906,163.77000427246094,48714100,-0.0094356592349637,165.72857230050224,163.71333385649183
2023-04-26,163.05999755859375,165.27999877929688,162.8000030517578,163.75999450683594,45498800,-6.112087295517821e-05,165.51857212611608,163.97428603399368
2023-04-27,165.19000244140625,168.55999755859375,165.19000244140625,168.41000366210938,64902300,0.02839526936524983,165.79571533203125,164.4866674514044
2023-04-28,168.49000549316406,169.85000610351562,167.8800048828125,169.67999267578125,55275900,0.007541054486406518,166.08857073102678,164.91095261346726
2023-05-01,169.27999877929688,170.4499969482422,168.63999938964844,169.58999633789062,52472900,-0.0005303886243240852,166.5085710797991,165.25523812430245
2023-05-02,170.08999633789062,170.35000610351562,167.5399932861328,168.5399932861328,48425700,-0.006191420923589042,167.0114266531808,165.42857142857142
2023-05-03,169.5,170.9199981689453,167.16000366210938,167.4499969482422,65136000,-0.006467285993302041,167.3142830984933,165.4895237513951
2023-05-04,164.88999938964844,167.0399932861328,164.30999755859375,165.7899932861328,81235400,-0.009913429037699317,167.60285295758928,165.4971422467913
2023-05-05,170.97999572753906,174.3000030517578,170.75999450683594,173.57000732421875,113453200,0.04692692172716728,169.00428336007255,165.96428571428572
2023-05-08,172.47999572753906,173.85000610351562,172.11000061035156,173.5,55962800,-0.0004033376808469935,169.73142569405692,166.38523792085192
2023-05-09,173.0500030517578,173.5399932861328,171.60000610351562,171.77000427246094,45326900,-0.009971156931060876,170.02999877929688,166.8490477062407
2023-05-10,173.02000427246094,174.02999877929688,171.89999389648438,173.55999755859375,53724500,0.010420872338650744,170.5971418108259,167.4566664922805
2023-05-11,173.85000610351562,174.58999633789062,172.1699981689453,173.75,49514700,0.0010947363682816125,171.34142848423548,168.1066662016369
2023-05-12,173.6199951171875,174.05999755859375,171.0,172.57000732421875,45533100,-0.006791324752697836,172.07285853794642,168.4404761904762
2023-05-15,173.16000366210938,173.2100067138672,171.47000122070312,172.07000732421875,37266700,-0.002897374855299284,172.97000340053015,168.7671428862072
2023-05-16,171.99000549316406,173.13999938964844,171.8000030517578,172.07000732421875,42110300,0.0,172.75571768624442,169.09285772414435
2023-05-17,171.7100067138672,172.92999267578125,170.4199981689453,172.69000244140625,57951600,0.0036031562201266354,172.64000374930245,169.38904825846353
2023-05-18,173.0,175.24000549316406,172.5800018310547,175.0500030517578,65496700,0.013666110237923634,173.10857500348772,169.7423815046038
2023-05-19,176.38999938964844,176.38999938964844,174.94000244140625,175.16000366210938,55809500,0.0006283953638037687,173.33714730398995,170.14762006487166
2023-05-22,173.97999572753906,174.7100067138672,173.4499969482422,174.1999969482422,43570900,-0.005480741572254533,173.40143258231026,170.5847625732422
2023-05-23,173.1300048828125,173.3800048828125,171.27999877929688,171.55999755859375,50747300,-0.015154991021227304,173.25714547293526,170.88142903645834
2023-05-24,171.08999633789062,172.4199981689453,170.52000427246094,171.83999633789062,45143500,0.00163207497832496,173.22428676060267,171.26571437290735
2023-05-25,172.41000366210938,173.89999389648438,171.69000244140625,172.99000549316406,56058300,0.0066923253013353445,173.35571507045202,171.70523870558966
2023-05-26,173.32000732421875,175.77000427246094,173.11000061035156,175.42999267578125,54835000,0.014104787011603337,173.7471422467913,172.0395238967169
2023-05-30,176.9600067138672,178.99000549316406,176.57000732421875,177.3000030517578,55964400,0.010659581907596527,174.06857081821985,172.40238153366815
2023-05-31,177.3300018310547,179.35000610351562,176.75999450683594,177.25,99625300,-0.0002820251037627397,174.3671417236328,172.76714361281623
2023-06-01,177.6999969482422,180.1199951171875,176.92999267578125,180.08999633789062,68901800,0.016022546335066945,175.2085702078683,173.31714375813803
2023-06-02,181.02999877929688,181.77999877929688,179.25999450683594,180.9499969482422,61996900,0.004775393568990927,176.5499986921038,173.96000090099517
2023-06-05,182.6300048828125,184.9499969482422,178.0399932861328,179.5800018310547,121946500,-0.0075711253953729685,177.6557137625558,174.61666797456286
2023-06-06,179.97000122070312,180.1199951171875,177.42999267578125,179.2100067138672,64848400,-0.002060335858196427,178.5442853655134,174.88523937406995
2023-06-07,178.44000244140625,181.2100067138672,177.32000732421875,177.82000732421875,61944600,-0.007756259904993845,178.8857160295759,175.09095400855654
2023-06-08,177.89999389648438,180.83999633789065,177.4600067138672,180.57000732421875,50214900,0.01546507640721173,179.3528594970703,175.51000177292596
2023-06-09,181.5,182.22999572753903,180.6300048828125,180.9600067138672,48900000,0.002159823746078704,179.8828604561942,175.86238316127233
2023-06-12,181.2700042724609,183.88999938964844,180.97000122070312,183.7899932861328,54274900,0.015638740424785524,180.41143144880022,176.3404780796596
2023-06-13,182.8000030517578,184.1499938964844,182.44000244140625,183.30999755859372,54929100,-0.002611653218746346,180.74857439313615,176.85190618605841
2023-06-14,183.3699951171875,184.38999938964844,182.0200042724609,183.9499969482422,57462900,0.003491350161869411,181.37285940987724,177.41761997767858
2023-06-15,183.9600067138672,186.5200042724609,183.77999877929688,186.00999450683597,65433200,0.011198682211304378,182.3442862374442,178.08142889113654
2023-06-16,186.72999572753903,186.9900054931641,184.2700042724609,184.9199981689453,101256200,-0.005859880490725944,183.3585706438337,178.66380964006697
2023-06-20,184.41000366210935,186.1000061035156,184.41000366210935,185.00999450683597,49799100,0.0004866771511020662,183.99285452706474,179.13809494745163
2023-06-21,184.8999938964844,185.41000366210935,182.58999633789065,183.9600067138672,49515700,-0.0056753030870988486,184.42142595563615,179.55714271182106
2023-06-22,183.7400054931641,187.0500030517578,183.6699981689453,187.0,51245300,0.016525294494369236,184.87999834333147,180.16666666666666
2023-06-23,185.5500030517578,187.55999755859372,185.00999450683597,186.67999267578125,53117000,-0.0017112691134693048,185.3614262172154,180.88666643415178
2023-06-26,186.8300018310547,188.0500030517578,185.22999572753903,185.2700042724609,48088700,-0.007552970101992407,185.5499986921038,181.52619062151228
2023-06-27,185.88999938964844,188.38999938964844,185.6699981689453,188.05999755859372,50730800,0.015059066345298966,185.84285627092635,182.24380929129464
2023-06-28,187.92999267578125,189.8999938964844,187.6000061035156,189.25,51216800,0.006327780797910076,186.46142796107702,182.9019048781622
2023-06-29,189.0800018310547,190.07000732421875,188.94000244140625,189.58999633789065,46347300,0.001796546039052327,187.11571393694197,183.48714265369233
2023-06-30,191.6300048828125,194.47999572753903,191.25999450683597,193.97000122070312,85213200,0.023102510509079632,188.54571315220423,184.28333318801154
2023-07-03,193.77999877929688,193.8800048828125,191.75999450683597,192.4600067138672,31458200,-0.007784680606965799,189.32571411132812,184.87238130115327
2023-07-05,191.57000732421875,192.97999572753903,190.6199951171875,191.3300018310547,46920300,-0.005871375056598072,189.99000113351005,185.36666724795387
2023-07-06,189.83999633789065,192.0200042724609,189.1999969482422,191.80999755859372,45094300,0.002508732153585047,190.92428588867188,185.9490479968843
2023-07-07,191.41000366210935,192.6699981689453,190.2400054931641,190.67999267578125,46815000,-0.0058912720775531335,191.29857090541296,186.4952378045945
2023-07-10,189.25999450683597,189.9900054931641,187.0399932861328,188.6100006103516,59922200,-0.010855843008916621,191.20714242117745,187.00904700869606
2023-07-11,189.16000366210935,189.3000030517578,186.6000061035156,188.0800018310547,46638100,-0.002810024800285249,190.9914289202009,187.36666579473587
2023-07-12,189.67999267578125,191.6999969482422,188.47000122070312,189.7700042724609,60750200,0.008985550962107514,190.3914293561663,187.78618948800224
2023-07-13,190.5,191.19000244140625,189.77999877929688,190.5399932861328,41342300,0.004057485357730206,190.1171417236328,188.1076180594308
2023-07-14,190.22999572753903,191.17999267578125,189.6300048828125,190.69000244140625,41616200,0.0007872843526774975,190.02571323939733,188.45904686337425
2023-07-17,191.8999938964844,194.32000732421875,191.80999755859372,193.9900054931641,50520200,0.017305590274832694,190.33714294433594,188.93714250837053
2023-07-18,193.3500061035156,194.3300018310547,192.4199981689453,193.72999572753903,48288200,-0.0013403255748359877,190.77285766601562,189.3047616141183
2023-07-19,193.1000061035156,198.22999572753903,192.6499938964844,195.1000061035156,80507300,0.007071751438550322,191.7000013078962,189.7895238967169
2023-07-20,195.08999633789065,196.47000122070312,192.5,193.1300048828125,59581200,-0.010097391896840113,192.42143031529017,190.17619105747767
2023-07-21,194.1000061035156,194.97000122070312,191.22999572753903,191.94000244140625,71951700,-0.006161665258219817,192.73143005371094,190.55619085402716
2023-07-24,193.41000366210935,194.91000366210935,192.25,192.75,45377800,0.004220055998181094,193.0471452985491,190.83000037783668
2023-07-25,193.3300018310547,194.44000244140625,192.9199981689453,193.6199951171875,37283200,0.004513593344682265,193.46571568080358,191.1604766845703
2023-07-26,193.6699981689453,195.63999938964844,193.32000732421875,194.5,47471900,0.00454501035536059,193.53857203892298,191.6000002906436
2023-07-27,196.0200042724609,197.1999969482422,192.5500030517578,193.22000122070312,47460200,-0.006580970587644619,193.46571568080358,191.84571475074404
2023-07-28,194.6699981689453,196.6300048828125,194.13999938964844,195.8300018310547,48291400,0.013507921508448373,193.57000078473772,192.15904817127046
2023-07-31,196.05999755859372,196.4900054931641,195.25999450683597,196.4499969482422,38824100,0.003165986372825502,194.0442853655134,192.4857148670015
2023-08-01,196.2400054931641,196.72999572753903,195.27999877929688,195.6100006103516,35175100,-0.004275878599844907,194.56857081821985,192.56381007603235
2023-08-02,195.0399932861328,195.17999267578125,191.8500061035156,192.5800018310547,50389300,-0.015489999334607374,194.5442853655134,192.56952412923178
2023-08-03,191.57000732421875,192.3699951171875,190.69000244140625,191.1699981689453,61235200,-0.007321651514710981,194.1942858014788,192.56190490722656
2023-08-04,185.5200042724609,187.3800048828125,181.9199981689453,181.9900054931641,115956800,-0.048020048981056385,192.40714372907365,192.0942862374442
2023-08-07,182.1300048828125,183.1300048828125,177.35000610351562,178.85000610351562,97576100,-0.0172536913834338,190.35428728376115,191.53095354352678
2023-08-08,179.69000244140625,180.2700042724609,177.5800018310547,179.8000030517578,67823000,0.005311696482092065,188.06428745814733,191.1114298502604
2023-08-09,180.8699951171875,180.92999267578125,177.00999450683594,178.19000244140625,60378500,-0.00895439701348677,185.4557168143136,190.6404774983724
2023-08-10,179.47999572753906,180.75,177.60000610351562,177.97000122070312,54686900,-0.0012346440186814522,182.9357169015067,190.07857259114584
2023-08-11,177.32000732421875,178.6199951171875,176.5500030517578,177.7899932861328,52036700,-0.0010114509936260951,180.82285853794642,189.47142973400298
2023-08-14,177.97000122070312,179.69000244140625,177.30999755859375,179.4600067138672,43675600,0.009393180104611876,179.1500026157924,188.93666803269159
2023-08-15,178.8800048828125,179.47999572753906,177.0500030517578,177.4499969482422,43622600,-0.01120032146677552,178.50142996651786,188.14904857817152
2023-08-16,177.1300048828125,178.5399932861328,176.5,176.57000732421875,46964900,-0.004959085033290345,178.17571585518974,187.3319062732515
2023-08-17,177.13999938964844,177.50999450683594,173.47999572753906,174.0,66062900,-0.014555174817995509,177.3471439906529,186.327144077846
2023-08-18,172.3000030517578,175.10000610351562,171.9600067138672,174.49000549316406,61172200,0.0028161235239314575,176.81857299804688,185.4395250592913
2023-08-21,175.07000732421875,176.1300048828125,173.74000549316406,175.83999633789062,46311900,0.007736780344014926,176.5142865862165,184.67285810198103
2023-08-22,177.05999755859375,177.67999267578125,176.25,177.22999572753906,42038900,0.007904910251348207,176.43428693498885,183.93381027948288
2023-08-23,178.52000427246094,181.5500030517578,178.3300018310547,181.1199951171875,52722800,0.021948877071738204,176.67142813546317,183.33857218424478
2023-08-24,180.6699981689453,181.1000061035156,176.00999450683594,176.3800048828125,54945800,-0.02617044148719283,176.51857212611608,182.47571527390252
2023-08-25,177.3800048828125,179.14999389648438,175.82000732421875,178.61000061035156,51449600,0.01264313224744873,176.80999973842077,181.7800009591239
2023-08-28,180.08999633789062,180.58999633789065,178.5500030517578,180.19000244140625,43820700,0.008846099466185864,177.6942858014788,181.03523908342635
2023-08-29,179.6999969482422,184.8999938964844,179.5,184.1199951171875,53003900,0.02181027039532446,179.06999860491072,180.4480961390904
2023-08-30,184.94000244140625,187.8500061035156,184.7400054931641,187.6499938964844,60813900,0.019172272827023162,180.75714111328125,180.06904820033483
2023-08-31,187.83999633789065,189.1199951171875,187.47999572753903,187.8699951171875,60794500,0.001172401960345626,182.27714102608817,179.84476216634116
2023-09-01,189.4900054931641,189.9199981689453,188.27999877929688,189.4600067138672,45766500,0.008463361036912254,183.46857125418526,179.7633340018136
2023-09-05,188.27999877929688,189.97999572753903,187.6100006103516,189.6999969482422,45280000,0.0012667065653462206,185.37142726353235,180.13047645205543
2023-09-06,188.3999938964844,188.8500061035156,181.47000122070312,182.91000366210935,81755800,-0.0357933231173716,185.9857134137835,180.32380966913132
2023-09-07,175.17999267578125,178.2100067138672,173.5399932861328,177.55999755859375,112488800,-0.02924939039090879,185.60999843052454,180.2171427408854
2023-09-08,178.35000610351562,180.2400054931641,177.7899932861328,178.17999267578125,65551300,0.0034917499758519988,184.7614266531808,180.21666608537947
2023-09-11,180.07000732421875,180.3000030517578,177.33999633789062,179.36000061035156,58953100,0.006622561359722834,183.57714189801897,180.28285653250558
2023-09-12,179.49000549316406,180.1300048828125,174.82000732421875,176.3000030517578,90370200,-0.017060646455066664,181.92428588867188,180.21190461658296
2023-09-13,176.50999450683594,177.3000030517578,173.97999572753906,174.2100067138672,84267900,-0.011854771989295187,179.74571446010046,179.96190461658296
2023-09-14,174.0,176.10000610351562,173.5800018310547,175.74000549316406,60895800,0.008782496529087691,177.75142996651786,179.88047645205543
2023-09-15,176.47999572753906,176.5,173.82000732421875,175.00999450683594,109259500,-0.004153926047057777,176.62285723005022,179.80619012741815
2023-09-18,176.47999572753906,179.3800048828125,176.1699981689453,177.97000122070312,67257600,0.016913358132535583,176.68142918178015,179.9952378045945
2023-09-19,177.52000427246094,179.6300048828125,177.1300048828125,179.07000732421875,51826900,0.006180851244426799,176.80857413155692,180.2133331298828
2023-09-20,179.25999450683594,179.6999969482422,175.39999389648438,175.49000549316406,58436200,-0.01999219123598317,176.25571768624442,180.19666689918154
2023-09-21,174.5500030517578,176.3000030517578,173.86000061035156,173.92999267578125,63149100,-0.008889468166570769,175.91714477539062,180.0395238967169
2023-09-22,174.6699981689453,177.0800018310547,174.0500030517578,174.7899932861328,56725400,0.0049445216268977354,176.0,179.73809523809524
2023-09-25,174.1999969482422,176.97000122070312,174.14999389648438,176.0800018310547,46172700,0.00738033408360006,176.04857090541296,179.72380937848772
2023-09-26,174.82000732421875,175.1999969482422,171.66000366210938,171.9600067138672,64588900,-0.023398427273646605,175.61285836356026,179.40714300246466
2023-09-27,172.6199951171875,173.0399932861328,169.0500030517578,170.42999267578125,66921800,-0.008897499292564004,174.53571428571428,178.94238063267298
2023-09-28,169.33999633789062,172.02999877929688,167.6199951171875,170.69000244140625,56294400,0.0015256103784480057,173.33857073102678,178.30285717192152
2023-09-29,172.02000427246094,173.07000732421875,170.33999633789062,171.2100067138672,51861100,0.003046483478957418,172.72714233398438,177.5200006394159
2023-10-02,171.22000122070312,174.3000030517578,170.92999267578125,173.75,52164500,0.014835542237771948,172.70142909458704,176.84761991954986
2023-10-03,172.25999450683594,173.6300048828125,170.82000732421875,172.39999389648438,49594600,-0.007769819300809333,172.36000061035156,176.03523835681733
2023-10-04,171.08999633789062,174.2100067138672,170.97000122070312,173.66000366210938,53020300,0.00730864159068112,172.0142865862165,175.27142915271577
2023-10-05,173.7899932861328,175.4499969482422,172.67999267578125,174.91000366210938,48527900,0.007197972898999483,172.4357147216797,174.8904767717634
2023-10-06,173.8000030517578,177.99000549316406,173.17999267578125,177.49000549316406,57266700,0.014750453244736894,173.4442879813058,174.88714381626673
2023-10-09,176.80999755859375,179.0500030517578,175.8000030517578,178.99000549316406,42390800,0.008451180086631815,174.63000270298548,174.92571585518974
2023-10-10,178.10000610351562,179.72000122070312,177.9499969482422,178.38999938964844,43698000,-0.00335217657467779,175.6557159423828,174.87952532087053
2023-10-11,178.1999969482422,179.85000610351562,177.60000610351562,179.8000030517578,47551100,0.007904051050695804,176.52000209263392,175.0461919875372
2023-10-12,180.07000732421875,182.33999633789065,179.0399932861328,180.7100067138672,56743100,0.005061199369654101,177.70714678083147,175.355715797061
2023-10-13,181.4199981689453,181.92999267578125,178.13999938964844,178.85000610351562,51427100,-0.01029273721015711,178.44857570103235,175.5038110642206
2023-10-16,176.75,179.0800018310547,176.50999450683594,178.72000122070312,52517000,-0.0007268933652552212,178.99286106654577,175.68047805059524
2023-10-17,176.64999389648438,178.4199981689453,174.8000030517578,177.14999389648438,57549400,-0.0087847320585005,178.9442879813058,175.6414300827753
2023-10-18,175.5800018310547,177.5800018310547,175.11000061035156,175.83999633789062,54764400,-0.007394849583563845,178.4942866734096,175.48762003580728
2023-10-19,176.0399932861328,177.83999633789062,175.19000244140625,175.4600067138672,59302900,-0.002160996541954341,178.07571629115515,175.48619152250745
2023-10-20,175.30999755859375,175.4199981689453,172.63999938964844,172.8800048828125,64244000,-0.014704215959948308,177.08714512416296,175.43619210379464
2023-10-23,170.91000366210938,174.00999450683594,169.92999267578125,173.0,55980100,0.0006940948276166203,175.98571559361048,175.35095432826452
2023-10-24,173.0500030517578,173.6699981689453,171.4499969482422,173.44000244140625,43816600,0.0025433667133309967,175.21285792759485,175.2252400716146
2023-10-25,171.8800048828125,173.05999755859375,170.64999389648438,171.10000610351562,57157000,-0.013491676112499795,174.12428719656808,175.18428766159784
2023-10-26,170.3699951171875,171.3800048828125,165.6699981689453,166.88999938964844,70625300,-0.02460553222493822,172.6585736955915,175.01571655273438
2023-10-27,166.91000366210938,168.9600067138672,166.8300018310547,168.22000122070312,58499100,0.007969332110484562,171.57000296456474,174.8980974469866
2023-10-30,169.02000427246094,171.1699981689453,168.8699951171875,170.2899932861328,51131000,0.012305267212035398,170.83142961774553,174.85428728376115
2023-10-31,169.35000610351562,170.89999389648438,167.89999389648438,170.77000427246094,44846000,0.0028187856318813154,170.5300009591239,174.71238272530692
2023-11-01,171.0,174.22999572753906,170.1199951171875,173.97000122070312,56934900,0.018738635990994235,170.66857256208147,174.78714497884116
2023-11-02,175.52000427246094,177.77999877929688,175.4600067138672,177.57000732421875,77334800,0.020693257908003027,171.2585732596261,174.9733356294178
2023-11-03,174.24000549316406,176.82000732421875,173.35000610351562,176.64999389648438,79829200,-0.005181130764130404,172.05142865862166,175.05619230724517
2023-11-06,176.3800048828125,179.42999267578125,176.2100067138672,179.22999572753906,63841300,0.014605162299448304,173.8142852783203,175.13904898507255
2023-11-07,179.17999267578125,182.44000244140625,178.97000122070312,181.82000732421875,70530000,0.014450770844278482,175.75714329310827,175.27381097702752
2023-11-08,182.3500061035156,183.4499969482422,181.58999633789065,182.88999938964844,49340300,0.005884897273828127,177.55714416503906,175.48809669131325
2023-11-09,182.9600067138672,184.1199951171875,181.80999755859372,182.41000366210935,53763500,-0.0026245050529879466,179.22000122070312,175.61238243466332
2023-11-10,183.97000122070312,186.57000732421875,183.52999877929688,186.3999938964844,66133400,0.021873746802647975,180.99571446010046,175.88333420526413
2023-11-13,185.82000732421875,186.02999877929688,184.2100067138672,184.8000030517578,43627500,-0.008583642151915205,182.02857099260603,176.16666739327567
2023-11-14,187.6999969482422,188.1100006103516,186.3000030517578,187.44000244140625,60108400,0.01428571074703422,183.57000078473772,176.58190554664247
2023-11-15,187.8500061035156,189.5,187.77999877929688,188.00999450683597,53790500,0.003040930740533243,184.82428632463728,177.0990484328497
2023-11-16,189.57000732421875,190.9600067138672,188.6499938964844,189.7100067138672,54412900,0.009042137421951812,185.95142909458704,177.75952511742003
2023-11-17,190.25,190.3800048828125,188.57000732421875,189.69000244140625,50922700,-0.0001054465855937492,186.92285810198103,178.43714396158853
2023-11-20,189.88999938964844,191.91000366210935,189.8800048828125,191.4499969482422,46505100,0.009278267089376957,188.21428571428572,179.32142929803757
2023-11-21,191.41000366210935,191.5200042724609,189.7400054931641,190.63999938964844,38134500,-0.004230856994020926,188.82000078473772,180.16142926897322
2023-11-22,191.4900054931641,192.92999267578125,190.8300018310547,191.30999755859372,39617700,0.0035144679557823633,189.75,181.01238141741072
2023-11-24,190.8699951171875,190.8999938964844,189.25,189.97000122070312,24048300,-0.007004319455287122,190.1114283970424,181.91095261346726
2023-11-27,189.9199981689453,190.6699981689453,188.8999938964844,189.7899932861328,40552600,-0.0009475597905649336,190.36571393694197,183.00142851329986
2023-11-28,189.77999877929688,191.0800018310547,189.3999938964844,190.3999938964844,38415400,0.003214082048213829,190.4642835344587,184.057618640718
2023-11-29,190.8999938964844,192.08999633789065,188.97000122070312,189.3699951171875,43014200,-0.0054096576277039565,190.41856820242745,184.96619015648253
2023-11-30,189.83999633789065,190.32000732421875,188.19000244140625,189.9499969482422,48794400,0.0030627968844576525,190.20428248814173,185.87952314104353
2023-12-01,190.3300018310547,191.55999755859372,189.22999572753903,191.2400054931641,45704800,0.006791305952341897,190.28999764578683,186.701904296875
2023-12-04,189.97999572753903,190.0500030517578,187.4499969482422,189.42999267578125,43389500,-0.009464613916503661,190.02142551967077,187.26666550409226
2023-12-05,190.2100067138672,194.3999938964844,190.17999267578125,193.4199981689453,66628400,0.02106321938149014,190.5142822265625,188.0652371361142
2023-12-06,194.4499969482422,194.75999450683597,192.1100006103516,192.32000732421875,41089700,-0.0056870585003612195,190.87571280343192,188.68857102167038
2023-12-07,193.6300048828125,195.0,193.58999633789065,194.2700042724609,47477700,0.010139334827264257,191.42857142857142,189.28142801920572
2023-12-08,194.1999969482422,195.9900054931641,193.6699981689453,195.7100067138672,53406400,0.007412376639404972,192.33428737095423,189.89190455845423
2023-12-11,193.1100006103516,193.4900054931641,191.4199981689453,193.17999267578125,60943700,-0.012927361664163084,192.79571533203125,190.4047611781529
2023-12-12,193.0800018310547,194.72000122070312,191.72000122070312,194.7100067138672,52696900,0.007920147510585007,193.2914297921317,190.80047607421875
2023-12-13,195.08999633789065,198.0,194.8500061035156,197.9600067138672,70404200,0.016691489332522957,194.51000322614397,191.4271429152716
2023-12-14,198.0200042724609,199.6199951171875,196.16000366210935,198.1100006103516,66831600,0.000757697976345284,195.1800035749163,191.93523806617372
2023-12-15,197.52999877929688,198.3999938964844,197.0,197.57000732421875,128538400,-0.002725724519050954,195.9300035749163,192.3904767717634
2023-12-18,196.08999633789065,196.6300048828125,194.38999938964844,195.88999938964844,55751900,-0.008503355126233125,196.16143144880022,192.68476213727678
2023-12-19,196.16000366210935,196.9499969482422,195.88999938964844,196.94000244140625,40714100,0.005360166700849378,196.33714512416296,193.03000023251488
2023-12-20,196.8999938964844,197.67999267578125,194.8300018310547,194.8300018310547,52242800,-0.010713925988598105,196.57286071777344,193.19095284598214
2023-12-21,196.1000061035156,197.0800018310547,193.5,194.67999267578125,46482500,-0.0007699489496669765,196.56857299804688,193.38333347865515
2023-12-22,195.17999267578125,195.41000366210935,192.97000122070312,193.6000061035156,37149600,-0.005547496470601709,195.94571576799666,193.4923815046038
2023-12-26,193.6100006103516,193.88999938964844,192.8300018310547,193.0500030517578,28919300,-0.0028409247645565516,195.22285897391183,193.63904825846353
2023-12-27,192.4900054931641,193.5,191.08999633789065,193.1499938964844,48087700,0.0005179530854488856,194.59142848423548,193.7990482875279
2023-12-28,194.13999938964844,194.66000366210935,193.1699981689453,193.5800018310547,34049900,0.002226290179438095,194.2614288330078,193.95047723679315
2023-12-29,193.8999938964844,194.3999938964844,191.72999572753903,192.52999877929688,42672100,-0.005424129774904141,193.63142830984933,194.1009536016555
2024-01-02,187.1499938964844,188.44000244140625,183.88999938964844,185.63999938964844,82488700,-0.03578662771169838,192.31857081821985,193.89571562267486
2024-01-03,184.22000122070312,185.8800048828125,183.42999267578125,184.25,58414500,-0.007487607165581278,190.82857186453683,193.56285821823846
2024-01-04,182.1499938964844,183.08999633789065,180.8800048828125,181.91000366210935,71983600,-0.012700115809447188,189.15857151576452,193.2047635033017
2024-01-05,181.9900054931641,182.75999450683597,180.1699981689453,181.17999267578125,62379700,-0.004013033761925855,187.46285574776786,192.62190609886534
2024-01-08,182.08999633789065,185.6000061035156,181.5,185.55999755859372,59144500,0.024174881663950654,186.37857055664062,192.3000008719308
2024-01-09,183.9199981689453,185.1499938964844,182.72999572753903,185.13999938964844,42841800,-0.002263409002323691,185.172855922154,191.865238734654
2024-01-10,184.3500061035156,186.3999938964844,183.9199981689453,186.19000244140625,46792900,0.005671400319862574,184.26714215959822,191.41190519787017
2024-01-11,186.5399932861328,187.0500030517578,183.6199951171875,185.58999633789065,49128400,-0.0032225473744457167,184.25999886648995,191.05047680082777
2024-01-12,186.05999755859372,186.7400054931641,185.19000244140625,185.9199981689453,40477800,0.0017781229460980263,184.49857003348214,190.6319049653553
2024-01-16,182.16000366210935,184.25999450683597,180.92999267578125,183.6300048828125,65603000,-0.012317089655153213,184.7442844935826,189.94952392578125
2024-01-17,181.2700042724609,182.92999267578125,180.3000030517578,182.67999267578125,47317400,-0.005173512943255187,184.9585702078683,189.21476164318267
2024-01-18,186.08999633789065,189.13999938964844,185.8300018310547,188.6300048828125,78005800,0.032570683411353496,185.3971426827567,188.78904724121094
2024-01-19,189.3300018310547,191.9499969482422,188.82000732421875,191.55999755859372,68903000,0.015533014896551123,186.3142852783203,188.58285667782738
2024-01-22,192.3000030517578,195.3300018310547,192.25999450683597,193.88999938964844,60133900,0.012163300588589943,187.4142848423549,188.43761843726747
2024-01-23,195.0200042724609,195.75,193.8300018310547,195.17999267578125,42355600,0.006653222395139657,188.78428431919642,188.45428466796875
2024-01-24,195.4199981689453,196.3800048828125,194.33999633789065,194.5,53631300,-0.0034839261261312426,190.00999886648995,188.44571358816964
2024-01-25,195.22000122070312,196.2700042724609,193.1100006103516,194.1699981689453,54822100,-0.0016966675118492702,191.51571219308036,188.47285606747582
2024-01-26,194.2700042724609,194.75999450683597,191.94000244140625,192.4199981689453,44594000,-0.009012720896651283,192.90714154924666,188.44285583496094
2024-01-29,192.00999450683597,192.1999969482422,189.5800018310547,191.72999572753903,47145600,-0.003585918553020928,193.3499973842076,188.37523687453498
2024-01-30,190.94000244140625,191.8000030517578,187.47000122070312,188.0399932861328,55859400,-0.01924582758897031,192.8471396309989,188.1114269438244
2024-01-31,187.0399932861328,187.1000061035156,184.3500061035156,184.3999938964844,55467800,-0.01935758093816553,191.49142456054688,187.72428385416666
2024-02-01,183.9900054931641,186.9499969482422,183.82000732421875,186.8600006103516,64885400,0.013340600842146166,190.30285426548548,187.78237915039062
2024-02-02,179.86000061035156,187.3300018310547,179.25,185.8500061035156,102551700,-0.0054050867148506265,189.06714085170202,187.8585699172247
2024-02-05,188.1499938964844,189.25,185.83999633789065,187.67999267578125,69668800,0.009846577950857638,188.13999720982142,188.13333129882812
2024-02-06,186.8600006103516,189.30999755859372,186.7700042724609,189.3000030517578,43490800,0.0086317691773099,187.69428362165178,188.51999845958892
2024-02-07,190.63999938964844,191.0500030517578,188.6100006103516,189.41000366210935,53439000,0.0005810914346444651,187.36285618373327,188.70333208356584
2024-02-08,189.38999938964844,189.5399932861328,187.3500061035156,188.32000732421875,40962000,-0.005754692554861274,187.4028581891741,188.8547610328311
2024-02-09,188.6499938964844,189.9900054931641,188.0,188.8500061035156,45155200,0.0028143519471321987,188.03857421875,188.98142787388392
2024-02-12,188.4199981689453,188.6699981689453,186.7899932861328,187.1499938964844,41781900,-0.009001917670573678,188.0800018310547,189.0557134719122
2024-02-13,185.7700042724609,186.2100067138672,183.50999450683597,185.0399932861328,56529500,-0.01127438246948953,187.96428571428572,189.01380847749255
2024-02-14,185.32000732421875,185.52999877929688,182.44000244140625,184.1499938964844,54630500,-0.004809767736384307,187.46000017438615,189.038569859096
2024-02-15,183.5500030517578,184.4900054931641,181.3500061035156,183.8600006103516,65434500,-0.0015747667431138535,186.682856968471,189.09476071312315
2024-02-16,183.4199981689453,184.8500061035156,181.6699981689453,182.30999755859372,49752500,-0.008430343993323208,185.66857038225447,188.79380798339844
2024-02-20,181.7899932861328,182.42999267578125,180.0,181.55999755859372,53665600,-0.004113872031395016,184.7028547014509,188.31761750720796
2024-02-21,181.94000244140625,182.88999938964844,180.66000366210935,182.32000732421875,41371400,0.004185997884141646,183.7699977329799,187.76666550409226
2024-02-22,183.47999572753903,184.9600067138672,182.4600067138672,184.3699951171875,52292200,0.011243899246467626,183.37285505022322,187.2519037155878
2024-02-23,185.00999450683597,185.0399932861328,182.22999572753903,182.5200042724609,45119700,-0.010034121026855414,183.01285661969865,186.68142772856214
2024-02-26,182.2400054931641,182.75999450683597,180.6499938964844,181.16000366210935,40867400,-0.007451241390074692,182.5857151576451,186.06190418061755
2024-02-27,181.1000061035156,183.9199981689453,179.55999755859375,182.6300048828125,54318900,0.008114380608232441,182.41000148228235,185.59571402413505
2024-02-28,182.50999450683597,183.1199951171875,180.1300048828125,181.4199981689453,48953900,-0.006625454095802064,182.2828587123326,185.1047617594401
2024-02-29,181.2700042724609,182.57000732421875,179.52999877929688,180.75,136682600,-0.003693077806788292,182.16714477539062,184.75761922200522
2024-03-01,179.5500030517578,180.52999877929688,177.3800048828125,179.66000366210938,73563100,-0.00603040850838521,181.78714425223214,184.53190540132067
2024-03-04,176.14999389648438,176.89999389648438,173.7899932861328,175.10000610351562,81510100,-0.025381261636673647,180.46286010742188,183.97190566289993
2024-03-05,170.75999450683594,172.0399932861328,169.6199951171875,170.1199951171875,95132400,-0.028440952671264008,178.6914302280971,183.22285752069382
2024-03-06,171.05999755859375,171.24000549316406,168.67999267578125,169.1199951171875,68587700,-0.005878203789690617,176.97142900739397,182.33904811314173
2024-03-07,169.14999389648438,170.72999572753906,168.49000549316406,169.0,71765100,-0.0007095264939214196,175.02428545270647,181.37238130115327
2024-03-08,169.0,173.6999969482422,168.94000244140625,170.72999572753906,76267000,0.010236661109698675,173.4971422467913,180.4828571137928
2024-03-11,172.94000244140625,174.3800048828125,172.0500030517578,172.75,60139500,0.01183157220764297,172.35428510393416,179.7414281935919
2024-03-12,173.14999389648438,174.02999877929688,171.00999450683594,173.22999572753906,59825400,0.002778557033511264,171.43571254185267,178.99761817568825
2024-03-13,172.77000427246094,173.19000244140625,170.75999450683594,171.1300048828125,52488700,-0.012122559005482425,170.86856951032365,178.2347615559896
2024-03-14,172.91000366210938,174.30999755859375,172.0500030517578,173.0,72913500,0.010927336316434166,171.27999877929688,177.6614285423642
2024-03-15,171.1699981689453,172.6199951171875,170.2899932861328,172.6199951171875,121752700,-0.002196560016257232,171.77999877929688,177.1123809814453
2024-03-18,175.57000732421875,177.7100067138672,173.52000427246094,173.72000122070312,75604200,0.006372414173507979,172.45428466796875,176.62952386765252
2024-03-19,174.33999633789062,176.61000061035156,173.02999877929688,176.0800018310547,55215200,0.013585082856137465,173.21857125418526,176.3328574044364
2024-03-20,175.72000122070312,178.6699981689453,175.08999633789062,178.6699981689453,53423100,0.014709202129471022,174.0642852783203,176.1952383858817
2024-03-21,177.0500030517578,177.49000549316406,170.83999633789062,171.3699951171875,106181300,-0.04085746418856029,173.79857090541296,175.6738092331659
2024-03-22,171.75999450683594,173.0500030517578,170.05999755859375,172.27999877929688,71160100,0.005310169154682409,173.96285574776786,175.0980951218378
2024-03-25,170.57000732421875,171.94000244140625,169.4499969482422,170.85000610351562,54288300,-0.0083003986876804,173.6557137625558,174.54238092331659
2024-03-26,170.0,171.4199981689453,169.5800018310547,169.7100067138672,57388400,-0.006672515943357493,173.24000113351005,173.9971429734003
2024-03-27,170.41000366210938,173.60000610351562,170.11000061035156,173.30999755859375,60273300,0.021212602099510702,173.18142918178015,173.55333310081846
2024-03-28,171.75,172.22999572753906,170.50999450683594,171.47999572753906,65672700,-0.010559124440792766,172.52428545270647,173.07999965122767
2024-04-01,171.19000244140625,171.25,169.47999572753906,170.02999877929688,46240500,-0.008455779008450959,171.28999982561385,172.56952340262276
2024-04-02,169.0800018310547,169.33999633789062,168.22999572753906,168.83999633789062,49329500,-0.006998779332762939,170.92857142857142,172.05428495861236
2024-04-03,168.7899932861328,170.67999267578125,168.5800018310547,169.64999389648438,47691700,0.004797427008780275,170.5528564453125,171.79476056780135
2024-04-04,170.2899932861328,171.9199981689453,168.82000732421875,168.82000732421875,53704400,-0.00489234660846527,170.26285661969865,171.73285638718377
2024-04-05,169.58999633789062,170.38999938964844,168.9499969482422,169.5800018310547,42104800,0.004501803541427263,170.2442844935826,171.75476146879652
2024-04-08,169.02999877929688,169.1999969482422,168.24000549316406,168.4499969482422,37425500,-0.0066635503633162285,169.5499986921038,171.72857084728423
2024-04-09,168.6999969482422,170.0800018310547,168.35000610351562,169.6699981689453,42373800,0.007242512572309456,169.2914276123047,171.67809477306548
2024-04-10,168.8000030517578,169.08999633789062,167.11000061035156,167.77999877929688,49709300,-0.01113926687125033,168.9699990408761,171.4414280482701
2024-04-11,168.33999633789062,175.4600067138672,168.16000366210938,175.0399932861328,91070300,0.04327091762818491,169.855712890625,171.52761840820312
2024-04-12,174.25999450683594,178.36000061035156,174.2100067138672,176.5500030517578,101670900,0.00862665575607413,170.84142848423548,171.7857135591053
2024-04-15,175.36000061035156,176.6300048828125,172.5,172.69000244140625,73531800,-0.021863497839872292,171.39428492954798,171.77095177060082
2024-04-16,171.75,173.75999450683594,168.27000427246094,169.3800048828125,73711200,-0.019167279586534414,171.36571393694197,171.61666652134485
2024-04-17,169.61000061035156,170.64999389648438,168.0,168.0,50901200,-0.008147389556206863,171.30142865862166,171.3442855108352
2024-04-18,168.02999877929688,168.63999938964844,166.5500030517578,167.0399932861328,43122900,-0.0057143256777808515,170.92571367536272,170.91380891345796
2024-04-19,166.2100067138672,166.39999389648438,164.0800018310547,165.0,68149400,-0.012212603975853775,170.52857099260603,170.26285661969865
2024-04-22,165.52000427246094,167.25999450683594,164.77000427246094,165.83999633789062,48116400,0.005090886896306879,169.21428571428572,169.99952334449404
2024-04-23,165.35000610351562,167.0500030517578,164.9199981689453,166.89999389648438,49537800,0.006391688265803275,167.83571297781808,169.7433326357887
2024-04-24,166.5399932861328,169.3000030517578,166.2100067138672,169.02000427246094,48251800,0.012702279529689164,167.3114275251116,169.65618969145277
2024-04-25,169.52999877929688,170.61000061035156,168.14999389648438,169.88999938964844,50558300,0.005147290824730311,167.38428388323103,169.66476077125185
2024-04-26,169.8800048828125,171.33999633789062,169.17999267578125,169.3000030517578,44838400,-0.003472813820767917,167.56999860491072,169.47380865187873
2024-04-29,173.3699951171875,176.02999877929688,173.10000610351562,173.5,68169400,0.024808014604454476,168.49285670689173,169.5699993315197
2024-04-30,173.3300018310547,174.99000549316406,170.0,170.3300018310547,65934800,-0.01827088281812861,169.25428553989954,169.58428519112724
2024-05-01,169.5800018310547,172.7100067138672,169.11000061035156,169.3000030517578,50383100,-0.006047077838456816,169.74857221330916,169.60619027273995
2024-05-02,172.50999450683594,173.4199981689453,170.88999938964844,173.02999877929688,94214900,0.02203187040935095,170.62428719656808,169.7671428862072
2024-05-03,186.6499938964844,187.0,182.66000366210935,183.3800048828125,163224100,0.05981625253732603,172.67571585518974,170.4604761032831
2024-05-06,182.3500061035156,184.1999969482422,180.4199981689453,181.7100067138672,78569700,-0.009106762593950823,174.36428833007812,171.03809538341704
2024-05-07,183.4499969482422,184.8999938964844,181.32000732421875,182.3999938964844,77305800,0.0037971886914500708,176.23571559361048,171.70238095238096
2024-05-08,182.8500061035156,183.07000732421875,181.4499969482422,182.7400054931641,45057100,0.0018640987283840005,177.55571637834822,172.32476225353423
2024-05-09,182.55999755859372,184.66000366210935,182.1100006103516,184.57000732421875,48983000,0.010014237583697128,179.59000287737166,173.1242864699591
2024-05-10,184.8999938964844,185.08999633789065,182.1300048828125,183.0500030517578,50759500,-0.008235380680192916,181.55428859165735,173.5057155064174
2024-05-13,185.44000244140625,187.1000061035156,184.6199951171875,186.27999877929688,72044800,0.017645428427694565,183.44714573451452,173.96904863630022
2024-05-14,187.50999450683597,188.3000030517578,186.2899932861328,187.42999267578125,52393600,0.006173469529849429,184.02571541922433,174.67095293317522
2024-05-15,187.91000366210935,190.6499938964844,187.3699951171875,189.72000122070312,70400000,0.012217940748059153,185.17000034877233,175.63952418736048
2024-05-16,190.47000122070312,191.1000061035156,189.66000366210935,189.83999633789065,52845200,0.000632485327932919,186.23285784040178,176.67952401297433
2024-05-17,189.50999450683597,190.80999755859372,189.17999267578125,189.8699951171875,41282900,0.00015802138577503122,187.25142778669084,177.76666695731026
2024-05-20,189.3300018310547,191.9199981689453,189.00999450683597,191.0399932861328,44361300,0.006162101432736655,188.17571149553572,179.0066666376023
2024-05-21,191.08999633789065,192.72999572753903,190.9199981689453,192.3500061035156,42309400,0.006857270013722605,189.50428336007255,180.26904805501303
2024-05-22,192.2700042724609,192.82000732421875,190.2700042724609,190.8999938964844,34648500,-0.007538404788252739,190.1642826625279,181.41190519787017
2024-05-23,190.97999572753903,191.0,186.6300048828125,186.8800048828125,51005900,-0.02105808874908477,190.08571297781808,182.26238141741072
2024-05-24,188.82000732421875,190.5800018310547,188.0399932861328,189.97999572753903,36327000,0.01658813550797178,190.12285505022322,183.21904790969123
2024-05-28,191.50999450683597,193.0,189.1000061035156,189.9900054931641,52280100,5.268852431927762e-05,190.14428492954798,184.20428612118675
2024-05-29,189.6100006103516,192.25,189.50999450683597,190.2899932861328,53068000,0.0015789661787208864,190.20428466796875,185.0038096110026
2024-05-30,190.75999450683597,192.17999267578125,190.6300048828125,191.2899932861328,49889100,0.005255137081729533,190.23999895368303,186.0019044421968
2024-05-31,191.44000244140625,192.57000732421875,189.91000366210935,192.25,75158300,0.005018593484036549,190.2257123674665,187.09476143973214
2024-06-03,192.8999938964844,194.9900054931641,192.5200042724609,194.02999877929688,50080500,0.009258771283728873,190.672855922154,188.09476143973214
2024-06-04,194.63999938964844,195.32000732421875,193.02999877929688,194.3500061035156,47471400,0.0016492672588361845,191.73999895368303,188.61714245024183
2024-06-05,195.3999938964844,196.8999938964844,194.8699951171875,195.8699951171875,54156800,0.007820884826020169,192.58142743791853,189.2914276123047
2024-06-06,195.69000244140625,196.5,194.1699981689453,194.47999572753903,41181800,-0.007096540686677644,193.2228546142578,189.86666579473587
2024-06-07,194.6499938964844,196.94000244140625,194.13999938964844,196.88999938964844,53103900,0.01239203884745943,194.16571262904577,190.54047502790178
2024-06-10,196.8999938964844,197.3000030517578,192.1499938964844,193.1199951171875,97010200,-0.019147769232301326,194.42714146205358,190.94761730375745
2024-06-11,193.6499938964844,207.16000366210935,193.6300048828125,207.1499938964844,172373300,0.07264912559045644,196.5557120186942,192.09523591541108
2024-06-12,207.3699951171875,220.1999969482422,206.8999938964844,213.07000732421875,198134300,0.02857839054869893,199.27571323939733,193.37095060802642
2024-06-13,214.7400054931641,216.75,211.6000061035156,214.2400054931641,97862700,0.005491144359726752,202.1171417236328,194.64761788504464
2024-06-14,213.8500061035156,215.1699981689453,211.3000030517578,212.4900054931641,70122700,-0.008168409051202308,204.4914289202009,195.7319038027809
2024-06-17,213.3699951171875,218.9499969482422,212.72000122070312,216.6699981689453,93728300,0.019671478976528656,207.66142926897322,197.009522937593
2024-06-18,217.58999633789065,218.6300048828125,213.0,214.2899932861328,79943300,-0.010984469021671939,210.1471426827567,198.17237999325707
2024-06-20,213.92999267578125,214.2400054931641,208.8500061035156,209.67999267578125,86172500,-0.021512906597537684,212.51285661969865,199.05999901181175
2024-06-21,210.38999938964844,211.88999938964844,207.1100006103516,207.4900054931641,241805100,-0.010444426073609403,212.5614297049386,199.78095136369978
2024-06-24,207.72000122070312,212.6999969482422,206.58999633789065,208.13999938964844,80727000,0.00313265159417897,211.85714285714286,200.6019040062314
2024-06-25,209.1499938964844,211.3800048828125,208.6100006103516,209.07000732421875,55549700,0.004468184574312861,211.11857169015067,201.6585707891555
2024-06-26,211.5,214.8600006103516,210.63999938964844,213.25,66213200,0.01999326794540668,211.22714233398438,202.76666623070128
2024-06-27,214.69000244140625,215.7400054931641,212.3500061035156,214.1000061035156,49772700,0.003985960626099017,210.86000061035156,203.91476149786087
2024-06-28,215.7700042724609,216.07000732421875,210.3000030517578,210.6199951171875,82542700,-0.016254137725925766,210.3357151576451,204.88285682314918
2024-07-01,212.08999633789065,217.50999450683597,211.9199981689453,216.75,60402900,0.029104572333703782,211.34571620396204,206.0952380952381
2024-07-02,216.1499938964844,220.3800048828125,215.1000061035156,220.2700042724609,58046200,0.016239927439265944,213.17143031529017,207.42952401297433
2024-07-03,220.0,221.5500030517578,219.02999877929688,221.5500030517578,37369800,0.0058110444203451905,215.08714512416296,208.74000040690103
2024-07-05,221.6499938964844,226.4499969482422,221.6499938964844,226.33999633789065,60412400,0.021620371113304948,217.55428641183036,210.26333327520462
2024-07-08,227.08999633789065,227.8500061035156,223.25,227.82000732421875,59085900,0.00653888402524605,219.6357160295759,211.78476242792038
2024-07-09,227.92999267578125,229.3999938964844,226.3699951171875,228.67999267578125,48076100,0.00377484559702701,221.71857125418526,213.41333371117003
2024-07-10,229.3000030517578,233.0800018310547,229.25,232.97999572753903,62627700,0.018803582252402196,224.91285705566406,215.1319049653553
2024-07-11,231.38999938964844,232.38999938964844,225.7700042724609,227.57000732421875,64710600,-0.023220827978926772,226.4585723876953,216.77238173711868
2024-07-12,228.9199981689453,232.63999938964844,228.67999267578125,230.5399932861328,53046500,0.013050867277438316,227.92571367536272,217.88619123186385
2024-07-15,236.47999572753903,237.22999572753903,233.08999633789065,234.3999938964844,62631300,0.01674330147811176,229.7614266531808,218.9019048781622
2024-07-16,235.0,236.2700042724609,232.3300018310547,234.82000732421875,43234300,0.0017918662059344115,230.97285679408483,219.8819049653553
2024-07-17,229.4499969482422,231.4600067138672,226.63999938964844,228.8800048828125,57345900,-0.025295980990260425,231.12428501674108,220.66238112676712
2024-07-18,230.27999877929688,230.44000244140625,222.2700042724609,224.17999267578125,66034600,-0.020534830945314275,230.48142787388392,221.01999991280692
2024-07-19,224.82000732421875,226.8000030517578,223.27999877929688,224.30999755859372,49151500,0.0005799129586041563,229.24285670689173,221.4971429734003
2024-07-22,227.00999450683597,227.77999877929688,223.08999633789065,223.9600067138672,48201800,-0.0015602998017737457,228.72714233398438,222.17714364188058
2024-07-23,224.3699951171875,226.94000244140625,222.67999267578125,225.00999450683597,39960300,0.004688282557118617,227.93714250837053,223.0114288330078
2024-07-24,224.0,224.8000030517578,217.1300048828125,218.5399932861328,61777600,-0.028754283714746642,225.67142813546317,223.5066666376023
2024-07-25,218.92999267578125,220.8500061035156,214.6199951171875,217.4900054931641,51391200,-0.004804556718339348,223.19571358816964,223.9076189313616
2024-07-26,218.6999969482422,219.4900054931641,216.00999450683597,217.9600067138672,41601300,0.002161024455525462,221.6357138497489,224.1319049653553
2024-07-29,216.9600067138672,219.3000030517578,215.75,218.2400054931641,36311800,0.0012846337432190769,220.78714425223214,224.32904779343377
2024-07-30,219.19000244140625,220.3300018310547,216.1199951171875,218.8000030517578,41643800,0.0025659711533101426,220.00000217982702,224.71857198079428
2024-07-31,221.44000244140625,223.82000732421875,220.6300048828125,222.0800018310547,50036300,0.014990853444005525,219.73143005371094,224.97238159179688
2024-08-01,224.3699951171875,224.47999572753903,217.0200042724609,218.3600006103516,62501000,-0.016750725819666745,218.78143092564179,224.88142903645834
2024-08-02,219.1499938964844,225.6000061035156,217.7100067138672,219.8600006103516,105568600,0.006869389978967133,218.97000340053017,224.8009527297247
2024-08-05,199.08999633789065,213.5,196.0,209.2700042724609,119548600,-0.04816699858315232,217.7957175118583,223.98809596470423
2024-08-06,205.3000030517578,209.9900054931641,201.07000732421875,207.22999572753903,69660500,-0.009748212850733573,216.26285879952567,223.00761922200522
2024-08-07,206.8999938964844,213.63999938964844,206.38999938964844,209.82000732421875,63516400,0.012498246634550902,215.06000191824776,222.10952468145462
2024-08-08,213.1100006103516,214.1999969482422,208.8300018310547,213.30999755859372,47161100,0.016633257613904107,214.27571541922433,221.17285810198103
2024-08-09,212.1000061035156,216.77999877929688,211.97000122070312,216.2400054931641,42201600,0.013735914716165754,213.4414302280971,220.63333420526413
2024-08-12,216.07000732421875,219.50999450683597,215.6000061035156,217.52999877929688,38028100,0.005965562584919315,213.32285853794642,220.01381065731957
2024-08-13,219.00999450683597,221.88999938964844,219.00999450683597,221.2700042724609,44155300,0.017193056195245138,213.52428763253346,219.3885730561756
2024-08-14,220.57000732421875,223.02999877929688,219.6999969482422,221.72000122070312,41960600,0.0020337006352117992,215.30285862513946,218.76476324172248
2024-08-15,224.6000061035156,225.3500061035156,222.75999450683597,224.72000122070312,46414000,0.01353057903429189,217.80143083844865,218.56666782924108
2024-08-16,223.9199981689453,226.8300018310547,223.6499938964844,226.0500030517578,44340200,0.0059184844421056315,220.12000165666853,218.6557159423828
2024-08-19,225.72000122070312,225.9900054931641,223.0399932861328,225.88999938964844,40687800,-0.0007078241979617816,221.91714477539062,218.730954124814
2024-08-20,225.7700042724609,227.1699981689453,225.4499969482422,226.50999450683597,30299000,0.0027446771387080737,223.38428606305803,218.85238211495536
2024-08-21,226.5200042724609,227.97999572753903,225.0500030517578,226.3999938964844,34765500,-0.00048563247988708813,224.65142822265628,218.91857256208147
2024-08-22,227.7899932861328,228.33999633789065,223.8999938964844,224.52999877929688,43695300,-0.008259695969967784,225.11714172363284,219.2038109188988
2024-08-23,225.66000366210935,228.22000122070312,224.3300018310547,226.83999633789065,38677300,0.010288146667049247,225.84856959751679,219.64904857817152
2024-08-26,226.75999450683597,227.27999877929688,223.88999938964844,227.17999267578125,30602200,0.0014988376978464224,226.19999694824222,220.08809552873885
2024-08-27,226.0,228.8500061035156,224.88999938964844,228.02999877929688,35934600,0.0037415535298863656,226.4828534807478,220.55428568522134
2024-08-28,227.9199981689453,229.8600006103516,225.67999267578125,226.4900054931641,38052200,-0.006753467940081359,226.5685686383929,220.92047627766928
2024-08-29,230.1000061035156,232.9199981689453,228.8800048828125,229.7899932861328,51906300,0.014570125448949867,227.03713989257812,221.28761872791108
2024-08-30,230.19000244140625,230.3999938964844,227.47999572753903,229.0,52990800,-0.0034378924636161434,227.4085693359375,221.7942853655134
2024-09-03,228.5500030517578,229.0,221.1699981689453,222.7700042724609,50190600,-0.027205221517637934,227.15714154924666,221.932856968471
2024-09-04,221.66000366210935,221.77999877929688,217.47999572753903,220.8500061035156,43840200,-0.00861874638471094,226.30142865862166,222.48428562709265
2024-09-05,221.6300048828125,225.47999572753903,221.5200042724609,222.3800048828125,36615400,0.006927773316790287,225.61571611676897,223.2057146344866
2024-09-06,223.9499969482422,225.2400054931641,219.7700042724609,220.82000732421875,48423000,-0.007015008203708928,224.5857173374721,223.72952415829613
2024-09-09,220.82000732421875,221.2700042724609,216.7100067138672,220.91000366210935,67180000,0.0004075551802624755,223.78857421875,224.0914292108445
2024-09-10,218.9199981689453,221.47999572753903,216.72999572753903,220.1100006103516,51591000,-0.0036213980285899616,222.40571812220983,224.27571469261534
2024-09-11,221.4600067138672,223.08999633789065,217.88999938964844,222.66000366210935,44587100,0.011585130365211693,221.500004359654,224.5200006394159
2024-09-12,222.5,223.5500030517578,219.82000732421875,222.7700042724609,37455600,0.0004940295003250661,221.50000435965399,224.5914292108445
2024-09-13,223.5800018310547,224.0399932861328,221.91000366210935,222.5,36766600,-0.001212031545013037,221.73571777343747,224.62857200985863
2024-09-16,216.5399932861328,217.22000122070312,213.9199981689453,216.32000732421875,59357400,-0.027775247981039364,220.8700038364955,224.22857230050224
2024-09-17,215.75,216.8999938964844,214.5,216.7899932861328,45519300,0.0021726421320320544,220.29428754534038,223.7876194545201
2024-09-18,217.5500030517578,222.7100067138672,217.5399932861328,220.69000244140625,59894900,0.017989802463465043,220.26285879952567,223.54000055222284
2024-09-19,224.9900054931641,229.82000732421875,224.6300048828125,228.8699951171875,66781300,0.03706553348719566,221.51428658621649,223.65238153366815
2024-09-20,229.97000122070312,233.08999633789065,227.6199951171875,228.1999969482422,318679900,-0.002927418111763669,222.3057141985212,223.73809596470423
2024-09-23,227.33999633789065,229.4499969482422,225.80999755859372,226.47000122070312,54146000,-0.007581050616453089,222.83428519112724,223.83047703334265
2024-09-24,228.6499938964844,229.3500061035156,225.72999572753903,227.3699951171875,43556100,0.0039740093241191765,223.52999877929688,223.85571507045202
2024-09-25,224.92999267578125,227.2899932861328,224.0200042724609,226.3699951171875,42308700,-0.004398117700115112,224.96571132114954,223.81714375813803
2024-09-26,227.3000030517578,228.5,225.41000366210935,227.5200042724609,36636700,0.005080219022304933,226.49857003348214,223.79285830543154
2024-09-27,228.4600067138672,229.5200042724609,227.3000030517578,227.7899932861328,34026000,0.0011866605511687833,227.51285443987166,223.8547624860491
2024-09-30,230.0399932861328,233.0,229.6499938964844,233.0,54541900,0.02287197360475246,228.1028551374163,224.0076199486142
2024-10-01,229.5200042724609,229.6499938964844,223.7400054931641,226.2100067138672,63285000,-0.029141602086406926,227.81857081821985,223.87476312546502
2024-10-02,225.88999938964844,227.3699951171875,223.0200042724609,226.77999877929688,32880600,0.002519747352073054,227.86285618373327,224.06571524483817
2024-10-03,225.13999938964844,226.80999755859372,223.32000732421875,225.6699981689453,34044200,-0.004894614235498862,227.6199994768415,224.2952386765253
2024-10-04,227.8999938964844,228.0,224.1300048828125,226.8000030517578,37245100,0.005007333238716605,227.68142918178015,224.50571477980841
2024-10-07,224.5,225.69000244140625,221.3300018310547,221.69000244140625,39505400,-0.022530866585506182,226.84857177734375,224.5471431187221
2024-10-08,224.3000030517578,225.97999572753903,223.25,225.7700042724609,31855700,0.018404085823098937,226.56000191824776,224.77857171921502
2024-10-09,225.22999572753903,229.75,224.8300018310547,229.5399932861328,33591100,0.01669836090857424,226.06571524483817,225.22761898949034
2024-10-10,227.77999877929688,229.5,227.1699981689453,229.0399932861328,28183500,-0.0021782696463562568,226.4699990408761,225.53142801920572
2024-10-11,229.3000030517578,229.41000366210935,227.33999633789065,227.5500030517578,31759200,-0.006505371454991304,226.57999965122767,225.75904700869606
2024-10-14,228.6999969482422,231.72999572753903,228.6000061035156,231.3000030517578,39882100,0.01647989430765695,227.38428606305803,226.17809477306548
2024-10-15,233.6100006103516,237.4900054931641,232.3699951171875,233.8500061035156,64751400,0.011024656368842312,228.3914293561663,227.01285661969865
2024-10-16,231.6000061035156,232.1199951171875,229.83999633789065,231.77999877929688,34082200,-0.008851859184054955,229.8328574044364,227.72666640508743
2024-10-17,233.42999267578125,233.8500061035156,230.5200042724609,232.1499938964844,32993800,0.0015963203000093351,230.7442844935826,228.27238028390067
2024-10-18,236.17999267578125,236.17999267578125,234.00999450683597,235.0,46431500,0.01227657195109133,231.52428545270647,228.5642852783203
2024-10-21,234.4499969482422,236.8500061035156,234.4499969482422,236.47999572753903,36254500,0.00629785415974049,232.58714294433594,228.9585709344773
2024-10-22,233.88999938964844,236.22000122070312,232.6000061035156,235.8600006103516,38846600,-0.002621765597043413,233.77428545270647,229.4057137625558
2024-10-23,234.0800018310547,235.13999938964844,227.75999450683597,230.75999450683597,52287000,-0.021623022514703494,233.69714137486048,229.56714230492003
2024-10-24,229.97999572753903,230.82000732421875,228.41000366210935,230.57000732421875,31109500,-0.0008233107433688325,233.22857012067522,229.7671428862072
2024-10-25,229.7400054931641,233.22000122070312,229.57000732421875,231.41000366210935,38802300,0.0036431292501519774,233.17571367536272,229.95238095238096
2024-10-28,233.32000732421875,234.72999572753903,232.5500030517578,233.3999938964844,36087100,0.008599413175243376,233.35428510393416,230.21952383858817
2024-10-29,233.1000061035156,234.3300018310547,232.32000732421875,233.6699981689453,35417200,0.0011568306748999113,233.1642848423549,230.25142851329986
2024-10-30,232.6100006103516,233.47000122070312,229.5500030517578,230.1000061035156,47070900,-0.015277922255336307,232.2528577532087,230.43666657947358
2024-10-31,229.33999633789065,229.8300018310547,225.3699951171875,225.91000366210935,64370100,-0.01820948426885871,230.83142961774553,230.3952382405599
2024-11-01,220.97000122070312,225.3500061035156,220.2700042724609,222.91000366210935,65276700,-0.013279624414008095,229.71000235421317,230.26380993071058
2024-11-04,220.9900054931641,222.7899932861328,219.7100067138672,222.00999450683597,44944500,-0.004037544930633241,228.48714338030135,230.03571428571428
2024-11-05,221.8000030517578,223.9499969482422,221.13999938964844,223.4499969482422,28111300,0.006486205472888695,227.3499995640346,230.11952354794457
2024-11-06,222.6100006103516,226.07000732421875,221.19000244140625,222.72000122070312,54561100,-0.0032669310248778505,225.82428632463728,229.97428530738466
2024-11-07,224.6300048828125,227.8800048828125,224.57000732421875,227.47999572753903,42137700,0.02137210165565251,224.94000026157923,229.87619018554688
2024-11-08,227.1699981689453,228.66000366210935,226.41000366210935,226.9600067138672,38328800,-0.0022858669924306074,224.4914289202009,229.77714320591517
2024-11-11,225.0,225.6999969482422,221.5,224.22999572753903,42005600,-0.0120285993371948,224.25142778669084,229.61904761904762
2024-11-12,224.5500030517578,225.58999633789065,223.3600006103516,224.22999572753903,40398300,0.0,224.43999808175224,229.28238060360863
2024-11-13,224.00999450683597,226.6499938964844,222.75999450683597,225.1199951171875,48566200,0.003969136184303723,224.88428388323103,228.86666579473587
2024-11-14,225.0200042724609,228.8699951171875,225.0,228.22000122070312,44923900,0.013770460957508002,225.56571306501115,228.6971421014695
2024-11-15,226.3999938964844,226.9199981689453,224.2700042724609,225.0,47923700,-0.014109198157391867,225.89142717633928,228.3566662016369
2024-11-18,225.25,229.7400054931641,225.1699981689453,228.0200042724609,44633700,0.013422241210937269,225.96857125418526,228.02428545270647
2024-11-19,226.97999572753903,230.16000366210935,226.66000366210935,228.27999877929688,36211800,0.0011402267431119828,226.15714154924666,227.6338094075521
2024-11-20,228.05999755859372,229.92999267578125,225.88999938964844,229.0,35169600,0.0031540267415159917,226.83857073102678,227.30714271182106
2024-11-21,228.8800048828125,230.16000366210935,225.7100067138672,228.5200042724609,42108300,-0.002096051211961103,227.451429094587,227.20047651018416
2024-11-22,228.05999755859372,230.72000122070312,228.05999755859372,229.8699951171875,38168300,0.005907539031537068,228.13000052315846,227.1671425955636
2024-11-25,231.4600067138672,233.25,229.7400054931641,232.8699951171875,90152800,0.013050855108212911,228.79428536551336,227.2366659981864
2024-11-26,233.3300018310547,235.57000732421875,233.3300018310547,235.05999755859372,45986200,0.009404399395912533,230.2314278738839,227.31571379162017
2024-11-27,234.47000122070312,235.69000244140625,233.80999755859372,234.92999267578125,33498400,-0.000553071063399746,231.21856907435827,227.3757135300409
2024-11-29,234.80999755859372,237.80999755859372,233.97000122070312,237.3300018310547,28481400,0.01021584825308186,232.5114266531808,227.7199990408761
2024-12-02,237.2700042724609,240.7899932861328,237.16000366210935,239.58999633789065,48137100,0.009522582435425697,234.02428327287947,228.37142726353235
2024-12-03,239.80999755859372,242.75999450683597,238.8999938964844,242.6499938964844,38861000,0.01277180852859261,236.04285321916853,229.3114267985026
2024-12-04,242.8699951171875,244.1100006103516,241.25,243.00999450683597,44383900,0.0014836209330593153,237.91999598911835,230.3114267985026
2024-12-05,243.9900054931641,244.5399932861328,242.1300048828125,243.0399932861328,40033900,0.00012344668933361724,239.37285287039623,231.24428376697358
2024-12-06,242.91000366210935,244.6300048828125,242.0800018310547,242.83999633789065,36870600,-0.0008228972752097885,240.48428126743866,232.20237877255394
2024-12-09,241.8300018310547,247.2400054931641,241.75,246.75,44649200,0.016101151873964437,242.17285374232705,233.1199980236235
2024-12-10,246.88999938964844,248.2100067138672,245.33999633789065,247.7700042724609,36914800,0.004133755916761572,243.66428266252794,234.11095028831846
2024-12-11,247.9600067138672,250.8000030517578,246.25999450683597,246.4900054931641,45205800,-0.005166076430661359,244.64999825613842,235.17095075334822
2024-12-12,246.88999938964844,248.7400054931641,245.67999267578125,247.9600067138672,32777500,0.005963735599591624,245.40857151576452,236.3009512765067
2024-12-13,247.82000732421875,249.2899932861328,246.2400054931641,248.1300048828125,33155300,0.0006855870476785153,246.14000156947546,237.39666602725075
2024-12-16,247.9900054931641,251.3800048828125,247.6499938964844,251.0399932861328,51694800,0.011727676403724852,247.2828587123326,238.48333231608072
2024-12-17,250.0800018310547,253.8300018310547,249.77999877929688,253.47999572753903,51356400,0.009719576588042456,248.80285862513952,239.83952258882067
2024-12-18,252.16000366210935,254.27999877929688,247.7400054931641,248.0500030517578,56774100,-0.021421779893107673,248.9885733468192,240.7933320545015
2024-12-19,247.5,252.0,247.08999633789065,249.7899932861328,60882300,0.007014675319362729,249.27714320591517,241.81761750720796
2024-12-20,248.0399932861328,255.0,245.69000244140625,254.4900054931641,147495300,0.018815854651340835,250.42000034877233,243.03142729259673
2024-12-23,254.7700042724609,255.6499938964844,253.4499969482422,255.2700042724609,40858800,0.0030649485734628445,251.46428571428572,244.30523681640625
2024-12-24,255.4900054931641,258.2099914550781,255.2899932861328,258.20001220703125,23234700,0.011478073747525075,252.9028581891741,245.65428524925596
2024-12-26,258.19000244140625,260.1000061035156,257.6300048828125,259.0199890136719,27237100,0.003175742710589624,254.04285757882255,246.89952305385046
2024-12-27,257.8299865722656,258.70001220703125,253.05999755859372,255.58999633789065,42355300,-0.013242192962953814,254.3442862374442,247.87714204334077
2024-12-30,252.22999572753903,253.5,250.75,252.1999969482422,35557500,-0.013263427513676596,254.93714250837053,248.69952319917223
2024-12-31,252.44000244140625,253.27999877929688,249.42999267578125,250.4199981689453,39480700,-0.007057885808230857,255.02714320591517,249.32285635811942
2025-01-02,248.92999267578125,249.1000061035156,241.82000732421875,243.8500061035156,55740700,-0.02623589215505573,253.50714329310827,249.52571396600632
2025-01-03,243.3600006103516,244.17999267578125,241.88999938964844,243.3600006103516,40244100,-0.0020094545044054835,251.8057141985212,249.5595238095238
2025-01-06,244.30999755859372,247.3300018310547,243.1999969482422,245.0,45045600,0.006738984983297502,249.9199981689453,249.65428597586495
2025-01-07,242.97999572753903,245.5500030517578,241.3500061035156,242.2100067138672,40856000,-0.011387727698501271,247.51857212611608,249.61476280575707
2025-01-08,241.9199981689453,243.7100067138672,240.0500030517578,242.6999969482422,37628900,0.0020229974847978394,245.67714364188058,249.60809616815476
2025-01-10,240.00999450683597,240.16000366210935,233.0,236.8500061035156,61710900,-0.02410379447171629,243.48428780691964,249.13666788736978
2025-01-13,233.52999877929688,234.6699981689453,229.72000122070312,234.3999938964844,49630700,-0.010344150913639494,241.19571576799666,248.50000072660902
2025-01-14,234.75,236.1199951171875,232.47000122070312,233.27999877929688,39435300,-0.004778136289893209,239.6857147216797,247.8709527878534
2025-01-15,234.63999938964844,238.9600067138672,234.42999267578125,237.8699951171875,39832000,0.019675910330543056,238.90142822265625,247.3904760451544
2025-01-16,237.3500061035156,238.00999450683597,228.02999877929688,228.25999450683597,71759100,-0.040400222002010544,236.50999886648995,246.44428507486978
2025-01-17,232.1199951171875,232.2899932861328,228.47999572753903,229.97999572753903,68488300,0.007535272330218001,234.76285443987166,245.4414280482701
2025-01-21,224.0,224.4199981689453,219.3800048828125,222.63999938964844,98070400,-0.031915803436166734,231.8971405029297,243.97285679408483
2025-01-22,219.7899932861328,224.1199951171875,219.7899932861328,223.8300018310547,64126500,0.00534496247156202,230.03713989257812,242.81952340262276
2025-01-23,224.7400054931641,227.02999877929688,222.3000030517578,223.66000366210935,60234800,-0.0007594967946864539,228.5028555733817,241.57523818243118
2025-01-24,224.77999877929688,225.6300048828125,221.41000366210935,222.77999877929688,54697900,-0.003934565270516277,227.0028555733817,240.06523786272322
2025-01-27,224.0200042724609,232.1499938964844,223.97999572753903,229.8600006103516,94863400,0.031780240011890504,225.8585706438337,238.85523768833704
2025-01-28,230.8500061035156,240.19000244140625,230.80999755859372,238.25999450683597,75707600,0.036543956643956044,227.28714207240515,237.9057130359468
2025-01-29,234.1199951171875,239.8600006103516,234.00999450683597,239.3600006103516,45486100,0.004616830894303092,228.62714276994978,236.96952311197916
2025-01-30,238.6699981689453,240.7899932861328,237.2100067138672,237.58999633789065,55658300,-0.0073947370820001135,230.76285661969865,236.1123802548363
2025-01-31,247.19000244140625,247.19000244140625,233.44000244140625,236.0,100959800,-0.006692185539787787,232.50142778669084,235.34095182872954
2025-02-03,229.9900054931641,231.8300018310547,225.6999969482422,228.00999450683597,73063300,-0.03385595547950859,233.12285505022322,234.27380879720053
2025-02-04,227.25,233.1300048828125,226.6499938964844,232.8000030517578,45067300,0.02100788851507218,234.55428423200334,233.74761817568825
2025-02-05,228.52999877929688,232.6699981689453,228.2700042724609,232.47000122070312,39620300,-0.0014175336199687694,234.92714146205358,233.22904677618118
2025-02-06,231.2899932861328,233.8000030517578,230.42999267578125,233.22000122070312,29925300,0.00322622272147699,234.20714242117745,232.66809445335753
2025-02-07,232.6000061035156,234.0,227.25999450683597,227.6300048828125,39707200,-0.023968769010513147,232.53142874581474,231.97380865187873
2025-02-10,229.57000732421875,230.58999633789065,227.1999969482422,227.6499938964844,33115600,8.781361526666309e-05,231.1114283970424,231.25714183989027
2025-02-11,228.1999969482422,235.22999572753903,228.1300048828125,232.6199951171875,53718400,0.021831765227118938,230.62857055664062,231.0557127453032
2025-02-12,231.1999969482422,236.9600067138672,230.67999267578125,236.8699951171875,45243300,0.018270140526221557,231.89428492954798,231.17333185105096
2025-02-13,236.91000366210935,242.33999633789065,235.57000732421875,241.52999877929688,53614100,0.01967325435120615,233.14142717633928,231.5661889939081
2025-02-14,241.25,245.5500030517578,240.9900054931641,244.6000061035156,40896200,0.012710666748373622,234.87428501674108,231.8866657075428
2025-02-18,244.1499938964844,245.17999267578125,241.83999633789065,244.47000122070312,48822500,-0.0005314999164695022,236.48142787388392,232.6585707891555
2025-02-19,244.66000366210935,246.00999450683597,243.16000366210935,244.8699951171875,32204200,0.001636167605379324,238.94428362165178,233.36761837913878
2025-02-20,244.94000244140625,246.77999877929688,244.2899932861328,245.8300018310547,32316900,0.003920475080696484,241.5414276123047,234.47190420968192
2025-02-21,245.9499969482422,248.69000244140625,245.22000122070312,245.5500030517578,53197400,-0.001138993520771736,243.3885716029576,235.50618998209634
2025-02-24,244.92999267578125,248.8600006103516,244.4199981689453,247.1000061035156,51326400,0.006312372357947238,244.8500017438616,236.62238057454428
2025-02-25,248.0,250.0,244.91000366210935,247.0399932861328,48013300,-0.00024286853865007618,245.63714381626673,237.77761840820312
2025-02-26,244.3300018310547,244.97999572753903,239.1300048828125,240.3600006103516,44433600,-0.02704012652738441,245.03142874581474,238.27761840820312
2025-02-27,239.41000366210935,242.4600067138672,237.05999755859372,237.3000030517578,41153600,-0.012730893454915404,244.00714329310827,238.23190452938988
2025-02-28,236.9499969482422,242.08999633789065,230.1999969482422,241.83999633789065,56833400,0.019131872009047646,243.57428632463728,238.3499995640346
2025-03-03,241.7899932861328,244.02999877929688,236.1100006103516,238.02999877929688,47184000,-0.01575420780800285,242.46000017438615,238.37095206124442
2025-03-04,237.7100067138672,240.07000732421875,234.67999267578125,235.92999267578125,53798100,-0.00882244302938795,241.08571297781808,238.36761837913878
2025-03-05,235.4199981689453,236.5500030517578,229.22999572753903,235.7400054931641,47227600,-0.0008052693108766551,239.46285574776786,238.73571414039247
2025-03-06,234.44000244140625,237.8600006103516,233.16000366210935,235.3300018310547,45170400,-0.0017392197020258404,237.78999982561385,238.85619027273995
2025-03-07,235.1100006103516,241.3699951171875,234.75999450683597,239.07000732421875,46273600,0.015892599600832114,237.60571507045202,239.17047627766928
2025-03-10,235.5399932861328,236.16000366210935,224.22000122070312,227.47999572753903,72071200,-0.04847957184759577,236.2028568812779,238.8971426827567
2025-03-11,223.80999755859372,225.83999633789065,217.4499969482422,220.83999633789065,76137400,-0.029189377151217055,233.2028568812779,238.57380894252233
2025-03-12,220.13999938964844,221.75,214.91000366210935,216.97999572753903,62547500,-0.017478720677235104,230.19571358816964,238.06571379162017
2025-03-13,215.9499969482422,216.83999633789065,208.4199981689453,209.67999267578125,61368300,-0.03364366852013567,226.44571358816964,236.97333272298178
2025-03-14,211.25,213.9499969482422,209.5800018310547,213.4900054931641,60107600,0.018170607356297053,223.26714215959822,235.85999988374255
2025-03-17,213.30999755859372,215.22000122070312,209.97000122070312,214.0,48073400,0.002388844881322738,220.2199990408761,234.5490475609189
2025-03-18,214.16000366210935,215.1499938964844,211.4900054931641,212.69000244140625,42432400,-0.006121483918662407,216.45142691476005,233.02952357700892
2025-03-19,214.22000122070312,218.75999450683597,213.75,215.2400054931641,54385400,0.011989294383784488,214.7028568812779,231.6376190185547
2025-03-20,213.9900054931641,217.4900054931641,212.22000122070312,214.1000061035156,48862900,-0.005296410335227875,213.74000113351005,230.17238144647507
2025-03-21,211.55999755859372,218.83999633789065,211.27999877929688,218.2700042724609,94127800,0.019476870855058115,213.9242880684989,228.86000061035156
2025-03-24,221.0,221.47999572753903,218.5800018310547,220.72999572753903,44299500,0.011270405492856295,215.50285993303572,227.67809549967447
2025-03-25,220.7700042724609,224.1000061035156,220.0800018310547,223.75,34493600,0.013681893403326706,216.96857343401228,226.5661904471261
2025-03-26,223.50999450683597,225.0200042724609,220.47000122070312,221.52999877929688,34466100,-0.009921793165153625,218.0442875453404,225.35142880394346
2025-03-27,221.38999938964844,224.9900054931641,220.55999755859372,223.8500061035156,37094800,0.010472655337889769,219.6385737827846,224.5652385893322
2025-03-28,221.6699981689453,223.80999755859372,217.67999267578125,217.8999938964844,39818600,-0.026580353115021604,220.01857212611608,223.64142862955728
2025-03-31,217.00999450683597,225.6199951171875,216.22999572753903,222.1300048828125,65299300,0.019412625538381745,221.16571480887276,222.7028576078869
2025-04-01,219.80999755859372,223.67999267578125,218.8999938964844,223.19000244140625,36412700,0.0047719692760685994,221.86857169015067,221.9961911156064
2025-04-02,221.32000732421875,225.19000244140625,221.0200042724609,223.88999938964844,35905900,0.003136327526256366,222.32000078473772,221.42285810198103
2025-04-03,205.5399932861328,207.4900054931641,201.25,203.19000244140625,103419000,-0.09245610346452682,219.3828582763672,219.87285795665923
2025-04-04,193.88999938964844,199.8800048828125,187.33999633789065,188.3800048828125,125910900,-0.07288743235713335,214.6471448625837,217.63714381626673
2025-04-07,177.1999969482422,194.1499938964844,174.6199951171875,181.4600067138672,160466300,-0.036734249865053914,208.5914306640625,214.89381045386904
2025-04-08,186.6999969482422,190.33999633789065,169.2100067138672,172.4199981689453,120859500,-0.049818186985832624,202.0942884172712,212.27190580822173
2025-04-09,171.9499969482422,200.6100006103516,171.88999938964844,198.8500061035156,184395900,0.15328852926139636,198.76857430594308,211.22476341610863
2025-04-10,189.07000732421875,194.77999877929688,183.0,190.4199981689453,121880000,-0.04239380274487825,194.08714512416296,209.96000162760416
2025-04-11,186.1000061035156,199.5399932861328,186.05999755859372,198.1499938964844,87435900,0.04059445332354672,190.41000148228235,209.41095406668526
2025-04-14,211.44000244140625,212.94000244140625,201.16000366210935,202.5200042724609,101352900,0.02205405253890369,190.31428745814733,208.8885730561756
2025-04-15,201.8600006103516,203.50999450683597,199.8000030517578,202.13999938964844,51343900,-0.0018763819612666044,192.2800009591239,208.32381112234933
2025-04-16,198.3600006103516,200.6999969482422,192.3699951171875,194.2700042724609,59732400,-0.03893338844835548,194.11000061035156,207.44666835239954
2025-04-17,197.1999969482422,198.8300018310547,194.4199981689453,196.97999572753903,52164700,0.013949613401343264,197.61857169015067,206.577144077846
2025-04-21,193.2700042724609,193.8000030517578,189.80999755859372,193.16000366210935,46742500,-0.019392791899099593,196.8057141985212,205.58000110444567
2025-04-22,196.1199951171875,201.58999633789065,195.97000122070312,199.7400054931641,52976400,0.03406503264808891,198.13714381626673,204.69762021019346
2025-04-23,206.0,208.0,202.8000030517578,204.6000061035156,52929200,0.024331633507028494,199.05857413155692,203.92952546619233
2025-04-24,204.88999938964844,208.8300018310547,202.94000244140625,208.3699951171875,47311000,0.01842614321215863,199.894287109375,203.19714428129652
2025-04-25,206.3699951171875,209.75,206.1999969482422,209.27999877929688,38222300,0.0043672490446504675,200.91428702218192,202.61381094796317
2025-04-28,210.0,211.5,207.4600067138672,210.13999938964844,38743100,0.0041093301575299,203.18142918178015,201.96095348539808
2025-04-29,208.69000244140625,212.2400054931641,208.3699951171875,211.2100067138672,36827600,0.005091878401668248,205.21428789411272,201.6423826671782
2025-04-30,209.3000030517578,213.5800018310547,206.6699981689453,212.5,52286500,0.006107633374967891,207.9771445138114,201.1838110060919
2025-05-01,209.0800018310547,214.55999755859372,208.8999938964844,213.32000732421875,57365700,0.0038588579963234615,209.91714477539062,200.71381123860678
2025-05-02,206.08999633789065,206.9900054931641,202.16000366210935,205.3500061035156,101010600,-0.03736171454649251,210.0242876325335,199.8309544154576
2025-05-05,203.1000061035156,204.1000061035156,198.2100067138672,198.88999938964844,69018500,-0.03145851727226501,208.67000252859933,199.6261923653739
2025-05-06,198.2100067138672,200.6499938964844,197.0200042724609,198.50999450683597,51216500,-0.0019106284075550706,207.13143048967635,200.10857282366072
2025-05-07,199.1699981689453,199.44000244140625,193.25,196.25,68536700,-0.01138478952886246,205.1471448625837,200.81285821823846
2025-05-08,197.72000122070312,200.0500030517578,194.67999267578125,197.4900054931641,50478900,0.006318499328224592,203.18714468819755,202.0066680908203
2025-05-09,199.0,200.5399932861328,197.5399932861328,198.52999877929688,36453900,0.0052660552797887394,201.1914302280971,201.9914296468099
2025-05-12,210.97000122070312,211.2700042724609,206.75,210.7899932861328,63775800,0.06175386381009962,200.82999965122767,202.96142941429503
2025-05-13,210.42999267578125,213.3999938964844,209.0,212.92999267578125,51909300,0.010152281691776288,201.91285487583704,203.66523887997582
2025-05-14,212.42999267578125,213.94000244140625,210.5800018310547,212.3300018310547,49325800,-0.0028177845553216674,203.83285522460938,204.13238162086122
2025-05-15,210.9499969482422,212.9600067138672,209.5399932861328,211.4499969482422,45029500,-0.004144515024837148,205.68142700195312,204.57571483793714
2025-05-16,212.3600006103516,212.57000732421875,209.7700042724609,211.25999450683597,54737900,-0.0008985691376137694,207.8257119315011,205.38476199195497
2025-05-19,207.91000366210935,209.47999572753903,204.25999450683597,208.77999877929688,46140500,-0.011739069355409137,209.43856811523438,205.94666689918154
2025-05-20,207.6699981689453,208.47000122070312,205.02999877929688,206.8600006103516,42496600,-0.009196274452395903,210.6285683768136,206.5990477062407
2025-05-21,205.1699981689453,207.0399932861328,200.7100067138672,202.08999633789065,59211800,-0.02305909435553888,209.38571166992188,206.71095203218005
2025-05-22,200.7100067138672,202.75,199.6999969482422,201.3600006103516,46742400,-0.003612230891026025,207.73285566057478,206.5566660563151
2025-05-23,193.6699981689453,197.6999969482422,193.4600067138672,195.2700042724609,78432900,-0.03024432021966139,205.29571315220423,205.932856968471
2025-05-27,198.3000030517578,200.7400054931641,197.42999267578125,200.2100067138672,56288500,0.025298316860348224,203.69000026157923,205.5009525844029
2025-05-28,200.58999633789065,202.72999572753903,199.8999938964844,200.4199981689453,45339700,0.0010488559414427723,202.1414293561663,205.03809538341704
2025-05-29,203.5800018310547,203.80999755859372,198.50999450683597,199.9499969482422,51396800,-0.0023450814539321962,200.8800005231585,204.5019044421968
2025-05-30,199.3699951171875,201.9600067138672,196.77999877929688,200.8500061035156,70819900,0.0045011711378339925,200.02142987932478,203.94714282807848
2025-06-02,200.27999877929688,202.1300048828125,200.1199951171875,201.6999969482422,35423300,0.004231968229508221,199.96571568080358,203.39380900065103
2025-06-03,201.3500061035156,203.7700042724609,200.9600067138672,203.2700042724609,46381600,0.0077838738124602624,200.2385733468192,203.29476129441034
2025-06-04,202.91000366210935,206.2400054931641,202.1000061035156,202.82000732421875,43604000,-0.0022137892398476078,201.31714521135603,203.48190452938988
2025-06-05,203.5,204.75,200.1499938964844,200.6300048828125,55126100,-0.010797763348392997,201.37714494977678,203.5828574044364
2025-06-06,203.0,205.6999969482422,202.0500030517578,203.9199981689453,46607700,0.0163983113495636,201.87714494977678,203.9480954124814
2025-06-09,204.38999938964844,206.0,200.0200042724609,201.4499969482422,72862600,-0.012112599268742419,202.0914306640625,204.13666643415178
2025-06-10,200.6000061035156,204.3500061035156,200.57000732421875,202.6699981689453,54672600,0.0060560994747325125,202.35142953055245,204.3338092622303
2025-06-11,203.5,204.5,198.41000366210935,198.77999877929688,60989900,-0.019193760422328232,201.93428693498885,203.76190476190476
2025-06-12,199.0800018310547,199.67999267578125,197.3600006103516,199.1999969482422,43904600,0.002112879422097258,201.3528573172433,203.10809544154577
2025-06-13,199.72999572753903,200.3699951171875,195.6999969482422,196.4499969482422,51447300,-0.013805221095031128,200.44285583496094,202.3519047328404
2025-06-16,197.3000030517578,198.69000244140625,196.55999755859372,198.4199981689453,43020700,0.010028003315378786,200.12714059012276,201.73142860049293
2025-06-17,197.1999969482422,198.38999938964844,195.2100067138672,195.63999938964844,38856200,-0.014010678383989505,198.94428362165178,200.9876193091983
2025-06-18,195.94000244140625,197.57000732421875,195.07000732421875,196.5800018310547,45394700,0.004804755900321256,198.24857003348214,200.40666707356772
2025-06-20,198.2400054931641,201.6999969482422,196.8600006103516,201.0,96813500,0.022484475164182616,198.00999886648995,200.12761942545572
2025-06-23,201.6300048828125,202.3000030517578,198.9600067138672,201.5,55814300,0.0024875621890547706,198.39857046944755,200.09952436174666
2025-06-24,202.58999633789065,203.44000244140625,200.1999969482422,200.3000030517578,54064000,-0.005955319842392948,198.5557141985212,200.0490482875279
2025-06-25,201.4499969482422,203.6699981689453,200.6199951171875,201.55999755859372,39525700,0.0062905366332437485,199.28571428571428,200.34857177734375
2025-06-26,201.42999267578125,202.63999938964844,199.4600067138672,201.0,50799100,-0.002778316954637483,199.65428597586495,200.38619050525483
2025-06-27,201.88999938964844,203.22000122070312,200.0,201.0800018310547,73188600,0.00039801905997349785,200.43142918178015,200.41761925106957
2025-06-30,202.00999450683597,207.38999938964844,199.25999450683597,205.1699981689453,91912800,0.020340144721736175,201.65857151576452,200.6661907377697
2025-07-01,206.6699981689453,210.19000244140625,206.13999938964844,207.82000732421875,78788900,0.012916163079025322,202.6328582763672,200.9980955578032
2025-07-02,208.91000366210935,213.33999633789065,208.13999938964844,212.44000244140625,67941800,0.022230752354752248,204.19571576799666,201.509524390811
2025-07-03,212.1499938964844,214.6499938964844,211.80999755859372,213.5500030517578,34955800,0.005225007520218483,206.0885729108538,201.9990481422061
2025-07-07,212.67999267578125,216.22999572753903,208.8000030517578,209.9499969482422,50229000,-0.016857907057220234,207.28714425223214,202.3385714576358
2025-07-08,210.1000061035156,211.42999267578125,208.4499969482422,210.00999450683597,42848900,0.00028577070476720756,208.57428632463728,202.78523763020834
2025-07-09,209.52999877929688,211.3300018310547,207.22000122070312,211.13999938964844,48749400,0.0053807195484483206,210.0114288330078,203.1290472121466
2025-07-10,210.50999450683597,213.47999572753903,210.02999877929688,212.41000366210935,44443600,0.0060149866256140605,211.04571533203125,203.6509522937593
2025-07-11,210.57000732421875,212.1300048828125,209.8600006103516,211.16000366210935,39765800,-0.005884845244805148,211.52285766601562,204.05523826962425
2025-07-14,209.92999267578125,210.91000366210935,207.5399932861328,208.6199951171875,38840100,-0.01202883359003093,210.97714233398438,204.52380952380952
2025-07-15,209.22000122070312,211.88999938964844,208.9199981689453,209.1100006103516,42296300,0.0023487944810316463,210.34285627092635,204.99571446010046
2025-07-16,210.3000030517578,212.3999938964844,208.63999938964844,210.16000366210935,47490500,0.0050212952450527926,210.37285723005022,205.64857192266555
2025-07-17,210.57000732421875,211.8000030517578,209.58999633789065,210.0200042724609,48068100,-0.0006661562010320532,210.37428719656808,206.2009531656901
2025-07-18,210.8699951171875,211.7899932861328,209.6999969482422,211.17999267578125,48974600,0.005523228167424898,210.3800005231585,206.94095284598214
2025-07-21,212.1000061035156,215.77999877929688,211.6300048828125,212.47999572753903,51377400,0.006155900638530776,210.3899993896484,207.6980954124814
2025-07-22,213.13999938964844,214.9499969482422,212.22999572753903,214.3999938964844,46404100,0.009036136142469342,210.8528551374163,208.33619035993303
2025-07-23,215.0,215.1499938964844,212.41000366210935,214.1499938964844,46989300,-0.0011660448093142595,211.64285496303015,208.93857102167038
2025-07-24,213.8999938964844,215.69000244140625,213.52999877929688,213.75999450683597,46022600,-0.0018211505989440546,212.30713980538505,209.57952299572173
2025-07-25,214.6999969482422,215.2400054931641,213.3999938964844,213.8800048828125,40268800,0.0005614258002457628,212.83856855119978,210.16619001116072
2025-07-28,214.02999877929688,214.8500061035156,213.05999755859372,214.0500030517578,37858000,0.0007948296477664485,213.4142826625279,210.78761872791108
2025-07-29,214.17999267578125,214.80999755859372,210.82000732421875,211.2700042724609,51411700,-0.012987613826965005,213.42714146205358,211.2728569394066
2025-07-30,211.8999938964844,212.38999938964844,207.72000122070312,209.0500030517578,45512500,-0.010507886476113781,212.93714250837056,211.45761907668341
2025-07-31,208.4900054931641,209.83999633789065,207.16000366210935,207.57000732421875,80698400,-0.007079625476841711,211.961430140904,211.44571431477866
2025-08-01,210.8699951171875,213.5800018310547,201.5,202.3800048828125,104434500,-0.025003624118486445,210.2800031389509,210.96666681198846
2025-08-04,204.50999450683597,207.8800048828125,201.67999267578125,203.3500061035156,75109300,0.004792969647692047,208.79286193847656,210.480952671596
2025-08-05,203.3999938964844,205.33999633789065,202.16000366210935,202.9199981689453,44155100,-0.00211461972787641,207.2271466936384,210.1461908249628
2025-08-06,205.6300048828125,215.3800048828125,205.58999633789065,213.25,108483100,0.05090677076812433,207.11286054338728,210.30047680082777
2025-08-07,218.8800048828125,220.8500061035156,216.5800018310547,220.02999877929688,90224800,0.03179366367782821,208.36428833007812,210.72381010509673
2025-08-08,220.8300018310547,231.0,219.25,229.3500061035156,113854000,0.04235789381413957,211.2642887660435,211.53047688802084
2025-08-11,227.9199981689453,229.55999755859372,224.75999450683597,227.17999267578125,61806100,-0.00946157998685615,214.06571524483815,212.2933335077195
2025-08-12,228.00999450683597,230.8000030517578,227.07000732421875,229.6499938964844,55626200,0.010872441677679756,217.96142796107702,213.29476202101935
2025-08-13,231.07000732421875,235.0,230.42999267578125,233.3300018310547,69878500,0.01602441991019199,222.2442844935826,214.4480954124814
2025-08-14,234.05999755859372,235.1199951171875,230.8500061035156,232.77999877929688,51916300,-0.0023571895917441354,226.50999886648995,215.52523803710938
2025-08-15,234.0,234.27999877929688,229.33999633789065,231.58999633789065,56038700,-0.005112133549474263,229.12999834333147,216.55238051641555
2025-08-18,231.6999969482422,233.1199951171875,230.1100006103516,230.88999938964844,37476200,-0.0030225698834630554,230.68142700195312,217.49095226469495
2025-08-19,231.27999877929688,232.8699951171875,229.3500061035156,230.55999755859372,39402600,-0.00142925995897214,230.85428292410714,218.3519047328404
2025-08-20,229.97999572753903,230.47000122070312,225.7700042724609,226.00999450683597,42263900,-0.01973457277905044,230.68714032854356,218.9047619047619
2025-08-21,226.2700042724609,226.5200042724609,223.77999877929688,224.8999938964844,30621200,-0.004911289931109564,230.0085688999721,219.41666666666666
2025-08-22,226.1699981689453,229.08999633789065,225.41000366210935,227.75999450683597,42477800,0.012716766064777785,229.21285356794084,220.08333333333334
2025-08-25,226.47999572753903,229.3000030517578,226.22999572753903,227.16000366210935,30983100,-0.0026343118159348755,228.40999712262834,220.71571422758558
2025-08-26,226.8699951171875,229.4900054931641,224.69000244140625,229.30999755859372,54575100,0.009464667467088184,228.08428301130022,221.44238063267298
2025-08-27,228.6100006103516,230.8999938964844,228.25999450683597,230.4900054931641,31259500,0.005145907056533172,228.02714102608817,222.3576187860398
2025-08-28,230.82000732421875,233.41000366210935,229.33999633789065,232.55999755859372,38074700,0.008980832210058853,228.31285531180245,223.47714233398438
2025-08-29,232.50999450683597,233.3800048828125,231.3699951171875,232.13999938964844,39418400,-0.001805977697602379,229.1885702950614,224.6471419561477
2025-09-02,229.25,230.8500061035156,226.97000122070312,229.72000122070312,44075600,-0.010424735828844955,229.87714276994978,225.9490465436663
2025-09-03,237.2100067138672,238.8500061035156,234.3600006103516,238.47000122070312,66427800,0.038089848308826335,231.40714372907365,227.62142726353235
2025-09-04,238.4499969482422,239.8999938964844,236.7400054931641,239.77999877929688,47549400,0.005493343195739575,233.21000017438615,229.37666538783483
2025-09-05,240.0,241.32000732421875,238.4900054931641,239.69000244140625,54870400,-0.00037532879451496193,234.69285801478796,230.63571312313988
2025-09-08,239.3000030517578,240.1499938964844,236.33999633789065,237.8800048828125,48999500,-0.007551410322323426,235.74857221330916,231.4857134137835
2025-09-09,237.0,238.77999877929688,233.3600006103516,234.3500061035156,66313900,-0.014839409394816094,236.00428771972656,231.72380865187873
2025-09-10,232.19000244140625,232.4199981689453,225.9499969482422,226.7899932861328,83440800,-0.03225949486019397,235.24000113351005,231.70523725237166
2025-09-11,226.8800048828125,230.4499969482422,226.6499938964844,230.02999877929688,50208600,0.014286368839370622,235.28428649902344,231.72333272298178
2025-09-12,229.22000122070312,234.50999450683597,229.0200042724609,234.07000732421875,55824200,0.017562963814985233,234.6557159423828,231.7585710797991
2025-09-15,237.0,238.19000244140625,235.02999877929688,236.6999969482422,42699500,0.011235910376080627,234.21571568080358,231.9452376592727
2025-09-16,237.17999267578125,241.22000122070312,236.32000732421875,238.1499938964844,63421100,0.0061258849469241206,233.99571446010046,232.2576184953962
2025-09-17,238.97000122070312,240.1000061035156,237.72999572753903,238.9900054931641,46508000,0.0035272375318422533,234.15428597586495,232.64333307175409
2025-09-18,239.97000122070312,241.1999969482422,236.6499938964844,237.8800048828125,44249600,-0.0046445482440199415,234.65857151576452,232.99190484909784
2025-09-19,241.22999572753903,246.3000030517578,240.2100067138672,245.5,163741300,0.03203293660995743,237.33142961774553,233.92000034877233
2025-09-22,248.3000030517578,256.6400146484375,248.1199951171875,256.0799865722656,105517400,0.04309566831880085,241.0528564453125,235.4047619047619
2025-09-23,255.8800048828125,257.3399963378906,253.5800018310547,254.42999267578125,60275200,-0.006443275472520216,243.96142578125,236.67476181756882
2025-09-24,255.22000122070312,255.7400054931641,251.0399932861328,252.30999755859372,42303700,-0.008332331793480918,246.19142586844308,237.87238057454428
2025-09-25,253.2100067138672,257.1700134277344,251.7100067138672,256.8699951171875,55202100,0.018072995928489988,248.86571175711495,239.1847614106678
2025-09-26,254.1000061035156,257.6000061035156,253.77999877929688,255.4600067138672,46076300,-0.005489112898051984,251.21856907435827,240.3738090878441
2025-09-29,254.55999755859372,255.0,253.00999450683597,254.42999267578125,40127700,-0.004031997224675621,253.58285304478235,241.4152374267578
2025-09-30,254.8600006103516,255.9199981689453,253.1100006103516,254.6300048828125,37704300,0.0007861188255666729,254.88713945661272,242.48619006928942
2025-10-01,255.0399932861328,258.7900085449219,254.92999267578125,255.4499969482422,48713900,0.003220327729275496,254.7971409388951,243.71142796107702
2025-10-02,256.5799865722656,258.17999267578125,254.1499938964844,257.1300048828125,42630200,0.00657666061710982,255.182856968471,244.5999995640346
2025-10-03,254.6699981689453,259.239990234375,253.9499969482422,258.0199890136719,49155600,0.0034612223931820285,255.99857003348214,245.46857052757628
2025-10-06,257.989990234375,259.07000732421875,255.0500030517578,256.69000244140625,44664100,-0.005154587353288997,255.97285679408483,246.27809433710007
2025-10-07,256.8099975585937,257.3999938964844,255.42999267578125,256.4800109863281,31955800,-0.0008180741481198517,256.11857169015065,247.16380891345796
2025-10-08,256.5199890136719,258.5199890136719,256.1099853515625,258.0599975585937,36496900,0.006160271773965942,256.6371438162667,248.29285612560454
2025-10-09,257.8099975585937,258.0,253.13999938964844,254.0399932861328,38322000,-0.015577789314471846,256.5528564453125,249.59047517322358
2025-10-10,254.94000244140625,256.3800048828125,244.0,245.2700042724609,61999100,-0.03452208016630676,255.09857177734375,250.31618972051712
2025-10-13,249.3800048828125,249.69000244140625,245.55999755859372,247.66000366210935,38142900,0.009744360696440912,253.74571446010046,250.9633324032738
2025-10-14,246.6000061035156,248.8500061035156,244.6999969482422,247.7700042724609,35478000,0.0004441597703503941,252.28143092564173,251.490475609189
2025-10-15,249.4900054931641,251.82000732421875,247.47000122070312,249.33999633789065,33893600,0.0063364896410273985,251.23143005371094,252.02333286830358
2025-10-16,248.25,249.0399932861328,245.1300048828125,247.4499969482422,39777000,-0.007580008893106949,249.9414280482701,252.42618960425966
2025-10-17,248.0200042724609,253.3800048828125,247.2700042724609,252.2899932861328,49147000,0.019559492412937862,249.1171417236328,253.1123795282273
2025-10-20,255.88999938964844,264.3800048828125,255.6300048828125,262.239990234375,90483000,0.03943873008454002,250.288569859096,253.9095219203404
2025-10-21,261.8800048828125,265.2900085449219,261.8299865722656,262.7699890136719,46695900,0.002021044840732289,252.78856767926897,254.22809346516928
2025-10-22,262.6499938964844,262.8500061035156,255.42999267578125,258.45001220703125,45015300,-0.016440145325788524,254.32999747140067,254.41952296665735
2025-10-23,259.94000244140625,260.6199951171875,258.010009765625,259.5799865722656,32754900,0.004372119604812541,256.0171377999442,254.76571291968935
2025-10-24,261.19000244140625,264.1300048828125,259.17999267578125,262.82000732421875,38253700,0.012481781799657865,257.94285365513394,255.0490468343099
2025-10-27,264.8800048828125,269.1199951171875,264.6499938964844,268.8099975585937,44888200,0.022791226190727487,260.9942823137556,255.68476068405877
2025-10-28,268.989990234375,269.8900146484375,268.1499938964844,269.0,41534800,0.0007068280314421749,263.3814261300223,256.3785705566406
2025-10-29,269.2799987792969,271.4100036621094,267.1099853515625,269.70001220703125,51086700,0.0026022758625696696,264.4471435546875,257.09618995303197
2025-10-30,271.989990234375,274.1400146484375,268.4800109863281,271.3999938964844,69886500,0.006303231785351748,265.6800013950893,257.855713617234
2025-10-31,276.989990234375,277.32000732421875,269.1600036621094,270.3699951171875,86167100,-0.0037951319176879883,267.3828560965402,258.4861893426804
2025-11-03,270.4200134277344,270.8500061035156,266.25,269.04998779296875,50194600,-0.0048822256465500535,268.73571341378346,259.0114273797898
2025-11-04,268.3299865722656,271.489990234375,267.6199951171875,270.0400085449219,49274800,0.003679690752169673,269.7671421595982,259.6471419561477
2025-11-05,268.6099853515625,271.70001220703125,266.92999267578125,270.1400146484375,43683100,0.00037033809935982376,269.9571446010045,260.29761832101
2025-11-06,267.8900146484375,273.3999938964844,267.8900146484375,269.7699890136719,51204000,-0.001369754996301431,270.06714303152904,260.85523696172805
2025-11-07,269.79998779296875,272.2900085449219,266.7699890136719,268.4700012207031,48227400,-0.004818874767062664,269.8914271763393,261.5423801967076
2025-11-10,268.9599914550781,273.7300109863281,267.4599914550781,269.42999267578125,41312400,0.003575786682732396,269.60999843052457,262.69285583496094
2025-11-11,269.8099975585937,275.9100036621094,269.79998779296875,275.25,46208300,0.021601185771556786,270.30714198521207,264.0066651843843
2025-11-12,275.0,275.7300109863281,271.70001220703125,273.4700012207031,48398000,-0.006466843884820661,270.9385724748884,265.230474562872
2025-11-13,274.1099853515625,276.70001220703125,272.0899963378906,272.95001220703125,49602800,-0.0019014480979659965,271.35428728376115,266.3547610328311
2025-11-14,271.04998779296875,275.9599914550781,269.6000061035156,272.4100036621094,47431300,-0.0019784155368063328,271.67857142857144,267.5433327811105
2025-11-17,268.82000732421875,270.489990234375,265.7300109863281,267.4599914550781,45018300,-0.018171183658773127,271.34857177734375,268.26571364629837
2025-11-18,269.989990234375,270.7099914550781,265.32000732421875,267.44000244140625,45677300,-7.473646268785217e-05,271.20142909458707,268.5133332752046
2025-11-19,265.5299987792969,272.2099914550781,265.5,268.5599975585937,40424500,0.004187836924032462,271.07714407784596,268.78904796781995
2025-11-20,270.8299865722656,275.42999267578125,265.9200134277344,266.25,45823600,-0.008601420835542384,269.7914297921317,269.1604759579613
2025-11-21,265.95001220703125,273.3299865722656,265.6700134277344,271.489990234375,59030800,0.019680714495305063,269.5085710797991,269.72761898949034
2025-11-24,270.8999938964844,277.0,270.8999938964844,275.9200134277344,65585800,0.0163174457722548,269.93285696847096,270.35142880394346
2025-11-25,275.2699890136719,280.3800048828125,275.25,276.9700012207031,46914200,0.003805406428931457,270.5842851911272,270.74000040690106
2025-11-26,276.9599914550781,279.5299987792969,276.6300048828125,277.54998779296875,33431400,0.0020940411225383038,272.0257132393973,271.1471426827567
2025-11-28,277.260009765625,279.0,275.989990234375,278.8500061035156,20135600,0.004683906927485104,273.6557137625558,271.5828566778274
2025-12-01,278.010009765625,283.4200134277344,276.1400146484375,283.1000061035156,46587700,0.015241168753721723,275.7328578404018,272.14000011625745
2025-12-02,283.0,287.3999938964844,282.6300048828125,286.19000244140625,53669500,0.010914857899228636,278.5814296177455,272.8933337983631
2025-12-03,286.20001220703125,288.6199951171875,283.29998779296875,284.1499938964844,43538700,-0.00712816145749029,280.39000156947543,273.61238170805433
2025-12-04,284.1000061035156,284.7300109863281,278.5899963378906,280.70001220703125,43989100,-0.012141410394363561,281.07285853794644,274.1200009300595
2025-12-05,280.5400085449219,281.1400146484375,278.04998779296875,278.7799987792969,47265800,-0.00684009028940924,281.3314296177455,274.5314287458147
2025-12-08,278.1300048828125,279.6700134277344,276.1499938964844,277.8900146484375,38211800,-0.00319242461710445,281.3800048828125,274.9180966331845
2025-12-09,278.1600036621094,280.0299987792969,276.9200134277344,277.17999267578125,32193300,-0.002555046727945598,281.1414315359933,275.3328581310454
2025-12-10,277.75,279.75,276.44000244140625,278.7799987792969,33038300,0.00577244442526248,280.52428763253346,275.77809651692706
2025-12-11,279.1000061035156,279.5899963378906,273.8099975585937,278.0299987792969,33248000,-0.0026902934331158868,279.3585728236607,275.91047741117933
2025-12-12,277.8999938964844,279.2200012207031,276.82000732421875,278.2799987792969,39532900,0.0008991835452922814,278.52000209263394,276.13952491396947
2025-12-15,280.1499938964844,280.1499938964844,272.8399963378906,274.1099853515625,50409100,-0.014984955605960026,277.5785696847098,276.1947617303757
2025-12-16,272.82000732421875,275.5,271.7900085449219,274.6099853515625,37648600,0.0018240853187405648,276.9828534807478,276.2995227632068
2025-12-17,275.010009765625,276.1600036621094,271.6400146484375,271.8399963378906,50138700,-0.010086993049891024,276.11856515066967,276.5080944242932
2025-12-18,273.6099853515625,273.6300048828125,266.95001220703125,272.19000244140625,51630700,0.001287544541755281,275.4057094029018,276.73428490048366
2025-12-19,272.1499938964844,274.6000061035156,269.8999938964844,273.6700134277344,144632000,0.005437418615868328,274.6757114955357,276.97761898949034
2025-12-22,272.8599853515625,273.8800048828125,270.510009765625,270.9700012207031,36571800,-0.009865941003960987,273.6671404157366,277.20238095238096
2025-12-23,270.8399963378906,272.5,269.5599975585937,272.3599853515625,29642000,0.005129660569795913,272.82142421177457,277.24380929129467
2025-12-24,272.3399963378906,275.42999267578125,272.20001220703125,273.8099975585937,17910600,0.005323881205087977,272.778568812779,277.1433323451451
2025-12-26,274.1600036621094,275.3699951171875,272.8599853515625,273.3999938964844,21521800,-0.0014974020881819428,272.605712890625,276.9733319963728
2025-12-29,272.69000244140625,274.3599853515625,272.3500061035156,273.760009765625,23715200,0.0013168100847762432,272.88000052315846,276.79285685221356
2025-12-30,272.8099975585937,274.0799865722656,272.2799987792969,273.0799865722656,22139600,-0.0024840121606569676,273.00714111328125,276.5180940173921
2025-12-31,273.0599975585937,273.67999267578125,271.75,271.8599853515625,27293600,-0.004467559984957958,272.7485656738281,275.98285493396577
2026-01-02,272.260009765625,277.8399963378906,269.0,271.010009765625,37838100,-0.0031265196488491354,272.7542811802455,275.25999813988096
2026-01-05,270.6400146484375,271.510009765625,266.1400146484375,267.260009765625,45647200,-0.013837127282653072,272.0257132393973,274.4557131812686
2026-01-06,267.0,267.54998779296875,262.1199951171875,262.3599853515625,52352100,-0.01833429707033085,270.38999720982144,273.5823785691034
2026-01-07,263.20001220703125,263.67999267578125,259.8099975585937,260.3299865722656,48309800,-0.007737455757884204,268.5228533063616,272.7038065592448
2026-01-08,257.0199890136719,259.2900085449219,255.6999969482422,259.0400085449219,50419300,-0.004955164959399183,266.4199959891183,271.80618722098217
2026-01-09,259.0799865722656,260.2099914550781,256.2200012207031,259.3699951171875,39997000,0.00127388264893602,264.46142578125,270.9580920991443
2026-01-12,259.1600036621094,261.29998779296875,256.79998779296875,260.25,45263800,0.0033928553779511983,262.8028564453125,270.0757112048921
2026-01-13,258.7200012207031,261.8099975585937,258.3900146484375,261.04998779296875,45730800,0.003073920434077726,261.3799961635045,269.2671392531622
2026-01-14,259.489990234375,261.82000732421875,256.7099914550781,259.9599914550781,40019400,-0.004175431483854575,260.3371364048549,268.39475795200894
2026-01-15,260.6499938964844,261.0400085449219,257.04998779296875,258.2099914550781,39388600,-0.006731805114335909,259.74428013392856,267.63761538550966
2026-01-16,257.8999938964844,258.8999938964844,254.92999267578125,255.52999877929688,72142800,-0.010379120733008063,259.0585675920759,266.7290445963542
2026-01-20,252.72999572753903,254.7899932861328,243.4199981689453,246.6999969482422,80267500,-0.03455563680678142,257.2957087925502,265.53190176827565
2026-01-21,248.6999969482422,251.55999755859372,245.17999267578125,247.6499938964844,54641700,0.0038508186461045923,255.62142290387834,264.3633299328032
2026-01-22,249.1999969482422,251.0,248.1499938964844,248.3500061035156,39708300,0.0028266191168322408,253.92142377580916,263.1576152983166
2026-01-23,247.32000732421875,249.41000366210935,244.67999267578125,248.0399932861328,41689000,-0.0012482899527433977,252.06285313197546,262.06571015857514
2026-01-26,251.47999572753903,256.5599975585937,249.8000030517578,255.41000366210935,55969200,0.02971299216040002,251.41285487583704,261.2585681733631
2026-01-27,259.1700134277344,261.95001220703125,258.2099914550781,258.2699890136719,49648300,0.01119762464490659,251.42142595563615,260.51856776646207
2026-01-28,257.6499938964844,258.8599853515625,254.50999450683597,256.44000244140625,41288000,-0.007085556394896275,251.55142647879464,259.71094912574404
2026-01-29,258.0,259.6499938964844,254.41000366210935,258.2799987792969,67253000,0.007175153331668849,253.2057124546596,258.9738057454427
2026-01-30,255.1699981689453,261.8999938964844,252.17999267578125,259.4800109863281,92443400,0.004646167774132071,254.89571489606584,258.3261878603981
2026-02-02,260.0299987792969,270.489990234375,259.2099914550781,270.010009765625,73913400,0.04058115590203082,257.99000113351,258.2380937848772
2026-02-03,269.20001220703125,271.8800048828125,267.6099853515625,269.4800109863281,64394700,-0.0019628856713753695,261.05286080496654,258.1652367001488
2026-02-04,272.2900085449219,278.95001220703125,272.2900085449219,276.489990234375,90545700,0.026012984125945104,264.0642874581473,258.6047595796131
2026-02-05,278.1300048828125,279.5,273.2300109863281,275.9100036621094,52977400,-0.0020976765624461935,266.58428955078125,259.24999854678197
2026-02-06,277.1199951171875,280.9100036621094,276.92999267578125,278.1199951171875,50453400,0.008009827210848641,269.68143136160717,260.0971418108259
2026-02-09,277.9100036621094,278.20001220703125,271.70001220703125,274.6199951171875,44623400,-0.01258449612198953,272.0157165527344,260.8390459333147
2026-02-10,274.8900146484375,275.3699951171875,272.94000244140625,273.67999267578125,34376900,-0.003422920610733904,274.0442853655134,261.52047438848587
2026-02-11,274.70001220703125,280.17999267578125,274.45001220703125,275.5,51931300,0.0066501292492171515,274.8285696847098,262.24666486467635
2026-02-12,275.5899963378906,275.7200012207031,260.17999267578125,261.7300109863281,81077200,-0.049981811301894274,273.721426827567,262.279046921503
2026-02-13,262.010009765625,262.2300109863281,255.4499969482422,255.77999877929688,56290700,-0.022733396848946263,270.76285661969865,262.0799996512277
2026-02-17,258.04998779296875,266.2900085449219,255.5399932861328,263.8800048828125,58469100,0.031667863563111576,269.0442853655134,262.3500002906436
2026-02-18,263.6000061035156,266.82000732421875,262.45001220703125,264.3500061035156,34203300,0.0017811172199722058,267.07714407784596,262.7700006394159
2026-02-19,262.6000061035156,264.4800109863281,260.04998779296875,260.5799865722656,30845300,-0.014261469431454121,265.07142857142856,263.43095252627415
2026-02-20,258.9700012207031,264.75,258.1600036621094,264.5799865722656,42070500,0.015350373037534393,263.7714276994978,264.23714265369233
2026-02-23,263.489990234375,269.42999267578125,263.3800048828125,266.17999267578125,37308200,0.006047343656806037,262.4399980817522,265.086189633324
2026-02-24,267.8599853515625,274.8900146484375,267.7099914550781,272.1400146484375,47014600,0.022390946489790453,263.92714146205356,266.23380969819567
2026-02-25,271.7799987792969,274.94000244140625,271.04998779296875,274.2300109863281,33714300,0.007679856784716499,266.5628574916295,267.13000052315846
2026-02-26,274.95001220703125,276.1099853515625,270.79998779296875,272.95001220703125,32345100,-0.004667610137537803,267.8585728236607,267.8290492466518
2026-02-27,272.8099975585937,272.8099975585937,262.8900146484375,264.17999267578125,72366500,-0.03213049693728531,267.8342851911272,268.19762021019346
2026-03-02,262.4100036621094,266.5299987792969,260.20001220703125,264.7200012207031,41827900,0.002044093269336189,268.4257158551897,268.50428699311755
2026-03-03,263.4800109863281,265.5599975585937,260.1300048828125,263.75,38568900,-0.0036642536122324376,268.30714634486606,268.7076198032924
2026-03-04,264.6499938964844,266.1499938964844,261.4200134277344,262.5199890136719,39803100,-0.004663548763329417,267.78428867885043,268.3509521484375
2026-03-05,260.7900085449219,261.5599975585937,257.25,260.2900085449219,49658600,-0.00849451684471103,266.0914306640625,267.913332984561
2026-03-06,258.6300048828125,258.7699890136719,254.3699951171875,257.4599914550781,41120000,-0.010872553678353492,263.69571358816967,267.0071425664993
2026-03-09,255.69000244140625,261.1499938964844,253.67999267578125,259.8800048828125,38218500,0.009399570838394267,261.8285696847098,266.24380929129467
2026-03-10,257.6499938964844,262.4800109863281,256.95001220703125,260.8299865722656,30590800,0.0036554627966916,261.3499973842076,265.4204755510603
2026-03-11,261.0899963378906,262.1300048828125,259.54998779296875,260.8099975585937,26218900,-7.663617950770529e-05,260.7914254324777,264.7628566196986
2026-03-12,258.6600036621094,258.95001220703125,254.17999267578125,255.75999450683597,40794000,-0.019362766377938323,259.64999607631137,263.9095233735584
2026-03-13,255.47999572753903,256.3299865722656,249.5200042724609,250.1199951171875,36930000,-0.022051921765652516,257.87856837681363,262.7009517124721
2026-03-16,252.1100006103516,253.88999938964844,249.8800048828125,252.82000732421875,32074200,0.01079486750256109,256.8114253452846,262.2766658238002
2026-03-17,252.9600067138672,255.1300048828125,252.17999267578125,254.22999572753903,32361600,0.005577044389181163,256.3499973842076,262.2028561546689
2026-03-18,252.6300048828125,254.94000244140625,249.0,249.94000244140625,35757900,-0.016874457610149274,254.92999703543526,261.5390465146019
2026-03-19,249.3999938964844,251.8300018310547,247.3000030517578,248.9600067138672,34864100,-0.0039209238936004365,253.23428562709265,260.80618940080916
2026-03-20,247.97999572753903,249.1999969482422,246.0,247.9900054931641,88331100,-0.003896213024359052,251.4028581891741,260.20666649228053
2026-03-23,253.97000122070312,254.6000061035156,250.27999877929688,251.4900054931641,40546100,0.01411347200480817,250.79285975864954,259.58333405994233
2026-03-24,250.3500061035156,254.8300018310547,249.5500030517578,251.63999938964844,45152300,0.0005964209042430557,251.01000322614397,258.8909534272693
2026-03-25,254.1000061035156,255.0,251.6000061035156,252.6199951171875,28476700,0.00389443542328749,250.98143005371094,257.961428687686
2026-03-26,252.1199951171875,257.0,250.7700042724609,252.88999938964844,41796700,0.0010688159198788405,250.79000200544084,256.9452376592727
2026-03-27,253.8999938964844,255.4900054931641,248.07000732421875,248.8000030517578,47900000,-0.016173025219509918,250.62714494977678,255.79523722330728
2026-03-30,250.07000732421875,250.8699951171875,245.50999450683597,246.6300048828125,39446200,-0.008721857485242457,250.2942875453404,254.95952351888022
2026-03-31,247.91000366210935,255.47999572753903,247.1000061035156,253.7899932861328,49598100,0.029031294901536553,251.12285723005022,254.43904695056733
2026-04-01,254.0800018310547,256.17999267578125,253.3300018310547,255.6300048828125,40059400,0.007250134541771258,251.71428571428572,254.05238051641555
2026-04-02,254.1999969482422,256.1300048828125,250.6499938964844,255.9199981689453,31289400,0.0011344258521832629,252.32571411132812,253.73809523809524
2026-04-06,256.510009765625,262.1600036621094,256.4599914550781,258.8599853515625,29329900,0.011487914987700076,253.2171412876674,253.66999889555433
2026-04-07,256.1600036621094,256.20001220703125,245.6999969482422,253.5,62148000,-0.020706117804507373,253.30428423200334,253.48142787388392
2026-04-08,258.45001220703125,259.75,256.5299987792969,258.8999938964844,41032800,0.02130175107094434,254.74714006696428,253.43476068405877
2026-04-09,259.0,261.1199951171875,256.07000732421875,260.489990234375,28121600,0.006141353323192211,256.72713797433033,253.41857038225447
2026-04-10,259.9800109863281,262.19000244140625,259.0199890136719,260.4800109863281,31291500,-3.8309525974056235e-05,257.68285478864397,253.4028567359561
2026-04-13,259.7300109863281,260.17999267578125,256.6600036621094,259.20001220703125,36234700,-0.004914000020385667,258.19285583496094,253.56666710263207
2026-04-14,259.25,261.92999267578125,257.19000244140625,258.8299865722656,48370700,-0.001427567968129817,258.6085684640067,253.98142860049293
2026-04-15,258.1600036621094,266.5599975585937,257.8099975585937,266.42999267578125,49913500,0.029362927395561567,259.6899980817522,254.62952314104353
2026-04-16,266.79998779296875,267.1600036621094,261.2699890136719,263.3999938964844,43323100,-0.011372588907376024,261.10428292410717,255.06618972051712
2026-04-17,266.9599914550781,272.29998779296875,266.7200012207031,270.2300109863281,61436200,0.025930209749845057,262.7228567940848,256.03238060360866
2026-04-20,270.3299865722656,274.2799987792969,270.2900085449219,273.04998779296875,36590200,0.010435468645202839,264.5171421595982,257.1795225597563
2026-04-21,271.5,272.79998779296875,265.3999938964844,266.1700134277344,50209800,-0.025196757637106715,265.3299996512277,258.0452372233073
2026-04-22,267.82000732421875,273.739990234375,266.8699951171875,273.1700134277344,43249200,0.026298980526972437,267.3257141113281,259.0776185535249
2026-04-23,275.04998779296875,275.7699890136719,271.6499938964844,273.42999267578125,33399600,0.0009517122497622044,269.4114292689732,260.115237281436
2026-04-24,272.760009765625,273.0599975585937,269.6499938964844,271.0599975585937,38157100,-0.008667648687676222,270.07285853794644,260.9933326357887
2026-04-27,266.0899963378906,268.3599853515625,265.07000732421875,267.6099853515625,41466800,-0.012727854490168444,270.6742858886719,261.6942843482608
2026-04-28,272.3399963378906,273.2300109863281,268.6600036621094,270.7099914550781,40018900,0.011584044965448959,270.7428545270647,262.7376171293713
2026-04-29,267.54998779296875,271.0400085449219,267.0400085449219,270.1700134277344,30047900,-0.0019946734305643643,270.3314296177455,263.8585699172247
2026-04-30,270.5,276.0,268.1400146484375,271.3500061035156,91848200,0.004367593060422559,271.07142857142856,264.69476100376676
2026-05-01,278.8599853515625,287.2200012207031,278.3699951171875,280.1400146484375,79915400,0.032393618379240596,272.06714303152904,265.86190432593935
2026-05-04,279.6600036621094,280.6300048828125,274.8599853515625,276.8299865722656,46668400,-0.011815620415119188,272.5528564453125,266.8576180594308
2026-05-05,276.92999267578125,284.57000732421875,276.5,284.17999267578125,49311700,0.026550613950909296,274.42714146205356,268.0633326939174
2026-05-06,281.9200134277344,288.0299987792969,281.07000732421875,287.510009765625,58336100,0.01171798569803939,277.27000209263394,269.68285696847096
2026-05-07,289.2699890136719,292.1300048828125,285.7799987792969,287.44000244140625,45224300,-0.00024349525874178823,279.6600036621094,271.04190499441967
2026-05-08,290.010009765625,294.760009765625,290.0,293.32000732421875,52692800,0.02045645989726541,282.96714564732144,272.60523914155505
2026-05-11,291.9800109863281,293.8800048828125,290.2300109863281,292.67999267578125,42247300,-0.0021819672455212213,286.01428658621654,274.1385716029576
2026-05-12,292.5599975585937,295.2699890136719,292.5599975585937,294.79998779296875,45748100,0.007243389265544797,288.1085684640067,275.8338085356213
2026-05-13,293.5,300.9200134277344,293.5,298.8699951171875,52684300,0.013805995565634221,291.25714111328125,277.740475609189
2026-05-14,299.82000732421875,300.45001220703125,295.3800048828125,298.2099914550781,35324900,-0.00220833028705536,293.2614266531808,279.2538088843936
2026-05-15,297.8999938964844,303.20001220703125,296.5199890136719,300.2300109863281,54862800,0.0067738157309671365,295.0785696847098,281.0076192220052
2026-05-18,300.239990234375,300.6600036621094,294.9100036621094,297.8399963378906,34483000,-0.007960612067346995,296.5642830984933,282.32238042922245
2026-05-19,296.9700012207031,300.510009765625,296.3500061035156,298.9700012207031,42243600,0.003793999787491842,297.37142508370533,283.5566667829241
2026-05-20,298.17999267578125,302.79998779296875,298.0799865722656,302.25,38229800,0.0109709963070026,298.7385689871652,285.2747613816034
2026-05-21,301.0599975585937,305.5400085449219,300.3999938964844,304.989990234375,42965100,0.009065310949131433,300.1942836216518,286.7899983723958
2026-05-22,306.1199951171875,311.3999938964844,305.8399963378906,308.82000732421875,43670200,0.012557845216167651,301.615713936942,288.47523716517856
2026-05-26,309.5599975585937,311.82000732421875,307.6700134277344,308.3299865722656,48000500,-0.001586751960143129,303.0614275251116,290.24999854678197
2026-05-27,308.3299865722656,313.260009765625,308.29998779296875,310.8500061035156,50430900,0.008173125031610828,304.5785696847098,292.30904715401783
2026-05-28,310.67999267578125,312.79998779296875,309.57000732421875,312.510009765625,48220400,0.005340207912225559,306.6742858886719,294.29952421642486
2026-05-29,311.7799987792969,315.0,309.5299987792969,312.0599975585937,70026800,-0.001439992937726342,308.5442853655134,296.2942853655134
2026-06-01,309.6300048828125,310.94000244140625,305.0199890136719,306.3099975585937,48849900,-0.018425943872925732,309.12428501674106,297.9590468633743
2026-06-02,307.4599914550781,315.45001220703125,306.69000244140625,315.20001220703125,44534700,0.02902293336585271,310.5828595842634,299.6285705566406
2026-06-03,314.17999267578125,316.94000244140625,308.8500061035156,310.260009765625,50836700,-0.015672595971098935,310.78857421875,301.22047642299106
2026-06-04,313.2300109863281,313.5400085449219,309.6499938964844,311.2300109863281,44869100,0.0031264139436979477,311.20286342075894,302.5085725330171
2026-06-05,312.8599853515625,315.1700134277344,307.1499938964844,307.3399963378906,65310500,-0.012498841728371679,310.70143345424106,303.4528576078869
2026-06-08,308.739990234375,317.3999938964844,301.1700134277344,301.5400085449219,77949100,-0.01887156849768501,309.13429042271207,304.1242864699591
2026-06-09,300.2799987792969,300.75,287.7799987792969,290.54998779296875,70108800,-0.03644631040831148,306.0614318847656,303.9923807779948
2026-06-10,290.739990234375,294.75,287.3800048828125,291.5799865722656,52793300,0.003544996808021894,303.9571446010045,303.93999953497024
2026-06-11,293.7200012207031,297.0,289.5899963378906,295.6300048828125,42572500,0.013889904990249002,301.1614292689732,303.97952415829616
2026-06-12,296.0299987792969,297.1400146484375,289.6199951171875,291.1300048828125,38742100,-0.015221729613622226,298.42857142857144,303.6109531947545
2026-06-15,294.1199951171875,297.7799987792969,291.70001220703125,296.4200134277344,45732600,0.018170605764429082,296.3128574916295,303.5257161458333
2026-06-16,295.25,300.4800109863281,293.9700012207031,299.239990234375,39874400,0.009513449426140408,295.1557137625558,303.4785723005022
2026-06-17,300.8500061035156,302.07000732421875,294.3599853515625,295.95001220703125,42745100,-0.010994446379867018,294.35714285714283,303.3885730561756
2026-06-18,298.1099853515625,300.57000732421875,295.6199951171875,298.010009765625,85962200,0.006960626705947437,295.422860281808,303.34285917736236
2026-06-22,297.3099975585937,302.4200134277344,296.760009765625,297.010009765625,44879900,-0.0033555919842641613,296.1985778808594,303.0933358328683
2026-06-23,297.5400085449219,301.6400146484375,294.17999267578125,294.29998779296875,52010900,-0.00912434558954689,296.0085754394531,302.5842880975632
2026-06-24,295.3599853515625,299.70001220703125,292.94000244140625,293.0799865722656,53081900,-0.004145434153267291,296.28714425223217,301.8347632998512
2026-06-25,287.3999938964844,288.79998779296875,273.75,275.1499938964844,107013700,-0.06117781321571136,293.24857003348217,300.2547636486235
2026-06-26,275.0,285.95001220703125,274.2099914550781,283.7799987792969,261775500,0.03136472859984596,291.03999982561385,298.96571568080356
2026-06-29,286.7300109863281,288.3699951171875,279.8500061035156,281.739990234375,66427000,-0.007188697419469814,289.00999668666293,297.50047665550596
2026-06-30,281.1700134277344,289.94000244140625,280.70001220703125,289.3599853515625,65100200,0.02704619642688466,287.77427891322543,296.41952369326634
2026-07-01,293.44000244140625,296.5899963378906,289.20001220703125,294.3800048828125,50164200,0.017348699838890536,287.39856392996654,295.85142880394346
2026-07-02,294.1199951171875,309.4200134277344,293.67999267578125,308.6300048828125,75352800,0.0484068203126522,289.4457092285156,295.538571312314
2026-07-06,307.3599853515625,314.20001220703125,307.0,312.6600036621094,53590000,0.01305770247720095,292.2428545270647,295.6528567359561
2026-07-07,315.2900085449219,315.4800109863281,310.1499938964844,310.6600036621094,42490000,-0.006396724801939757,297.31571306501115,295.6257135300409
2026-07-08,311.9100036621094,314.82000732421875,307.04998779296875,313.3900146484375,41323500,0.008787777487112347,301.54571533203125,295.913809640067
2026-07-09,310.510009765625,316.5299987792969,308.1600036621094,316.2200012207031,48124500,0.009030238488741738,306.47143118722096,296.61285691034226
2026-07-10,314.7200012207031,316.9100036621094,312.1700134277344,315.32000732421875,34132300,-0.0028461004775477416,310.1800057547433,297.7923816499256
2026-07-13,317.0199890136719,323.45001220703125,315.7799987792969,317.3099975585937,43257800,0.0063110179758709695,313.4557189941406,299.01762026832216
2026-07-14,313.760009765625,316.19000244140625,311.9100036621094,314.8599853515625,36336800,-0.0077211944971219415,314.34571620396207,299.9333336239769
2026-07-15,317.6199951171875,328.7300109863281,317.32000732421875,327.5,60957600,0.040144874663333496,316.46571568080356,301.66523815336683
2026-07-16,328.010009765625,334.67999267578125,326.7900085449219,333.260009765625,62970600,0.017587816078244334,319.6942879813058,303.41952369326634
2026-07-17,331.9800109863281,334.989990234375,329.0,333.739990234375,63407100,0.0014402582208634662,322.60142735072543,305.0623808361235
2026-07-20,333.510009765625,333.7099914550781,323.67999267578125,326.5899963378906,53468000,-0.021423845225929217,324.0828552246094,306.5214276994978
2026-07-21,323.1300048828125,329.6000061035156,322.2200012207031,327.739990234375,41338900,0.0035212159263280363,325.85713849748885,307.93714105515255
2026-07-22,327.8699951171875,329.0,323.3399963378906,325.8900146484375,38755900,-0.0056446440503478135,327.0828552246094,309.31237938290553
2026-07-23,321.7300109863281,323.29998779296875,319.3500061035156,321.6600036621094,40840800,-0.012979872951588756,328.05428641183033,310.615237281436
2026-07-24,321.7900085449219,334.3699951171875,321.6199951171875,333.0199890136719,47489400,0.035316748188238156,328.84285627092635,312.5171421595982
2026-07-27,334.5400085449219,339.57000732421875,334.0199890136719,336.9100036621094,49604300,0.011681024493330971,329.3642839704241,315.45809500558033
2026-07-28,340.0299987792969,342.8900146484375,335.6000061035156,340.0799865722656,51859000,0.009408990162653286,330.2699977329799,318.1390468052455
2026-07-29,339.7300109863281,344.57000732421875,337.3500061035156,338.19000244140625,56090800,-0.005557469435084728,331.92714146205356,320.827142624628
2026-07-30,333.1000061035156,334.75,329.5899963378906,333.42999267578125,74817800,-0.014074957069287408,332.739998953683,322.92571440197173
2026-07-31,304.8099975585937,310.69000244140625,300.0,308.9100036621094,132489100,-0.07353864245054431,330.3142830984933,323.6176191057478
2026-08-03,309.5799865722656,311.79998779296875,302.5599975585937,303.4200134277344,75052000,-0.01777213482662099,327.7085702078683,323.36952427455356
2026-08-04,302.7300109863281,310.4200134277344,301.32000732421875,309.3800048828125,68001000,0.019642710405777475,324.3314296177455,323.21333385649183
2026-08-05,309.3599853515625,311.7099914550781,305.6700134277344,311.0,49438800,0.005236263144417164,320.63000052315846,323.22952415829616
2026-08-06,314.3399963378906,316.2900085449219,309.2300109863281,312.4100036621094,46139900,0.004533773833149013,316.6771458217076,323.18285696847096
2026-08-07,311.45001220703125,314.8099975585937,310.739990234375,313.3299865722656,34437200,0.0029447933784836344,313.12571498325894,323.0452372233073
2026-08-10,306.8299865722656,308.260009765625,304.6099853515625,308.260009765625,44812500,-0.0161809498736607,309.5300031389509,322.7090468633743
2026-08-11,307.75,309.9700012207031,302.7900085449219,304.9100036621094,37476700,-0.010867469011185404,308.9585745675223,322.1185709635417
2026-08-12,305.1000061035156,305.6600036621094,300.57000732421875,302.25,40588500,-0.008723897642456846,308.7914297921317,321.5180954706101
2026-08-13,304.25799560546875,305.9599914550781,302.04998779296875,305.6499938964844,11205213,0.011248945894075657,308.2585710797991,320.47761898949034
