Date,Open,High,Low,Close,Volume,daily_return,MA7,MA21
2021-08-13,107.16999816894533,111.70999908447266,106.56999969482422,110.5500030517578,100135700,,,
2021-08-16,110.1999969482422,111.58000183105467,105.87000274658205,107.4800033569336,73325400,-0.02777023618341179,,
2021-08-17,106.63999938964844,108.6999969482422,105.3499984741211,107.55999755859376,74053900,0.0007442705541653716,,
2021-08-18,107.3499984741211,108.06999969482422,103.2699966430664,103.44000244140624,79387900,-0.03830415777894702,,
2021-08-19,103.31999969482422,106.18000030517578,101.9800033569336,103.6999969482422,71117500,0.0025134812519289618,,
2021-08-20,104.31999969482422,105.9800033569336,103.98999786376952,104.6500015258789,55227600,0.009161085878439001,,
2021-08-23,105.3000030517578,109.0199966430664,104.86000061035156,108.7699966430664,68835300,0.03936927909330867,106.59285736083984,
2021-08-24,109.4499969482422,109.61000061035156,107.27999877929688,107.6500015258789,51239300,-0.010296912308113915,106.17857142857143,
2021-08-25,108.12999725341795,109.91000366210938,107.4499969482422,108.3000030517578,45485500,0.006038100479939468,106.29571424211774,
2021-08-26,108.56999969482422,109.2300033569336,106.83999633789062,107.2699966430664,51442500,-0.009510677559253056,106.25428553989956,
2021-08-27,108.01000213623048,111.77999877929688,107.8000030517578,111.4000015258789,61030000,0.03850102556220647,107.39142826625279,
2021-08-30,112.61000061035156,114.48999786376952,111.26000213623048,111.31999969482422,56130500,-0.0007181492814980484,108.48000008719308,
2021-08-31,111.26000213623048,111.26000213623048,109.02999877929688,110.72000122070312,49339000,-0.005389853357581242,109.3471429007394,
2021-09-01,111.3000030517578,111.8499984741211,109.8499984741211,109.98999786376952,38579600,-0.0065932383389200044,109.52142878941127,
2021-09-02,110.31999969482422,110.87999725341795,108.7699966430664,109.1999969482422,40090500,-0.007182479596970159,109.74285670689174,
2021-09-03,108.8499984741211,111.16999816894533,108.5,109.91999816894533,42605800,0.006593417956269665,109.97428458077567,
2021-09-07,109.95999908447266,110.58000183105467,108.66000366210938,109.1500015258789,28815200,-0.007005064191166976,110.24285670689174,
2021-09-08,108.87999725341795,109.3000030517578,105.5199966430664,106.16999816894533,43067900,-0.027301908522896712,109.49571337018695,
2021-09-09,106.55999755859376,107.3000030517578,105.83999633789062,106.1500015258789,31857900,-0.00018834551578872372,108.75714220319476,
2021-09-10,106.98999786376952,106.98999786376952,104.9800033569336,105.1999969482422,32602300,-0.008949642618752973,107.96857016427177,
2021-09-13,105.26000213623048,105.27999877929688,102.62999725341795,104.8000030517578,37767800,-0.0038022234609113026,107.22714233398438,107.78047616141183
2021-09-14,105.5199966430664,106.81999969482422,104.41999816894533,105.7300033569336,40629500,0.008874048455098649,106.73142896379743,107.5509523664202
2021-09-15,106.0,106.31999969482422,104.02999877929688,105.5999984741211,37998900,-0.0012295931020981365,106.11428615025112,107.46142832438152
2021-09-16,104.91999816894533,106.75,103.76000213623048,106.22000122070312,38150300,0.00587123821534874,105.69571467808315,107.39761897495815
2021-09-17,105.55999755859376,105.9800033569336,103.70999908447266,103.87999725341795,44528300,-0.022029786672880247,105.36857169015067,107.41857110886346
2021-09-20,101.58000183105467,102.51000213623048,99.51000213623048,101.5500030517578,45228400,-0.02242967138299079,104.71142905099052,107.31619044712612
2021-09-21,102.1500015258789,103.43000030517578,101.18000030517578,102.81999969482422,35481500,0.012506121170859252,104.37142944335938,107.22904750279018
2021-09-22,102.81999969482422,104.55999755859376,102.20999908447266,104.37999725341795,34126300,0.015172121797548233,104.31142861502511,107.01999991280692
2021-09-23,104.88999938964844,106.86000061035156,103.88999938964844,106.1500015258789,32816700,0.01695731288595126,104.37142835344586,106.94857134137835
2021-09-24,105.19000244140624,106.0500030517578,104.68000030517578,105.8000030517578,26482600,-0.00329720649166243,104.4000004359654,106.82952372233073
2021-09-27,105.06999969482422,108.44000244140624,103.44000244140624,108.16000366210938,51944300,0.022306243310759255,104.67714364188058,106.87190500895183
2021-09-28,106.83999633789062,107.6500015258789,101.41999816894533,101.5199966430664,74469000,-0.06139059536079783,104.34000069754464,106.40142858596076
2021-09-29,102.3000030517578,102.66000366210938,99.80999755859376,100.3499984741211,52224700,-0.011524805039729302,104.16857147216797,105.87904757545108
2021-09-30,102.08000183105467,104.44000244140624,101.98999786376952,102.9000015258789,57636700,0.02541109208302994,104.18000030517578,105.50666663760231
2021-10-01,102.5999984741211,103.0,100.63999938964844,102.4499969482422,41491600,-0.004373222263981513,103.90428597586495,105.14761897495815
2021-10-04,101.73999786376952,101.8499984741211,99.81999969482422,100.33999633789062,41967100,-0.020595418967338297,103.07428523472377,104.72571418398903
2021-10-05,100.91999816894533,102.87000274658205,100.61000061035156,101.80999755859376,31455200,0.014650202056545547,102.50428444998605,104.3395236787342
2021-10-06,100.4499969482422,103.72000122070312,100.3499984741211,103.63999938964844,39071700,0.017974677093980596,101.8585695539202,104.07714262462798
2021-10-07,104.5999984741211,107.9499969482422,104.45999908447266,106.4499969482422,41543100,0.027113060354518215,102.56285531180245,104.09047589983258
2021-10-08,106.5500030517578,107.27999877929688,104.88999938964844,105.05999755859376,30623000,-0.013057768243283974,103.23571232386998,104.03857094900948
2021-10-11,104.62000274658205,107.1999969482422,104.0199966430664,104.68000030517578,31284400,-0.003616954713958065,103.48999786376953,104.01380920410156
2021-10-12,105.16999816894533,106.04000091552734,104.33999633789062,105.04000091552734,34039900,0.0034390581706347234,103.85999843052456,104.02523767380487
2021-10-13,106.27999877929688,109.87999725341795,106.25,109.16000366210938,55631900,0.039223178890633426,105.11999947684151,104.18857102167038
2021-10-14,110.5,112.22000122070312,109.62999725341795,111.98999786376952,46900200,0.025925193355801124,106.57428523472377,104.49285670689174
2021-10-15,112.51000213623048,112.83999633789062,111.11000061035156,112.12000274658205,34203000,0.0011608615527494148,107.78571428571429,104.77380916050502
2021-10-18,111.9000015258789,116.87999725341795,111.37000274658205,116.43000030517578,47537800,0.03844093340182453,109.21142905099052,105.37142835344586
2021-10-19,116.16000366210938,117.16999816894533,114.47000122070312,116.33000183105467,39593900,-0.0008588720592545007,110.82142966134208,106.07523781912667
2021-10-20,116.29000091552734,118.3000030517578,115.41999816894533,116.38999938964844,34244800,0.0005157530959287726,112.4942866734096,106.72142828078498
2021-10-21,116.5,119.68000030517578,116.26000213623048,119.33000183105467,34794900,0.025259923161986997,114.53571537562779,107.43333326067243
2021-10-22,120.83000183105467,121.55999755859376,118.37000274658205,119.81999969482422,38992700,0.004106241986514547,116.05857195172992,108.08428555443173
2021-10-25,120.5199966430664,123.45999908447266,118.5999984741211,122.36000061035156,47834100,0.021198472058058693,117.54000091552734,108.87285686674572
2021-10-26,122.98999786376952,127.1999969482422,122.58000183105467,122.93000030517578,59458900,0.004658382575849718,119.08428628104073,109.57619004022507
2021-10-27,121.62999725341795,128.0800018310547,121.0500030517578,122.27999877929688,98245300,-0.005287574426627084,119.92000034877232,110.56476157052177
2021-10-28,122.86000061035156,123.5,120.26000213623048,121.16000366210938,58002500,-0.009159266669678146,120.61000061035156,111.5557141985212
2021-10-29,120.9499969482422,122.56999969482422,119.87999725341795,120.2300033569336,43320100,-0.0076758028810346435,121.15857260567802,112.38095238095238
2021-11-01,119.4499969482422,125.66999816894533,118.12999725341795,125.2300033569336,54559800,0.04158695716872107,122.00142996651786,113.46571459089007
2021-11-02,124.9800033569336,128.4600067138672,124.1999969482422,127.62999725341795,53491900,0.019164687631955335,123.11714390345982,114.76523844401042
2021-11-03,127.75,130.60000610351562,126.79000091552734,130.52999877929688,59537800,0.02272194302504582,124.28428649902344,116.13285754975819
2021-11-04,132.00999450683594,139.0,130.77000427246094,137.5,84825200,0.05339769620689383,126.36571502685547,117.7452385312035
2021-11-05,139.19000244140625,141.22000122070312,134.4199981689453,136.33999633789062,64920600,-0.008436390269886407,128.37428610665458,119.16857183547248
2021-11-08,137.6999969482422,153.60000610351562,137.6999969482422,150.16000366210938,141493800,0.10136429291056093,132.51714324951172,121.31619117373512
2021-11-09,154.00999450683594,155.64999389648438,143.88999938964844,148.9199981689453,98442600,-0.008257894665175458,136.61571393694197,123.42285773867653
2021-11-10,143.92999267578125,146.3000030517578,138.52000427246094,139.8699951171875,82989200,-0.06077090493575521,138.70714133126395,125.08142889113654
2021-11-11,142.9600067138672,146.47000122070312,140.83999633789062,146.00999450683594,67934800,0.04389790236643787,141.33285522460938,126.83619035993304
2021-11-12,146.02999877929688,148.58999633789062,144.25,147.88999938964844,52162100,0.012875864348618205,143.81285531180245,128.54571424211775
2021-11-15,148.0,148.97999572753906,142.86000061035156,146.49000549316406,52271300,-0.009466454136603186,145.0971418108259,130.18238103957404
2021-11-16,145.92999267578125,153.0800018310547,145.33999633789062,152.4499969482422,53100800,0.04068531115835228,147.39857046944755,131.89761897495814
2021-11-17,151.97999572753906,154.66000366210938,149.69000244140625,151.33999633789062,54527500,-0.007281079911916399,147.56714085170202,133.56476157052177
2021-11-18,157.07000732421875,158.88999938964844,152.55999755859375,155.02000427246094,60612700,0.02431616243966417,148.4385702950614,135.40428561256044
2021-11-19,155.75999450683594,156.9199981689453,153.4499969482422,155.41000366210938,41668900,0.0025158004057526107,150.65857151576452,137.12238093784876
2021-11-22,157.13999938964844,161.8800048828125,152.38999938964844,152.52000427246094,58674100,-0.018595967579615014,151.5885729108538,138.67952401297433
2021-11-23,150.41000366210938,152.66000366210938,145.3000030517578,149.9199981689453,62852700,-0.017046984203271998,151.87857273646765,139.99190484909784
2021-11-24,149.4600067138672,157.92999267578125,147.19000244140625,157.8000030517578,60677100,0.05256139927331449,153.4942866734096,141.65238117036364
2021-11-26,155.8000030517578,158.10000610351562,152.80999755859375,154.80999755859375,36245100,-0.018948069932440692,153.83142961774553,143.20142873128256
2021-11-29,157.5,162.50999450683594,156.10000610351562,161.91000366210938,57438900,0.04586271051925017,155.3414306640625,145.14190492175874
2021-11-30,163.27999877929688,164.4600067138672,155.67999267578125,158.3699951171875,75182500,-0.021864050798921175,155.82000078473772,146.95809500558036
2021-12-01,160.3699951171875,160.8800048828125,148.9199981689453,149.11000061035156,64039100,-0.058470637067229214,154.92000034877233,148.0952377319336
2021-12-02,147.67999267578125,152.52999877929688,146.47000122070312,150.67999267578125,56161200,0.010529086305433921,154.65714154924666,149.19285656156995
2021-12-03,151.64999389648438,152.3800048828125,140.72000122070312,144.00999450683594,65910000,-0.0442659841595372,153.81285531180245,149.83476112002418
2021-12-06,141.13999938964844,141.30999755859375,134.1999969482422,139.05999755859375,66776500,-0.0343725931328136,151.13571166992188,149.90904671805245
2021-12-07,143.89999389648438,145.75999450683594,141.0,144.85000610351562,53359400,0.04163676575991748,149.71285574776786,150.3142852783203
2021-12-08,144.9600067138672,147.0399932861328,142.6999969482422,145.24000549316406,40977500,0.0026924361285129983,147.33142743791853,150.07999965122767
2021-12-09,145.16000366210938,146.69000244140625,137.8000030517578,138.10000610351562,53019900,-0.04916000495458872,144.4357147216797,149.56476193382628
2021-12-10,141.2899932861328,141.3699951171875,135.82000732421875,138.5500030517578,42224300,0.0032584860851119224,142.92714364188058,149.5019051688058
2021-12-13,138.25,139.39999389648438,133.4199981689453,133.8000030517578,42174000,-0.03428365135600575,140.51571655273438,148.92047700427827
2021-12-14,131.6699981689453,137.24000549316406,130.60000610351562,135.60000610351562,50754600,0.01345293729972119,139.31428963797433,148.33523922874815
2021-12-15,135.11000061035156,146.69000244140625,133.80999755859375,146.5,72425800,0.08038343219662858,140.3771471296038,148.3357151576451
2021-12-16,147.0,147.92999267578125,137.02000427246094,138.63999938964844,63369600,-0.053651881299328075,139.49000331333704,147.6780962262835
2021-12-17,136.3000030517578,142.0399932861328,136.11000061035156,137.75,55642100,-0.0064194993765622765,138.42000252859933,147.03095354352678
2021-12-20,135.97000122070312,138.25999450683594,133.52000427246094,135.8000030517578,38195400,-0.014156057700487779,138.0914306640625,146.11571539015998
2021-12-21,138.19000244140625,144.5,135.14999389648438,144.25,57785200,0.062223834744846274,138.9057159423828,145.58428664434524
2021-12-22,142.64999389648438,144.5,140.27000427246094,143.8800048828125,46923700,-0.0025649574848353174,140.34571620396204,145.17285810198103
2021-12-23,143.88999938964844,149.02000427246094,143.85000610351562,146.13999938964844,48653800,0.01570749534430904,141.85142953055245,144.99285816010973
2021-12-27,147.50999450683594,154.88999938964844,147.25,154.36000061035156,53296400,0.05624744255531566,142.97428676060267,144.8290485200428
2021-12-28,155.8800048828125,156.72999572753906,151.3800048828125,153.14999389648438,58699100,-0.007838861810590347,145.0471431187221,144.75000072660902
2021-12-29,152.82000732421875,154.33999633789062,147.2899932861328,148.25999450683594,51300200,-0.03192947818825009,146.54857090541296,144.1000002906436
2021-12-30,147.44000244140625,148.85000610351562,144.85000610351562,145.14999389648438,44358000,-0.020976667513691094,147.88428388323103,143.47047642299108
2021-12-31,146.16000366210938,148.61000061035156,143.5500030517578,143.89999389648438,49448100,-0.008611781278416442,147.83428301130022,143.22238086518786
2022-01-03,145.13999938964844,151.64999389648438,145.02000427246094,150.24000549316406,59396600,0.04405845632794425,148.74285452706474,143.20142909458704
2022-01-04,151.00999450683594,152.4199981689453,140.6999969482422,144.4199981689453,80200500,-0.03873806650308964,148.49714006696428,143.22095307849702
2022-01-05,142.82000732421875,143.75999450683594,135.2899932861328,136.14999389648438,65403200,-0.05726356721585413,145.89571053641183,143.08238147553942
2022-01-06,136.19000244140625,138.0,131.77000427246094,136.22999572753906,64802900,0.0005876006951239798,143.47856794084822,142.6719047909691
2022-01-07,136.27999877929688,137.44000244140625,131.1300048828125,132.0,58441100,-0.03105039903252349,141.1557115827288,142.0414283389137
2022-01-10,129.0800018310547,132.4199981689453,125.02999877929688,132.0,84671300,0.0,139.27714102608817,141.7509518577939
2022-01-11,133.4499969482422,138.99000549316406,131.58999633789062,137.30999755859375,77153900,0.04022725423177076,138.33571297781808,141.69190397716704
2022-01-12,138.58999633789062,140.57000732421875,135.77000427246094,137.47000122070312,69669600,0.0011652732135625232,136.5114266531808,141.86666579473587
2022-01-13,139.44000244140625,141.25,131.80999755859375,132.74000549316406,76618100,-0.03440747570770164,134.84285627092635,141.73047528948103
2022-01-14,131.67999267578125,137.0,131.42999267578125,136.8800048828125,71078400,0.031188784227236255,134.9471435546875,141.27238028390067
2022-01-18,134.5,136.38999938964844,131.58999633789062,131.92999267578125,56527400,-0.03616315042704099,134.3328574044364,140.9528561546689
2022-01-19,133.5500030517578,134.57000732421875,128.02000427246094,128.27000427246094,69831800,-0.027741898025528955,133.8000008719308,140.50142778669084
2022-01-20,126.04000091552734,128.50999450683594,121.41000366210938,121.88999938964844,91157300,-0.04973886856088816,132.35571507045202,139.83904665992372
2022-01-21,120.13999938964844,125.0199966430664,118.38999938964844,118.80999755859376,95685300,-0.025268700028529545,129.71285792759485,138.62761797223772
2022-01-24,115.4000015258789,116.7699966430664,107.5,116.52999877929688,116210100,-0.019190293966401706,126.72142900739398,137.32523672921317
2022-01-25,114.0999984741211,114.81999969482422,109.86000061035156,111.12999725341795,85102900,-0.04634001186343706,123.63428497314453,135.65809377034506
2022-01-26,114.5500030517578,117.16000366210938,108.62999725341795,110.70999908447266,94752600,-0.0037793411259386955,119.89571271623883,133.57952226911272
2022-01-27,111.95999908447266,112.75,101.94000244140624,102.5999984741211,125954100,-0.07325445467815028,115.7057135445731,131.17237962995256
2022-01-28,101.5500030517578,105.4000015258789,99.3499984741211,105.23999786376952,98749500,0.025730988585875192,112.41571262904576,129.12380836123512
2022-01-31,107.93000030517578,114.30999755859376,106.9000015258789,114.25,97206000,0.08561385708021119,111.32428414481026,127.65238008045014
2022-02-01,116.75,117.26000213623048,112.7300033569336,116.77999877929688,122467900,0.02214440944679974,111.03428431919643,126.36095174153645
2022-02-02,129.88999938964844,130.05999755859375,120.63999938964844,122.76000213623048,180065000,0.051207427808209305,111.92428479875836,125.05238015311105
2022-02-03,120.31999969482422,125.37000274658205,118.81999969482422,120.08000183105467,103599500,-0.021831217485657306,113.2028568812779,123.89333270844959
2022-02-04,120.33999633789062,124.95999908447266,118.58000183105467,123.5999984741211,86212000,0.029313762403325505,115.04428536551339,123.29571387881325
2022-02-07,123.55999755859376,127.62999725341795,122.79000091552734,123.66999816894533,81672500,0.0005663405800031551,118.05428532191685,122.69761875697544
2022-02-08,122.37999725341795,128.7100067138672,122.0500030517578,128.22999572753906,84902800,0.03687230230540095,121.33857073102679,122.51809474400112
2022-02-09,129.60000610351562,132.9600067138672,127.6500015258789,132.85000610351562,92948900,0.03602909248935071,123.99571446010044,122.55857122512091
2022-02-10,128.83999633789062,131.75999450683594,124.61000061035156,125.7699966430664,108939900,-0.053293256568859526,125.27999986921039,122.00904737200055
2022-02-11,126.13999938964844,127.16999816894533,111.80999755859376,113.18000030517578,164723200,-0.10010333683653394,123.91142817905971,120.85238066173736
2022-02-14,115.51000213623048,118.37000274658205,113.45999908447266,114.2699966430664,135146400,0.00963064441554673,123.08142743791852,119.97285643078033
2022-02-15,117.19000244140624,121.87999725341795,114.36000061035156,121.47000122070312,143975900,0.06300870560210692,122.77714211600167,119.23904673258464
2022-02-16,119.0500030517578,119.54000091552734,114.22000122070312,117.69000244140624,119109600,-0.031118784401993005,121.92285701206752,118.56095195951916
2022-02-17,116.26000213623048,116.9800033569336,112.26000213623048,112.37000274658205,98179600,-0.04520349719146988,119.65714372907367,117.8038090297154
2022-02-18,113.9000015258789,115.63999938964844,109.88999938964844,113.83000183105467,114321200,0.012992783205365122,116.94000026157924,117.41999962216332
2022-02-22,115.2699966430664,119.1999969482422,113.61000061035156,115.6500015258789,141648500,0.015988752223033975,115.4942866734096,117.26952362060547
2022-02-23,117.4000015258789,118.6500015258789,109.04000091552734,109.76000213623048,120299400,-0.05092952280100427,115.00571550641742,116.9471428280785
2022-02-24,104.55999755859376,116.95999908447266,104.26000213623048,116.61000061035156,142956600,0.06240887701167397,115.34000178745815,117.20809536888486
2022-02-25,117.16000366210938,121.2300033569336,116.04000091552734,121.05999755859376,127821000,0.038161366306066036,115.28142983572823,117.7009524390811
2022-02-28,120.30999755859376,124.61000061035156,119.1999969482422,123.33999633789062,124666100,0.018833626509808354,116.08857182094029,118.68857138497489
2022-03-01,122.33000183105467,122.43000030517578,112.8000030517578,113.83000183105467,126552200,-0.07710389808009455,116.2971431187221,119.09761919294085
2022-03-02,115.47000122070312,119.4800033569336,113.30999755859376,118.27999877929688,118354500,0.039093357433542364,116.93285696847099,119.28952389671689
2022-03-03,118.12999725341795,118.26000213623048,111.0500030517578,111.9800033569336,123916700,-0.053263404526395663,116.4085715157645,119.06095268612816
2022-03-04,112.0,113.0,106.80999755859376,108.41000366210938,100609400,-0.03188068929990051,116.21571459089007,118.37761942545573
2022-03-07,108.52999877929688,109.52999877929688,102.81999969482422,102.9499969482422,92600000,-0.05036441776060485,114.26428549630302,117.56190490722656
2022-03-08,102.80999755859376,109.9000015258789,100.08000183105467,105.52999877929688,135348300,0.025060727610820344,112.04571424211774,116.70142873128255
2022-03-09,108.41000366210938,111.70999908447266,106.8499984741211,111.0500030517578,102310300,0.05230744182993252,110.29000091552734,116.10047658284505
2022-03-10,108.88999938964844,109.06999969482422,103.06999969482422,106.45999908447266,102557400,-0.041332767592503816,109.23714338030133,115.06381007603237
2022-03-11,108.12999725341795,108.19000244140624,104.08000183105467,104.29000091552734,87584400,-0.020383225508235125,107.2385722569057,113.7038098289853
2022-03-14,102.98999786376952,105.23999786376952,101.04000091552734,102.25,89731700,-0.019560848572431233,105.84857177734375,112.58380998883929
2022-03-15,102.66000366210938,109.69000244140624,101.79000091552734,109.33000183105467,112425500,0.0692420716973563,105.98000008719308,112.40047672816685
2022-03-16,111.5999984741211,115.41999816894533,109.88999938964844,115.37000274658205,113689800,0.055245594204423876,107.75428662981305,112.4528579711914
2022-03-17,112.13999938964844,114.2699966430664,109.70999908447266,111.69000244140624,103201700,-0.0318973755531512,108.63428715297154,111.98714374360584
2022-03-18,111.27999877929688,114.93000030517578,110.5500030517578,113.45999908447266,105834800,0.01584740446214039,108.97857230050224,111.7857150123233
2022-03-21,113.7300033569336,117.56999969482422,112.54000091552734,115.91999816894533,101905900,0.02168164202646583,110.33000074114118,111.95476241338821
2022-03-22,115.43000030517578,117.9499969482422,113.80999755859376,114.77999877929688,101672600,-0.009834363420080261,111.82857186453683,112.00000036330451
2022-03-23,114.29000091552734,117.5500030517578,112.20999908447266,113.91999816894533,90579200,-0.007492599925925991,113.49571446010044,111.91761925106957
2022-03-24,114.95999908447266,120.5500030517578,113.70999908447266,120.52999877929688,121961300,0.0580231804476401,115.09571402413505,112.43047623407273
2022-03-25,119.91999816894533,121.4000015258789,117.25,119.66999816894533,95852400,-0.007135158210084258,115.70999908447266,112.57619040352958
2022-03-28,117.6999969482422,120.41000366210938,116.70999908447266,120.23999786376952,92966100,0.004763096043667314,116.93142700195312,112.53714279901413
2022-03-29,122.27999877929688,123.70999908447266,119.58999633789062,123.2300033569336,94143000,0.024866978927858163,118.32714189801898,112.53190503801618
2022-03-30,123.04000091552734,125.66999816894533,118.58999633789062,119.22000122070312,99476900,-0.03254079385696007,118.79857090541294,112.78857167561848
2022-03-31,116.30999755859376,116.37999725341795,109.0199966430664,109.33999633789062,147004800,-0.0828720414498435,118.02142769949776,112.36285727364677
2022-04-01,110.4800033569336,111.41999816894533,106.0999984741211,108.19000244140624,111867100,-0.010517595893551945,117.2028568812779,112.18238103957404
2022-04-04,109.97000122070312,110.94000244140624,107.02999877929688,110.52999877929688,90123900,0.02162858198619544,115.77428545270648,112.28333318801154
2022-04-05,109.69000244140624,110.4800033569336,106.0500030517578,106.81999969482422,79532000,-0.03356553990270705,113.93857138497489,112.46761903308686
2022-04-06,104.4499969482422,105.73999786376952,101.70999908447266,103.66999816894533,105256600,-0.029488874132916898,111.57142857142857,112.37904757545108
2022-04-07,103.91999816894533,105.23999786376952,100.91000366210938,103.72000122070312,91895500,0.0004823290502649069,108.78428540910993,112.02999986921039
2022-04-08,102.51000213623048,102.98999786376952,100.41999816894533,101.0,92746700,-0.02622446190407679,106.18142809186664,111.76999991280692
2022-04-11,98.5999984741211,98.66999816894533,95.94000244140624,97.37000274658205,95527700,-0.03594056686552427,104.47142900739398,111.44047619047619
2022-04-12,98.77999877929688,99.58999633789062,94.5999984741211,95.0999984741211,89246400,-0.02331317868367455,102.60142844063895,111.0999999273391
2022-04-13,95.3000030517578,98.33000183105467,94.70999908447266,97.73999786376952,77728400,0.027760246393345955,100.77428545270648,110.548094976516
2022-04-14,98.37000274658205,98.38999938964844,92.91999816894533,93.05999755859376,73354400,-0.0478821404487727,98.8085708618164,109.48571377708798
2022-04-18,92.02999877929688,95.16000366210938,91.63999938964844,93.88999938964844,80605800,0.008918996914136779,97.41142817905971,108.63809458414714
2022-04-19,93.38999938964844,97.06999969482422,92.83999633789062,96.93000030517578,77069500,0.03237832501107163,96.44142804827008,107.85095178513299
2022-04-20,97.83999633789062,97.91000366210938,93.1999969482422,94.0199966430664,62489000,-0.030021702805606898,95.44428471156529,106.80809456961495
2022-04-21,95.16000366210938,96.2300033569336,89.23999786376953,89.8499984741211,76680600,-0.044352247583842375,94.36999838692802,105.62095169793992
2022-04-22,90.02999877929688,91.45999908447266,87.94000244140625,88.13999938964844,75017700,-0.019031709666252006,93.37571280343192,104.39333270844959
2022-04-25,89.86000061035156,91.37000274658205,88.61000061035156,90.69000244140624,93481000,0.0289312805697306,92.36857060023716,102.97238050188336
2022-04-26,89.73999786376953,90.12000274658205,85.08000183105469,85.16000366210938,89127400,-0.060976939358555304,91.24000004359654,101.32904743012928
2022-04-27,84.25,87.9000015258789,84.0199966430664,84.91000366210938,83125100,-0.0029356504139188555,89.95714351109096,99.64666675385975
2022-04-28,86.66999816894531,90.58000183105467,84.77999877929688,89.63999938964844,91495400,0.055705988971118,88.91571480887276,98.0471427554176
2022-04-29,88.05000305175781,91.79000091552734,85.37999725341797,85.5199966430664,82647700,-0.04596165522796514,87.70142909458706,96.442380632673
2022-05-02,85.66000366210938,90.37000274658205,85.31999969482422,89.83999633789062,98304100,0.05051449794665608,87.7000002179827,95.51380920410156
2022-05-03,89.8499984741211,92.20999908447266,89.01000213623047,91.12999725341795,126381800,0.014358870971850957,88.12714276994977,94.70142800467355
2022-05-04,98.18000030517578,99.69000244140624,91.6999969482422,99.41999816894533,225394100,0.09096895825064277,89.37428501674107,94.17238035656158
2022-05-05,97.6500015258789,97.83999633789062,92.16999816894533,93.87000274658205,153129800,-0.055823732896596145,90.61857060023716,93.55571383521671
2022-05-06,94.33999633789062,98.18000030517578,92.6500015258789,95.33999633789062,144286600,0.0156598865270845,92.1085695539202,93.15904708135696
2022-05-09,92.87000274658205,93.73999786376952,85.37999725341797,86.36000061035156,144523700,-0.0941891763422501,91.63999829973493,92.33238038562592
2022-05-10,89.18000030517578,90.7699966430664,85.41000366210938,88.7300033569336,137235500,0.027443292378786177,92.09857068743024,91.7480948311942
2022-05-11,87.83999633789062,93.45999908447266,86.52999877929688,87.91999816894531,136137900,-0.009128875885757393,91.82428523472377,91.29809461321149
2022-05-12,86.5999984741211,88.55000305175781,83.2699966430664,87.05999755859375,129214200,-0.009781626800071108,91.24285670689174,90.91523742675781
2022-05-13,88.30000305175781,96.56999969482422,88.22000122070312,95.12000274658205,138068100,0.09257989218944895,90.62857164655414,90.7904757545108
2022-05-16,93.86000061035156,98.16999816894533,93.08000183105467,94.23999786376952,131065700,-0.009251522891110864,90.68142809186664,90.84666624523345
2022-05-17,97.87999725341795,103.1999969482422,97.54000091552734,102.47000122070312,164227200,0.08733025831378582,91.7000002179827,91.25523776099796
2022-05-18,100.0,104.22000122070312,95.70999908447266,96.27999877929688,142603200,-0.06040794737646216,93.11714281354632,91.22428530738468
2022-05-19,96.69000244140624,100.69000244140624,95.08999633789062,96.66999816894533,141506200,0.0040506792126415725,94.25142778669085,91.35047585623605
2022-05-20,98.38999938964844,98.63999938964844,88.26000213623047,93.5,164126800,-0.032791954370427145,95.04857090541294,91.52428545270648
2022-05-23,91.66000366210938,95.19000244140624,90.91999816894533,95.06999969482422,128773000,0.016791440586355177,96.19285692487445,91.85428546723865
2022-05-24,92.54000091552734,93.41999816894533,89.62000274658203,91.16000366210938,123341400,-0.041127548598569263,95.62714276994977,91.87666647774833
2022-05-25,90.43000030517578,93.88999938964844,89.5199966430664,92.6500015258789,111771100,0.01634486401835078,95.4000004359654,92.23333304268974
2022-05-26,91.33999633789062,100.33000183105467,90.73999786376952,98.75,128792700,0.06583916215497587,94.86857169015067,92.89238048735119
2022-05-27,100.13999938964844,102.4000015258789,99.37999725341795,102.26000213623048,104348400,0.035544325430182155,95.72285788399833,93.4933329990932
2022-05-31,102.43000030517578,104.5500030517578,100.04000091552734,101.86000061035156,125102900,-0.003911612727584779,96.46428680419922,94.27142842610677
2022-06-01,102.12999725341795,103.56999969482422,99.5500030517578,101.22000122070312,99351400,-0.006283127683227141,97.56714412144252,94.81333342052642
2022-06-02,100.77999877929688,109.5,100.77999877929688,108.58999633789062,120953800,0.07281164817532204,99.49857221330915,95.64476194835845
2022-06-03,105.8000030517578,109.38999938964844,104.6500015258789,106.3000030517578,110844700,-0.021088436903591412,101.66142926897321,95.97238122849237
2022-06-06,108.2699966430664,109.56999969482422,104.2300033569336,105.6500015258789,96726900,-0.006114783699134985,103.51857212611607,96.53333355131603
2022-06-07,104.23999786376952,106.23999786376952,102.61000061035156,105.27999877929688,79022900,-0.0035021556198595594,104.45142909458706,97.0066670009068
2022-06-08,104.56999969482422,105.8499984741211,100.41000366210938,101.9000015258789,97641900,-0.032104837505779305,104.4000004359654,97.74666704450335
2022-06-09,101.56999969482422,103.94000244140624,98.73999786376952,98.8000030517578,95299000,-0.03042196690579857,103.96285792759487,98.22619083949498
2022-06-10,98.81999969482422,99.93000030517578,94.25,94.81999969482422,102135400,-0.040283433542492864,103.04857199532645,98.55476234072731
2022-06-13,91.26000213623048,92.02999877929688,86.63999938964844,86.98999786376953,98148800,-0.08257753486875508,99.96285792759487,98.55142902192615
2022-06-14,87.41000366210938,88.30000305175781,85.81999969482422,86.98999786376953,84066600,0.0,97.20428575788226,98.16428593226841
2022-06-15,87.9000015258789,90.86000061035156,86.19000244140625,89.30000305175781,95774800,0.02655483670209824,94.86857169015067,97.92904808407738
2022-06-16,86.62999725341797,86.7300033569336,80.63999938964844,82.05000305175781,102433300,-0.08118700730388484,91.5500008719308,96.9566672188895
2022-06-17,82.19000244140625,82.94000244140625,79.43000030517578,81.56999969482422,105212300,-0.005850132103356609,88.64571489606585,96.25619107200986
2022-06-21,84.16999816894531,85.80999755859375,82.5999984741211,83.79000091552734,87780600,0.02721590326111012,86.50142887660435,95.64285786946614
2022-06-22,84.4000015258789,86.37999725341797,83.30000305175781,83.75,86634700,-0.0004773948572655007,84.92000034877232,95.17857215518043
2022-06-23,84.31999969482422,84.41000366210938,80.2300033569336,82.43000030517578,100614600,-0.0157611903859608,84.26857212611607,94.57666742234002
2022-06-24,83.55999755859375,87.52999877929688,83.08000183105469,87.08000183105469,88553900,0.05641151896959218,84.28142983572823,94.38238162086124
2022-06-27,87.36000061035156,88.22000122070312,85.25,86.16000366210938,74663500,-0.010564976453838582,83.83285849434989,94.07333410353888
2022-06-28,85.70999908447266,86.7300033569336,80.43000030517578,80.77999877929688,95618600,-0.06244202244827046,83.65142931256976,93.21761975969586
2022-06-29,79.55000305175781,79.75,76.51000213623047,77.98999786376953,104140900,-0.03453826389809744,83.14000047956195,92.06190527053107
2022-06-30,77.7300033569336,78.91000366210938,75.4800033569336,76.47000122070312,105368600,-0.01948963565458084,82.0942862374442,90.8528576805478
2022-07-01,75.19000244140625,75.44999694824219,72.69000244140625,73.66999816894531,87734200,-0.036615705597762616,80.65428597586495,89.54095277332124
2022-07-05,71.9800033569336,75.20999908447266,71.5999984741211,75.19999694824219,95589000,0.02076827497386624,79.62142835344586,87.9509528023856
2022-07-06,75.16999816894531,76.27999877929688,73.55000305175781,75.3499984741211,85458900,0.0019947012229555305,77.94571358816964,86.47714306059338
2022-07-07,77.19000244140625,79.98999786376953,76.9000015258789,79.30000305175781,83640900,0.05242209233744499,76.96571350097656,85.22238122849237
2022-07-08,78.30999755859375,80.47000122070312,77.4000015258789,79.3499984741211,83405900,0.0006304592741395165,76.7614277430943,83.9876193091983
2022-07-11,77.8499984741211,78.29000091552734,75.83999633789062,76.94999694824219,76150300,-0.030245766503217197,76.61285618373326,82.79952385312035
2022-07-12,76.9800033569336,77.44000244140625,74.43000030517578,76.36000061035156,77873200,-0.00766726915255711,76.59714181082589,81.73095230829148
2022-07-13,74.94000244140625,79.11000061035156,74.4800033569336,77.5199966430664,79355000,0.015191147504490576,77.1471415928432,80.90714263916016
2022-07-14,78.2300033569336,79.25,76.0,78.5999984741211,83493600,0.01393191276861705,77.63285609654018,80.50761885870071
2022-07-15,79.36000061035156,81.19999694824219,77.9000015258789,81.11000061035156,76050600,0.03193387003762971,78.4557135445731,80.22761898949032
2022-07-18,82.20999908447266,84.47000122070312,80.94000244140625,81.43000030517578,90464300,0.003945255731922392,78.75999886648995,79.8528569539388
2022-07-19,82.76000213623047,86.41000366210938,82.19000244140625,85.87999725341797,85047500,0.054648126385421936,79.69285583496094,80.03523763020833
2022-07-20,85.38999938964844,89.91999816894531,85.08000183105469,89.43000030517578,88348600,0.04133678580918354,81.47571345738002,80.40952337355841
2022-07-21,89.5999984741211,91.58000183105467,88.22000122070312,91.08999633789062,90449300,0.018561959376609538,83.57999856131417,80.75714220319476
2022-07-22,90.1999969482422,90.69000244140624,87.04000091552734,88.0999984741211,76989700,-0.03282465675680113,85.09142739432198,80.9642849876767
2022-07-25,86.56999969482422,87.5999984741211,85.12000274658203,87.54000091552734,70083000,-0.006356385565185252,86.36857060023716,81.2076183500744
2022-07-26,87.0,87.75,84.70999908447266,85.25,69180400,-0.02615948014139391,86.95999908447266,81.12047540573846
2022-07-27,86.94000244140625,90.62000274658205,86.29000091552734,89.81999969482422,78301600,0.05360703454339255,88.15857042585101,81.29476093110584
2022-07-28,90.41999816894533,92.22000122070312,88.58999633789062,91.66999816894533,79009200,0.020596732135456763,88.98571341378349,81.81333233061291
2022-07-29,90.6999969482422,94.80999755859376,90.55999755859376,94.47000122070312,76630700,0.03054437774284091,89.7057135445731,82.5980943952288
2022-08-01,95.58999633789062,98.38999938964844,93.95999908447266,96.77999877929688,96477500,0.024452180890705,90.51857103620257,83.5652371361142
2022-08-02,95.70999908447266,100.91999816894533,95.36000061035156,99.29000091552734,116734100,0.025935132960214657,92.11714281354632,84.78523726690383
2022-08-03,94.83000183105467,98.7699966430664,93.62000274658205,98.08999633789062,131142000,-0.012085855237907062,93.62428501674107,85.87523723783947
2022-08-04,97.5,104.58999633789062,97.26000213623048,103.91000366210938,125855800,0.05933334225205367,96.28999982561383,87.23523748488654
2022-08-05,101.0500030517578,103.86000061035156,100.9800033569336,102.30999755859376,93859900,-0.015397998721263129,98.07428523472377,88.33095150902157
2022-08-08,100.05999755859376,101.8000030517578,97.98999786376952,100.06999969482422,92606800,-0.021894222629481375,99.27428545270648,89.31761823381696
2022-08-09,97.9499969482422,98.0500030517578,93.66999816894533,95.54000091552734,89473700,-0.04526830012103189,99.42714255196708,90.2028565179734
2022-08-10,98.4499969482422,99.3499984741211,95.61000061035156,99.0500030517578,83416100,0.036738560839389756,99.75142887660435,91.28333282470703
2022-08-11,99.93000030517578,102.37000274658205,98.0,98.12000274658205,77516900,-0.009389200166806555,99.58428628104073,92.26428549630302
2022-08-12,99.1999969482422,101.4000015258789,98.4800033569336,100.83000183105467,72316300,0.027619231640992004,99.97571563720703,93.32285708472843
2022-08-15,100.51000213623048,101.8499984741211,99.8000030517578,101.01000213623048,61327100,0.0017851859754738353,99.56142970493862,94.27047620500836
2022-08-16,100.83999633789062,101.4499969482422,98.31999969482422,100.1999969482422,60220700,-0.008019059210550683,99.26000104631696,95.16428556896392
2022-08-17,99.26000213623048,99.63999938964844,96.7300033569336,98.2699966430664,63735600,-0.019261480678215315,99.0028577532087,95.75428553989956
2022-08-18,97.73999786376952,101.06999969482422,96.7300033569336,100.44000244140624,76059500,0.022082078685945916,99.7028579711914,96.27857135591053
2022-08-19,98.66999816894533,99.25,94.58999633789062,95.9499969482422,67221700,-0.04470335906038403,99.25999995640346,96.50999995640346
2022-08-22,94.4000015258789,95.0199966430664,92.36000061035156,92.83999633789062,61837300,-0.032412722347757716,98.5057133265904,96.73571414039249
2022-08-23,92.38999938964844,94.44000244140624,92.11000061035156,92.48999786376952,52927000,-0.0037699104688381224,97.3142841884068,96.97142828078498
2022-08-24,92.20999908447266,93.37999725341795,90.9000015258789,92.7300033569336,56520400,0.002594934573548091,96.13142721993583,97.32761891682942
2022-08-25,93.13999938964844,97.56999969482422,93.13999938964844,97.18000030517578,61016200,0.047988749996194846,95.6999991280692,97.67809513636998
2022-08-26,96.29000091552734,97.5999984741211,91.12000274658205,91.18000030517578,65552500,-0.06174109879767553,94.68714250837054,97.6547619047619
2022-08-29,90.05000305175781,91.19000244140624,88.26000213623047,88.48999786376953,61142500,-0.029502110467239717,92.97999899727958,97.36999984014602
2022-08-30,90.05999755859375,90.1500015258789,85.33999633789062,86.94000244140625,69087100,-0.017516052206821175,91.69285692487445,96.90142858596076
2022-08-31,86.27999877929688,86.72000122070312,83.72000122070312,84.87000274658203,64991700,-0.023809519630728193,90.55428641183036,96.21476200648716
2022-09-01,82.3499984741211,82.76000213623047,78.5199966430664,82.33000183105469,94854700,-0.029928135187077487,89.1028584071568,95.46428607759022
2022-09-02,83.31999969482422,83.6500015258789,79.80999755859375,80.23999786376953,84924400,-0.025385690766459024,87.31857190813336,94.33714294433594
2022-09-06,80.41000366210938,80.88999938964844,78.37000274658203,78.72000122070312,68727300,-0.01894312915669616,84.68142918178013,93.21380978538876
2022-09-07,79.23999786376953,80.25,77.73999786376953,79.61000061035156,67891200,0.011305886380174046,83.02857208251953,92.23952411469959
2022-09-08,80.02999877929688,83.44999694824219,79.23999786376953,82.77999877929688,89089300,0.03981909489563695,82.21285792759487,91.63190496535529
2022-09-09,84.02999877929688,85.68000030517578,83.83999633789062,85.44999694824219,68907700,0.03225414602945209,82.0,90.98428562709263
2022-09-12,84.88999938964844,85.3499984741211,83.45999908447266,84.63999938964844,71922500,-0.009479199385862724,81.96714237758091,90.3423807053339
2022-09-13,80.95999908447266,81.47000122070312,76.80000305175781,77.02999877929688,80921200,-0.08991021579901237,81.20999908447266,89.20904722667876
2022-09-14,77.0999984741211,78.08000183105469,75.87000274658203,77.44999694824219,71483000,0.005452397450357971,80.81142752511161,88.08714221772694
2022-09-15,76.63999938964844,77.97000122070312,74.91000366210938,76.66000366210938,81818000,-0.010200042830998957,80.51714215959821,86.96619015648251
2022-09-16,75.62000274658203,76.81999969482422,74.68000030517578,76.51000213623047,75300200,-0.001956711697276514,80.07428523472377,85.92999994187127
2022-09-19,75.38999938964844,77.33999633789062,75.3499984741211,76.7699966430664,64966900,0.003398176703393707,79.21571350097656,84.80285680861701
2022-09-20,76.08000183105469,76.58000183105469,74.7300033569336,75.25,51129100,-0.019799357946223006,77.75857107979911,83.81714266822452
2022-09-21,75.44000244140625,78.41000366210938,74.44999694824219,74.4800033569336,82069700,-0.01023251352912169,76.30714307512555,82.94285728817894
2022-09-22,73.88999938964844,74.29000091552734,69.16999816894531,69.5,101436900,-0.06686362959823888,75.23142896379743,81.8480954851423
2022-09-23,68.0,69.08000183105469,66.81999969482422,67.95999908447266,87690000,-0.02215828655435026,73.87571498325893,80.66857147216797
2022-09-26,67.87000274658203,68.73999786376953,66.25,66.30000305175781,82898700,-0.024426074971712564,72.39571489606585,79.1980954124814
2022-09-27,67.9000015258789,68.77999877929688,66.0,67.16999816894531,94871800,0.013122097694449941,71.06142861502511,78.0547619774228
2022-09-28,67.11000061035156,68.80000305175781,66.55999755859375,68.36000061035156,72389500,0.017716279199727847,69.86000061035156,77.096190679641
2022-09-29,67.1500015258789,67.19999694824219,62.83000183105469,64.13999938964844,102552400,-0.06173202432745595,68.27285766601562,76.01047624860492
2022-09-30,63.619998931884766,65.91000366210938,63.34000015258789,63.36000061035156,81664100,-0.012160879119415102,66.68428584507534,74.98619043259393
2022-10-03,64.45999908447266,66.91000366210938,63.38999938964844,66.11000061035156,83841600,0.04340277735967568,66.2000002179827,74.21380942208427
2022-10-04,68.2699966430664,69.18000030517578,67.33000183105469,67.9000015258789,77160500,0.027076098910927326,66.1914291381836,73.62619054885138
2022-10-05,66.58999633789062,68.69000244140625,64.5199966430664,67.94000244140625,87127400,0.0005891150902566089,66.42571476527623,73.11285727364677
2022-10-06,67.81999969482422,70.29000091552734,67.66000366210938,67.8499984741211,98325900,-0.0013247566095214713,66.52285766601562,72.5528571719215
2022-10-07,64.01000213623047,64.02999877929688,58.220001220703125,58.43999862670898,163786300,-0.13868828384721654,65.10571452549526,71.3938095456078
2022-10-10,57.310001373291016,58.790000915527344,56.29999923706055,57.810001373291016,112241800,-0.010780240729335588,64.20142909458706,70.07761928013393
2022-10-11,57.209999084472656,58.91999816894531,56.04999923706055,57.630001068115234,114054800,-0.0031136533627370566,63.38285773141043,68.79142888387044
2022-10-12,57.45000076293945,58.31999969482422,56.31999969482422,57.84999847412109,89264200,0.0038174111040849557,62.20285742623465,67.87809553600493
2022-10-13,55.52000045776367,60.13999938964844,54.56999969482422,58.93999862670898,131159800,0.018841835459606715,60.922857012067524,66.99666704450335
2022-10-14,59.59999847412109,59.93999862670898,55.84000015258789,55.93999862670898,96959300,-0.050899220731242645,59.208570752825054,66.01000013805572
2022-10-17,57.34999847412109,58.5099983215332,57.09999847412109,57.959999084472656,76977600,0.036110127053153196,57.79571369716099,65.12666665940057
2022-10-18,59.90999984741211,60.4900016784668,56.400001525878906,57.91999816894531,103064500,-0.0006901469316630271,57.72142791748047,64.22904768444243
2022-10-19,57.33000183105469,59.040000915527344,56.56999969482422,57.22999954223633,75704800,-0.011912960091889913,57.63857051304409,63.37095242454892
2022-10-20,57.470001220703125,60.20000076293945,57.400001525878906,57.77000045776367,79552600,0.00943562676649723,57.658570425851,62.575238000778924
2022-10-21,57.220001220703125,58.90999984741211,55.709999084472656,58.81999969482422,95366400,0.018175510277660623,57.797142028808594,62.06666655767532
2022-10-24,58.56999969482422,59.0,56.65999984741211,58.70000076293945,76305400,-0.0020401042588805707,57.76285661969866,61.62571425664993
2022-10-25,58.77000045776367,61.97999954223633,58.68999862670898,61.470001220703125,85501900,0.04718910428894785,58.552856990269255,61.395714169456845
2022-10-26,59.68999862670898,61.77000045776367,59.150001525878906,59.72999954223633,79761600,-0.028306517714542734,58.80571419852121,61.041428520565944
2022-10-27,61.59999847412109,62.720001220703125,58.5099983215332,58.59999847412109,83871400,-0.018918484459659046,58.9028570992606,60.576666514078774
2022-10-28,59.09999847412109,62.34999847412109,58.91999816894531,62.0099983215332,78198600,0.05819112519120706,59.58571406773159,60.47523789178757
2022-10-31,60.75,61.86000061035156,59.52999877929688,60.060001373291016,73274100,-0.031446492517724245,59.91285705566406,60.31809507097517
2022-11-01,61.4900016784668,61.9900016784668,59.43000030517578,59.65999984741211,83806700,-0.00666003191363207,60.03285707746233,60.01095217750186
2022-11-02,63.0,63.93000030517578,58.56999969482422,58.630001068115234,142669400,-0.01726447840984291,60.02285712105887,59.56952358427502
2022-11-03,58.11000061035156,62.27999877929688,58.02999877929688,60.11000061035156,95279900,0.02524304136574873,59.82857131958008,59.196666354224796
2022-11-04,62.5,63.0,60.52999877929688,62.18999862670898,84791300,0.03460319406483614,60.179999760219026,58.92714255196707
2022-11-07,62.93000030517578,63.52999877929688,61.400001525878906,63.08000183105469,62722500,0.014311034314181237,60.820000239780974,59.14809508550735
2022-11-08,64.08999633789062,64.95999908447266,62.369998931884766,63.84999847412109,75938000,0.012206668051923275,61.08285740443638,59.435713995070685
2022-11-09,62.27999877929688,63.04999923706055,59.79999923706055,59.91999816894531,62940300,-0.06155051525598132,61.06285694667271,59.54476147606259
2022-11-10,64.30000305175781,68.80000305175781,63.619998931884766,68.47000122070312,107996300,0.14269030896247625,62.32142857142857,60.050475892566496
2022-11-11,69.58000183105469,73.31999969482422,68.29000091552734,72.37000274658203,111709500,0.0569592734971307,64.28428595406669,60.68999989827474
2022-11-14,75.22000122070312,75.25,72.66999816894531,73.52999877929688,108892800,0.01602868576331007,66.20142854963031,61.52761895315988
2022-11-15,77.26000213623047,79.16000366210938,75.38999938964844,76.37000274658203,108946300,0.038623745606327864,68.22714342389789,62.404285794212704
2022-11-16,73.66000366210938,74.83000183105469,71.93000030517578,72.69999694824219,79968000,-0.04805559337896048,69.60142844063895,63.10809525989351
2022-11-17,70.55999755859375,74.37999725341797,70.16000366210938,73.9000015258789,82320800,0.01650625348018986,71.03714316231864,63.9019048781622
2022-11-18,75.06999969482422,75.3499984741211,72.18000030517578,73.56999969482422,73223200,-0.004465518595951901,72.98714338030133,64.65428579421271
2022-11-21,72.20999908447266,72.9800033569336,71.56999969482422,72.45999908447266,51536300,-0.015087679964060907,73.55714307512555,65.30380957467216
2022-11-22,72.72000122070312,75.33000183105469,72.11000061035156,75.25,55450200,0.03850401532954484,73.96857125418526,66.09190477643695
2022-11-23,75.48999786376953,78.22000122070312,75.30000305175781,76.4000015258789,81623600,0.015282412304038706,74.37857164655414,66.8028571719215
2022-11-25,75.66999816894531,76.04000091552734,74.75,75.13999938964844,26018900,-0.016492174228604828,74.2028568812779,67.53666668846493
2022-11-28,73.80999755859375,75.47000122070312,72.56999969482422,73.19000244140625,45383800,-0.025951516689935228,74.27285766601562,68.23142878214519
2022-11-29,73.62000274658203,74.48999786376953,72.77999877929688,73.38999938964844,51846400,0.002732571957519747,74.2000002179827,68.77333359491257
2022-11-30,73.37999725341797,77.69999694824219,72.80999755859375,77.62999725341797,88468400,0.057773510001794204,74.77999986921039,69.61000006539481
2022-12-01,78.30999755859375,79.2300033569336,76.44000244140625,77.4800033569336,59833400,-0.0019321641348862828,75.4971433367048,70.45857166108631
2022-12-02,75.05000305175781,76.27999877929688,73.6500015258789,74.9800033569336,64377200,-0.032266389928805816,75.45857238769531,71.2371431986491
2022-12-05,74.54000091552734,75.16999816894531,72.81999969482422,73.62000274658203,47022200,-0.018138177506840547,75.06142970493862,71.88047663370769
2022-12-06,73.08000183105469,73.38999938964844,69.4000015258789,70.2699966430664,64965200,-0.04550402035500001,74.36571502685547,72.26523844401042
2022-12-07,69.52999877929688,71.37000274658203,69.27999877929688,70.13999938964844,59180100,-0.0018499681176631366,73.93000030517578,72.60142880394345
2022-12-08,70.13999938964844,71.22000122070312,69.0,70.47000122070312,56734100,0.004704902109015308,73.51285770961216,72.91666702997117
2022-12-09,69.48999786376953,70.66999816894531,68.5199966430664,68.58999633789062,59058300,-0.026678087842294196,72.22142900739398,73.32952408563523
2022-12-12,68.54000091552734,70.66999816894531,67.52999877929688,70.66999816894531,60968300,0.030325148594674056,71.24857112339565,73.43428584507534
2022-12-13,74.87000274658203,75.20999908447266,70.66000366210938,71.6500015258789,72458000,0.013867318272610785,70.77285657610211,73.4000000726609
2022-12-14,70.93000030517578,72.0,68.31999969482422,68.93000030517578,67278000,-0.037962333046436925,70.1028562273298,73.18095252627418
2022-12-15,67.5999984741211,68.20999908447266,66.12000274658203,66.52999877929688,58557000,-0.03481795321707981,69.56857081821987,72.71238090878441
2022-12-16,66.25,67.19000244140625,64.80000305175781,65.41000366210938,62438600,-0.016834437663269974,68.89285714285714,72.36523837134952
2022-12-19,65.12000274658203,65.58999633789062,63.709999084472656,64.58999633789062,46246900,-0.01253642070492289,68.0528564453125,71.92190479096912
2022-12-20,63.7599983215332,66.05999755859375,63.52000045776367,65.05000305175781,52431300,0.007121949836639496,67.5471431187221,71.51619066510882
2022-12-21,65.43000030517578,67.8499984741211,65.20999908447266,67.68000030517578,44167600,0.04043039400513759,67.12000056675502,71.28857167561848
2022-12-22,66.08000183105469,66.30999755859375,62.2599983215332,63.86000061035156,73917700,-0.05644207561464931,66.00714329310826,70.7461907523019
2022-12-23,63.11000061035156,64.66000366210938,62.720001220703125,64.5199966430664,45923000,0.01033504582534972,65.37714276994977,70.18047623407273
2022-12-27,63.869998931884766,64.27999877929688,62.970001220703125,63.27000045776367,36086000,-0.019373779453490836,64.91142872401646,69.61523818969727
2022-12-28,62.540000915527344,63.540000915527344,61.959999084472656,62.56999969482422,39526500,-0.011063707252645605,64.50571387154716,69.10952377319336
2022-12-29,63.63999938964844,65.18000030517578,63.060001373291016,64.81999969482422,41428500,0.035959725283267296,64.53857149396624,68.70142854963031
2022-12-30,63.77000045776367,64.81999969482422,63.13999938964844,64.7699966430664,37127000,-0.000771413946208388,64.4985705784389,68.089047568185
2023-01-03,66.0,66.87999725341797,63.59000015258789,64.0199966430664,46851800,-0.01157943552372076,63.97571291242327,67.44809486752465
2023-01-04,65.0,65.79000091552734,63.310001373291016,64.66000366210938,47477100,0.009996986138740782,64.08999906267438,66.95666631062825
2023-01-05,64.1500015258789,64.3499984741211,62.29999923706055,62.33000183105469,46159500,-0.03603466902399921,63.777142660958425,66.41904721941266
2023-01-06,63.150001525878906,64.30000305175781,60.04999923706055,63.959999084472656,70161300,0.02615108624312379,63.87571389334543,66.11857114519391
2023-01-09,66.22000122070312,69.31999969482422,65.66999816894531,67.23999786376953,69741300,0.05128203293069067,64.54285648890904,65.98047583443778
2023-01-10,66.66999816894531,68.1500015258789,66.55999755859375,68.05000305175781,41149600,0.012046478490814083,65.00428553989956,65.86523782639276
2023-01-11,68.38999938964844,69.12999725341797,67.22000122070312,69.05999755859375,44470100,0.014841946532577754,65.61714281354632,65.88761883690243
2023-01-12,70.06999969482422,71.6500015258789,67.18000030517578,70.80000305175781,70066200,0.025195562622019496,66.58571515764508,65.8938095456078
2023-01-13,69.83999633789062,71.0999984741211,69.2300033569336,71.0,45757400,0.0028248155313777,67.49142892020089,65.86285709199451
2023-01-17,70.87000274658203,72.66000366210938,70.6500015258789,71.58999633789062,42621300,0.008309807575924255,68.81428527832031,65.98952356974284
2023-01-18,71.87000274658203,72.77999877929688,70.5,70.52999877929688,39538700,-0.014806503880664734,69.7528566632952,66.17999976021903
2023-01-19,68.97000122070312,69.25,67.2699966430664,67.70999908447266,47189900,-0.03998298232853492,69.81999969482422,66.28952335176014
2023-01-20,68.01000213623047,70.12999725341797,67.44999694824219,70.06999969482422,47757600,0.034854536143285264,70.1085706438337,66.5504758925665
2023-01-23,72.22000122070312,76.58999633789062,71.54000091552734,76.52999877929688,84293200,0.09219350810058335,71.17571367536273,67.09714235578265
2023-01-24,73.75,75.63999938964844,73.41999816894531,74.69999694824219,60822600,-0.023912215604918408,71.73285566057477,67.43142791021438
2023-01-25,72.9000015258789,75.12000274658203,72.08999633789062,74.91000366210938,49932600,0.0028113349725127357,72.29142761230469,67.95761853172665
2023-01-26,76.5,77.08000183105469,74.27999877929688,75.16000366210938,49583900,0.0033373379759484845,72.80142865862165,68.46428553263347
2023-01-27,73.69999694824219,76.73999786376953,73.48999786376953,75.4000015258789,58118600,0.0031931592878635673,73.4971433367048,69.04190463111514
2023-01-30,74.2300033569336,74.63999938964844,72.4000015258789,72.44999694824219,48105200,-0.03912472835460368,74.17428588867188,69.5123806908017
2023-01-31,72.26000213623047,75.19999694824219,72.02999877929688,75.1500015258789,71669100,0.037267145498509624,74.9000004359654,70.00428553989956
2023-02-01,78.47000122070312,85.4800033569336,77.87999725341797,84.63999938964844,152548200,0.12628074079947327,76.05857195172992,70.95047614687965
2023-02-02,84.29000091552734,88.94000244140625,83.19999694824219,88.30999755859375,97762100,0.04336009210078218,78.0028577532087,72.10714285714286
2023-02-03,86.66000366210938,88.80000305175781,85.83000183105469,86.08999633789062,66557800,-0.025138730405129373,79.5999995640346,73.12761869884673
2023-02-06,84.62999725341797,86.27999877929688,83.22000122070312,83.68000030517578,53008900,-0.027993914917314733,80.81714194161552,74.14428529285249
2023-02-07,84.31999969482422,86.25,82.5199966430664,85.91000366210938,65291900,0.026649179598481343,82.31857081821987,75.1895236060733
2023-02-08,85.87999725341797,88.0,84.54000091552734,84.69000244140625,54140400,-0.014200921530646005,84.06714303152901,76.02047620500836
2023-02-09,85.87999725341797,86.66999816894531,82.76000213623047,83.20999908447266,46525400,-0.017475538012382885,85.21857125418526,76.7423807779948
2023-02-10,82.29000091552734,82.70999908447266,80.47000122070312,81.4800033569336,49332600,-0.020790719223332976,84.76714324951172,77.33380962553478
2023-02-13,81.56999969482422,84.1500015258789,80.9000015258789,83.12999725341797,45400000,0.020250292446066354,84.02714320591518,77.92095220656623
2023-02-14,82.69999694824219,86.19000244140625,81.7699966430664,85.94999694824219,55979700,0.0339227690123407,84.00714329310826,78.63285682314918
2023-02-15,85.0999984741211,85.88999938964844,83.31999969482422,85.18000030517578,46430200,-0.008958658178080947,84.22142900739398,79.27999986921039
2023-02-16,82.9800033569336,83.3499984741211,80.05000305175781,80.08000183105469,57755200,-0.059873191545541715,83.38857160295758,79.73476191929409
2023-02-17,79.5999984741211,79.6500015258789,77.37000274658203,78.5,47826600,-0.019730292144448547,82.50428553989956,80.24857148670014
2023-02-21,77.1500015258789,78.45999908447266,76.44999694824219,76.7699966430664,44045600,-0.022038259323994835,81.58428519112724,80.56761896042596
2023-02-22,76.93000030517578,78.12999725341797,75.91999816894531,76.61000061035156,50286800,-0.0020840958670185206,80.88857051304409,80.57142857142857
2023-02-23,80.62999725341797,81.79000091552734,77.97000122070312,79.75,76391300,0.040986808048976364,80.4057137625558,80.81190490722656
2023-02-24,77.75,78.80999755859375,76.94000244140625,78.08999633789062,46700000,-0.020815092941810387,79.28285653250558,80.96333312988281
2023-02-27,79.63999938964844,80.12000274658203,78.52999877929688,78.7699966430664,45617300,0.00870790545607747,78.36714172363281,81.13523755754743
2023-02-28,77.87000274658203,80.13999938964844,77.41999816894531,78.58000183105469,44220100,-0.0024120200597779196,78.1528560093471,81.28666614350819
2023-03-01,78.55000305175781,80.29000091552734,77.87999725341797,78.29000091552734,44266000,-0.0036905180551005667,78.12285614013672,81.56476157052177
2023-03-02,77.56999969482422,80.91999816894531,76.6500015258789,80.44000244140625,60108600,0.02746201942440507,78.6471426827567,81.81666637602306
2023-03-03,80.4000015258789,81.62999725341797,79.33999633789062,81.5199966430664,54536200,0.013426083650940335,79.34857068743024,81.66809481666202
2023-03-06,82.02999877929688,83.30000305175781,81.04000091552734,81.16000366210938,54541300,-0.00441600828976052,79.5499997820173,81.32761891682942
2023-03-07,81.06999969482422,84.8499984741211,80.66999816894531,82.11000061035156,70959000,0.01170523540384849,80.12428610665458,81.13809531075614
2023-03-08,82.79000091552734,85.7699966430664,82.27999877929688,85.37000274658203,69529800,0.03970286337836759,81.06714412144252,81.21857161748977
2023-03-09,85.29000091552734,87.80999755859375,83.58999633789062,84.02999877929688,79496700,-0.015696426428178922,81.84571511404855,81.12904757545108
2023-03-10,84.47000122070312,85.44999694824219,81.62999725341797,82.66999816894531,70273600,-0.016184703440536463,82.47142900739398,81.03285689581008
2023-03-13,81.38999938964844,83.83000183105469,78.5199966430664,82.01000213623047,65269100,-0.007983501237850188,82.69571467808315,80.97571418398903
2023-03-14,83.66999816894531,88.30000305175781,83.58999633789062,87.44999694824219,66616300,0.06633330899047052,83.54285757882255,81.25999959309895
2023-03-15,86.7699966430664,90.41999816894533,86.22000122070312,89.68000030517578,86177400,0.025500325154424353,84.75999995640346,81.57190450032552
2023-03-16,89.72000122070312,96.69000244140624,89.0199966430664,96.5999984741211,115839200,0.07716322642057283,86.82999965122768,82.07904743012928
2023-03-17,96.66000366210938,98.75,95.94000244140624,97.83999633789062,94080800,0.01283641701197058,88.6114273071289,82.68190438406808
2023-03-20,96.3000030517578,96.94000244140624,92.9000015258789,96.80999755859376,92008900,-0.010527379577363827,90.43714141845703,83.47857084728423
2023-03-21,97.0,99.45999908447266,93.63999938964844,95.93000030517578,85285300,-0.009089941902801657,92.33142743791852,84.3085708618164
2023-03-22,95.6500015258789,101.6999969482422,95.63999938964844,97.58000183105467,110816300,0.017200057548523384,94.5557131086077,85.29952348981585
2023-03-23,100.0500030517578,102.43000030517578,98.66999816894533,100.27999877929688,84088900,0.02766957263350789,96.38857051304409,86.42666625976562
2023-03-24,99.18000030517578,99.5199966430664,96.73999786376952,97.9499969482422,64712400,-0.023234960704204832,97.56999860491071,87.2933327811105
2023-03-27,98.0199966430664,98.93000030517578,95.43000030517578,96.61000061035156,57461400,-0.013680412247472629,97.57142748151507,88.17523774646577
2023-03-28,96.7699966430664,96.94000244140624,92.87000274658205,94.55999755859376,59150100,-0.02121936692688675,97.1028562273298,88.92714255196708
2023-03-29,96.06999969482422,96.91000366210938,94.87000274658205,96.08999633789062,55326000,0.016180190554137885,96.99999891008649,89.76095181419736
2023-03-30,98.0,99.52999877929688,97.25,97.87999725341795,59678500,0.018628379474934897,97.27856990269252,90.69380878266834
2023-03-31,96.33999633789062,98.36000061035156,95.2699966430664,98.01000213623048,55861100,0.0013282068498217114,97.33999851771763,91.53047543480282
2023-04-03,96.6999969482422,96.79000091552734,94.80999755859376,96.55999755859376,50655300,-0.014794455117154937,96.8085697719029,92.24666595458984
2023-04-04,97.04000091552734,97.2699966430664,95.20999908447266,95.87000274658205,43195900,-0.007145762525449739,96.5114277430943,92.9471421014695
2023-04-05,94.3499984741211,94.5,91.36000061035156,92.55999755859376,52979300,-0.03452597364305687,95.93285587855748,93.44476100376674
2023-04-06,91.47000122070312,92.91000366210938,90.62000274658205,92.47000122070312,47778400,-0.0009723027254151528,95.63428497314453,93.78285616920108
2023-04-10,91.31999969482422,95.8000030517578,91.0199966430664,95.4800033569336,52536300,0.03255112032545915,95.5471431187221,94.32809448242188
2023-04-11,96.05999755859376,96.06999969482422,92.69000244140624,94.02999877929688,51935800,-0.015186473886224738,94.9971433367048,94.86904689243862
2023-04-12,94.97000122070312,95.0,91.73999786376952,92.33000183105467,53383100,-0.018079304161561893,94.18571472167969,95.36047544933501
2023-04-13,92.79000091552734,93.16000366210938,91.83000183105467,92.08999633789062,40572500,-0.002599431261825491,93.5471431187221,95.58142780122303
2023-04-14,91.81999969482422,92.97000122070312,90.5,91.75,38734800,-0.0036920007754494,92.9585712977818,95.67999921526227
2023-04-17,90.2300033569336,90.69000244140624,88.30000305175781,89.87000274658203,47250800,-0.020490433279759857,92.57428632463727,95.35952322823661
2023-04-18,91.61000061035156,92.16000366210938,89.33000183105469,89.77999877929688,46246300,-0.0010014906479857144,92.19000026157924,94.97571382068452
2023-04-19,88.51000213623047,90.54000091552734,88.22000122070312,89.94000244140625,37344500,0.0017821749196356151,91.39857155936105,94.64857119605655
2023-04-20,88.83000183105469,91.58000183105467,88.7300033569336,90.11000061035156,47082700,0.001890128578282635,90.83857182094029,94.37142835344586
2023-04-21,89.80000305175781,89.80000305175781,88.05999755859375,88.43000030517578,41118300,-0.018643882963005898,90.28142874581474,93.93571399507069
2023-04-24,88.11000061035156,88.63999938964844,86.33999633789062,87.56999969482422,40423800,-0.009725213246451037,89.63571493966239,93.33047594342914
2023-04-25,86.9000015258789,87.05999755859375,83.76000213623047,83.80000305175781,52771500,-0.043051235082843475,88.50000108991351,92.65666671026321
2023-04-26,86.51000213623047,87.3499984741211,85.31999969482422,85.94000244140625,47786600,0.025536984626679526,87.93857247488839,92.14857155936105
2023-04-27,86.41000366210938,87.56999969482422,84.08999633789062,87.44000244140625,53087200,0.01745403720488259,87.60428728376117,91.8095241728283
2023-04-28,87.0199966430664,89.75,86.44000244140625,89.37000274658203,50686100,0.022072281007415206,87.52285875592914,91.48952447800409
2023-05-01,91.02999877929688,91.04000091552734,88.61000061035156,89.69000244140625,59358700,0.0035806163700320415,87.46285901750836,91.09952472505115
2023-05-02,89.31999969482422,90.45999908447266,88.12000274658203,89.91000366210938,70483500,0.0024529068426200062,87.67428806849888,90.71381051199776
2023-05-03,83.54000091552734,85.4800033569336,81.0199966430664,81.62000274658203,109482200,-0.0922033208527272,86.82428850446429,90.00238218761626
2023-05-04,81.56999969482422,91.63999938964844,81.11000061035156,86.61000061035156,122840500,0.0611369480011259,87.22571672712054,89.56142970493862
2023-05-05,84.98999786376953,90.43000030517578,84.72000122070312,89.83999633789062,78491100,0.03729356546330531,87.78285871233258,89.43190583728608
2023-05-08,89.98999786376953,95.66000366210938,89.16999816894531,95.04000091552734,95503200,0.05788073007126315,88.86857278006417,89.55428677513486
2023-05-09,94.88999938964844,96.16000366210938,93.43000030517578,95.05999755859376,68674800,0.00021040238714009618,89.68142918178013,89.53428649902344
2023-05-10,96.41999816894533,99.94000244140624,96.12000274658205,97.0199966430664,95619500,0.020618547599525527,90.72857121058873,89.67666734967914
2023-05-11,98.16000366210938,99.19000244140624,96.13999938964844,97.0999984741211,57061000,0.0008245911546360674,91.7557133265904,89.903810046968
2023-05-12,96.83000183105467,97.4499969482422,93.68000030517578,95.26000213623048,53829700,-0.01894949914320543,93.70428466796875,90.0547627040318
2023-05-15,95.1999969482422,97.43000030517578,93.4499969482422,97.4000015258789,51749200,0.022464826177392094,95.24571337018695,90.32381039574032
2023-05-16,97.38999938964844,103.27999877929688,97.30999755859376,101.4800033569336,90622900,0.04188913518621096,96.9085715157645,90.87666756766183
2023-05-17,101.79000091552734,104.13999938964844,100.0500030517578,103.75,75240900,0.022368905872836686,98.1528570992606,91.54190572102864
2023-05-18,103.9800033569336,108.0999984741211,103.93000030517578,107.93000030517578,74338700,0.04028915956795931,99.99142892020089,92.39857228597005
2023-05-19,106.36000061035156,107.29000091552734,104.62000274658205,105.81999969482422,67880200,-0.019549713743958752,101.24857221330915,93.14666748046875
2023-05-22,104.68000030517578,108.79000091552734,103.48999786376952,108.0,65424200,0.02060102354434612,102.80571528843471,94.07857222784133
2023-05-23,107.25,110.98999786376952,107.19000244140624,108.12000274658205,73099100,0.0011111365424263386,104.64285823277066,95.05714380173455
2023-05-24,105.9800033569336,108.91000366210938,105.63999938964844,108.2699966430664,65910500,0.0013872909052354832,106.19571467808315,96.22238159179688
2023-05-25,117.30999755859376,120.69000244140624,115.8000030517578,120.3499984741211,108514700,0.11157293992424155,108.89142826625279,97.86095283144996
2023-05-26,122.45999908447266,127.43000030517578,120.88999938964844,127.02999877929688,92922800,0.055504780971078915,112.21714237758091,99.7461907523019
2023-05-30,130.4199981689453,130.7899932861328,123.51000213623048,125.2699966430664,98902300,-0.013855011832978992,114.69428471156529,101.4557142711821
2023-05-31,122.41999816894533,123.95999908447266,117.86000061035156,118.20999908447266,87552200,-0.056358248166238134,116.46428462437221,102.81380934942337
2023-06-01,117.29000091552734,121.27999877929688,116.5999984741211,119.47000122070312,66032900,0.010659014854826898,118.1028562273298,104.22142828078498
2023-06-02,120.75,121.66000366210938,117.68000030517578,117.86000061035156,52382400,-0.013476191461464282,119.49428449358258,105.94714246477399
2023-06-05,116.58999633789062,119.31999969482422,116.41999816894533,117.93000030517578,52602900,0.0005939224033744139,120.87428501674107,107.43857102167038
2023-06-06,117.91000366210938,124.41999816894533,117.73999786376952,124.2300033569336,75257500,0.0534215469808772,121.42857142857143,109.07619040352958
2023-06-07,124.02999877929688,125.33999633789062,117.06999969482422,117.83000183105467,81755200,-0.05151735774723154,120.11428615025112,110.1614285423642
2023-06-08,118.3000030517578,122.20999908447266,117.0500030517578,121.0500030517578,65246900,0.027327515663794877,119.5114299229213,111.3990478515625
2023-06-09,123.56999969482422,127.25,123.5500030517578,124.91999816894533,75105000,0.03197021907990227,120.47000122070312,112.72761935279483
2023-06-12,128.52000427246094,130.47999572753906,126.4000015258789,129.19000244140625,85394700,0.034181911103505325,121.85857282366071,114.25571477980841
2023-06-13,132.32000732421875,132.8300018310547,122.4499969482422,124.52999877929688,132461900,-0.036070930985723226,122.81142970493862,115.64952414376395
2023-06-14,126.52999877929688,127.7300033569336,123.80999755859376,127.33000183105467,95888100,0.02248456660406961,124.15428706577845,117.07476225353423
2023-06-15,125.38999938964844,125.6999969482422,122.26000213623048,124.23999786376952,85587100,-0.024267681794154616,124.15571485246929,118.1585715157645
2023-06-16,125.81999969482422,125.8499984741211,119.9000015258789,120.08000183105467,82007100,-0.03348354881071658,124.47714342389789,118.93619065057663
2023-06-20,119.08999633789062,121.75,117.6999969482422,118.93000030517578,58851800,-0.00957696126201657,124.17428588867188,119.46000017438617
2023-06-21,118.48999786376952,119.19000244140624,111.66999816894533,112.11000061035156,82835600,-0.05734465380748355,122.3442862374442,119.75952402750652
2023-06-22,112.23999786376952,114.0,109.8499984741211,110.6999969482422,70754800,-0.012576965965863773,119.7028568812779,119.88809531075614
2023-06-23,109.30999755859376,111.0999984741211,107.45999908447266,110.01000213623048,73622000,-0.006233015637157835,117.62857164655414,119.97809528169178
2023-06-26,110.9499969482422,112.5500030517578,107.1999969482422,107.51000213623048,68557000,-0.022725206358092165,114.7971431187221,119.94190506708054
2023-06-27,108.56999969482422,110.97000122070312,107.08000183105467,110.38999938964844,59381600,0.026788179668795653,112.81857190813336,119.46761939639137
2023-06-28,108.20999908447266,111.77999877929688,107.62999725341795,110.16999816894533,67534100,-0.0019929452116994595,111.40285709926061,118.66476222446987
2023-06-29,112.06999969482422,112.76000213623048,109.83999633789062,111.23999786376952,58347200,0.009712260257854766,110.30428532191685,117.99666704450335
2023-06-30,113.02999877929688,114.69000244140624,112.41000366210938,113.91000366210938,53378800,0.024002210082830988,110.56142861502511,117.79190535772415
2023-07-03,115.16000366210938,116.7300033569336,114.51000213623048,115.81999969482422,31860000,0.016767588195155003,111.29285757882255,117.61809576125373
2023-07-05,116.0999984741211,117.66000366210938,113.86000061035156,113.9499969482422,49501600,-0.016145767151695023,111.85571398053852,117.43190511067708
2023-07-06,112.06999969482422,113.79000091552734,110.30999755859376,113.4800033569336,42342000,-0.004124559928879057,112.7085712977818,117.22000049409412
2023-07-07,114.16000366210938,115.33000183105467,113.04000091552734,113.16999816894533,37211300,-0.0027318045366389043,113.10571398053851,116.6933335803804
2023-07-10,113.0,113.61000061035156,109.87999725341795,113.58000183105467,49330200,0.0036229006692858334,113.59285736083984,116.49095262799945
2023-07-11,111.66000366210938,113.2699966430664,109.5,111.31999969482422,59899500,-0.01989788783057167,113.60428619384766,116.02761913481213
2023-07-12,112.88999938964844,115.4000015258789,112.30999755859376,114.58000183105467,57993100,0.029284963574986778,113.7000002179827,115.53523835681733
2023-07-13,115.76000213623048,116.16000366210938,113.58000183105467,115.91999816894533,49206700,0.01169485352135391,113.71428571428571,114.90333339146206
2023-07-14,116.16999816894533,122.12000274658205,115.25,115.94000244140624,91927200,0.00017256964093248506,113.99857221330915,114.4942859468006
2023-07-17,115.9499969482422,118.83999633789062,112.7300033569336,118.31999969482422,68593300,0.020527835115587312,114.69000026157924,114.06523822602772
2023-07-18,117.5500030517578,118.43000030517578,115.19000244140624,117.93000030517578,57980100,-0.0032961408946444726,115.37000056675502,113.76476215180897
2023-07-19,121.3000030517578,121.66999816894533,115.5500030517578,116.43000030517578,70363100,-0.01271940978646946,115.77714320591518,113.59095255533855
2023-07-20,114.95999908447266,115.0500030517578,109.23999786376952,110.25,76340400,-0.05307910580586894,115.62428610665458,113.17761920747303
2023-07-21,110.97000122070312,112.3000030517578,109.54000091552734,110.9499969482422,76815400,0.00634917866886342,115.10571398053851,113.12238093784877
2023-07-24,110.62000274658205,111.30999755859376,108.5500030517578,110.61000061035156,45583600,-0.003064410520436933,114.3471429007394,113.11809539794922
2023-07-25,111.13999938964844,114.0500030517578,111.0,113.0,44916300,0.02160744396040415,113.92714255196708,113.26047624860492
2023-07-26,111.91000366210938,112.36000061035156,109.3000030517578,110.08999633789062,51721700,-0.025752244797428103,112.75142778669085,113.38333311535064
2023-07-27,111.79000091552734,115.08000183105467,110.51000213623048,111.0999984741211,70678000,0.009174331636187416,111.77571323939732,113.41714259556362
2023-07-28,113.37999725341795,114.86000061035156,112.44000244140624,112.95999908447266,55526000,0.01674167989106512,111.27999877929688,113.5499997820173
2023-07-31,114.16000366210938,114.68000030517578,112.3499984741211,114.4000015258789,54187300,0.012747897070443548,111.87285614013672,113.70047614687965
2023-08-01,114.26000213623048,118.19000244140624,113.16000366210938,117.5999984741211,95279300,0.02797200092273,112.82285635811942,113.87619018554688
2023-08-02,119.48999786376952,119.5,107.37999725341795,109.3499984741211,173372000,-0.07015306213473704,112.64285605294364,113.56809488932292
2023-08-03,108.9499969482422,114.95999908447266,108.9499969482422,113.1500015258789,90605400,0.034750828575979664,112.66428484235492,113.52999986921039
2023-08-04,114.4800033569336,118.8499984741211,113.95999908447266,115.81999969482422,83169700,0.02359697863843735,113.48285675048828,113.64142826625279
2023-08-07,116.36000061035156,119.08000183105467,115.48999786376952,116.80999755859376,65854800,0.008547728081316652,114.29857090541294,113.81476157052177
2023-08-08,114.94000244140624,115.45999908447266,111.41000366210938,113.2300033569336,54141800,-0.030648011955178633,114.33714294433594,113.798094976516
2023-08-09,112.88999938964844,113.1500015258789,108.77999877929688,110.47000122070312,56257100,-0.02437518373579961,113.77571432931083,113.75761885870071
2023-08-10,111.3000030517578,113.88999938964844,109.47000122070312,110.2300033569336,57297800,-0.0021725161683491256,112.72285788399833,113.55047607421875
2023-08-11,108.8499984741211,109.06999969482422,106.4800033569336,107.56999969482422,55667700,-0.02413139418581045,112.46857234409877,113.1528570992606
2023-08-14,106.75,111.98999786376952,105.41999816894533,111.9800033569336,57421800,0.04099659453956073,112.30142974853516,112.96428571428571
2023-08-15,111.98999786376952,113.18000030517578,110.16999816894533,111.3499984741211,53816600,-0.005626048079355517,111.66285814557757,112.63238089425224
2023-08-16,110.08999633789062,110.44000244140624,106.9800033569336,107.19000244140624,54327300,-0.03735964157809746,110.28857312883649,112.12095242454892
2023-08-17,107.62000274658205,107.8499984741211,104.0999984741211,104.44000244140624,59064300,-0.02565537771587645,109.03285871233258,111.5500001453218
2023-08-18,102.4000015258789,106.06999969482422,101.68000030517578,105.4499969482422,59916700,0.009670571459461597,108.31571524483817,111.32142857142857
2023-08-21,106.1999969482422,108.54000091552734,105.66999816894533,108.22000122070312,49319200,0.026268414913473315,108.02857208251953,111.19142877487909
2023-08-22,109.4000015258789,109.72000122070312,104.8499984741211,105.66000366210938,47295200,-0.023655493713892195,107.75571550641742,110.95571463448661
2023-08-23,105.6500015258789,110.08000183105467,105.0,109.43000030517578,54656300,0.035680451565405,107.3914293561663,110.78571464901879
2023-08-24,111.05999755859376,111.63999938964844,100.87000274658205,101.8000030517578,109179100,-0.0697249130232992,106.02714429582868,110.39095306396484
2023-08-25,101.16999816894533,104.12000274658205,99.58000183105467,102.25,74793100,0.004420402109550192,105.32142966134208,109.96952456519718
2023-08-28,103.47000122070312,104.06999969482422,100.88999938964844,102.61000061035156,55386800,0.0035207883652963456,105.06000082833427,109.47666749500092
2023-08-29,102.11000061035156,106.56999969482422,101.79000091552734,105.91999816894533,50850300,0.032258040531186305,105.12714385986328,109.07285781133743
2023-08-30,105.4000015258789,107.66999816894533,104.5,106.58999633789062,54847300,0.006325511523108451,104.89428601946149,108.54857199532645
2023-08-31,106.19000244140624,108.05999755859376,104.86000061035156,105.72000122070312,58919000,-0.008162070992381087,104.9028570992606,108.37571498325893
2023-09-01,107.0,110.05999755859376,106.61000061035156,109.4499969482422,54856100,0.035281835834945374,104.9057137625558,108.19952428908576
2023-09-05,109.0,111.81999969482422,106.3000030517578,110.77999877929688,66042200,0.012151684496470194,106.18857029506138,107.9595242454892
2023-09-06,110.55999755859376,111.33000183105467,108.22000122070312,109.27999877929688,47736700,-0.013540350392929668,107.19285583496094,107.6009528750465
2023-09-07,106.13999938964844,107.69000244140624,105.08999633789062,106.58999633789062,49080100,-0.02461568879442444,107.7614266531808,107.28476206461589
2023-09-08,107.0199966430664,109.73999786376952,105.75,106.08999633789062,46232000,-0.004690871725100743,107.78571210588727,107.07619040352958
2023-09-11,107.31999969482422,107.51000213623048,103.0,105.31999969482422,50611300,-0.007257957108547819,107.60428401402065,106.8423807053339
2023-09-12,104.1999969482422,106.73999786376952,103.18000030517578,105.30999755859376,44413600,-9.496901119865342e-05,107.54571206229073,106.73476155598958
2023-09-13,105.0999984741211,108.73999786376952,104.83000183105467,107.70999908447266,44702300,0.022789873530701943,107.29714093889508,106.53142801920573
2023-09-14,108.43000030517578,109.1500015258789,106.22000122070312,106.62999725341795,45920600,-0.010026941233261866,106.70428357805524,106.30666605631511
2023-09-15,106.06999969482422,106.76000213623048,101.27999877929688,101.48999786376952,71103600,-0.04820406566674351,105.59142630440849,106.03523726690383
2023-09-18,100.81999969482422,102.98999786376952,99.4499969482422,102.37000274658205,49061300,0.00867085329919659,104.98857007707868,105.93666585286458
2023-09-19,101.75,102.86000061035156,100.6999969482422,101.61000061035156,41704100,-0.00742407068320472,104.34857068743024,105.7538088843936
2023-09-20,102.36000061035156,103.94000244140624,100.27999877929688,100.33999633789062,55180600,-0.012498811778685837,103.63714163643974,105.37857055664062
2023-09-21,98.5999984741211,98.87000274658205,95.83999633789062,96.11000061035156,59704300,-0.04215662628982697,102.32285635811942,104.92380850655692
2023-09-22,96.91999816894533,98.41999816894533,95.61000061035156,96.1999969482422,52169400,0.000936388901457752,100.67857033865792,104.29380834670295
2023-09-25,95.9499969482422,97.4499969482422,94.45999908447266,97.37999725341795,43223700,0.012266115827536117,99.35714176722935,104.08333188011532
2023-09-26,96.5,97.83000183105467,95.2699966430664,95.95999908447266,42866500,-0.014582031310290011,98.56714194161552,103.78380802699498
2023-09-27,96.81999969482422,99.2300033569336,96.3499984741211,98.06999969482422,51261500,0.021988335040459495,97.9528557913644,103.56761750720796
2023-09-28,97.94000244140624,104.1999969482422,97.76000213623048,102.76000213623048,72542100,0.04782300862649835,98.11714172363281,103.41714150565011
2023-09-29,104.69000244140624,104.94000244140624,102.55999755859376,102.81999969482422,56078600,0.0005838610095998398,98.47142791748047,103.23761785598029
2023-10-02,102.20999908447266,103.70999908447266,101.6999969482422,103.2699966430664,45118600,0.0043765507642268275,99.49428449358258,103.12095097133091
2023-10-03,101.8000030517578,103.29000091552734,99.16999816894533,100.08000183105467,48117000,-0.030889851028439108,100.04857090541294,102.67476072765533
2023-10-04,100.6500015258789,104.4000015258789,100.33999633789062,104.06999969482422,51023200,0.0398680834409364,101.00428553989956,102.35523696172805
2023-10-05,103.41000366210938,103.73999786376952,100.2699966430664,102.91000366210938,51789700,-0.011146305718424343,101.9971433367048,102.0519038609096
2023-10-06,102.16000366210938,107.87000274658205,102.02999877929688,107.23999786376952,64864100,0.04207554219779319,103.30714307512555,102.08285631452289
2023-10-09,106.01000213623048,107.30999755859376,104.79000091552734,106.97000122070312,39593200,-0.0025176860168291126,103.9085715157645,102.12476130894252
2023-10-10,107.48999786376952,110.12000274658205,106.4000015258789,109.01000213623048,57105500,0.019070775846009136,104.79285757882255,102.30047571091424
2023-10-11,109.13999938964844,110.0999984741211,106.93000030517578,108.30999755859376,51085600,-0.006421471093651765,105.51285770961216,102.4433328537714
2023-10-12,108.4000015258789,111.30999755859376,107.51000213623048,108.79000091552734,60959400,0.004431754849536507,106.75714329310826,102.49476151239304
2023-10-13,108.6500015258789,108.97000122070312,104.75,105.08999633789062,52881500,-0.03401052069582822,106.9028570992606,102.42142813546317
2023-10-16,105.41999816894533,107.4800033569336,105.02999877929688,106.45999908447266,42464500,0.013036471541754802,107.40999930245536,102.65809486025856
2023-10-17,103.54000091552734,106.29000091552734,101.66000366210938,105.13999938964844,49642100,-0.012399020347321654,107.10999952043805,102.78999946230934
2023-10-18,103.37999725341795,104.77999877929688,101.73999786376952,102.16999816894533,50450000,-0.028248061993003226,106.42428479875836,102.81666601271857
2023-10-19,103.80999755859376,105.5999984741211,101.83999633789062,102.4000015258789,52734200,0.0022511829407421136,105.47999899727958,102.91476149786087
2023-10-20,102.27999877929688,104.33999633789062,101.44000244140624,101.80999755859376,61317900,-0.005761757407162116,104.55142756870815,103.18618992396763
2023-10-23,100.80999755859376,102.41999816894533,99.31999969482422,100.01000213623048,50817400,-0.017679947603646107,103.2971420288086,103.36761874244327
2023-10-24,100.97000122070312,101.79000091552734,99.37999725341795,101.66999816894533,51982900,0.016598300142556255,102.8085708618164,103.57190450032552
2023-10-25,100.41999816894533,101.02999877929688,95.2300033569336,96.05999755859376,53424500,-0.05517852573410509,101.32285635811942,103.57666633242653
2023-10-26,95.98999786376952,97.5199966430664,93.12000274658205,93.66999816894533,49896400,-0.024880277434846,99.68428475516184,103.36714245024181
2023-10-27,95.8000030517578,97.3499984741211,94.58999633789062,96.43000030517578,52458700,0.029465166971098355,98.86428506033762,103.06571379162017
2023-10-30,96.13999938964844,97.04000091552734,94.6999969482422,96.18000030517578,43716600,-0.0025925541761776527,97.97571345738004,102.74952334449405
2023-10-31,96.23999786376952,98.81999969482422,94.06999969482422,98.5,79547100,0.024121435719099082,97.50285666329522,102.52238064720517
2023-11-01,98.58000183105467,108.1500015258789,98.5,108.04000091552734,138641500,0.09685280117286643,98.64999934605191,102.90142822265625
2023-11-02,107.95999908447266,109.41000366210938,105.91000366210938,107.83000183105467,71377000,-0.001943716056026945,99.52999986921039,103.08047594342914
2023-11-03,109.0500030517578,113.38999938964844,107.86000061035156,112.25,65632200,0.040990430250297694,101.84285736083984,103.52523767380487
2023-11-06,112.5999984741211,113.08000183105467,110.22000122070312,111.75,49270400,-0.0044543429844098315,104.42571476527623,103.73999968029204
2023-11-07,111.86000061035156,114.6500015258789,111.22000122070312,113.4499969482422,50550200,0.015212500655411132,106.85714285714286,104.04857090541294
2023-11-08,113.5500030517578,115.31999969482422,112.87999725341795,113.58999633789062,41880600,0.0012340184523080833,109.3442851475307,104.26666586739677
2023-11-09,114.0999984741211,115.80999755859376,113.05999755859376,113.48999786376952,61146900,-0.0008803457817152527,111.48571341378349,104.51333254859561
2023-11-10,114.3499984741211,119.6999969482422,114.02999877929688,118.58999633789062,75135900,0.044937867390243635,112.99285561697823,104.97999899727958
2023-11-13,118.33999633789062,118.68000030517578,116.0,116.79000091552734,46741900,-0.015178307428517557,114.27285548618862,105.53714207240513
2023-11-14,119.6999969482422,122.11000061035156,119.22000122070312,119.87999725341795,61017400,0.026457713106154968,115.36285509381973,106.17618960425968
2023-11-15,120.54000091552734,120.58999633789062,116.87000274658205,118.0,59555600,-0.015682326463886787,116.2557122366769,106.78857058570499
2023-11-16,117.1999969482422,120.7300033569336,116.41000366210938,119.83000183105467,49661900,0.015508490093683713,117.1671415056501,107.62952314104352
2023-11-17,119.63999938964844,121.48999786376952,118.81999969482422,120.62000274658205,38508900,0.0065926804928300164,118.17142813546316,108.4971422467913
2023-11-20,120.6999969482422,121.93000030517578,120.06999969482422,121.52999877929688,43138700,0.00754432110755876,119.31999969482422,109.43618992396763
2023-11-21,120.54000091552734,120.6500015258789,117.94000244140624,119.16000366210938,41064800,-0.019501317707502852,119.40142931256976,110.34809475853329
2023-11-22,120.0,124.76000213623048,119.9499969482422,122.51000213623048,56862200,0.02811344722362019,120.21857234409877,111.34047589983258
2023-11-24,122.02999877929688,123.25,121.54000091552734,122.30999755859376,19001000,-0.0016325571312481024,120.56571524483819,112.59047589983258
2023-11-27,122.06999969482422,123.88999938964844,121.7699966430664,122.6500015258789,32743000,0.0027798542561678907,121.2300011771066,113.97047605968658
2023-11-28,121.9800033569336,122.54000091552734,120.79000091552734,122.01000213623048,32047100,-0.005218095244078569,121.54142979213171,115.18857138497489
2023-11-29,123.9800033569336,125.7300033569336,123.4800033569336,123.8499984741211,37876300,0.015080700808743241,122.00285775320872,116.50619034540085
2023-11-30,123.61000061035156,124.0500030517578,119.6500015258789,121.16000366210938,44494200,-0.021719780744073214,121.95000130789622,117.58523813883464
2023-12-01,119.87999725341795,121.4000015258789,118.6500015258789,121.38999938964844,37048000,0.0018982809556564728,122.26857212611608,118.22095235188802
2023-12-04,119.75,119.9000015258789,116.37000274658205,118.56999969482422,39854400,-0.02323090624436308,121.70571463448661,118.73238082159133
2023-12-05,117.43000030517578,118.48999786376952,116.4499969482422,118.37999725341795,39191600,-0.001602449539472861,121.14428601946149,119.02428545270648
2023-12-06,120.69000244140624,122.83000183105467,116.37999725341795,116.81999969482422,60599000,-0.013177881354856091,120.31142861502511,119.26571400960286
2023-12-07,120.79000091552734,128.67999267578125,119.55999755859376,128.3699951171875,118579100,0.09887001757007385,121.21999904087612,119.97619011288597
2023-12-08,129.5399932861328,131.0,126.88999938964844,128.9199981689453,89341000,0.004284514081781543,121.94428471156529,120.70619020007905
2023-12-11,130.55999755859375,135.0399932861328,128.25,134.41000366210938,98668300,0.04258459177116647,123.83714185442243,121.70238095238095
2023-12-12,132.25,139.88999938964844,131.89999389648438,137.61000061035156,111677800,0.02380772904587225,126.15428488595145,122.60809544154576
2023-12-13,137.97000122070312,139.24000549316406,136.02999877929688,138.19000244140625,70651600,0.004214823257627787,128.95714242117745,123.62714313325428
2023-12-14,138.88999938964844,141.82000732421875,135.72999572753906,138.0,76115200,-0.0013749362330810477,131.75999995640345,124.49000040690105
2023-12-15,139.52000427246094,140.88999938964844,137.25,139.14999389648438,70211800,0.00833328910495923,134.9499991280692,125.4971429734003
2023-12-18,139.14999389648438,139.7899932861328,137.64999389648438,138.89999389648438,45199500,-0.0017966224287869759,136.45428466796875,126.40523783365886
2023-12-19,138.57000732421875,143.47000122070312,138.55999755859375,140.14999389648438,63739800,0.008999280453039882,138.0585697719029,127.33523741222564
2023-12-20,139.0,139.5800018310547,135.3699951171875,135.47000122070312,54671700,-0.03339274262999914,138.20999799455916,127.9990470522926
2023-12-21,138.13999938964844,139.97999572753906,137.3800048828125,139.91000366210938,47179400,0.03277480181145598,138.538569859096,128.98714229038782
2023-12-22,140.47999572753906,140.6999969482422,138.30999755859375,139.60000610351562,35396600,-0.002215692591520546,138.73999895368303,129.8009520031157
2023-12-26,140.07000732421875,143.85000610351562,139.9199981689453,143.41000366210938,47157400,0.02729224492847493,139.51285661969865,130.8057141985212
2023-12-27,144.72000122070312,146.25,143.17999267578125,146.07000732421875,49033400,0.018548243457106706,140.50142996651786,131.92095256987074
2023-12-28,146.8000030517578,150.41000366210938,145.9499969482422,148.75999450683594,63800700,0.018415739356036687,141.91000148228235,133.19476173037575
2023-12-29,149.5,151.0500030517578,147.1999969482422,147.41000366210938,62079200,-0.009074958957897339,142.94714573451452,134.31666673932756
2024-01-02,144.27999877929688,144.39999389648438,137.42999267578125,138.5800018310547,64902000,-0.05990096744922868,143.3914315359933,135.1461904616583
2024-01-03,135.7100067138672,137.42999267578125,133.74000549316406,135.32000732421875,61988600,-0.02352427813365343,142.7357177734375,135.8095241728283
2024-01-04,134.3000030517578,137.6999969482422,134.0,136.00999450683594,58610300,0.005098929539399277,142.22285897391183,136.64000011625745
2024-01-05,136.77999877929688,141.00999450683594,136.44000244140625,138.5800018310547,69657700,0.018895724049820428,141.5328587123326,137.6019050961449
2024-01-08,140.36000061035156,147.14999389648438,140.14999389648438,146.17999267578125,71756900,0.05484190174850667,141.54857090541296,139.0
2024-01-09,145.9499969482422,149.86000061035156,145.0800018310547,149.25999450683594,67875700,0.021069927386615506,141.6199994768415,139.99476187569755
2024-01-10,150.07000732421875,150.8800048828125,146.64999389648438,148.5399932861328,56951200,-0.004823805756405508,141.78142656598772,140.9290473574684
2024-01-11,148.52000427246094,150.3800048828125,143.69000244140625,148.02000427246094,62764600,-0.0035006667374100076,143.12999834333147,141.57714262462798
2024-01-12,148.0399932861328,148.75,145.0,146.55999755859375,48293100,-0.009863577028276227,144.73571123395647,142.00333295549666
2024-01-16,150.36000061035156,159.72000122070312,149.97999572753906,158.74000549316406,112711400,0.08310595071960769,147.98285566057478,142.98190452938988
2024-01-17,158.4499969482422,160.63999938964844,154.39999389648438,160.1699981689453,104085000,0.009008395025177363,151.06714085170202,144.03761872791108
2024-01-18,166.1999969482422,168.60000610351562,158.22000122070312,162.6699981689453,131864900,0.01560841623637299,153.422855922154,145.1576189313616
2024-01-19,165.8000030517578,174.25,162.1999969482422,174.22999572753906,140367900,0.07106410333015312,156.98999895368303,146.83999997093565
2024-01-22,174.38999938964844,174.72000122070312,164.14999389648438,168.17999267578125,122973800,-0.03472423348513887,159.79571315220423,148.17476181756882
2024-01-23,166.5,169.6300048828125,164.27000427246094,168.4199981689453,76830500,0.0014270751790717018,162.70999799455916,149.74380929129464
2024-01-24,172.5500030517578,180.5800018310547,170.55999755859375,178.2899932861328,125516400,0.05860346291707419,167.24285452706474,151.57142784481957
2024-01-25,183.41000366210935,184.9199981689453,177.6300048828125,180.3300018310547,127171400,0.011442081001416193,170.32713971819197,153.51095145089286
2024-01-26,175.2899932861328,181.22999572753903,174.14999389648438,177.25,107381200,-0.01707980812832377,172.7671399797712,155.12237984793526
2024-01-29,178.77000427246094,178.88999938964844,174.39999389648438,177.8300018310547,89384500,0.0032722247168106566,174.93285478864397,156.63476053873697
2024-01-30,176.1300048828125,178.47999572753906,169.52000427246094,172.05999755859375,122265700,-0.03244674246780166,174.62285505022322,157.7442844935826
2024-01-31,165.74000549316406,171.3000030517578,162.55999755859375,167.69000244140625,133157300,-0.02539808891778772,174.5528564453125,158.70999872116815
2024-02-01,169.27000427246094,171.13999938964844,165.86000061035156,170.47999572753906,91576700,0.016637803360445957,174.8471418108259,160.22904604957216
2024-02-02,173.7899932861328,179.0,173.0500030517578,177.66000366210938,82134300,0.042116424885682235,174.75714329310827,162.2452363513765
2024-02-05,179.08999633789062,180.00999450683594,171.11000061035156,174.22999572753906,76349200,-0.019306584846715547,173.8857138497489,164.06523640950522
2024-02-06,173.14999389648438,173.8800048828125,165.5,167.8800048828125,68854100,-0.036446025371295265,172.5471431187221,165.4604746500651
2024-02-07,169.47000122070312,172.97000122070312,168.1999969482422,170.94000244140625,53665400,0.018227290145302,171.56285749162947,166.63952273414247
2024-02-08,170.3300018310547,172.1699981689453,168.60000610351562,169.35000610351562,43385300,-0.009301487745301928,171.17571585518974,167.596189953032
2024-02-09,171.0,175.10000610351562,168.66000366210938,172.47999572753906,56375700,0.018482370895872346,171.86000061035156,168.73619006928942
2024-02-12,172.67999267578125,177.41000366210938,170.6699981689453,171.91000366210938,58177100,-0.0033046850623192903,172.06428745814733,169.8738090878441
2024-02-13,167.94000244140625,173.1699981689453,164.3000030517578,171.5399932861328,63071300,-0.002152349299601064,171.19000026157923,171.0633326939174
2024-02-14,173.47000122070312,178.74000549316406,172.8800048828125,178.6999969482422,57402500,0.041739558950351086,171.82857186453683,172.01380847749255
2024-02-15,179.13999938964844,180.5,175.25999450683594,176.75999450683594,51126400,-0.010856197395281098,173.0971418108259,172.8038083031064
2024-02-16,177.4499969482422,180.3300018310547,173.25,173.8699951171875,53940300,-0.01634984996300548,173.51571219308036,173.33714149111793
2024-02-20,171.13999938964844,171.80999755859375,162.0,165.69000244140625,66550000,-0.047046603240932794,172.99285452706474,172.93047514415923
2024-02-21,162.74000549316406,164.89999389648438,161.80999755859375,164.2899932861328,48365700,-0.008449569283871083,171.8228541782924,172.74523707798548
2024-02-22,173.1999969482422,183.8300018310547,172.0,181.8600006103516,100684700,0.10694508516789747,173.24428231375558,173.38523719424293
2024-02-23,181.8600006103516,183.8000030517578,174.5500030517578,176.52000427246094,69207400,-0.029363226217798077,173.9557124546596,173.3009520031157
2024-02-26,178.77999877929688,179.83999633789062,174.80999755859375,176.00999450683594,45435100,-0.00288924627963294,173.57142639160156,173.09523736862909
2024-02-27,175.9199981689453,178.4600067138672,172.49000549316406,178.0,43665200,0.011306207347712816,173.74857003348214,173.1309516543434
2024-02-28,176.25,176.83999633789062,173.58999633789062,176.5399932861328,35914400,-0.008202284909366253,174.12999834333147,173.06952267601378
2024-02-29,179.82000732421875,193.0,179.82000732421875,192.52999877929688,105538500,0.09057440863979038,177.9642835344587,174.0442846389044
2024-03-01,197.91000366210935,202.72000122070312,195.4199981689453,202.63999938964844,103820800,0.05251130044383867,183.44285583496094,175.7085702078683
2024-03-04,205.16000366210935,211.00999450683597,203.5,205.3600006103516,86835300,0.013422824856374804,186.7999986921038,177.36952282133558
2024-03-05,200.5,205.3300018310547,199.1499938964844,205.1300048828125,65407100,-0.0011199636095419185,190.88714163643974,178.67761811755952
2024-03-06,210.42999267578125,214.80999755859372,207.32000732421875,210.6300048828125,86687000,0.026812264754451975,195.8328574044364,180.41095188685827
2024-03-07,212.5200042724609,213.8300018310547,208.22000122070312,211.3800048828125,63869000,0.0035607462498863374,200.60142953055245,182.48238045828683
2024-03-08,213.41000366210935,227.3000030517578,205.6000061035156,207.38999938964844,120815200,-0.01887598354147113,205.0085732596261,184.21809459867933
2024-03-11,203.00999450683597,203.5500030517578,196.6999969482422,198.38999938964844,73098600,-0.043396499476769046,205.84571620396204,185.60095142182848
2024-03-12,200.5200042724609,202.8500061035156,194.2700042724609,202.75999450683597,68951700,0.022027295380976364,205.86285836356026,187.04285612560457
2024-03-13,198.72999572753903,198.8300018310547,192.6999969482422,194.7899932861328,70526900,-0.039307562816265795,204.3528573172433,188.13237944103426
2024-03-14,192.9199981689453,196.92999267578125,184.02999877929688,187.05999755859372,84490500,-0.039683741434213604,201.77142769949776,188.87142726353235
2024-03-15,184.8300018310547,193.8000030517578,184.47999572753903,191.05999755859372,95289500,0.02138351359032309,198.9757123674665,189.45999872116815
2024-03-18,193.2899932861328,193.5,188.0500030517578,190.6499938964844,59306900,-0.0021459419415285064,196.0142822265625,190.12142726353235
2024-03-19,183.16000366210935,185.6100006103516,177.36000061035156,181.4199981689453,83509500,-0.04841330198285043,192.30428205217635,190.48095121837798
2024-03-20,182.02999877929688,182.67999267578125,174.0,179.72999572753906,81773100,-0.009315414278818657,189.63856724330358,191.14952232724144
2024-03-21,185.97000122070312,187.69000244140625,177.66000366210938,178.67999267578125,75265600,-0.0058421135966061355,186.19856698172433,191.83476039341517
2024-03-22,177.2100067138672,180.75999450683597,175.0500030517578,179.64999389648438,57899100,0.005428706405105066,184.03570992606026,191.7295219784691
2024-03-25,172.89999389648438,182.8000030517578,172.0,178.6300048828125,71935300,-0.005677645690651101,182.8314252580915,191.82999819800966
2024-03-26,179.5399932861328,182.6000061035156,176.3300018310547,177.8699951171875,65322400,-0.004254659042995601,180.9471391950335,191.91856965564546
2024-03-27,179.9600067138672,181.22999572753903,175.39999389648438,179.58999633789062,55685600,0.009669990824309194,179.3671395438058,191.99428376697358
2024-03-28,179.47000122070312,183.3999938964844,178.3000030517578,180.4900054931641,57628600,0.005011465970410356,179.23428344726562,192.18237958635603
2024-04-01,180.10000610351562,187.2400054931641,179.89999389648438,183.33999633789065,74299900,0.01579029729064141,179.74999782017298,191.74476042247957
2024-04-02,179.47000122070312,180.10000610351562,174.8300018310547,178.6999969482422,61598800,-0.025308167788424485,179.7528555733817,190.60476030622212
2024-04-03,177.5399932861328,182.0500030517578,176.6999969482422,180.7700042724609,49835100,0.011583700948905262,179.91285705566406,189.4338080996559
2024-04-04,182.9199981689453,183.0200042724609,165.64999389648438,165.8300018310547,88280000,-0.0826464683758501,178.08428519112724,187.5623793829055
2024-04-05,168.10000610351562,172.69000244140625,165.5800018310547,170.4199981689453,66080300,0.027678925931429843,177.01999991280692,185.64761715843565
2024-04-08,168.1999969482422,171.66000366210938,166.82000732421875,169.89999389648438,43997500,-0.003051310163408316,175.6357138497489,183.67237854003906
2024-04-09,170.2100067138672,171.60000610351562,167.2899932861328,170.77999877929688,42886100,0.005179546288557546,174.24857003348214,181.92904517764137
2024-04-10,166.7100067138672,169.77999877929688,164.0,167.13999938964844,59600000,-0.021313967769448827,171.93428475516183,180.44094993954613
2024-04-11,167.5500030517578,170.9499969482422,166.5500030517578,170.5,48994500,0.02010291146716159,170.76285661969865,178.9047597249349
2024-04-12,164.52999877929688,165.6999969482422,161.82000732421875,163.27999877929688,63519600,-0.04234604821526755,168.26428440638952,177.40428379603796
2024-04-15,164.42999267578125,164.44000244140625,158.75999450683594,160.32000732421875,61461200,-0.018128316249433007,167.47714233398438,176.13095092773438
2024-04-16,162.27999877929688,164.8800048828125,161.6699981689453,163.4600067138672,55302100,0.019585823641451894,166.48285784040178,174.8166656494141
2024-04-17,163.97000122070312,164.4499969482422,153.8800048828125,154.02000427246094,75909000,-0.0577511443391211,164.21428789411272,173.07238042922248
2024-04-18,155.50999450683594,156.9600067138672,152.32000732421875,155.0800018310547,52669800,0.006882207045771915,161.971431187221,171.8180948893229
2024-04-19,151.58999633789062,154.25,145.2899932861328,146.63999938964844,71618200,-0.054423538443086006,159.04285975864954,170.24238077799478
2024-04-22,148.14999389648438,149.88999938964844,145.6300048828125,148.63999938964844,49397000,0.013638843482845608,155.92000252859933,168.81190490722656
2024-04-23,151.64999389648438,153.5,150.35000610351562,152.27000427246094,46051900,0.02442145383287242,154.3471461704799,167.50809587751115
2024-04-24,156.55999755859375,157.66000366210938,150.6300048828125,151.74000549316406,43412600,-0.0034806512407298262,153.1214316231864,166.22761971609933
2024-04-25,149.14999389648438,155.13999938964844,146.75,153.75999450683594,41471400,0.01331217174473398,151.73571559361048,165.07952444893974
2024-04-26,154.24000549316406,158.6300048828125,153.42999267578125,157.39999389648438,42510700,0.023673253900165836,152.21857125418526,164.02285766601562
2024-04-29,159.0800018310547,160.77000427246094,156.25999450683594,160.1999969482422,43478200,0.017789092505297477,152.9499991280692,163.0566667829241
2024-04-30,160.6300048828125,162.2899932861328,158.35000610351562,158.3800048828125,60742800,-0.011360749688513971,154.62714276994978,161.86809576125373
2024-05-01,148.11000061035156,151.3699951171875,142.13999938964844,144.27000427246094,89413200,-0.0890895326136133,154.0028577532087,160.22857230050224
2024-05-02,145.50999450683594,147.6199951171875,141.16000366210938,146.16000366210938,50034700,0.013100432062641998,153.1300005231585,158.58047703334265
2024-05-03,148.75,150.7899932861328,147.24000549316406,150.60000610351562,49361100,0.03037768425123044,152.96714346749442,157.85523914155505
2024-05-06,153.10000610351562,156.64999389648438,151.25999450683594,155.77999877929688,44624500,0.03439570030442596,153.2557155064174,157.15809631347656
2024-05-07,156.32000732421875,157.6999969482422,153.66000366210938,154.42999267578125,37374900,-0.008666106779396388,152.83142961774553,156.42142958868118
2024-05-08,153.39999389648438,155.3300018310547,152.52000427246094,153.6199951171875,28728000,-0.005245079304603162,151.8914293561663,155.60428655715216
2024-05-09,153.1300048828125,154.08999633789062,150.61000061035156,152.38999938964844,33018000,-0.008006742394443989,151.03571428571428,154.9019056047712
2024-05-10,154.2899932861328,156.3699951171875,151.30999755859375,151.9199981689453,37652800,-0.003084199898848783,152.12857055664062,154.01714361281623
2024-05-13,151.27999877929688,153.3300018310547,150.39999389648438,150.55999755859375,27859200,-0.008952084167610064,152.75714111328125,153.41142926897322
2024-05-14,150.42999267578125,153.49000549316406,148.77999877929688,153.16000366210938,31938300,0.01726890373057932,153.12285505022322,153.07047671363466
2024-05-15,155.58999633789062,159.69000244140625,154.6999969482422,159.6699981689453,43195900,0.04250453350208727,153.67856924874442,152.89000011625745
2024-05-16,160.9199981689453,168.05999755859375,159.89999389648438,162.6199951171875,76726700,0.018475587036212104,154.84856959751673,153.29952348981584
2024-05-17,168.42999267578125,169.72000122070312,162.32000732421875,164.47000122070312,65944400,0.011376252361725125,156.39857046944755,153.74666631789435
2024-05-20,165.5500030517578,168.49000549316406,164.47000122070312,166.3300018310547,45618000,0.011309056949878826,158.38999938964844,154.68428548177084
2024-05-21,164.0,165.8300018310547,163.10000610351562,164.66000366210938,30005500,-0.010040270249269678,160.21000017438615,155.44714282807848
2024-05-22,167.41000366210938,169.80999755859375,163.86000061035156,165.52000427246094,47426700,0.0052228871081305694,162.3471439906529,156.0780952090309
2024-05-23,170.17999267578125,173.13999938964844,158.27000427246094,160.42999267578125,91888800,-0.030751640075486364,163.3857138497489,156.49190412248885
2024-05-24,161.41000366210938,167.66000366210938,160.25,166.36000061035156,54868600,0.03696321264911151,164.34142848423548,157.09190441313245
2024-05-28,169.4199981689453,174.5500030517578,164.9600067138672,171.61000061035156,66495400,0.031558066727209066,165.62571498325892,157.76857139950707
2024-05-29,167.4600067138672,168.47999572753906,162.91000366210938,165.13999938964844,56537500,-0.037701772610522655,165.72142900739397,158.0038096110026
2024-05-30,167.89999389648438,168.75,163.8000030517578,166.75,46367000,0.009749307353167369,165.78142874581474,158.40238080705916
2024-05-31,166.64999389648438,169.5,160.07000732421875,166.89999389648438,64331900,0.0008995136220952826,166.10142735072546,159.4799993605841
2024-06-03,170.82000732421875,171.0800018310547,160.91000366210938,163.5500030517578,59157600,-0.02007184522010419,165.81999860491072,160.30809456961495
2024-06-04,162.83999633789062,164.8300018310547,158.8699951171875,159.99000549316406,48157200,-0.02176702838377287,165.75714329310827,160.75523739769346
2024-06-05,162.07000732421875,167.1199951171875,161.3800048828125,166.1699981689453,60507500,0.03862736710791159,165.73000008719308,161.24999927339098
2024-06-06,165.4600067138672,169.50999450683594,163.86000061035156,166.77999877929688,47153700,0.0036709431129160475,165.03999982561385,161.83809480212983
2024-06-07,166.58999633789062,169.4499969482422,165.86000061035156,167.8699951171875,44796000,0.006535533912151115,165.42999921526228,162.51666623070128
2024-06-10,162.47999572753906,165.5500030517578,159.61000061035156,160.33999633789062,67444600,-0.04485613271174693,164.51428440638952,162.8952375139509
2024-06-11,160.5,161.5399932861328,156.9199981689453,158.9600067138672,40497100,-0.008606646223911163,163.3800005231585,163.23047601609002
2024-06-12,160.32000732421875,162.24000549316406,158.6199951171875,160.24000549316406,48325800,0.008052332191963885,162.90714372907365,163.69142877487909
2024-06-13,160.39999389648438,162.66000366210938,157.30999755859375,159.89999389648438,44442500,-0.002121889572040736,162.89428492954798,164.0123806908017
2024-06-14,158.5,161.33999633789062,157.61000061035156,159.6300048828125,34054000,-0.001688486704049863,161.96000017438615,164.0104762486049
2024-06-17,158.0,159.22999572753906,154.13999938964844,158.39999389648438,44507700,-0.007705387137155739,160.76285661969865,163.8095238095238
2024-06-18,156.99000549316406,157.24000549316406,153.33999633789062,154.6300048828125,51852000,-0.02380043660945841,158.87142944335938,163.34095255533853
2024-06-20,155.82000732421875,166.82000732421875,155.5,161.77999877929688,93245700,0.04623936927314376,159.077144077846,163.12428574335007
2024-06-21,161.75,163.1999969482422,157.88999938964844,161.22999572753906,61293900,-0.003399697465124474,159.40142822265625,162.96095203218005
2024-06-24,159.75,163.39999389648438,158.19000244140625,160.25,45954100,-0.006078246936104592,159.4028560093471,162.70999944777716
2024-06-25,160.72999572753906,161.0,156.4499969482422,160.25,40572300,0.0,159.4528568812779,162.70142836797805
2024-06-26,160.60000610351562,160.74000549316406,156.0,157.5399932861328,36973400,-0.01691111833926484,159.15428379603796,162.28142801920572
2024-06-27,157.17999267578125,160.61000061035156,156.80999755859375,159.47000122070312,34018200,0.012250907812754175,159.30714198521204,161.70333281017486
2024-06-28,160.22999572753906,166.4499969482422,159.41000366210938,162.2100067138672,56204600,0.017181949408603625,160.38999938964844,161.56380934942337
2024-07-01,161.25,161.50999450683594,153.63999938964844,157.69000244140625,50436700,-0.02786513831069659,159.8057141985212,161.13238089425224
2024-07-02,157.0399932861328,164.5800018310547,156.6999969482422,164.30999755859375,57838600,0.041981070547876476,160.24571446010046,161.00904773530505
2024-07-03,164.1999969482422,165.25999450683594,162.50999450683594,163.89999389648438,26980900,-0.0024953056308284483,160.76714215959822,161.02571396600632
2024-07-05,165.97000122070312,174.0399932861328,165.67999267578125,171.89999389648438,61857100,0.048810251970190066,162.43142700195312,161.59285627092635
2024-07-08,174.89999389648438,178.9499969482422,173.22000122070312,178.69000244140625,60223400,0.039499760244382065,165.4528568812779,162.18904695056733
2024-07-09,177.97000122070312,180.41000366210935,174.6999969482422,177.10000610351562,43395600,-0.008898071051356093,167.97142900739397,162.68047587076822
2024-07-10,179.99000549316406,187.27999877929688,177.8000030517578,183.9600067138672,90247000,0.038735179977023027,171.07857186453683,163.44666689918154
2024-07-11,184.07000732421875,187.1100006103516,177.25,181.94000244140625,59231400,-0.01098067079114029,174.54285757882255,164.4752386183966
2024-07-12,182.0200042724609,186.9900054931641,179.69000244140625,181.6100006103516,50827400,-0.0018137948039268492,177.0142865862165,165.5538097563244
2024-07-15,184.4499969482422,185.5,178.5399932861328,179.8300018310547,42202700,-0.009801215645144579,179.29000200544084,166.48666672479538
2024-07-16,179.69000244140625,179.75,174.52999877929688,177.5500030517578,40633100,-0.012678634021473623,180.0971461704799,167.32714335123697
2024-07-17,169.8000030517578,169.8000030517578,159.3699951171875,159.42999267578125,76954200,-0.10205581562673571,177.34571620396204,167.31761896042596
2024-07-18,163.41000366210938,163.41000366210938,153.1999969482422,155.77000427246094,69420300,-0.022956711857619605,174.29857308523995,167.192381359282
2024-07-19,154.86000061035156,155.80999755859375,150.6199951171875,151.5800018310547,47513100,-0.026898647534716713,169.67285810198103,167.0471431187221
2024-07-22,154.22999572753906,156.6999969482422,152.5399932861328,155.8699951171875,43912500,0.02830184215800635,165.94857134137834,166.76571437290735
2024-07-23,154.9499969482422,157.0500030517578,153.8000030517578,154.0,31950600,-0.011997146184431373,162.00428553989954,166.42142886207216
2024-07-24,152.72000122070312,153.67999267578125,144.52999877929688,144.6300048828125,49203100,-0.060844124137581224,156.97571454729353,165.67761957077752
2024-07-25,144.07000732421875,144.75,136.80999755859375,138.32000732421875,60578500,-0.043628551099797575,151.37142944335938,164.63333420526413
2024-07-26,140.32000732421875,141.2899932861328,138.27000427246094,139.99000549316406,49435800,0.012073438985806817,148.5942884172712,163.79762050083704
2024-07-29,141.19000244140625,144.58999633789062,138.75,139.75,47447200,-0.0017144473444269392,146.30571637834822,162.85857282366072
2024-07-30,139.8800048828125,141.6999969482422,134.0500030517578,138.44000244140625,68801700,-0.009373864462209336,144.42857360839844,161.72666785830543
2024-07-31,150.72999572753906,153.60000610351562,140.02999877929688,144.47999572753906,114306800,0.04362895969096203,142.80143083844865,161.09761991954986
2024-08-01,145.0,147.2899932861328,130.24000549316406,132.5399932861328,94731900,-0.0826412153549807,139.73571559361048,159.5847625732422
2024-08-02,133.5,137.10000610351562,131.3300018310547,132.5,78562000,-0.00030174504420321657,138.0028577532087,158.0895247686477
2024-08-05,122.16000366210938,139.13999938964844,121.83000183105467,134.82000732421875,76089400,0.017509489239386777,137.5028577532087,156.32381112234933
2024-08-06,135.14999389648438,136.44000244140625,129.10000610351562,130.17999267578125,64455600,-0.03441636549743743,136.10142735072546,154.01381065731957
2024-08-07,133.75,136.24000549316406,128.3699951171875,128.6699981689453,54676500,-0.0115992824688248,134.51856994628906,151.7076198032924
2024-08-08,131.97000122070312,136.47999572753906,128.94000244140625,136.32000732421875,49037500,0.05945449027852545,134.21571350097656,149.43904840378534
2024-08-09,134.69000244140625,135.5,132.44000244140625,134.27000427246094,40583000,-0.015038167118654577,132.75714329310827,147.1690484909784
2024-08-12,134.44000244140625,137.99000549316406,133.22999572753906,136.77000427246094,39724300,0.018619199526701324,133.36143057686942,145.0338105701265
2024-08-13,138.1199951171875,141.19000244140625,137.52000427246094,141.1300048828125,42218000,0.03187833935916218,134.5942884172712,143.19095357259116
2024-08-14,143.0,143.25,137.63999938964844,140.75,35506400,-0.0026925874701700936,135.4414302280971,141.4385724748884
2024-08-15,143.0,147.9600067138672,141.80999755859375,147.36000061035156,43582400,0.046962704158803215,137.89571707589286,140.86381094796317
2024-08-16,145.6999969482422,149.3699951171875,145.1999969482422,148.55999755859375,31123900,0.008143301732301156,140.73714556012834,140.52047729492188
2024-08-19,148.42999267578125,155.3699951171875,147.72000122070312,155.27999877929688,60766900,0.045234257748642426,143.44571576799666,140.69666762579055
2024-08-20,156.49000549316406,162.0399932861328,154.50999450683594,156.39999389648438,76851200,0.0072127455306034705,146.60714285714286,140.72190566289993
2024-08-21,156.1199951171875,158.64999389648438,155.07000732421875,157.80999755859375,42791200,0.00901536903538891,149.61285618373327,140.90333411807106
2024-08-22,158.8699951171875,159.83999633789062,151.00999450683594,151.6999969482422,45737300,-0.03871744949544764,151.12285505022322,141.24000040690103
2024-08-23,153.60000610351562,156.39999389648438,151.8300018310547,154.97999572753906,43694600,0.02162161400976137,153.1557115827288,142.03333318801154
2024-08-26,154.6999969482422,158.27999877929688,148.91000366210938,149.99000549316406,49893300,-0.0321976408048662,153.53142656598772,142.50952366420202
2024-08-27,150.1300048828125,151.6999969482422,148.44000244140625,150.5,35102700,0.00340018993371638,153.8085697719029,143.02142842610678
2024-08-28,149.39999389648438,150.42999267578125,144.72000122070312,146.36000061035156,34075800,-0.027508301592348405,152.53428431919642,143.39857119605654
2024-08-29,146.58999633789062,149.49000549316406,144.47000122070312,145.49000549316406,31602100,-0.005944213675590615,150.97571454729353,143.44666689918154
2024-08-30,147.52000427246094,148.99000549316406,145.25,148.55999755859375,31169100,0.02110105127168982,149.65428597586495,144.2095242454892
2024-09-03,146.41000366210938,146.49000549316406,136.10000610351562,136.94000244140625,42172700,-0.07821752361435275,147.54571533203125,144.42095293317522
2024-09-04,140.50999450683594,143.3699951171875,138.50999450683594,140.8699951171875,42130600,0.028698646164131647,145.5300009591239,144.70904758998327
2024-09-05,138.1999969482422,141.7100067138672,137.8300018310547,139.44000244140625,25023000,-0.010151151596134111,144.02285766601562,145.1500004359654
2024-09-06,138.6999969482422,139.1300048828125,132.11000061035156,134.35000610351562,39993500,-0.036503128576962585,141.71571568080358,145.42047700427827
2024-09-09,136.10000610351562,138.4499969482422,134.86000061035156,138.14999389648438,27194500,0.02828423982385897,140.54285757882255,145.50761922200522
2024-09-10,139.05999755859375,143.0800018310547,137.25,142.83999633789062,37217500,0.033948625759046,140.1642848423549,145.91571408226378
2024-09-11,145.32000732421875,150.16000366210938,140.7100067138672,149.86000061035156,50935400,0.04914592867851231,140.3499995640346,146.53904724121094
2024-09-12,148.42999267578125,151.5399932861328,147.64999389648438,150.77000427246094,29233700,0.006072358590705429,142.32571411132812,146.9980948311942
2024-09-13,152.32000732421875,153.02999877929688,150.6999969482422,152.30999755859375,25117200,0.010214188780878652,143.96000017438615,147.54857090541296
2024-09-16,151.6999969482422,154.44000244140625,150.91000366210938,152.0800018310547,27677800,-0.0015100501032480063,145.76571437290735,147.77333286830358
2024-09-17,153.5500030517578,154.0399932861328,149.22999572753906,150.82000732421875,29889000,-0.008285076878389752,148.11857169015067,147.88095238095238
2024-09-18,150.89999389648438,152.82000732421875,148.00999450683594,148.2899932861328,26320100,-0.016775055796457772,149.567143031529,147.54809497651598
2024-09-19,153.80999755859375,159.25,152.77000427246094,156.74000549316406,44500000,0.05698302373462605,151.55285862513952,147.56428600492933
2024-09-20,156.0,157.4499969482422,152.47000122070312,155.9499969482422,40248200,-0.005040248291661165,152.42285810198103,147.47571454729353
2024-09-23,156.4499969482422,157.19000244140625,154.97000122070312,156.75,21728500,0.005129868979884211,153.27714320591517,147.7161908830915
2024-09-24,157.4600067138672,159.63999938964844,154.5800018310547,158.32000732421875,27531200,0.010015995688795742,154.1357160295759,147.87523905436197
2024-09-25,158.5,162.9499969482422,158.17999267578125,162.02000427246094,35233300,0.023370368728350854,155.55571637834822,148.4480961390904
2024-09-26,167.05999755859375,168.67999267578125,164.0500030517578,167.49000549316406,38044900,0.033761270685467304,157.93714468819755,149.25714401971726
2024-09-27,167.47999572753906,168.72999572753906,163.74000549316406,164.35000610351562,27876000,-0.01874738364479067,160.23143223353796,150.11381094796317
2024-09-30,163.10000610351562,165.0800018310547,162.17999267578125,164.0800018310547,21881600,-0.00164286134733016,161.2800031389509,150.9990488688151
2024-10-01,164.47999572753906,165.39999389648438,158.0800018310547,159.75,31831900,-0.026389576930362812,161.82286071777344,151.5319061279297
2024-10-02,159.30999755859375,163.10000610351562,158.6699981689453,159.77999877929688,24630400,0.00018778578589584427,162.25571768624442,152.61952500116257
2024-10-03,159.7100067138672,166.7899932861328,159.39999389648438,162.85000610351562,29598800,0.01921396512500495,162.9028603690011,153.66619219098772
2024-10-04,166.52999877929688,171.2100067138672,164.4199981689453,170.89999389648438,44556500,0.04943191581983597,164.17143031529017,155.16428702218192
2024-10-07,171.0800018310547,172.41000366210938,168.2100067138672,170.97000122070312,38379900,0.000409639126500716,164.66857256208147,156.90809631347656
2024-10-08,171.75,173.60000610351562,170.0,172.8000030517578,34730200,0.010703642849556827,165.87571498325892,158.55809674944197
2024-10-09,174.0500030517578,174.0500030517578,169.5500030517578,171.02000427246094,33890700,-0.010300918679750914,166.86714390345983,159.90000188918341
2024-10-10,169.75999450683594,172.00999450683594,162.0,164.17999267578125,75113600,-0.03999538899427524,167.5,160.5819062732515
2024-10-11,164.19000244140625,169.35000610351562,163.00999450683594,167.88999938964844,42136200,0.02259719137150662,168.65857151576452,161.3971441359747
2024-10-14,167.77000427246094,168.89999389648438,165.14999389648438,165.27000427246094,31757200,-0.015605426926632249,169.00428553989954,162.01428731282553
2024-10-15,163.2100067138672,164.1300048828125,155.74000549316406,156.63999938964844,50768000,-0.05221761154301929,166.96714346749442,162.23143005371094
2024-10-16,158.07000732421875,158.27999877929688,154.9199981689453,156.1300048828125,30575800,-0.0032558382841110234,164.8471439906529,162.48428708031065
2024-10-17,160.0,160.44000244140625,156.1999969482422,156.25,29491900,0.0007685589792785219,162.48285784040178,162.86333501906623
2024-10-18,157.41000366210938,158.00999450683594,155.55999755859375,155.97000122070312,23823000,-0.0017919921875000355,160.3328574044364,162.82666814894904
2024-10-21,155.75999450683594,158.0,154.14999389648438,157.89999389648438,25781200,0.012374127464743978,159.4357147216797,162.91952514648438
2024-10-22,156.60000610351562,156.74000549316406,151.91000366210938,154.08999633789062,34997400,-0.02412918116444951,157.46428571428572,162.79285830543154
2024-10-23,153.0,153.4499969482422,150.52000427246094,152.91000366210938,26095900,-0.007657814938185514,155.69857134137834,162.53523908342635
2024-10-24,154.74000549316406,155.19000244140625,152.35000610351562,153.44000244140625,22877000,0.003466083098578876,155.2414289202009,162.12666756766183
2024-10-25,155.39999389648438,158.91000366210938,155.0500030517578,156.22999572753906,29758500,0.018182959083295147,155.2557133265904,161.59047662644159
2024-10-28,158.5,160.27999877929688,157.0399932861328,159.9199981689453,36010100,0.023619039507890127,155.77999877929688,161.37952386765252
2024-10-29,161.10000610351562,167.50999450683594,158.94000244140625,166.25,71896000,0.039582303048599554,157.24857003348214,161.4828571137928
2024-10-30,153.00999450683594,153.1199951171875,148.10000610351562,148.60000610351562,87701700,-0.10616537682095861,155.92000034877233,160.95190502348402
2024-10-31,147.8000030517578,148.67999267578125,143.3300018310547,144.07000732421875,44386600,-0.030484512740472258,154.4885733468192,160.2038101922898
2024-11-01,144.44000244140625,144.5399932861328,141.32000732421875,141.86000061035156,39027400,-0.015339811213403554,152.91000148228235,159.20428612118675
2024-11-04,141.6999969482422,143.63999938964844,139.72000122070312,140.7100067138672,29117400,-0.008106540896211323,151.0914306640625,157.76666768391928
2024-11-05,141.94000244140625,143.0800018310547,140.8000030517578,141.66000366210938,27067300,0.006751452653783074,149.01000322614397,156.37095351446243
2024-11-06,144.9499969482422,145.6300048828125,141.52000427246094,145.10000610351562,32911500,0.02428351230041903,146.89286150251115,155.0519060407366
2024-11-07,146.67999267578125,150.1199951171875,145.66000366210938,149.82000732421875,30326400,0.03252929718924924,144.54571969168526,154.0423823765346
2024-11-08,149.38999938964844,150.7100067138672,147.52999877929688,147.9499969482422,27560300,-0.012481713286328633,144.45286124093192,153.26952543712798
2024-11-11,147.3800048828125,148.57000732421875,144.91000366210938,147.35000610351562,29868100,-0.004055362332561985,144.9214324951172,152.2914305187407
2024-11-12,147.0,147.4499969482422,141.5500030517578,143.6300048828125,33560300,-0.02524602013310928,145.1742902483259,151.26095435732887
2024-11-13,142.86000061035156,144.49000549316406,139.07000732421875,139.3000030517578,35146600,-0.030146916966183546,144.97286115373885,150.43524024600075
2024-11-14,140.33999633789062,141.39999389648438,138.55999755859375,138.83999633789062,31681400,-0.003302273537612699,144.57000296456474,149.61190650576637
2024-11-15,136.57000732421875,137.35000610351562,133.64999389648438,134.89999389648438,44217500,-0.02837800738497276,143.11285836356026,148.5952395484561
2024-11-18,138.19000244140625,140.89999389648438,137.2100067138672,138.92999267578125,38705400,0.029873973029155954,141.55714198521204,147.7838105701265
2024-11-19,137.41000366210938,139.75,137.13999938964844,139.38999938964844,23131400,0.0033110684381931765,140.33428519112724,146.90238226027716
2024-11-20,138.9600067138672,140.77000427246094,135.47999572753906,137.60000610351562,28843100,-0.012841619154679074,138.9414280482701,146.11714463006882
2024-11-21,138.8699951171875,140.27999877929688,134.92999267578125,137.49000549316406,29311400,-0.0007994230048856688,138.0642852783203,145.3828590029762
2024-11-22,137.35000610351562,139.1300048828125,137.0399932861328,138.35000610351562,21784700,0.006255004552998766,137.92857142857142,144.6642877487909
2024-11-25,140.49000549316406,142.35000610351562,139.0500030517578,141.1300048828125,30923100,0.02009395487280896,138.2557155064174,143.9452405657087
2024-11-26,142.5500030517578,142.8000030517578,136.6199951171875,137.72000122070312,32092400,-0.02416214514369841,138.6585736955915,142.88809785388764
2024-11-27,137.1999969482422,137.94000244140625,132.9600067138672,136.24000549316406,30175300,-0.010746410938286988,138.27428981236048,141.45905049641928
2024-11-29,136.24000549316406,138.58999633789062,135.77999877929688,137.17999267578125,16085700,0.006899494603032297,137.95857456752233,140.91524033319382
2024-12-02,137.9199981689453,142.82000732421875,137.8000030517578,142.05999755859375,33102400,0.035573736283440294,138.59571620396204,140.81952558244978
2024-12-03,142.5800018310547,143.4499969482422,141.0800018310547,141.97999572753906,22665300,-0.0005631552332083789,139.23714338030135,140.82523963564918
2024-12-04,142.9600067138672,144.1199951171875,141.17999267578125,143.99000549316406,25942700,0.014156992718060257,140.04285757882255,140.98143005371094
2024-12-05,143.67999267578125,143.9499969482422,140.3800048828125,141.36000061035156,29576900,-0.018265190516555396,140.07571411132812,140.9671441941034
2024-12-06,141.47999572753906,142.7899932861328,137.39999389648438,138.58999633789062,33576800,-0.019595389505523864,140.1999991280692,140.65714372907365
2024-12-09,135.7100067138672,135.77000427246094,130.0,130.8699951171875,57055600,-0.055703885018376864,139.43285478864397,139.7547621954055
2024-12-10,131.55999755859375,131.55999755859375,127.06999969482422,127.73999786376952,38907200,-0.023916843968819768,138.08428410121374,138.7923812866211
2024-12-11,128.52000427246094,131.2100067138672,126.22000122070312,130.14999389648438,45588100,0.0188664167294339,136.38285500662667,137.97333308628626
2024-12-12,130.0,132.32000732421875,129.07000732421875,130.60000610351562,34267100,0.003457642936112393,134.75714220319475,137.3528569539388
2024-12-13,131.3000030517578,131.3000030517578,124.7699966430664,126.91000366210938,67544700,-0.02825422870563643,132.31714194161552,136.76285698300316
2024-12-16,126.01000213623048,127.76000213623048,123.12000274658205,126.69000244140624,42090300,-0.0017335215062233011,130.22142791748047,136.18428584507532
2024-12-17,124.4499969482422,127.08000183105467,123.1500015258789,125.0199966430664,43314900,-0.01318182781717292,128.28285653250558,135.71380978538878
2024-12-18,125.43000030517578,127.75,120.43000030517578,121.41000366210938,49724400,-0.028875324571185246,126.93142918178013,134.87952459426154
2024-12-19,122.16000366210938,123.37999725341795,118.4499969482422,118.87999725341795,46160700,-0.02083853333645036,125.66571480887276,133.9028578258696
2024-12-20,118.0,121.86000061035156,117.9000015258789,119.20999908447266,53591200,0.0027759239458193807,124.1028584071568,133.02714320591517
2024-12-23,120.70999908447266,126.33999633789062,120.47000122070312,124.5999984741211,47777900,0.04521432288435023,123.24571446010044,132.41333334786552
2024-12-24,127.51000213623048,127.51000213623048,124.66000366210938,126.29000091552734,24829600,0.013563422649296886,123.15714263916016,131.83904738653274
2024-12-26,125.5199966430664,127.3000030517578,125.0500030517578,125.05999755859376,24998200,-0.009739514989443254,122.92428479875836,131.07380894252233
2024-12-27,124.37000274658205,126.18000030517578,122.26000213623048,125.19000244140624,32924000,0.001039540103553671,122.94857134137835,130.47714233398438
2024-12-30,123.55999755859376,124.0999984741211,122.3499984741211,122.44000244140624,30501600,-0.021966610323273295,123.09571402413505,129.8199993315197
2024-12-31,123.0999984741211,123.5500030517578,120.13999938964844,120.79000091552734,30203400,-0.013476000432689483,123.36857169015067,129.0395235334124
2025-01-02,122.29000091552734,123.13999938964844,119.44000244140624,120.62999725341795,34256200,-0.0013246432725940727,123.57142857142857,128.019047328404
2025-01-03,121.6500015258789,125.55999755859376,121.41999816894533,125.37000274658205,36785300,0.03929375446479,123.68142918178013,127.22809528169178
2025-01-06,129.07000732421875,130.72999572753906,127.36000061035156,129.5500030517578,48020200,0.033341311426985154,124.1471437726702,126.54047611781529
2025-01-07,130.50999450683594,131.7100067138672,126.8499984741211,127.33000183105467,39220400,-0.017136249852624075,124.47143009730748,125.87238093784875
2025-01-08,124.51000213623048,125.3000030517578,120.12000274658205,121.83999633789062,46723100,-0.04311635446647022,123.99285779680524,125.07476189022971
2025-01-10,118.18000030517578,118.70999908447266,114.4499969482422,116.04000091552734,59415600,-0.04760337817376936,123.07857186453683,124.36857169015065
2025-01-13,115.27999877929688,117.4800033569336,114.41000366210938,117.31999969482422,39128900,0.01103066846947609,122.58285740443638,123.87238130115325
2025-01-14,118.0,118.66000366210938,114.5,116.08999633789062,37005300,-0.010484174566426141,121.93428584507534,123.20285760788688
2025-01-15,117.5500030517578,120.41999816894533,117.45999908447266,119.95999908447266,38185800,0.03333622937947234,121.16142817905971,122.69619060698008
2025-01-16,120.23999786376952,121.08999633789062,118.25,118.44000244140624,29414100,-0.012670862409694394,119.57428523472377,122.29285721551803
2025-01-17,120.77999877929688,122.73999786376952,120.5500030517578,121.45999908447266,35765900,0.025498113650921805,118.73571341378349,122.04380943661643
2025-01-21,122.38999938964844,123.75,121.12000274658205,122.27999877929688,31578800,0.0067511913469875395,118.79857090541294,121.91333334786549
2025-01-22,123.08000183105467,125.6500015258789,121.91000366210938,123.75,35023800,0.012021599896777202,119.8999993460519,122.0247617449079
2025-01-23,121.43000030517578,123.70999908447266,120.62999725341795,123.04000091552734,24921100,-0.005737366339172989,120.71714237758091,122.2228571573893
2025-01-24,124.5500030517578,125.25,122.2300033569336,122.83999633789062,31570300,-0.0016255248386581878,121.68142809186664,122.39571416945682
2025-01-27,117.8000030517578,118.08000183105467,112.8000030517578,115.01000213623048,61067900,-0.0637414069935538,120.97428567068917,121.93904767717632
2025-01-28,115.18000030517578,116.1500015258789,112.9499969482422,114.16999816894533,40554800,-0.007303747080103173,120.36428506033761,121.36190468924386
2025-01-29,115.7699966430664,118.5199966430664,114.95999908447266,117.3499984741211,40199100,0.027853204486086636,119.77714211600167,120.99476187569755
2025-01-30,118.52999877929688,120.44000244140624,117.08999633789062,118.86000061035156,29788400,0.012867508784531134,119.28857094900948,120.69333321707589
2025-01-31,119.13999938964844,119.56999969482422,115.33000183105467,115.9499969482422,40463400,-0.024482615237812255,118.17428479875836,120.38428533644904
2025-02-03,113.87999725341795,115.16000366210938,112.9800033569336,114.2699966430664,34586100,-0.014489006894288337,116.92142704554966,120.07380894252232
2025-02-04,115.4499969482422,119.8499984741211,114.79000091552734,119.5,69412100,0.04576882393083492,116.44428471156529,120.01999954950242
2025-02-05,107.61000061035156,112.08999633789062,106.5,112.01000213623048,110385200,-0.06267780639137677,116.01571328299386,119.38380904424758
2025-02-06,110.93000030517578,112.55999755859376,109.0199966430664,110.16000366210938,50426600,-0.016516368528152303,115.44285692487445,118.4604757399786
2025-02-07,109.12999725341795,109.91999816894533,106.79000091552734,107.55999755859376,46082500,-0.023602088027252943,114.04428536551339,117.51904696509953
2025-02-10,108.44000244140624,111.4000015258789,108.1500015258789,110.4800033569336,34905400,0.027147693051491117,112.8471429007394,116.9780949183873
2025-02-11,108.9800033569336,113.06999969482422,108.94000244140624,111.0999984741211,35033800,0.005611831085707397,112.15428597586495,116.74285670689176
2025-02-12,109.5199966430664,111.83999633789062,109.05999755859376,111.72000122070312,25319700,0.005580582854161298,111.79000091552734,116.476190112886
2025-02-13,112.0,114.5999984741211,110.4000015258789,111.80999755859376,40911800,0.0008055526038963645,110.6914291381836,116.2723806472052
2025-02-14,112.6500015258789,114.62999725341795,111.6999969482422,113.0999984741211,32477200,0.011537438008182743,110.8471429007394,115.94571395147416
2025-02-18,114.0500030517578,115.5500030517578,113.4499969482422,114.27999877929688,31720300,0.010433247755045505,111.43571363176618,115.74761853899277
2025-02-19,114.25,116.11000061035156,113.13999938964844,114.69000244140624,28807700,0.0035877114673512622,112.45428575788226,115.4252377464658
2025-02-20,115.01000213623048,116.5500030517578,113.11000061035156,114.16999816894533,27219600,-0.004533998268302142,112.98142787388393,115.03904724121097
2025-02-21,114.8499984741211,115.76000213623048,110.43000030517578,110.83999633789062,41353700,-0.02916704812526194,112.94428471156529,114.42428516206289
2025-02-24,111.48999786376952,111.5999984741211,107.9800033569336,108.11000061035156,29072200,-0.02463005970531429,112.42857033865792,113.71333276657833
2025-02-25,107.88999938964844,108.63999938964844,103.62000274658205,103.95999908447266,39169200,-0.038386842127920096,111.30714198521206,112.81428527832034
2025-02-26,104.9499969482422,105.8000030517578,103.98999786376952,104.73999786376952,29178200,0.007502874049306829,110.11285618373326,112.32523745582219
2025-02-27,105.08000183105467,105.76000213623048,99.5,99.51000213623048,47263700,-0.04993312807148853,108.0028566632952,111.62714240664528
2025-02-28,99.55999755859376,101.8000030517578,98.69000244140624,99.86000061035156,45194600,0.003517219039367747,105.88428497314453,110.79428536551339
2025-03-03,101.5199966430664,102.33999633789062,97.08999633789062,98.2300033569336,38958000,-0.016322824388697255,103.60714285714286,109.81190454392205
2025-03-04,96.0,103.18000030517578,95.88999938964844,100.75,54156900,0.025654042114908737,102.16571480887276,109.08809516543434
2025-03-05,100.36000061035156,101.83999633789062,98.87000274658205,101.66999816894533,27855500,0.009131495473402751,101.24571446010046,108.48809523809524
2025-03-06,99.0500030517578,101.08000183105467,98.2699966430664,98.8499984741211,28985000,-0.027736793012804295,100.51571437290737,107.50476183210101
2025-03-07,98.87999725341795,100.6500015258789,96.38999938964844,100.30999755859376,33254400,0.01476984427930872,99.8828571864537,106.94761875697544
2025-03-10,98.56999969482422,101.29000091552734,95.83000183105467,96.62999725341795,38733200,-0.03668627649029921,99.47142791748047,106.30333273751395
2025-03-11,96.79000091552734,98.16000366210938,94.7300033569336,96.76000213623048,34078300,0.0013453884560461482,99.02857099260602,105.78904724121094
2025-03-12,99.0500030517578,101.72000122070312,98.16999816894533,100.79000091552734,34241300,0.04164942838284502,99.394284929548,105.32761855352493
2025-03-13,99.72000122070312,100.06999969482422,97.2699966430664,98.11000061035156,28575200,-0.026589942264430566,99.01714215959821,104.70904722667876
2025-03-14,99.63999938964844,101.22000122070312,99.58000183105467,100.97000122070312,24715300,0.029150959051668757,98.91714259556362,104.19714246477399
2025-03-17,102.5999984741211,106.1500015258789,102.5999984741211,104.58999633789062,43689500,0.03585218454414796,99.73714229038784,103.85333288283576
2025-03-18,103.8499984741211,104.5500030517578,102.97000122070312,103.51000213623048,27152800,-0.010325979916579131,100.1942858014788,103.39666639055524
2025-03-19,104.41999816894533,107.9000015258789,101.95999908447266,106.2300033569336,32287500,0.026277665583692045,101.56571524483817,103.01333327520462
2025-03-20,105.12000274658205,108.26000213623048,105.12000274658205,107.13999938964844,26871800,0.008566280748925958,103.04857199532645,102.653809320359
2025-03-21,105.33000183105467,107.25,104.33000183105467,106.44000244140624,30767900,-0.006533479113588925,103.855715070452,102.28571428571429
2025-03-24,109.7300033569336,114.8499984741211,109.4000015258789,113.8499984741211,53342000,0.06961664658730116,106.10428619384766,102.42904772077289
2025-03-25,113.2699966430664,114.9499969482422,112.70999908447266,114.80999755859376,29077500,0.008432139634072078,108.08142852783203,102.7480951944987
2025-03-26,114.11000061035156,115.9000015258789,108.68000030517578,110.19000244140624,39824000,-0.0402403555041424,108.88142939976284,103.04476202101935
2025-03-27,106.11000061035156,107.62000274658205,105.5500030517578,106.6500015258789,32773700,-0.03212633484974947,109.33000074114118,103.13571457635788
2025-03-28,105.52999877929688,106.51000213623048,102.4800033569336,103.22000122070312,31069100,-0.0321612776005773,108.9000004359654,103.31238119942802
2025-03-31,100.23999786376952,102.81999969482422,98.8000030517578,102.73999786376952,30865300,-0.004650294044342029,108.27142878941127,103.44952392578125
2025-04-01,102.16000366210938,102.83000183105467,100.93000030517578,102.77999877929688,23523200,0.0003893412143185504,107.74857112339565,103.66619037446522
2025-04-02,101.5199966430664,104.19000244140624,100.76000213623048,102.95999908447266,20794000,0.0017513164751277177,106.19285692487445,103.77142842610677
2025-04-03,97.79000091552734,99.4499969482422,93.63999938964844,93.8000030517578,50472500,-0.0889665512253901,103.1914291381836,103.39666675385975
2025-04-04,90.0999984741211,91.08000183105467,83.66999816894531,85.76000213623047,65847000,-0.0857142926860135,99.70142909458706,102.77333359491257
2025-04-07,80.68000030517578,89.0,77.75,83.63999938964844,70515400,-0.024720180664342672,96.41428593226841,101.97952415829613
2025-04-08,86.1500015258789,88.93000030517578,76.4800033569336,78.20999908447266,69910200,-0.06492109450980954,92.8414284842355,101.10238138834636
2025-04-09,79.22000122070312,97.91000366210938,78.87000274658203,96.83999633789062,97827400,0.23820480081192907,91.99857112339565,101.10619063604446
2025-04-10,91.0,92.9499969482422,85.05999755859375,88.69999694824219,65210600,-0.08405617201023685,89.98714229038784,100.53047616141183
2025-04-11,90.51000213623048,94.76000213623048,90.5,93.4000015258789,57892600,0.05298765207826617,88.62142835344586,100.30619049072266
2025-04-14,97.11000061035156,97.37000274658205,93.4499969482422,94.5,36003000,0.011777285397755799,88.72142791748047,99.9980951944987
2025-04-15,94.66000366210938,96.8499984741211,94.62000274658205,95.29000091552734,28116500,0.008359798047908429,90.08285631452289,99.55523826962425
2025-04-16,87.61000061035156,90.47000122070312,85.30000305175781,88.29000091552734,62109000,-0.07345996361365725,90.7471422467913,98.83047630673363
2025-04-17,88.83999633789062,89.02999877929688,86.5199966430664,87.5,34801400,-0.008947795982958362,92.07428523472377,97.93857138497489
2025-04-21,86.0199966430664,86.13999938964844,83.75,85.55999755859375,33855400,-0.02217145647321428,90.46285683768136,96.91095225016277
2025-04-22,86.12000274658203,87.16999816894531,85.16999816894531,86.26000213623047,35236700,0.00818144690989886,90.11428615025112,95.9499998546782
2025-04-23,91.87999725341795,93.73999786376952,90.12000274658205,90.38999938964844,41102600,0.04787847381333776,89.68428584507534,94.83285704113189
2025-04-24,91.58999633789062,94.75,90.37000274658205,94.47000122070312,33681900,0.04513775703733369,89.68000030517578,93.86428578694661
2025-04-25,93.27999877929688,97.0999984741211,92.8499984741211,96.6500015258789,28575300,0.023076111749832817,89.87428610665458,93.21952383858817
2025-04-28,95.58000183105467,97.48999786376952,94.2699966430664,96.38999938964844,30456700,-0.0026901410463077147,91.03142874581474,92.73095230829148
2025-04-29,95.76000213623048,97.18000030517578,95.33000183105467,96.05999755859376,20700600,-0.0034236106768781305,92.25428553989956,92.38999975295295
2025-04-30,92.80999755859376,97.5500030517578,91.87000274658205,97.3499984741211,29730700,0.013429116680337971,93.93857138497489,92.13333311535064
2025-05-01,99.2699966430664,100.0999984741211,96.4499969482422,96.6500015258789,29591500,-0.0071905183278279106,95.42285701206752,91.8414284842355
2025-05-02,98.4000015258789,99.87999725341795,98.3000030517578,98.8000030517578,29957900,0.022245230128663973,96.62428610665458,91.6433334350586
2025-05-05,99.0,102.0500030517578,98.76000213623048,100.58999633789062,41268900,0.018117340393148718,97.49857112339565,91.96666644868397
2025-05-06,98.41000366210938,100.06999969482422,97.44000244140624,98.62000274658205,54264300,-0.019584388736740732,97.77999986921039,92.57904743012928
2025-05-07,100.75,103.41999816894533,96.87999725341795,100.36000061035156,86474400,0.017643457871733048,98.3471429007394,93.37523796444847
2025-05-08,101.91999816894533,105.44000244140624,101.55999755859376,101.6999969482422,54231400,0.013351896470120472,99.1528570992606,94.49380929129464
2025-05-09,102.58999633789062,103.54000091552734,101.5999984741211,102.83999633789062,31704300,0.011209433862899632,99.93714250837054,94.77952357700893
2025-05-12,110.41999816894533,110.66999816894533,106.9800033569336,108.12000274658205,50543400,0.05134195446043632,101.57571411132812,95.70428575788226
2025-05-13,109.5999984741211,113.12999725341795,109.0,112.45999908447266,55659500,0.04014054964522096,103.52714211600167,96.61190468924386
2025-05-14,119.83000183105467,122.5199966430664,116.58999633789062,117.72000122070312,86743700,0.046772205042252324,105.97428567068917,97.71761903308686
2025-05-15,117.0199966430664,117.5,114.01000213623048,114.98999786376952,43843200,-0.023190650090254117,108.31285640171596,98.6557141258603
2025-05-16,118.06999969482422,118.23999786376952,116.01000213623048,117.16999816894533,43419700,0.0189581732818056,110.71428462437221,100.03095209030877
2025-05-19,115.0199966430664,115.52999877929688,114.05999755859376,114.73999786376952,37737400,-0.020739099967143737,112.57714189801898,101.32809484572638
2025-05-20,114.3499984741211,114.51000213623048,112.08000183105467,113.51000213623048,29030800,-0.010719851406999381,114.10142844063895,102.65904744466145
2025-05-21,113.8499984741211,116.0999984741211,111.08999633789062,112.05999755859376,43594600,-0.012774245003506213,114.66428484235492,103.88761865525018
2025-05-22,111.9000015258789,112.63999938964844,110.61000061035156,110.70999908447266,29252000,-0.012047104261404429,114.41428484235492,104.85523768833706
2025-05-23,108.08999633789062,111.0199966430664,107.66999816894533,110.30999755859376,30867300,-0.003613056898082778,113.355712890625,105.60952322823661
2025-05-27,113.18000030517578,115.4000015258789,112.2699966430664,114.55999755859376,37885000,0.03852778618495134,113.29428427559989,106.46238018217541
2025-05-28,114.91999816894533,114.9499969482422,112.66000366210938,112.86000061035156,27483700,-0.01483935915215695,112.67857033865792,107.24666595458984
2025-05-29,115.48999786376952,115.54000091552734,112.12999725341795,113.02999877929688,30501400,0.0015062747477048166,112.43428475516183,108.0547612508138
2025-05-30,111.58000183105467,112.11000061035156,108.62000274658205,110.7300033569336,36088500,-0.02034853974345574,112.03714207240513,108.69190434047154
2025-06-02,111.05999755859376,114.86000061035156,111.01000213623048,114.62999725341795,34078400,0.03522075118080581,112.40428488595145,109.54809461321149
2025-06-03,114.5,117.68000030517578,113.27999877929688,117.30999755859376,37161500,0.02337957227069465,113.34714181082589,110.42952292306083
2025-06-04,117.41000366210938,119.3000030517578,115.7300033569336,118.58000183105467,31025000,0.010826053182948714,114.52857099260602,111.28618985130673
2025-06-05,118.9499969482422,119.23999786376952,114.70999908447266,115.69000244140624,34091000,-0.024371726640432412,114.69000026157924,112.0990469796317
2025-06-06,117.69000244140624,118.37999725341795,115.87999725341795,116.19000244140624,27042100,0.004321894627439704,115.16571480887276,112.8528565906343
2025-06-09,119.18000030517578,122.37000274658205,119.04000091552734,121.7300033569336,55437700,0.04768053015853191,116.40857260567802,113.8066664196196
2025-06-10,121.11000061035156,124.08999633789062,120.8000030517578,123.23999786376952,41691900,0.012404456298324096,118.19571467808315,114.77809506370907
2025-06-11,124.44000244140624,124.47000122070312,119.87999725341795,121.13999938964844,32261900,-0.017039910017220494,119.12571498325893,115.3980949038551
2025-06-12,120.62000274658205,122.25,118.02999877929688,118.5,44718400,-0.02179296188665847,119.29571533203125,115.68571399507069
2025-06-13,116.0500030517578,117.87999725341795,115.05999755859376,116.16000366210938,39702700,-0.019746804539161444,118.9500013078962,115.61142839704242
2025-06-16,118.63999938964844,128.13999938964844,117.77999877929688,126.38999938964844,100968500,0.08806814226088067,120.47857230050224,116.15428561256046
2025-06-17,127.93000030517578,130.6999969482422,126.58000183105467,127.0999984741211,86623900,0.0056175258161350605,122.03714316231864,116.62714276994977
2025-06-18,128.00999450683594,129.2100067138672,125.7699966430664,126.79000091552734,49627100,-0.0024390052109786176,122.75999995640346,117.2009524390811
2025-06-20,129.0,132.80999755859375,127.5500030517578,128.24000549316406,79931000,0.011436269162919066,123.47428676060268,117.90238117036365
2025-06-23,130.47000122070312,133.25,126.81999969482422,129.5800018310547,65152900,0.010449128824796095,124.68000139508929,118.73666708809989
2025-06-24,133.42999267578125,138.7899932861328,132.92999267578125,138.42999267578125,78572000,0.06829750516800503,127.52714320591518,120.05666678292411
2025-06-25,140.94000244140625,144.17999267578125,139.4600067138672,143.39999389648438,74607200,0.035902632981737126,131.41857038225447,121.63238089425224
2025-06-26,145.97000122070312,146.0,141.91000366210938,143.67999267578125,58180100,0.0019525717657908892,133.88856942313058,123.01904732840401
2025-06-27,144.17999267578125,147.75,141.6300048828125,143.80999755859375,61937900,0.0009048224487724355,136.2757121494838,124.49285670689174
2025-06-30,144.0,146.0,141.00999450683594,141.89999389648438,42972500,-0.013281438665842193,138.43428257533483,125.86761837913876
2025-07-01,138.77000427246094,140.22999572753906,135.1199951171875,136.11000061035156,55257200,-0.040803337104838744,139.5585675920759,127.07618967692058
2025-07-02,135.52999877929688,139.77999877929688,135.22000122070312,138.52000427246094,39228000,0.017706293816048158,140.83571079799108,128.21380905877976
2025-07-03,139.11000061035156,139.5,137.32000732421875,137.91000366210938,28646000,-0.00440370048756078,140.7614266531808,129.19476173037575
2025-07-07,136.55999755859375,137.44000244140625,133.5,134.8000030517578,37395000,-0.02255094284509862,139.53285653250558,129.9671427408854
2025-07-08,137.32000732421875,139.14999389648438,135.91000366210938,137.82000732421875,36124600,0.022403592018476193,138.69571576799666,131.02095249720983
2025-07-09,138.69000244140625,140.64999389648438,137.58999633789062,138.41000366210938,37013100,0.0042809193624744335,137.9242880684989,132.07904779343377
2025-07-10,143.0,145.82000732421875,141.85000610351562,144.16000366210938,61101500,0.04154323999612819,138.2471466064453,133.1471430460612
2025-07-11,142.60000610351562,147.39999389648438,141.60000610351562,146.4199981689453,50049200,0.01567698702431386,139.72000340053015,134.2509525844029
2025-07-14,145.08999633789062,147.5800018310547,141.89999389648438,146.24000549316406,44718600,-0.0012292902474535516,140.82286071777344,135.4461909702846
2025-07-15,153.75,158.67999267578125,153.55999755859375,155.61000061035156,93370100,0.06407272131582009,143.35143171037947,137.21333385649183
2025-07-16,155.30999755859375,160.36000061035156,152.85000610351562,160.0800018310547,59492800,0.028725668036568175,146.96286010742188,139.3047623407273
2025-07-17,161.80999755859375,161.9600067138672,158.67999267578125,160.41000366210938,50605100,0.0020614806801599883,150.19000244140625,140.92476254417784
2025-07-18,159.58999633789062,160.8300018310547,155.80999755859375,156.99000549316406,48859800,-0.021320354659110086,152.8442884172712,142.3480962117513
2025-07-21,157.6199951171875,160.33999633789062,156.9199981689453,157.0,39021100,6.366333197171947e-05,154.67857360839844,143.7866675967262
2025-07-22,156.1999969482422,156.22999572753906,149.33999633789062,154.72000122070312,49028000,-0.014522285218451447,155.86428833007812,145.04761977422805
2025-07-23,156.32000732421875,159.4499969482422,156.0,158.64999389648438,41510900,0.025400676349370155,157.63714381626673,146.4319051106771
2025-07-24,159.1199951171875,163.92999267578125,158.36000061035156,162.1199951171875,48440100,0.021872053918686074,158.567143031529,147.56000046502976
2025-07-25,163.50999450683594,167.17999267578125,162.36000061035156,166.47000122070312,53432300,0.026832014770116652,159.48000008719308,148.6585722423735
2025-07-28,169.0800018310547,174.6999969482422,168.6699981689453,173.66000366210938,68267800,0.04319097968812935,161.37285723005022,150.08619181315103
2025-07-29,175.2100067138672,182.30999755859372,174.67999267578125,177.44000244140625,108154800,0.021766663017303678,164.2942853655134,151.6876206170945
2025-07-30,175.61000061035156,180.3699951171875,173.8000030517578,179.50999450683594,64820300,0.011665870361522446,167.50999886648995,153.47857302711122
2025-07-31,182.0200042724609,182.5,173.0,176.30999755859375,71765300,-0.017826288486239794,170.5942840576172,155.39285859607514
2025-08-01,170.16000366210938,174.39999389648438,166.82000732421875,171.6999969482422,75396100,-0.02614713104297728,172.4585702078683,156.97285824730284
2025-08-04,174.61000061035156,177.86000061035156,173.55999755859375,176.77999877929688,52951000,0.029586499250702003,174.5528564453125,158.82381039574034
2025-08-05,177.57000732421875,177.99000549316406,171.8000030517578,174.30999755859375,88808500,-0.013972175799066622,175.672855922154,160.70523870558966
2025-08-06,165.0500030517578,166.17999267578125,157.8000030517578,163.1199951171875,133641800,-0.06419598759758327,174.1671404157366,161.91000002906435
2025-08-07,166.83999633789062,175.75,166.6999969482422,172.39999389648438,95448300,0.05689062688255975,173.4471391950335,163.52857099260603
2025-08-08,174.0399932861328,176.47999572753906,170.52000427246094,172.75999450683594,68866700,0.002088170667614575,172.48285348074776,164.89047531854538
2025-08-11,170.0399932861328,178.82000732421875,169.3800048828125,172.27999877929688,70651000,-0.0027783962884999625,171.90713936941964,166.12190391903832
2025-08-12,173.32000732421875,175.16000366210938,168.5,174.9499969482422,52243500,0.01549801594998712,172.37142508370536,167.48904636928015
2025-08-13,179.91000366210938,186.6499938964844,179.3800048828125,184.4199981689453,108305100,0.054129759279188505,173.46285356794084,168.86095101492745
2025-08-14,179.8300018310547,185.44000244140625,179.55999755859375,180.9499969482422,66308800,-0.01881575347118425,174.4114249093192,169.8547603062221
2025-08-15,180.05999755859375,180.13999938964844,176.25,177.50999450683594,51543100,-0.01901079027036512,176.4671391078404,170.6690455845424
2025-08-18,176.75999450683594,178.8000030517578,174.36000061035156,176.13999938964844,35937500,-0.00771784778087381,177.00142560686385,171.58095005580358
2025-08-19,173.10000610351562,173.1699981689453,166.10000610351562,166.5500030517578,64455000,-0.05444530697809358,176.1142839704241,172.03571210588728
2025-08-20,164.10000610351562,166.64999389648438,158.25,165.1999969482422,60233200,-0.008105710470002747,175.1028551374163,172.53475952148438
2025-08-21,165.86000061035156,165.8800048828125,162.25999450683594,163.7100067138672,37880500,-0.009019311512710404,173.4971422467913,172.77571251278832
2025-08-22,162.1699981689453,168.52999877929688,161.8000030517578,167.75999450683594,43998600,0.02473879193009454,171.1171417236328,173.04428391229538
2025-08-25,165.5500030517578,165.58999633789062,161.72000122070312,163.36000061035156,36134700,-0.02622790915926676,168.60428510393416,172.8961886451358
2025-08-26,168.64999389648438,169.77000427246094,164.91000366210938,166.6199951171875,52138600,0.019955891862486697,167.04857090541296,172.56095014299666
2025-08-27,166.0399932861328,167.67999267578125,164.64999389648438,167.1300048828125,37031000,0.0030609157398324705,165.7614288330078,172.0699978783017
2025-08-28,168.5,170.99000549316406,166.64999389648438,168.5800018310547,36285200,0.008675862537423473,166.05142865862166,171.54952203659784
2025-08-29,166.80999755859375,168.57000732421875,161.89999389648438,162.6300048828125,37516800,-0.03529479703176819,165.68428693498885,170.89809381394159
2025-09-02,158.4199981689453,162.38999938964844,156.6199951171875,162.32000732421875,38656100,-0.001906152304534059,165.48571559361048,170.45142764136904
2025-09-03,161.80999755859375,164.75,160.5800018310547,162.1300048828125,30752800,-0.0011705423412576854,164.68143136160714,169.7538088843936
2025-09-04,159.94000244140625,162.0500030517578,157.7899932861328,161.7899932861328,32103500,-0.002097154051931671,164.45714460100447,169.1576182047526
2025-09-05,157.1199951171875,157.13999938964844,150.17999267578125,151.13999938964844,78256000,-0.06582603583924618,162.24571663992745,168.58714221772692
2025-09-08,151.8000030517578,152.63999938964844,149.22000122070312,151.41000366210938,41849000,0.0017864514592516034,160.00000217982702,167.58761887323288
2025-09-09,151.99000549316406,156.66000366210938,151.92999267578125,155.82000732421875,42802500,0.029126237074472705,158.1771458217076,166.7809528169178
2025-09-10,163.5399932861328,164.52999877929688,158.0,159.5399932861328,52465300,0.023873609209719815,157.73571559361048,166.17428588867188
2025-09-11,158.6199951171875,160.2100067138672,154.99000549316406,155.6699981689453,48817700,-0.024257209978984506,156.78571428571428,165.25619070870536
2025-09-12,157.0,160.41000366210938,154.9199981689453,158.57000732421875,42232800,0.018629210441218902,156.27714320591517,164.0252387637184
2025-09-15,160.00999450683594,162.3000030517578,157.60000610351562,161.16000366210938,36808700,0.016333456632785515,156.18714468819755,163.08285813104538
2025-09-16,161.3699951171875,161.9499969482422,159.22000122070312,160.4600067138672,27946500,-0.004343490520823057,157.51857430594308,162.27095395042784
2025-09-17,159.27999877929688,161.6300048828125,155.75999450683594,159.16000366210938,41823800,-0.008101726270496656,158.62571716308594,161.46238272530692
2025-09-18,150.9600067138672,158.77000427246094,149.85000610351562,157.9199981689453,84549500,-0.0077909365709525336,158.92571585518974,161.05143011183966
2025-09-19,157.3800048828125,159.83999633789062,155.89999389648438,157.38999938964844,55448100,-0.003356121994947503,158.61857386997767,160.67952546619233
2025-09-22,157.4199981689453,162.67999267578125,157.4199981689453,159.7899932861328,46505500,0.015248706434916048,159.20714460100447,160.49285816010973
2025-09-23,160.52000427246094,163.38999938964844,159.2100067138672,160.89999389648438,39448300,0.006946621546969567,159.53999982561385,160.16619146437873
2025-09-24,162.97999572753906,165.10000610351562,158.42999267578125,160.8800048828125,38464100,-0.00012423253219473462,159.5,160.04809642973402
2025-09-25,157.13999938964844,161.6300048828125,154.77999877929688,161.27000427246094,36809900,0.002424163213648134,159.61571393694197,159.7933349609375
2025-09-26,160.52000427246094,162.11000061035156,157.0500030517578,159.4600067138672,30316900,-0.011223398714219734,159.65857151576452,159.42809695289247
2025-09-29,160.1199951171875,164.3000030517578,159.89999389648438,161.36000061035156,39828800,0.01191517506890416,160.1500004359654,159.08428737095423
2025-09-30,160.7899932861328,162.27999877929688,159.3300018310547,161.7899932861328,29669300,0.002664803384697434,160.77857099260603,159.0442868187314
2025-10-01,160.92999267578125,164.17999267578125,160.49000549316406,164.00999450683594,39895200,0.01372149893582697,161.38142830984933,159.12476239885603
2025-10-02,168.67999267578125,171.05999755859375,166.1199951171875,169.72999572753906,55475200,0.03487593081081841,162.64285714285714,159.48666672479538
2025-10-03,170.67999267578125,170.67999267578125,163.13999938964844,164.6699981689453,42699100,-0.02981204080577704,163.18428475516183,159.62380981445312
2025-10-06,226.4499969482422,226.7100067138672,203.00999450683597,203.7100067138672,248859600,0.23708027557556832,169.2471422467913,162.12714349655877
2025-10-07,214.8500061035156,218.8999938964844,209.27999877929688,211.50999450683597,115748100,0.03828966440477677,176.68285478864397,164.98904782249815
2025-10-08,212.9499969482422,235.8699951171875,210.6999969482422,235.55999755859372,159983500,0.11370622512583184,187.28285435267858,168.78619021461122
2025-10-09,236.3000030517578,240.1000061035156,229.52999877929688,232.88999938964844,94290700,-0.011334684142544793,197.43999808175224,172.27904764811197
2025-10-10,232.7700042724609,234.22000122070312,213.1999969482422,214.8999938964844,118656600,-0.0772467926502286,204.70999799455916,175.09952363513764
2025-10-13,220.1999969482422,224.19000244140625,214.8999938964844,216.4199981689453,63104000,0.007073077317969023,211.37999834333147,177.85428510393416
2025-10-14,219.1999969482422,224.97999572753903,215.8999938964844,218.08999633789065,71216300,0.0077164688248527735,219.0114266531808,180.5652371361142
2025-10-15,222.7100067138672,239.2400054931641,220.75999450683597,238.6000061035156,108481000,0.0940437897658013,223.99571228027344,184.28618948800224
2025-10-16,236.2899932861328,241.1999969482422,232.2400054931641,234.55999755859372,69726400,-0.016932139319263628,227.288569859096,187.87666538783483
2025-10-17,233.25999450683597,235.3800048828125,227.91000366210935,233.0800018310547,55804200,-0.006309668071894148,226.93428475516183,191.4557131812686
2025-10-20,236.47000122070312,242.8800048828125,234.3999938964844,240.55999755859372,56741700,0.03209196700178851,228.02999877929688,195.4161892845517
2025-10-21,239.38999938964844,242.25999450683597,234.0200042724609,238.02999877929688,47122400,-0.010517121736670298,231.33428519112724,199.14190383184524
2025-10-22,236.8500061035156,240.1300048828125,224.8800048828125,230.22999572753903,59668800,-0.03276899168911085,233.30714198521204,202.4433324904669
2025-10-23,230.16000366210935,235.8999938964844,228.5399932861328,234.9900054931641,39024400,0.020675019997212774,235.72142900739397,205.97238013857887
2025-10-24,243.3600006103516,253.38999938964844,241.9499969482422,252.9199981689453,71221100,0.07630108624472043,237.76714215959822,210.336665562221
2025-10-27,257.8800048828125,260.4200134277344,249.8000030517578,259.6700134277344,65613100,0.026688341403039884,241.35428728376115,215.1085706438337
2025-10-28,259.1400146484375,264.5799865722656,257.0,258.010009765625,47448700,-0.006392743005619872,244.91571698869978,219.71095203218005
2025-10-29,264.19000244140625,267.0799865722656,257.3999938964844,264.3299865722656,49335600,0.02449508378524401,248.3114297049386,224.59380885532923
2025-10-30,259.9200134277344,263.8800048828125,252.30999755859372,254.83999633789065,45162500,-0.035902056960837814,250.71285792759485,228.9190470377604
2025-10-31,259.6000061035156,262.1300048828125,253.41000366210935,256.1199951171875,34449200,0.005022754660535034,254.41142926897322,233.03285653250558
2025-11-03,259.3299865722656,260.9100036621094,253.88999938964844,259.6499938964844,36351400,0.013782597401978514,257.93428475516185,237.5557134719122
2025-11-04,250.3500061035156,257.3800048828125,247.38999938964844,250.0500030517578,56491800,-0.03697281367375582,257.52428545270647,239.76237996419272
2025-11-05,243.2400054931641,259.6499938964844,242.80999755859372,256.3299865722656,67366600,0.0251149107932942,257.0471387590681,241.89666530064173
2025-11-06,253.47000122070312,253.50999450683597,235.7400054931641,237.6999969482422,66049700,-0.0726797120896786,254.14570835658483,241.99857003348214
2025-11-07,230.94000244140625,235.8699951171875,224.63999938964844,233.5399932861328,52162600,-0.01750106737702306,249.74713788713728,242.0295221237909
2025-11-10,242.13999938964844,248.8999938964844,240.5,243.97999572753903,43361600,0.04470327456340706,248.19570922851562,243.41428411574591
2025-11-11,241.66000366210935,248.4600067138672,234.63999938964844,237.5200042724609,61336800,-0.026477545570138594,245.53856767926897,244.41904631115142
2025-11-12,253.1300048828125,263.510009765625,250.0,258.8900146484375,108942000,0.08997141289818655,245.42999921526228,246.36190432593935
2025-11-13,251.8999938964844,259.6300048828125,246.05999755859372,247.9600067138672,63178600,-0.04221873118363728,245.13142830984933,246.807618640718
2025-11-14,240.1100006103516,253.44000244140625,235.0800018310547,246.80999755859372,47655600,-0.004637881610482952,243.77142987932478,247.39095197405135
2025-11-17,242.75,248.7700042724609,237.1499938964844,240.5200042724609,37942200,-0.02548516408716195,244.1742880684989,247.7452378045945
2025-11-18,236.77999877929688,238.0,224.7100067138672,230.2899932861328,45619900,-0.04253289042328279,243.71000235421317,247.25618998209634
2025-11-19,230.25999450683597,235.27999877929688,219.7100067138672,223.5500030517578,52093400,-0.029267403842426765,240.7914319719587,246.56666637602308
2025-11-20,232.6999969482422,234.25,204.52999877929688,206.0200042724609,66342900,-0.07841645511066375,236.29143197195867,245.41380964006697
2025-11-21,208.80999755859372,208.8300018310547,195.0,203.77999877929688,67421100,-0.010872757240610653,228.41857256208144,243.92761884416853
2025-11-24,207.16000366210935,217.1300048828125,205.8500061035156,215.0500030517578,46749600,0.055304761703659056,223.7171434674944,242.12428574335007
2025-11-25,201.47999572753903,206.5800018310547,194.27999877929688,206.1300048828125,69773500,-0.0414787167745283,217.90571594238278,239.57476152692522
2025-11-26,210.0500030517578,215.58999633789065,207.0,214.2400054931641,43270200,0.03934410526484111,214.15143040248327,237.490475609189
2025-11-28,216.13999938964844,218.3000030517578,214.0200042724609,217.52999877929688,18658000,0.015356577678195427,212.32857404436385,235.26190476190476
2025-12-01,213.8800048828125,220.97999572753903,213.5,219.75999450683597,30768700,0.01025143998553335,211.78714425223217,233.59142848423548
2025-12-02,221.7899932861328,225.97999572753903,214.38999938964844,215.2400054931641,42002500,-0.020567842767812206,213.10428728376118,231.64476231166296
2025-12-03,216.25999450683597,218.1999969482422,211.7700042724609,217.6000061035156,28545200,0.010964507294748405,215.07857404436388,229.6423819405692
2025-12-04,216.8800048828125,219.1199951171875,214.13999938964844,215.97999572753903,24478200,-0.0074449004160684895,215.211430140904,228.0200006394159
2025-12-05,217.1699981689453,223.63999938964844,216.2400054931641,217.97000122070312,33292400,0.009213841710018933,216.9028581891741,226.1933346702939
2025-12-08,219.08999633789065,223.7100067138672,218.3600006103516,221.1100006103516,30943200,0.01440564927312682,217.88428606305806,225.40333484468005
2025-12-09,221.0399932861328,224.83999633789065,217.91000366210935,221.6199951171875,25166100,0.0023065194040436943,218.46857125418526,224.83571588425409
2025-12-10,222.0,222.6100006103516,218.6699981689453,221.4199981689453,23279400,-0.000902431877306209,218.7057146344866,223.76143028622582
2025-12-11,217.80999755859372,221.5,210.19000244140625,221.42999267578125,30694600,4.513823014451468e-05,219.58999851771765,222.9952392578125
2025-12-12,218.3699951171875,222.4900054931641,209.05999755859372,210.77999877929688,37073900,-0.048096437920576274,218.61571175711495,220.70428612118675
2025-12-15,212.27999877929688,215.3600006103516,206.5800018310547,207.5800018310547,27222200,-0.015181691653736284,217.41571262904577,218.78142874581474
2025-12-16,206.9199981689453,210.22000122070312,205.1100006103516,209.1699981689453,23467600,0.00765967975655335,216.1585693359375,216.98904782249815
2025-12-17,210.0399932861328,211.5,197.52999877929688,198.1100006103516,31595400,-0.05287564017503421,212.87285505022322,214.96952383858817
2025-12-18,203.82000732421875,206.3600006103516,200.5,201.05999755859372,29720100,0.014890701828042863,209.93571254185267,213.57761928013392
2025-12-19,204.6000061035156,215.17999267578125,204.1999969482422,213.42999267578125,58445500,0.06152389966871752,208.7942831856864,213.09571402413505
2025-12-22,220.0,220.1699981689453,213.30999755859372,214.9499969482422,24950700,0.0071217932091200975,207.86856951032365,213.52095177060082
2025-12-23,212.8600006103516,217.02999877929688,212.27999877929688,214.8999938964844,20272300,-0.00023262643623034318,208.45714024135046,214.05047534760973
2025-12-24,214.97999572753903,216.5399932861328,213.97000122070312,215.0399932861328,7956800,0.0006514629763825219,209.5228533063616,214.0499986921038
2025-12-26,215.42999267578125,216.8300018310547,213.02999877929688,214.9900054931641,15792600,-0.00023245812188155135,210.35428292410714,214.4719034830729
2025-12-29,211.5800018310547,216.0500030517578,209.2400054931641,215.6100006103516,20326900,0.002883832277529752,212.85428292410714,214.53714134579613
2025-12-30,215.8699951171875,216.82000732421875,214.3300018310547,215.33999633789065,16409600,-0.001252280838999198,214.894282749721,214.43285551525298
2025-12-31,215.82000732421875,217.63999938964844,213.8000030517578,214.16000366210935,17591600,-0.005479672591476081,214.99857003348214,214.1661892845517
2026-01-02,218.8999938964844,227.1499938964844,218.8999938964844,223.47000122070312,36446200,0.04347215819664729,216.21571350097656,214.55809384300596
2026-01-05,230.25,234.0200042724609,220.47999572753903,221.0800018310547,31941100,-0.010694945078055573,217.09857177734375,214.7238079252697
2026-01-06,222.7100067138672,222.9199981689453,211.25,214.3500061035156,40033200,-0.030441449573905932,217.00000217982702,214.64618937174478
2026-01-07,212.1300048828125,212.1300048828125,207.1699981689453,210.0200042724609,29715500,-0.020200614451877374,216.29000200544084,214.26761808849517
2026-01-08,210.8999938964844,210.94000244140625,203.3300018310547,204.67999267578125,27505000,-0.02542620459026379,214.72857230050224,213.48523675827752
2026-01-09,205.72000122070312,207.3000030517578,203.07000732421875,203.1699981689453,24217300,-0.0073773429786457845,212.99000113351005,212.6066654750279
2026-01-12,201.17999267578125,209.8800048828125,199.8000030517578,207.69000244140625,27287300,0.022247400271679707,212.06571524483817,211.9528561546689
2026-01-13,215.1000061035156,223.1100006103516,214.97999572753903,220.97000122070312,56894900,0.06394144457215001,211.7085723876953,211.93095179966517
2026-01-14,217.5399932861328,224.08999633789065,215.1100006103516,223.6000061035156,40466500,0.01190209018547117,212.06857299804688,212.5414283389137
2026-01-15,227.8999938964844,238.3500061035156,227.22000122070312,227.9199981689453,55270200,0.019320178656121234,214.00714329310827,213.50999959309897
2026-01-16,234.3000030517578,234.4900054931641,228.8600006103516,231.8300018310547,42545600,0.017155158360483647,217.12285723005022,214.58904738653274
2026-01-20,226.0800018310547,239.5,225.41000366210935,231.9199981689453,44327700,0.0003881997031436324,221.0142865862165,216.1990472702753
2026-01-21,235.9900054931641,252.8999938964844,235.77999877929688,249.8000030517578,62385600,0.077095571852271,227.67571585518974,218.51999991280692
2026-01-22,251.75,256.0799865722656,246.6300048828125,253.72999572753903,37945000,0.01573255655632222,234.2528577532087,220.43904767717635
2026-01-23,261.17999267578125,266.9599914550781,256.25,259.67999267578125,47525900,0.02345011251500373,239.78285653250558,222.56904747372582
2026-01-26,256.75,258.2900085449219,250.3000030517578,251.30999755859372,30672500,-0.032231959924759135,243.74142674037384,224.30285717192152
2026-01-27,252.16000366210935,255.5500030517578,247.9600067138672,252.02999877929688,25691600,0.002864992350872564,247.18571254185264,226.06428600492933
2026-01-28,254.1300048828125,257.3999938964844,250.2100067138672,252.7400054931641,27061200,0.002817151598246692,250.172855922154,227.86190505254837
2026-01-29,254.66000366210935,260.5299987792969,240.91000366210935,252.17999267578125,31685200,-0.0022157664208722894,253.06714085170202,229.60333324614027
2026-01-30,236.92999267578125,245.2400054931641,234.5500030517578,236.72999572753903,40035700,-0.061265752228432,251.19999694824216,230.62190464564733
2026-02-02,235.7700042724609,249.97000122070312,235.0,246.2700042724609,36308100,0.040299111718405944,250.13428388323103,232.1509522937593
2026-02-03,251.5500030517578,252.6499938964844,237.0399932861328,242.1100006103516,53097100,-0.016892043651028255,247.62428501674108,233.038571312314
2026-02-04,215.0,218.5800018310547,199.1499938964844,200.19000244140625,107173300,-0.1731444304789821,240.32142857142858,232.04380943661644
2026-02-05,201.8600006103516,204.0399932861328,190.72000122070312,192.5,62196400,-0.038413518895165866,231.817143031529,231.00333295549666
2026-02-06,197.1300048828125,209.2700042724609,196.42999267578125,208.44000244140625,54504500,0.08280520748782472,225.4885711669922,230.92809477306548
2026-02-09,206.8999938964844,217.6000061035156,204.1499938964844,216.0,38810800,0.03626941791424576,220.32000078473772,231.4671427408854
2026-02-10,215.13999938964844,219.38999938964844,213.1300048828125,213.57000732421875,25326700,-0.01124996609157991,217.01143101283483,231.96238127208892
2026-02-11,217.8800048828125,219.6499938964844,209.2100067138672,213.5800018310547,33384700,4.6797333395076635e-05,212.3414306640625,232.24285743350075
2026-02-12,215.8300018310547,218.4600067138672,205.13999938964844,205.94000244140625,32181000,-0.03577113645542429,207.1742880684989,231.52714320591517
2026-02-13,204.0200042724609,210.0500030517578,203.8800048828125,207.32000732421875,26123900,0.006701004498653074,208.19286019461495,230.7519051688058
2026-02-17,202.1499938964844,205.3000030517578,194.8300018310547,203.0800018310547,33712100,-0.020451501752714596,209.70428902762276,229.56904820033483
2026-02-18,198.41000366210935,203.1999969482422,195.0,200.1199951171875,35664100,-0.014575569663081156,208.51571655273438,228.05904788062685
2026-02-19,200.1100006103516,204.1000061035156,198.2899932861328,203.3699951171875,25842300,0.016240256242745055,206.711430140904,226.69952392578125
2026-02-20,200.1199951171875,204.8699951171875,198.55999755859372,200.1499938964844,36317300,-0.015833216787204285,204.7942853655134,224.33523777553015
2026-02-23,198.08999633789065,199.3800048828125,194.1499938964844,196.6000061035156,28187900,-0.01773663702835193,202.36857169015067,221.61476207914808
2026-02-24,211.6300048828125,216.7100067138672,206.5,213.83999633789065,81367000,0.08769069022967213,203.4971422467913,219.4319051106771
2026-02-25,214.82000732421875,216.6999969482422,210.3300018310547,210.8600006103516,44588100,-0.013935633083487109,204.00285557338174,217.50571477980841
2026-02-26,208.8000030517578,209.7899932861328,201.4600067138672,203.67999267578125,35020500,-0.03405106664984925,204.0885685511998,215.20333353678384
2026-02-27,200.1100006103516,201.88999938964844,197.7400054931641,200.2100067138672,31312400,-0.01703645957724287,204.1014273507255,212.70190502348402
2026-03-02,193.8500061035156,198.7400054931641,190.0,198.6199951171875,34120200,-0.007941718911942619,203.42285592215404,210.15142894926527
2026-03-03,191.4600067138672,193.63999938964844,188.22000122070312,190.9499969482422,37785700,-0.03861644525980357,202.1085706438337,207.97142900739397
2026-03-04,192.1199951171875,202.44000244140625,189.8600006103516,202.07000732421875,40912600,0.05823519535845123,202.88999938964847,205.86666724795387
2026-03-05,197.7700042724609,203.7899932861328,194.8800048828125,199.4499969482422,36000700,-0.012965854807798327,200.83428519112724,203.83523850213913
2026-03-06,195.2700042724609,200.2400054931641,191.25,192.42999267578125,33913800,-0.03519681313548806,198.20142691476005,203.46571422758558
2026-03-09,189.3600006103516,202.97000122070312,189.0200042724609,202.67999267578125,38877200,0.05326612477333437,198.0585697719029,203.95047578357514
2026-03-10,202.50999450683597,206.58999633789065,202.1999969482422,203.22999572753903,29139200,0.002713652415794243,198.48999677385603,203.70238022577195
2026-03-11,205.1100006103516,209.2100067138672,203.6300048828125,204.8300018310547,23076400,0.007872883615372972,199.37714059012276,203.17047555106026
2026-03-12,202.8300018310547,203.6199951171875,196.6699981689453,197.7400054931641,28886900,-0.03461405201635681,200.3471418108259,202.41666594005767
2026-03-13,198.1100006103516,199.67999267578125,192.2700042724609,193.38999938964844,27561900,-0.021998614254443494,199.10714067731584,201.45523725237166
2026-03-16,194.97999572753903,200.1699981689453,194.8000030517578,196.5800018310547,30285200,0.016495177886520107,198.69714137486048,201.009522937593
2026-03-17,196.67999267578125,199.2100067138672,195.25999450683597,196.30999755859372,22779700,-0.0013735083423848105,199.25142778669084,200.48523675827752
2026-03-18,196.0,202.8600006103516,195.75,199.4600067138672,28569100,0.016046096451777903,198.7914297921317,200.31285603841147
2026-03-19,195.02999877929688,205.8800048828125,192.8300018310547,205.2700042724609,32245300,0.029128634127283393,199.08285958426336,200.55809456961495
2026-03-20,204.88999938964844,206.3000030517578,198.25999450683597,201.3300018310547,37265100,-0.019194243481266415,198.5828595842634,200.46095203218005
2026-03-23,206.3999938964844,209.1100006103516,201.7100067138672,202.67999267578125,31857800,0.006705363495001615,199.28857203892295,200.58142816452752
2026-03-24,201.38999938964844,206.42999267578125,200.1300048828125,205.3699951171875,27258800,0.013272165673053449,200.99999999999997,200.9990466889881
2026-03-25,211.50999450683597,221.3300018310547,211.50999450683597,220.2700042724609,48518300,0.07255202565872021,204.384286063058,201.30523754301527
2026-03-26,217.97999572753903,221.0,203.42999267578125,203.7700042724609,49213000,-0.07490806591890964,205.4500013078962,200.96761866978235
2026-03-27,201.7700042724609,203.2700042724609,197.69000244140625,201.9900054931641,29206600,-0.008735332688695308,205.8114297049386,200.88714308965774
2026-03-30,204.9499969482422,208.42999267578125,192.8699951171875,196.0399932861328,41053300,-0.029456963439870032,204.49285670689173,200.68857102167038
2026-03-31,198.0500030517578,204.0,196.41000366210935,203.42999267578125,42318700,0.03769638666974573,204.79285539899553,200.91761852446058
2026-04-01,207.58999633789065,213.8300018310547,205.83999633789065,210.2100067138672,40835800,0.03332848784442355,205.86857169015067,201.83476184663317
2026-04-02,204.0500030517578,217.77999877929688,200.6199951171875,217.5,38463500,0.034679573061694224,207.60142953055245,202.56952340262276
2026-04-06,219.27999877929688,226.30999755859372,217.72999572753903,220.17999267578125,30786400,0.012321805405890895,207.58857073102678,203.5566660563151
2026-04-07,218.25999450683597,222.1000061035156,215.3800048828125,221.52999877929688,26483000,0.006131375004192696,210.12571280343192,204.94238063267298
2026-04-08,232.1199951171875,234.0,227.08999633789065,231.82000732421875,35496400,0.046449729615055224,214.38714163643974,206.33000037783668
2026-04-09,233.00999450683597,237.1000061035156,230.91000366210935,236.63999938964844,27126200,0.020791958904084362,220.18714250837053,207.92095293317522
2026-04-10,239.0,249.5800018310547,238.9600067138672,245.0399932861328,36477200,0.03549693170279733,226.13142830984933,209.83571443103608
2026-04-13,245.02999877929688,247.3300018310547,242.02999877929688,246.8300018310547,22781800,0.0073049648790664,231.36285618373327,212.17333330426897
2026-04-14,249.7899932861328,255.4600067138672,245.6999969482422,255.07000732421875,25733200,0.03338332225433449,236.73000008719308,215.1104765392485
2026-04-15,254.9600067138672,258.17999267578125,251.8500061035156,258.1199951171875,24695200,0.011957453661307627,242.1500004359654,218.04095241001673
2026-04-16,264.989990234375,279.3399963378906,261.510009765625,278.260009765625,64850800,0.07802578269573357,250.25428771972656,221.9433339436849
2026-04-17,281.0,281.04998779296875,274.1400146484375,278.3900146484375,35519900,0.0004672064912309981,256.90714590890065,225.701905750093
2026-04-20,280.6000061035156,287.6099853515625,272.0,274.95001220703125,34833900,-0.012356773807962962,262.3800048828125,229.02000136602493
2026-04-21,277.3299865722656,286.20001220703125,276.6199951171875,284.489990234375,38950900,0.034697136220384506,268.01571873256137,232.9800008138021
2026-04-22,291.2200012207031,304.25,286.1400146484375,303.4599914550781,49054200,0.06668073349461201,276.10571725027904,237.779048374721
2026-04-23,302.010009765625,310.2200012207031,299.760009765625,305.3299865722656,45619700,0.006162245995661397,283.2857142857143,242.53904796781995
2026-04-24,336.760009765625,352.989990234375,334.5400085449219,347.8099975585937,81616700,0.1391281985212871,296.09857177734375,248.6123809814453
2026-04-27,346.32000732421875,349.2099914550781,328.8099975585937,334.6300048828125,50585300,-0.03789423181707374,304.15142822265625,254.84380958193825
2026-04-28,311.8599853515625,327.5,310.0,323.2099914550781,43002500,-0.03412728464601866,310.55428205217635,260.6161898658389
2026-04-29,326.5799865722656,340.1700134277344,318.8599853515625,337.1099853515625,44704400,0.04300607736136852,319.4342782156808,267.3338085356213
2026-04-30,341.3599853515625,354.9599914550781,332.6000061035156,354.489990234375,42115300,0.051555888695161034,329.4342782156808,274.52714175269716
2026-05-01,351.8699951171875,362.7900085449219,349.25,360.5400085449219,34279200,0.017066824105659073,337.5885663713728,281.68571326846165
2026-05-04,360.30999755859375,361.8500061035156,338.70001220703125,341.5400085449219,42000200,-0.05269872843427492,342.7614266531808,287.5923803420294
2026-05-05,351.510009765625,359.57000732421875,344.8800048828125,355.260009765625,64235100,0.04017099278984926,343.8257141113281,294.0247621082124
2026-05-06,409.489990234375,430.6000061035156,402.0400085449219,421.3900146484375,87732200,0.1861453669565576,356.2200012207031,303.5419057210286
2026-05-07,417.0700073242188,421.7099914550781,401.0799865722656,408.4599914550781,44885500,-0.030684218286820997,368.39857264927457,311.9533335367839
2026-05-08,418.5899963378906,456.2900085449219,418.2900085449219,455.1900024414063,58134900,0.1144053566173262,385.2671465192522,322.3604765392485
2026-05-11,460.5499877929688,469.2200012207031,450.8800048828125,458.7900085449219,46085400,0.007908798708686327,400.16714913504467,332.53904869442897
2026-05-12,449.25,458.7999877929688,426.1099853515625,448.2900085449219,39140100,-0.0228862874178567,412.70286342075894,342.13238234747024
2026-05-13,457.0400085449219,459.5,432.6499938964844,445.5,30423400,-0.006223668812021521,427.5542907714844,351.2004772367932
2026-05-14,440.6000061035156,453.30999755859375,435.6799926757813,449.7000122070313,26113600,0.009427636828353014,441.0457196916853,360.3233351934524
2026-05-15,433.3399963378906,439.0,423.3599853515625,424.1000061035156,29131600,-0.05692685214277926,441.432861328125,367.2680969238281
2026-05-18,429.5,438.7999877929688,410.7099914550781,420.989990234375,28432100,-0.007333213450559373,443.22286115373885,374.0585719517299
2026-05-19,412.6000061035156,428.75,393.3599853515625,414.0499877929688,38756900,-0.016484958318231158,437.34571620396207,380.68238031296505
2026-05-20,428.0400085449219,449.3900146484375,426.0499877929688,447.5799865722656,36137500,0.08098055734290299,435.7442844935826,388.4485706147693
2026-05-21,441.989990234375,451.2000122070313,431.6000061035156,449.5899963378906,27252000,0.004490839237514699,435.9299970354353,395.4071422758557
2026-05-22,469.8399963378906,481.4100036621094,461.7099914550781,467.510009765625,34758600,0.039858567970152414,439.0742841448103,403.13000052315846
2026-05-26,484.739990234375,506.9599914550781,480.2300109863281,503.8900146484375,38473800,0.0778165261125654,446.81571306501115,410.56238228934154
2026-05-27,508.0,510.2099914550781,486.6600036621094,495.5400085449219,27589300,-0.016571088651838872,457.0214276994978,418.22476341610866
2026-05-28,499.0,527.2000122070312,493.5199890136719,518.0900268554688,31438500,0.045505948907660576,470.89286150251115,427.50476510184154
2026-05-29,520.7999877929688,522.0,503.4299926757813,516.0999755859375,30803200,-0.003841130240645252,485.47143118722096,436.0280979701451
2026-06-01,500.1600036621094,517.5,486.7999877929688,510.1300048828125,33309200,-0.011567469454628831,494.4071480887277,443.4395272391183
2026-06-02,506.2999877929688,522.489990234375,501.2200012207031,521.5399780273438,24293200,0.022366794807830104,504.6857169015067,451.106192452567
2026-06-03,533.75,546.4400024414062,524.2999877929688,542.52001953125,29411100,0.04022710125359996,515.4014325823102,460.67666916620163
2026-06-04,514.75,532.1900024414062,499.8699951171875,523.2000122070312,29110000,-0.035611602574429746,518.1600036621094,468.6738121396019
2026-06-05,499.5299987792969,505.6199951171875,463.9500122070313,466.3800048828125,46900600,-0.10860092889626116,513.9942888532366,470.8161926269531
2026-06-08,485.0,494.9700012207031,477.7099914550781,490.3299865722656,25158800,0.05135293417107589,510.02856881277904,474.71476382300966
2026-06-09,502.75,505.0,437.2300109863281,475.510009765625,37799800,-0.03022449618111711,504.2300022670201,475.68238321940106
2026-06-10,467.9700012207031,477.4500122070313,448.3299865722656,452.3999938964844,27777400,-0.04860048241788084,495.9828578404018,475.37809680757067
2026-06-11,461.6000061035156,490.4599914550781,458.0199890136719,488.4500122070313,30463100,0.07968616002854256,491.2557198660715,477.2904779343378
2026-06-12,499.6900024414063,521.7100219726562,494.0,511.5700073242188,31553100,0.04733339039694395,486.83428955078125,480.4366687593006
2026-06-15,535.75,558.3699951171875,530.5,547.260009765625,33482400,0.06976562724637381,490.2714320591518,485.08238292875745
2026-06-16,546.8900146484375,548.9500122070312,507.25,507.2900085449219,28411700,-0.07303658317336414,496.11571829659596,489.04381161644346
2026-06-17,529.6599731445312,532.5,507.2999877929688,512.47998046875,27085300,0.010230778916215488,499.2800031389509,493.40047781808033
2026-06-18,531.5800170898438,539.6900024414062,526.3200073242188,537.3699951171875,43805600,0.04856777941973722,508.1171439034598,499.27285911923366
2026-06-22,545.5,562.989990234375,535.7100219726562,551.6300048828125,25983200,0.026536669138951918,522.2928597586496,504.22762189592635
2026-06-23,509.0799865722656,528.489990234375,506.80999755859375,519.8499755859375,30196800,-0.05761113249020289,526.778568812779,507.5733351934524
2026-06-24,520.8200073242188,524.9600219726562,503.5,519.739990234375,26548300,-0.00021157133159144248,527.9457092285156,510.0604771205357
2026-06-25,543.9299926757812,550.8800048828125,507.0,532.5700073242188,27031300,0.024685452978244093,525.8471374511719,511.4261910574777
2026-06-26,519.7999877929688,525.1099853515625,502.6099853515625,521.5800170898438,52705100,-0.020635766346647655,527.8885672433036,512.6661914643787
2026-06-29,522.8400268554688,542.1900024414062,495.3500061035156,539.489990234375,26671000,0.0343379204680041,531.7471400669643,513.6852373395648
2026-06-30,545.5700073242188,584.72998046875,545.5700073242188,580.9099731445312,34488500,0.07677618428501676,537.9671369280134,516.7714276994977
2026-07-01,557.530029296875,564.0900268554688,538.739990234375,540.8800048828125,28326800,-0.06890907388804501,536.4314226422991,518.2357134137835
2026-07-02,538.1599731445312,547.6500244140625,506.0,517.8200073242188,28142500,-0.0426342208076077,536.1414271763393,518.05857195173
2026-07-06,535.3499755859375,572.5,527.0,552.0499877929688,30684200,0.06610401294772261,540.7571411132812,518.5123799641927
2026-07-07,515.9099731445312,524.969970703125,503.1099853515625,516.1099853515625,29166800,-0.06510280452154371,538.4057094029018,518.1747596377418
2026-07-08,504.80999755859375,522.97998046875,498.1499938964844,517.4099731445312,23768500,0.0025188193018261806,537.8099888392857,520.604758126395
2026-07-09,537.27001953125,559.5,535.2000122070312,546.719970703125,26900800,0.056647531125973094,538.8428431919643,523.2899954659598
2026-07-10,544.010009765625,560.25,540.0499877929688,557.8900146484375,20704500,0.020431015042210676,535.5542776925223,527.2128528413318
2026-07-13,537.5,551.8699951171875,526.9199829101562,534.3900146484375,22957400,-0.04212299805152253,534.6271362304688,531.1171395438058
2026-07-14,567.219970703125,574.2000122070312,546.77001953125,548.1300048828125,21201400,0.025711539994650146,538.9571358816964,533.9590439569382
2026-07-15,556.02001953125,558.8900146484375,509.5700073242188,529.1400146484375,27826200,-0.03464504782662825,535.6842825753348,534.7957109723773
2026-07-16,509.3299865722656,518.739990234375,491.7999877929688,500.9400024414063,27093700,-0.05329404585999298,533.5171421595982,532.5899963378906
2026-07-17,476.8800048828125,505.8800048828125,460.2099914550781,495.760009765625,32115900,-0.0103405450763282,530.4242902483259,532.0409487769717
2026-07-20,517.0,522.4400024414062,502.3599853515625,503.5700073242188,23440700,0.01575358521209891,524.260009765625,531.6166643415179
2026-07-21,526.0,548.1400146484375,522.5999755859375,544.4299926757812,29045100,0.08114062544883671,522.3371494838169,531.9528547014509
2026-07-22,526.8800048828125,561.469970703125,526.5999755859375,552.3300170898438,24776700,0.014510634095001196,524.9000069754464,531.9861886160714
2026-07-23,544.739990234375,556.489990234375,525.0,539.6900024414062,27155100,-0.02288489536570204,523.6942923409598,532.9309517996652
2026-07-24,546.9199829101562,549.0,518.0,521.9500122070312,27200700,-0.032870703837618365,522.6671491350446,533.0361909412202
2026-07-27,527.510009765625,528.0,476.9299926757813,494.9500122070313,31800300,-0.05172909161517636,521.8114362444196,531.2447626023065
2026-07-28,467.0,472.75,442.2699890136719,454.6199951171875,36315500,-0.08148301059738994,515.9342912946429,528.0561901274182
2026-07-29,452.6799926757813,457.2200012207031,424.0299987792969,429.55999755859375,32304900,-0.055122955056418066,505.36143275669644,522.8214285714286
2026-07-30,460.0,498.2000122070313,457.6799926757813,485.3900146484375,36936600,0.12997024259045054,496.9271501813616,518.2728591192337
2026-07-31,510.2799987792969,515.6199951171875,475.760009765625,476.1499938964844,26615700,-0.019036281079341077,486.0442897251674,515.1904776436942
2026-08-03,461.7900085449219,490.9500122070313,455.2999877929688,484.6400146484375,24422300,0.01783055940519218,478.1800057547433,513.6104779924665
2026-08-04,504.0,530.1300048828125,502.2000122070313,518.5800170898438,48463600,0.0700313664071397,477.6985778808594,512.0166698637463
2026-08-05,484.5,502.0,478.2000122070313,482.0499877929688,49615800,-0.07044241600722179,475.85571725027904,510.39476521809894
2026-08-06,471.75,496.7200012207031,469.5,489.2799987792969,24675300,0.0149984673154544,480.80714634486606,509.05524262927827
2026-08-07,497.9400024414063,498.989990234375,476.05999755859375,483.3599853515625,26618800,-0.012099438854038969,488.49285888671875,506.03810046968005
2026-08-10,477.0899963378906,483.3599853515625,469.2900085449219,469.55999755859375,19656600,-0.028550124567989665,486.23142787388394,501.8319091796875
2026-08-11,474.75,475.989990234375,463.2099914550781,474.3200073242188,18052500,0.010137170522135586,485.9700012207031,498.971432640439
2026-08-12,488.3200073242188,491.6900024414063,480.8800048828125,482.9299926757813,18584500,0.018152271079885596,485.72571236746654,495.8666701543899
2026-08-13,483.0549926757813,496.4590148925781,481.0,495.55999755859375,5547084,0.02615286909979031,482.43713814871654,494.2676217215402
