Date,Open,High,Low,Close,Volume,daily_return,MA7,MA21
2021-08-13,165.2834930419922,165.30349731445312,164.14999389648438,164.69850158691406,41134000,,,
2021-08-16,164.14999389648438,165.0,160.55650329589844,164.94949340820312,66394000,0.0015239472057770875,,
2021-08-17,163.875,164.02450561523438,161.28399658203125,162.09800720214844,67758000,-0.01728702615047184,,
2021-08-18,162.09950256347656,162.7050018310547,160.0,160.06100463867188,56086000,-0.012566487390164305,,
2021-08-19,159.7010040283203,161.64999389648438,159.1230010986328,159.3874969482422,75658000,-0.0042078187123096855,,
2021-08-20,160.19349670410156,160.3905029296875,158.78799438476562,159.99749755859375,67168000,0.003827154714335368,,
2021-08-23,160.59500122070312,164.0449981689453,160.50050354003906,163.2935028076172,65362000,0.02060035500127988,162.0693577357701,
2021-08-24,164.0,165.77450561523438,163.72900390625,165.28900146484375,51036000,0.012220318769066596,162.1537148611886,
2021-08-25,165.49349975585938,166.0500030517578,164.3074951171875,164.95899963378906,33606000,-0.0019965141547840792,162.15507289341517,
2021-08-26,164.9499969482422,166.60000610351562,164.8000030517578,165.8000030517578,41976000,0.005098257262930783,162.68392944335938,
2021-08-27,166.6614990234375,167.61599731445312,165.6875,167.48150634765625,48048000,0.01014175672465778,163.74400111607142,
2021-08-30,167.8715057373047,172.25,167.76100158691406,171.07850646972656,63844000,0.021476998866989616,165.41414533342635,
2021-08-31,171.24000549316406,173.62899780273438,169.7794952392578,173.5395050048828,87128000,0.01438520002272603,167.34871782575334,
2021-09-01,174.82000732421875,176.35000610351562,173.76199340820312,173.9499969482422,72598000,0.0023654092095504176,168.87107413155692,
2021-09-02,174.73800659179688,175.59800720214844,172.75,173.156005859375,58474000,-0.004564478889317991,169.99493190220423,
2021-09-03,172.60000610351562,174.1334991455078,171.82200622558594,173.90249633789062,51514000,0.004311086264728647,171.27257428850447,
2021-09-07,173.89999389648438,176.4044952392578,173.8470001220703,175.46449279785156,54758000,0.008982024369138308,172.65321568080358,
2021-09-08,175.58250427246094,177.281494140625,174.7834930419922,176.27499389648438,61068000,0.004619174430729789,173.909428187779,
2021-09-09,176.30099487304688,177.49949645996094,174.01849365234375,174.20799255371094,54384000,-0.011726004336084506,174.35649762834822,
2021-09-10,175.0915069580078,175.42250061035156,173.14549255371094,173.45750427246094,47946000,-0.004308001431212238,174.34478323800224,
2021-09-13,174.13999938964844,174.8979949951172,171.89999389648438,172.85850524902344,51380000,-0.0034532897607970625,174.18885585239954,168.37642923990884
2021-09-14,173.77749633789062,174.3404998779297,171.885498046875,172.5,38738000,-0.002073980962099431,174.0951407296317,168.7479291643415
2021-09-15,172.12600708007812,174.27099609375,170.10049438476562,173.7895050048828,59150000,0.007475391332653958,174.07899911063058,169.16888209751673
2021-09-16,172.9980010986328,174.62750244140625,172.3070068359375,174.41200256347656,51672000,0.0035819053548502566,173.92864336286272,169.75526282900856
2021-09-17,174.42050170898438,174.87049865722656,172.60650634765625,173.12600708007812,92332000,-0.007373319866162298,173.4787881033761,170.37740580240884
2021-09-20,169.8000030517578,170.9499969482422,165.25050354003906,167.7864990234375,93382000,-0.03084174438431353,172.56143188476562,170.77735828218005
2021-09-21,168.75,168.98500061035156,166.6195068359375,167.18150329589844,55618000,-0.0036057473697842513,171.66486031668526,171.1194537934803
2021-09-22,167.5500030517578,169.4499969482422,167.05250549316406,169.00250244140625,48228000,0.01089234819407503,171.11400277273995,171.3913109188988
2021-09-23,169.00250244140625,171.447998046875,169.00250244140625,170.8000030517578,47588000,0.01063594079605279,170.87114606584822,171.6537395658947
2021-09-24,170.10049438476562,171.46299743652344,169.6699981689453,171.2760009765625,42324000,0.0027868730462519142,170.51207406180245,171.95454915364584
2021-09-27,168.5749969482422,170.77850341796875,166.98049926757812,170.2899932861328,72690000,-0.005756835077931344,169.92321559361048,172.1683582124256
2021-09-28,167.885498046875,168.45950317382812,164.5050048828125,165.79800415039062,88616000,-0.0263784679831095,168.87635803222656,172.08819144112724
2021-09-29,166.10549926757812,167.56500244140625,164.89349365234375,165.05599975585938,51246000,-0.004475351789266391,168.48628670828683,171.80140540713356
2021-09-30,165.8000030517578,166.3925018310547,163.69949340820312,164.2519989013672,56848000,-0.0048710792439015105,168.06778608049666,171.35914321172805
2021-10-01,164.45050048828125,165.45849609375,162.7969970703125,164.16299438476562,56712000,-0.0005418778291703674,167.37642778669084,170.89309547061012
2021-10-04,163.96949768066406,163.99949645996094,158.8125,159.48899841308594,90462000,-0.028471678341373097,165.7605699811663,170.2422855922154
2021-10-05,160.22500610351562,163.0364990234375,160.1230010986328,161.0500030517578,65384000,0.00978753803838428,164.29971313476562,169.63026210239954
2021-10-06,160.67649841308594,163.2169952392578,159.93099975585938,163.10049438476562,50660000,0.012732016728672857,163.27264186314173,169.04150027320497
2021-10-07,164.57699584960938,166.28750610351562,164.1529998779297,165.1215057373047,48182000,0.012391203105561077,163.1759992327009,168.51038178943452
2021-10-08,165.85000610351562,166.07150268554688,164.41000366210938,164.43099975585938,39964000,-0.004181805261295635,163.08671351841517,168.04481070382255
2021-10-11,163.75,164.62950134277344,161.90499877929688,162.31500244140625,40684000,-0.01286860335091844,162.80999973842077,167.51421537853423
2021-10-12,162.85000610351562,163.37649536132812,161.81399536132812,162.3665008544922,36392000,0.0003172745113595443,162.55335780552454,167.01459612165178
2021-10-13,163.48550415039062,164.41900634765625,163.05450439453125,164.21400451660156,48402000,0.011378601203982708,163.22835867745536,166.6200249081566
2021-10-14,165.12249755859375,165.6300048828125,164.53900146484375,164.9929962158203,42190000,0.004743759227551214,163.79164341517858,166.2011435372489
2021-10-15,165.5709991455078,170.52099609375,165.1999969482422,170.4510040283203,103598000,0.03308023939004423,164.84171622140067,166.0125245593843
2021-10-18,169.41799926757812,172.45849609375,169.2550048828125,172.33700561523438,63482000,0.011064772529006062,165.87250191824776,165.97495306105841
2021-10-19,171.71449279785156,172.7344970703125,171.10000610351562,172.20750427246094,47722000,-0.0007514424560826072,166.98343113490515,166.18547712053572
2021-10-20,172.63299560546875,173.14300537109375,170.01849365234375,170.7530059814453,42796000,-0.008446195751808605,168.18886021205358,166.35554867699034
2021-10-21,170.71249389648438,172.01400756835938,170.14999389648438,171.75050354003906,37628000,0.005841756945129006,169.52943202427454,166.48640587216332
2021-10-22,171.0500030517578,171.49200439453125,166.56500244140625,166.77749633789062,62782000,-0.028954833317208384,169.89564514160156,166.29485793340774
2021-10-25,166.75,167.38999938964844,164.88499450683594,166.01849365234375,44520000,-0.004550989805058192,170.04214477539062,166.04450044177827
2021-10-26,167.47549438476562,170.80599975585938,167.19900512695312,168.80349731445312,53966000,0.01677526160393561,169.8067866734096,165.97371491931733
2021-10-27,169.39999389648438,171.85000610351562,168.57249450683594,169.62449645996094,54044000,0.004863638245470758,169.4192853655134,166.15592883882067
2021-10-28,170.10499572753906,173.9499969482422,169.3000030517578,172.32850646972656,114174000,0.01594115275917063,169.4365713936942,166.50223868233817
2021-10-29,165.00100708007812,168.74099731445312,163.66600036621094,168.6215057373047,129722000,-0.021511245053778105,169.13207135881697,166.71031043643043
2021-11-01,168.08999633789062,168.79299926757812,164.6009979248047,165.90550231933594,72178000,-0.01610709978002456,168.2970711844308,166.7932870047433
2021-11-02,165.75050354003906,166.55599975585938,164.17750549316406,165.6374969482422,52552000,-0.0016154097805501921,168.13421412876673,167.08607264927454
2021-11-03,165.4499969482422,169.74600219726562,164.87600708007812,169.1999969482422,67944000,0.021507811127532195,168.58871459960938,167.4741675967262
2021-11-04,168.5,174.93150329589844,168.25,173.85000610351562,107060000,0.02748232410840923,169.3096444266183,167.98604910714286
2021-11-05,173.85000610351562,178.3125,173.8489990234375,175.94949340820312,99940000,0.01207642928374364,170.21321541922433,168.50166756766183
2021-11-08,176.16200256347656,178.9499969482422,174.39300537109375,174.44900512695312,61480000,-0.008527948857282919,170.51614379882812,168.97871544247582
2021-11-09,175.7624969482422,179.68850708007812,175.07150268554688,178.81149291992188,85898000,0.025007238016599764,171.97185625348772,169.76426260811942
2021-11-10,178.19349670410156,180.2725067138672,173.1544952392578,174.1024932861328,80548000,-0.026334994227121156,173.14285496303015,170.32311939057848
2021-11-11,175.64999389648438,177.16200256347656,173.37350463867188,173.625,45288000,-0.0027425987825921982,174.28392682756697,170.7712620326451
2021-11-12,174.25,177.0364990234375,172.3524932861328,176.25750732421875,53788000,0.015162029225161966,175.2921425955636,171.3076673235212
2021-11-15,176.85000610351562,179.69400024414062,176.29049682617188,177.28399658203125,58594000,0.0058238044631160335,175.78271266392298,171.63304792131697
2021-11-16,176.9499969482422,178.8249969482422,176.25750732421875,177.03500366210938,44342000,-0.001404486161877938,175.93778555733817,171.8567621140253
2021-11-17,178.23599243164062,179.3625030517578,177.2675018310547,177.4499969482422,51206000,0.0023441312596286235,176.36649867466517,172.10640462239584
2021-11-18,178.3175048828125,185.2100067138672,178.0500030517578,184.8029937744141,114070000,0.04143700734081501,177.22242736816406,172.77545166015625
2021-11-19,185.63450622558597,188.1074981689453,183.78599548339844,183.82850646972656,98734000,-0.005273114275827551,178.61185782296317,173.35059465680803
2021-11-22,183.81900024414065,185.67300415039065,178.375,178.6284942626953,96844000,-0.02828730052206352,179.32664271763392,173.91492789132255
2021-11-23,179.2519989013672,181.0525054931641,176.385498046875,179.0019989013672,73804000,0.0020909577736383245,179.71871294294084,174.53319004603796
2021-11-24,178.1334991455078,180.6820068359375,176.84249877929688,179.02049255371094,46560000,0.00010331533981333685,179.96678379603796,175.01971362885973
2021-11-26,180.10499572753906,181.6750030517578,175.20750427246094,175.22799682617188,59826000,-0.021184701669844985,179.7086399623326,175.2865469796317
2021-11-29,177.3820037841797,179.8000030517578,176.5749969482422,178.07850646972656,65312000,0.016267432688752415,179.79842703683036,175.56035650344123
2021-11-30,178.1750030517578,179.2884979248047,174.60049438476562,175.35350036621094,80022000,-0.015302274022490625,178.44849940708704,175.88092767624627
2021-12-01,177.25,177.99400329589844,172.0800018310547,172.18600463867188,74916000,-0.0180634873037836,176.78528485979353,176.17999921526228
2021-12-02,173.0,174.63499450683594,171.1875,171.8679962158203,64726000,-0.0018468889124809706,175.81949942452567,176.47668965657553
2021-12-03,172.75,173.49349975585938,166.92999267578125,169.489501953125,80712000,-0.013839076006382012,174.4605712890625,176.490475609189
2021-12-06,169.64999389648438,173.69549560546875,166.9344940185547,171.36849975585938,68860000,0.011086219388703134,173.36742946079798,176.37230864025298
2021-12-07,174.60000610351562,177.49949645996094,173.33450317382812,176.1645050048828,66410000,0.027986504263362688,173.501216343471,176.38254728771392
2021-12-08,176.15049743652344,177.17999267578125,174.75050354003906,176.1580047607422,45254000,-3.689871657430732e-05,173.22685895647322,176.46392822265625
2021-12-09,175.75,176.96949768066406,174.13949584960938,174.17100524902344,46062000,-0.011279643604146683,173.05793108258928,176.24295261928015
2021-12-10,175.41700744628906,175.927001953125,170.5,172.21200561523438,60690000,-0.011247564604614624,173.0616455078125,176.1529293968564
2021-12-13,172.0,172.10000610351562,169.1300048828125,169.5675048828125,62170000,-0.015356076499860039,172.7330038888114,175.959715343657
2021-12-14,167.5500030517578,169.49899291992188,166.44000244140625,169.0915069580078,55976000,-0.0028071293797337082,172.6761474609375,175.6184772309803
2021-12-15,168.59800720214844,173.60000610351562,165.19500732421875,173.31500244140625,75794000,0.024977573145925636,172.9542192731585,175.42947750999815
2021-12-16,173.36849975585938,174.16600036621094,168.16050720214844,168.87100219726562,60876000,-0.025641174633125208,171.91229030064173,175.04071553548178
2021-12-17,167.7104949951172,170.89849853515625,165.61349487304688,170.0175018310547,85542000,0.00678920370502567,171.03507559640067,174.68678719656808
2021-12-20,166.85000610351562,167.87449645996094,165.60000610351562,167.07899475097656,57372000,-0.017283556389377508,170.02193123953683,173.84278724307106
2021-12-21,167.85049438476562,170.7165069580078,165.6475067138672,170.41700744628906,55956000,0.019978649621920752,169.7655029296875,173.20414443243118
2021-12-22,169.27000427246094,172.0500030517578,168.50050354003906,171.03700256347656,55036000,0.0036381058820253998,169.97543116978235,172.84264482770647
2021-12-23,170.42799377441406,171.97500610351562,170.14999389648438,171.06849670410156,36788000,0.0001841364158221559,170.2578582763672,172.46485900878906
2021-12-27,171.03700256347656,172.9429931640625,169.2154998779297,169.66949462890625,58688000,-0.008178022851368039,169.73707144601005,172.01957339332216
2021-12-28,170.1824951171875,172.17599487304688,169.135498046875,170.66099548339844,54638000,0.005843719029521299,169.99278477260046,171.8020971389044
2021-12-29,170.83999633789062,171.21200561523438,168.60049438476562,169.2010040283203,35754000,-0.0085549217086347,169.87614222935267,171.37935892740884
2021-12-30,169.6999969482422,170.88800048828125,168.5240020751953,168.64450073242188,37584000,-0.0032890070546229833,170.09978594098772,171.05988275437127
2021-12-31,168.95599365234375,169.35000610351562,166.55850219726562,166.7169952392578,47830000,-0.011429400216389607,169.5712127685547,170.79945373535156
2022-01-03,167.5500030517578,170.70350646972656,166.16050720214844,170.4044952392578,63520000,0.022118320898886212,169.48085457938058,170.7297632126581
2022-01-04,170.43800354003906,171.39999389648438,166.34950256347656,167.52200317382812,70726000,-0.016915587005979504,168.97421264648438,170.63607279459634
2022-01-05,166.88299560546875,167.12649536132812,164.35699462890625,164.35699462890625,64302000,-0.018893091563845,168.2152840750558,170.30219159807478
2022-01-06,163.45050048828125,164.8000030517578,161.93699645996094,163.25399780273438,51958000,-0.006710981961323137,167.15714154924666,169.68740554082962
2022-01-07,163.83900451660156,165.24349975585938,162.031005859375,162.5540008544922,46606000,-0.004287778294336242,166.2075696672712,169.03959583100817
2022-01-10,160.5854949951172,161.6614990234375,156.30450439453125,161.48599243164062,87798000,-0.006570176170610398,165.18492562430245,168.43554760160902
2022-01-11,161.5,166.35000610351562,160.70150756835938,165.36199951171875,62806000,0.024002125643924677,164.9913548060826,168.10935683477493
2022-01-12,166.5749969482422,166.8780059814453,164.41700744628906,165.20700073242188,50030000,-0.0009373300985386912,164.2488555908203,167.90171377999442
2022-01-13,165.25050354003906,166.22149658203125,161.09100341796875,161.21400451660156,52188000,-0.024169655027437842,163.34771292550224,167.52659461611793
2022-01-14,160.14999389648438,162.25,159.80050659179688,162.13800048828125,45974000,0.005731487003565627,163.0307137625558,166.9943564278739
2022-01-18,159.10499572753906,159.7344970703125,157.6645050048828,158.91749572753906,67292000,-0.019862738846190164,162.41121346609933,166.52037992931548
2022-01-19,158.76199340820312,159.25,156.25,156.2989959716797,53242000,-0.016477101806013472,161.51764133998327,165.86711774553572
2022-01-20,156.76600646972656,158.0,151.3509979248047,151.66749572753906,71974000,-0.02963230963415675,160.11499895368303,165.13323683965774
2022-01-21,149.9499969482422,150.89999389648438,142.07049560546875,142.64300537109375,163972000,-0.05950180896147472,156.86942836216517,163.81066531226747
2022-01-24,139.0,144.94500732421875,135.3520050048828,144.54400634765625,155624000,0.01332698348311534,153.91757202148438,162.5490940638951
2022-01-25,142.24249267578125,143.60000610351562,138.14500427246094,139.98599243164062,90824000,-0.031533745543573244,150.88499886648995,161.06897481282553
2022-01-26,144.75,145.18499755859375,137.31849670410156,138.87249755859375,95602000,-0.007954330670553511,147.5613555908203,159.60245114281065
2022-01-27,140.8000030517578,144.24349975585938,139.35000610351562,139.6374969482422,77516000,0.005508645722495764,144.80707005092077,158.12514168875558
2022-01-28,140.86050415039062,143.9980010986328,137.92950439453125,143.97799682617188,74392000,0.031084056738273746,143.04692731584822,156.9240461077009
2022-01-31,144.75,150.36050415039062,144.30050659179688,149.57350158691406,78308000,0.03886361030218932,142.74778529575892,156.01590329124815
2022-02-01,150.0,151.70799255371094,147.62750244140625,151.19349670410156,59220000,0.010830762802234384,143.9692840576172,155.27668907528832
2022-02-02,155.05050659179688,155.0749969482422,148.86349487304688,150.6125030517578,87330000,-0.0038427158906232384,144.83621215820312,154.33421325683594
2022-02-03,141.7375030517578,144.24749755859375,138.33299255371094,138.8455047607422,225532000,-0.0781276325178123,144.67328534807478,152.96866571335565
2022-02-04,155.60650634765625,161.1999969482422,150.60800170898438,157.63949584960938,253456000,0.13535901735711864,147.35428510393416,152.6487848191034
2022-02-07,158.52000427246094,162.6909942626953,157.25,157.9355010986328,102624000,0.0018777353189827206,149.9682856968471,152.39552307128906
2022-02-08,156.75050354003906,161.79249572753906,155.55050659179688,161.4134979248047,76040000,0.022021627828944013,152.45907156808036,152.3412134079706
2022-02-09,162.87350463867188,163.83450317382812,160.25,161.1894989013672,68786000,-0.0013877341505965646,154.11849975585938,152.32709466843377
2022-02-10,158.35000610351562,160.7165069580078,157.75,159.0034942626953,68268000,-0.013561706274733853,155.23421369280135,152.02430870419457
2022-02-11,158.13450622558594,159.0,152.73399353027344,153.2935028076172,77100000,-0.03591110674363196,155.6172136579241,151.45699927920387
2022-02-14,151.75100708007812,158.44850158691406,151.64999389648438,155.16700744628906,83230000,0.012221683270054351,157.9488568987165,151.1690470377604
2022-02-15,157.60549926757812,158.0070037841797,154.6374969482422,156.510498046875,56440000,0.008658352201907249,157.7875714983259,150.90107073102678
2022-02-16,155.79049682617188,158.83399963378906,154.7344970703125,158.10049438476562,52704000,0.010159039538768955,157.81114196777344,150.86216590518043
2022-02-17,158.14599609375,160.3489990234375,154.5,154.65249633789062,64032000,-0.021808901106176726,156.84528459821428,150.78376116071428
2022-02-18,155.49949645996094,155.49949645996094,150.89300537109375,152.60150146484375,63604000,-0.013261957754408193,155.61842782156808,150.82823762439546
2022-02-22,150.47850036621094,152.9824981689453,148.48550415039062,150.19749450683594,66128000,-0.015753494788264932,154.3604278564453,151.18797520228796
2022-02-23,151.65049743652344,151.76300048828125,144.6510009765625,144.82699584960938,64244000,-0.03575624663287669,153.1509268624442,151.20145089285714
2022-02-24,139.83749389648438,151.74899291992188,139.5,151.35800170898438,100786000,0.04509522427819257,152.6067831856864,151.74297514415923
2022-02-25,150.5500030517578,153.99000549316406,149.2135009765625,153.7884979248047,62396000,0.01605793012842116,152.21792602539062,152.45326087588356
2022-02-28,152.4250030517578,154.4499969482422,150.85000610351562,153.56300354003906,57684000,-0.0014662630028149382,151.56971304757255,153.1163802373977
2022-03-01,152.7324981689453,154.0989990234375,149.9770050048828,151.14199829101562,44874000,-0.015765550251120253,151.0682133265904,153.45752316429503
2022-03-02,150.8489990234375,152.99949645996094,148.75,152.05250549316406,47334000,0.0060241839623909055,150.98978533063615,153.57557096935454
2022-03-03,153.531494140625,153.9290008544922,146.8560028076172,147.89849853515625,65198000,-0.027319556126581324,150.66135733468192,153.41866629464286
2022-03-04,147.15899658203125,147.85000610351562,143.8070068359375,145.64100646972656,60934000,-0.0152637929917393,150.77764456612724,153.18192836216517
2022-03-07,145.44349670410156,146.09449768066406,137.41650390625,137.4530029296875,86934000,-0.05622045424233624,148.79121616908483,153.11561875116257
2022-03-08,136.68350219726562,140.69949340820312,133.57249450683594,136.01449584960938,91662000,-0.010465446730283379,146.25207301548548,152.08585684640067
2022-03-09,139.5,140.25,136.8280029296875,139.2790069580078,82656000,0.024001199930983708,144.2115020751953,151.19745236351378
2022-03-10,145.68499755859375,148.67449951171875,143.97799682617188,146.8175048828125,135062000,0.05412515560997311,143.59371730259485,150.50240507579986
2022-03-11,149.57449340820312,149.6750030517578,145.36900329589844,145.52450561523438,68900000,-0.008806846762653975,142.66114589146204,149.75645301455543
2022-03-14,145.9810028076172,147.4499969482422,140.88400268554688,141.85299682617188,74086000,-0.025229488143872714,141.79750279017858,148.93976266043526
2022-03-15,142.85000610351562,147.98500061035156,142.0,147.3665008544922,75584000,0.038867730338306705,142.04400198800224,148.65752447219123
2022-03-16,148.5,153.14999389648438,147.35350036621094,153.10400390625,84958000,0.038933563723705156,144.2798592703683,148.55928620837983
2022-03-17,152.6405029296875,157.49850463867188,152.13999938964844,157.23899841308594,72934000,0.027007748989816838,147.31193106515067,148.59397670200892
2022-03-18,156.81300354003906,161.593994140625,156.01100158691406,161.25050354003906,102962000,0.025512151358369817,150.45071629115515,148.74397713797433
2022-03-21,161.12100219726562,163.08399963378906,159.55299377441406,161.4915008544922,66538000,0.0014945523217748669,152.5470014299665,149.06964401971726
2022-03-22,161.8054962158203,166.16700744628906,161.69900512695312,164.88900756835938,64086000,0.02103830044237709,155.3133588518415,149.6547633579799
2022-03-23,163.7050018310547,166.3699951171875,162.68699645996094,163.4080047607422,55812000,-0.008981816492546923,158.39264569963728,150.2838352748326
2022-03-24,163.74949645996094,164.11849975585938,160.0500030517578,163.64950561523438,56798000,0.0014779010051912955,160.71878923688615,151.18014526367188
2022-03-25,164.0,165.36849975585938,162.25,164.77349853515625,49032000,0.006868294014676479,162.3858598981585,151.81897844587053
2022-03-28,164.97500610351562,169.03750610351562,164.89999389648438,168.99049377441406,59854000,0.025592678900108856,164.06464494977678,152.54288301013764
2022-03-29,170.38400268554688,170.8314971923828,167.86849975585938,169.31500244140625,66154000,0.00192027764251268,165.21671622140067,153.29297819591704
2022-03-30,168.50950622558594,168.95050048828125,165.5,166.30099487304688,56168000,-0.01780118433038691,165.9037867954799,154.01483517601378
2022-03-31,166.44500732421875,166.4949951171875,162.95350646972656,162.99749755859375,59966000,-0.019864567358571672,165.6335710797991,154.53602527436755
2022-04-01,164.14950561523438,165.82699584960938,162.3195037841797,163.55999755859375,57090000,0.003450973226124532,165.65528433663505,155.2818109421503
2022-04-04,164.125,168.39450073242188,163.20550537109375,168.34649658203125,49882000,0.029264484561530857,166.32628304617745,156.36302475702195
2022-04-05,167.7415008544922,168.11050415039062,163.26600646972656,164.05499267578125,53728000,-0.025492089193307588,166.22363935198103,157.6297861735026
2022-04-06,161.65049743652344,162.1999969482422,157.25450134277344,158.75599670410156,79056000,-0.032300120131985244,164.7615683419364,158.71271478562127
2022-04-07,158.39999389648438,160.07899475097656,154.51150512695312,157.7845001220703,68136000,-0.0061194323502751224,163.1143537248884,159.59392874581474
2022-04-08,156.75,157.36849975585938,154.2310028076172,154.4604949951172,46002000,-0.021066740550443774,161.42285374232702,159.95788065592447
2022-04-11,152.71299743652344,154.13650512695312,150.5345001220703,151.1219940185547,52112000,-0.021613947156313595,159.72635323660714,160.22442772274925
2022-04-12,153.6925048828125,155.0989990234375,150.38299560546875,150.78750610351562,55178000,-0.002213363562407644,157.9017116001674,160.6498805454799
2022-04-13,150.01849365234375,156.02499389648438,149.60000610351562,155.54100036621094,53390000,0.03152445706895657,156.07235499790735,161.03914242699034
2022-04-14,155.38999938964844,155.89700317382812,151.4720001220703,151.7064971923828,51598000,-0.024652684274885983,154.30828421456474,160.97259448823473
2022-04-18,151.52349853515625,154.0395050048828,150.25050354003906,152.78500366210938,46514000,0.007109164667870926,153.45528520856584,160.760499500093
2022-04-19,152.0294952392578,158.6490020751953,151.55050659179688,158.11549377441406,54926000,0.03488883060861969,153.50257001604353,160.61121332077752
2022-04-20,157.6024932861328,157.6024932861328,153.60350036621094,153.9980010986328,59630000,-0.026041044919075107,153.4364994594029,160.25437999906995
2022-04-21,154.71400451660156,156.73800659179688,147.58949279785156,148.29600524902344,63970000,-0.037026427673936824,153.0327867780413,159.46423703148253
2022-04-22,148.25,149.61500549316406,143.69749450683594,144.35000610351562,73078000,-0.026608937569704394,152.11314392089844,158.5567132859003
2022-04-25,144.0229949951172,146.22149658203125,142.30650329589844,146.07400512695312,61874000,0.011943186356370372,150.7607160295759,157.71978469122024
2022-04-26,144.8000030517578,144.8560028076172,138.92950439453125,139.39100646972656,77530000,-0.0457507730510871,149.00136021205358,156.51109459286644
2022-04-27,140.19149780273438,141.94850158691406,135.7834930419922,138.16700744628906,71336000,-0.008781047317448887,146.91307503836495,155.0433095296224
2022-04-28,142.17799377441406,145.9375,140.3000030517578,144.59649658203125,117316000,0.04653418536434306,144.9817897251674,153.8662378220331
2022-04-29,129.8489990234375,130.76100158691406,121.625,124.28150177001952,272662000,-0.14049437774923412,140.73657553536552,151.86530957903182
2022-05-02,122.4010009765625,124.66799926757812,118.375,124.5,148788000,0.0017580913238786078,137.33714621407645,150.03209540957496
2022-05-03,124.05349731445312,126.22049713134766,122.8249969482422,124.25350189208984,79134000,-0.0019799044812061073,134.46621704101562,148.16035752069382
2022-05-04,123.5999984741211,126.0,119.18299865722656,125.92849731445312,110746000,0.01348046853293483,131.58828735351562,146.1404527936663
2022-05-05,123.0,123.4990005493164,115.07250213623048,116.40699768066406,144392000,-0.07561036490424522,128.3048575265067,143.87150065104166
2022-05-06,114.8499984741211,119.05049896240234,113.0814971923828,114.77249908447266,124260000,-0.014041240035030156,124.96278490339007,141.7770483834403
2022-05-09,111.3125,114.0,107.95700073242188,108.78900146484376,128124000,-0.05213354825727923,119.84742845807757,139.44392939976282
2022-05-10,111.25,112.64250183105467,107.1709976196289,108.85900115966795,105434000,0.0006434445934941913,117.6442140851702,137.27242969331286
2022-05-11,108.10350036621094,110.15599822998048,104.42849731445312,105.37200164794922,109704000,-0.03203225709010693,114.91164289202008,135.09385862804595
2022-05-12,102.75,110.78050231933594,102.40550231933594,106.93049621582033,132026000,0.014790404884573505,112.43692779541016,133.00542958577475
2022-05-13,109.06900024414062,113.18399810791016,107.8000030517578,113.05500030517578,93684000,0.05727556035084902,110.59785679408482,130.98228672572546
2022-05-16,113.0999984741211,113.99250030517578,110.35399627685548,110.8105010986328,74566000,-0.01985316173972207,109.79835728236607,129.03485834030877
2022-05-17,113.2750015258789,115.8000030517578,111.27649688720705,115.36849975585938,76448000,0.04113327357999652,109.88350023542132,127.25312005905877
2022-05-18,111.4394989013672,112.85299682617188,106.2490005493164,107.1125030517578,108380000,-0.07156196640827228,109.64400046212333,124.82440621512276
2022-05-19,106.28050231933594,110.03399658203124,106.19300079345705,107.31900024414062,88142000,0.0019278532990965047,109.4240003313337,122.60159665062314
2022-05-20,109.56849670410156,109.89800262451172,105.0094985961914,107.59100341796876,99500000,0.0025345295167618076,109.74100058419364,120.66326323009673
2022-05-23,108.46099853515624,108.81900024414062,103.9499969482422,107.55699920654295,107798000,-0.00031605069518414464,109.83050101143974,118.91121528262184
2022-05-24,104.0250015258789,105.4000015258789,101.26000213623048,104.0999984741211,102934000,-0.03214110432537587,108.55121503557477,116.91245306105841
2022-05-25,103.65550231933594,108.1750030517578,103.6500015258789,106.7750015258789,93120000,0.025696475417555487,107.97471509660993,115.35930996849423
2022-05-26,107.97000122070312,112.66549682617188,107.45349884033205,111.07749938964844,93002000,0.04029499229486544,107.36171504429409,114.06933339436848
2022-05-27,113.5500030517578,115.18699645996094,112.62799835205078,115.14649963378906,93660000,0.036632083603781895,108.50942884172711,112.66695258730934
2022-05-31,116.27999877929688,121.99449920654295,115.6750030517578,120.20950317382812,144634000,0.04397010379074828,110.3509292602539,112.47304789225261
2022-06-01,122.25599670410156,125.1790008544922,120.62249755859376,121.68399810791016,127528000,0.012266042992872705,112.36421421595982,112.33895256405785
2022-06-02,121.68399810791016,125.61000061035156,120.04499816894533,125.51100158691406,100560000,0.03145034300738625,114.92907169886998,112.39883350190662
2022-06-03,124.1999969482422,124.4000015258789,121.04650115966795,122.3499984741211,97604000,-0.025185068024527135,117.53621455601284,112.22842879522415
2022-06-06,125.25,128.99000549316406,123.80999755859376,124.79000091552734,135269000,0.01994280728922404,120.10978589739118,112.62761942545573
2022-06-07,122.01000213623048,124.0999984741211,120.62999725341795,123.0,85156700,-0.014344105316090427,121.81300027029855,113.01940518333798
2022-06-08,122.61000061035156,123.75,120.75,121.18000030517578,64926600,-0.014796745486375773,122.6749289376395,113.60945274716332
2022-06-09,119.98999786376952,121.3000030517578,116.0999984741211,116.1500015258789,67029800,-0.04150848957443054,122.09500013078961,113.95664324079242
2022-06-10,113.41999816894533,114.5,109.0500030517578,109.6500015258789,87266000,-0.05596211721574329,120.37585776192802,114.16035752069382
2022-06-13,104.19000244140624,106.54000091552734,101.86000061035156,103.66999816894533,99277700,-0.05453719355874531,117.2557144165039,114.00509570893787
2022-06-14,104.19000244140624,104.87999725341795,101.43000030517578,102.30999755859376,69728800,-0.013118555361940287,114.39285714285714,113.49342891148159
2022-06-15,103.86000061035156,109.05999755859376,103.52999877929688,107.66999816894533,85011100,0.052389802934770247,111.94714246477399,113.34388115292504
2022-06-16,104.47000122070312,104.58000183105467,102.01000213623048,103.66000366210938,82186300,-0.037243378610853695,109.18428584507534,112.78633371988933
2022-06-17,102.8000030517578,106.9800033569336,102.51000213623048,106.22000122070312,99772100,0.02469609751257895,107.0471431187221,112.74383363269624
2022-06-21,108.1999969482422,111.62999725341795,103.55999755859376,108.68000030517578,70901200,0.023159471438541024,105.98000008719308,112.8086431594122
2022-06-22,107.43000030517578,112.12999725341795,107.0199966430664,108.9499969482422,60040100,0.0024843268523027096,105.87999943324498,112.87335713704427
2022-06-23,110.38999938964844,113.0,107.93000030517578,112.44000244140624,64345300,0.032033093996523876,107.13285718645368,113.1058811006092
2022-06-24,112.37999725341795,116.70999908447266,111.43000030517578,116.45999908447266,69867600,0.03575237064906056,109.15428597586495,113.69445255824498
2022-06-27,117.08999633789062,117.9800033569336,112.6999969482422,113.22000122070312,62133200,-0.027820692849391482,109.9471435546875,114.00135730561756
2022-06-28,113.5,114.8499984741211,107.04000091552734,107.4000015258789,74942900,-0.05140434227234392,110.48142896379743,113.82623835972377
2022-06-29,107.37999725341795,110.98999786376952,106.91000366210938,108.91999816894533,66375300,0.014152668728781848,110.86714281354632,113.5297382899693
2022-06-30,108.11000061035156,108.18000030517578,102.5199966430664,106.20999908447266,97679400,-0.024880638358708018,110.51428549630302,112.86309523809524
2022-07-01,106.29000091552734,109.75,105.8499984741211,109.55999755859376,73021200,0.03154127203651269,110.60142844063897,112.28576187860398
2022-07-05,107.5999984741211,114.08000183105467,106.31999969482422,113.5,76583700,0.035962053023039564,110.75285666329522,111.71380942208427
2022-07-06,113.20999908447266,115.4800033569336,112.01000213623048,114.33000183105467,66958900,0.007312791463036872,110.44857134137835,111.33190482003349
2022-07-07,113.8499984741211,116.98999786376952,113.48999786376952,116.33000183105467,57872300,0.01749322109655349,110.89285714285714,110.92904772077289
2022-07-08,114.5999984741211,116.58000183105467,113.69000244140624,115.54000091552734,45719700,-0.006791033294013427,112.0557141985212,110.57380966913132
2022-07-11,114.08000183105467,114.3000030517578,110.87000274658205,111.75,53487600,-0.03280250030721621,112.46000017438617,110.12476203555153
2022-07-12,112.16000366210938,113.2300033569336,108.33999633789062,109.22000122070312,54280300,-0.022639810105564928,112.89000047956195,109.79476202101935
2022-07-13,107.02999877929688,111.77999877929688,106.01000213623048,110.4000015258789,61353800,0.010803884746268588,113.01000104631694,109.83047630673363
2022-07-14,110.23999786376952,111.18000030517578,107.58000183105467,110.62999725341795,51163100,0.002083294604711794,112.60000065394809,110.16190483456566
2022-07-15,112.5,115.58999633789062,111.58999633789062,113.5500030517578,84317800,0.02639434033114041,112.4885722569057,110.69714319138299
2022-07-18,115.0,117.23999786376952,113.1500015258789,113.76000213623048,59115400,0.0018493974357443044,112.12142944335938,110.98714338030133
2022-07-19,115.6999969482422,118.9499969482422,114.02999877929688,118.20999908447266,60990000,0.03911741266419089,112.5028577532087,111.68000030517578
2022-07-20,118.62000274658205,123.4800033569336,118.31999969482422,122.7699966430664,71268300,0.03857539627705431,114.07714298793248,112.46809532528832
2022-07-21,123.1999969482422,124.8499984741211,121.26000213623048,124.62999725341795,60239900,0.01515028639903937,116.27857099260602,113.22761898949032
2022-07-22,125.01000213623048,125.5,121.3499984741211,122.41999816894533,51463800,-0.01773248120979176,117.99571337018695,113.86904761904762
2022-07-25,122.6999969482422,123.63999938964844,120.02999877929688,121.13999938964844,50221300,-0.010455798059483934,119.4971422467913,114.28333318801154
2022-07-26,115.79000091552734,118.1500015258789,114.52999877929688,114.80999755859376,67075100,-0.052253606265046604,119.67714146205357,114.20476168677921
2022-07-27,117.30999755859376,121.9000015258789,117.16000366210938,120.97000122070312,61582000,0.05365389594199388,120.70714133126395,114.57380930582683
2022-07-28,121.56999969482422,122.83999633789062,118.08000183105467,122.27999877929688,82245500,0.010829110898360028,121.28856985909599,115.28238060360863
2022-07-29,134.89999389648438,137.64999389648438,132.41000366210938,134.9499969482422,148892900,0.10361464095050721,123.02856990269252,116.52190435500373
2022-08-01,134.9600067138672,138.8300018310547,133.50999450683594,135.38999938964844,76846900,0.0032604850044939404,124.56571306501117,117.91142817905971
2022-08-02,134.72000122070312,137.44000244140625,134.08999633789062,134.16000366210938,61922400,-0.009084834427092181,126.24285670689174,119.08285704113189
2022-08-03,136.2100067138672,140.49000549316406,136.0500030517578,139.52000427246094,71827800,0.039952299225118226,128.86857169015067,120.32190486363002
2022-08-04,140.5800018310547,143.55999755859375,139.5500030517578,142.57000732421875,70585000,0.021860686341448332,132.83428737095423,121.66666702997117
2022-08-05,140.10000610351562,142.86000061035156,139.60000610351562,140.8000030517578,50686900,-0.012414983387324718,135.66714477539062,122.83190518333798
2022-08-08,142.0500030517578,144.22999572753906,138.2899932861328,139.41000366210938,52229000,-0.009872154542052702,138.11428833007812,123.96857198079427
2022-08-09,138.0500030517578,138.9499969482422,136.2100067138672,137.8300018310547,40434700,-0.011333489631663474,138.52571759905135,125.21047682989212
2022-08-10,142.89999389648438,144.60000610351562,141.00999450683594,142.69000244140625,54773800,0.0352608325167747,139.5685751778739,126.80428641183036
2022-08-11,143.86000061035156,144.49000549316406,139.75999450683594,140.63999938964844,44867300,-0.014366830308238487,140.4942888532366,128.2442863101051
2022-08-12,142.0500030517578,143.57000732421875,140.1199951171875,143.5500030517578,47643500,0.020691152408548463,141.07000296456474,129.81190563383558
2022-08-15,142.8000030517578,143.75999450683594,141.49000549316406,143.17999267578125,39014600,-0.0025775713556979163,141.15714372907365,131.22285752069382
2022-08-16,143.91000366210938,146.57000732421875,142.0,144.77999877929688,59102900,0.0111747882760318,141.72571454729353,132.7000002179827
2022-08-17,142.69000244140625,143.3800048828125,140.77999877929688,142.10000610351562,48149800,-0.01851079360669594,142.11000061035156,133.8376195998419
2022-08-18,141.32000732421875,142.77000427246094,140.3800048828125,142.3000030517578,37458700,0.0014074379989574837,142.74857221330916,134.76761990501768
2022-08-19,140.47000122070312,141.11000061035156,137.91000366210938,138.22999572753906,47792800,-0.02860159688639219,142.1114283970424,135.41523887997582
2022-08-22,135.72000122070312,136.32000732421875,132.85000610351562,133.22000122070312,50461500,-0.036243902638259384,141.05142865862166,135.92952473958334
2022-08-23,133.41000366210938,134.99000549316406,132.9499969482422,133.6199951171875,36252100,0.003002506326521548,139.63285609654017,136.52381025041853
2022-08-24,132.75,135.47000122070312,132.10000610351562,133.8000030517578,38627000,0.001347163157822573,138.29285757882255,137.4280962262835
2022-08-25,135.25999450683594,137.4199981689453,134.27999877929688,137.27999877929688,37496300,0.026008936084948253,137.22142900739397,138.20476277669272
2022-08-26,136.5500030517578,137.8300018310547,130.5,130.75,53322700,-0.04756700784791723,135.5999995640346,138.60809616815476
2022-08-29,129.89999389648438,131.9499969482422,128.77000427246094,129.7899932861328,48101600,-0.007342307563037775,133.81285531180245,138.36238170805433
2022-08-30,131.25,132.07000732421875,126.8499984741211,128.72999572753906,49203000,-0.008167020675137082,132.4557124546596,138.0452386765253
2022-08-31,129.4499969482422,130.58999633789062,126.73999786376952,126.7699966430664,53648700,-0.015225659516225343,131.53428322928292,137.6933335803804
2022-09-01,126.0,128.02000427246094,123.66000366210938,127.81999969482422,56636100,0.008282741023605045,130.7057124546596,137.13619050525483
2022-09-02,129.5,131.3800048828125,126.38999938964844,127.51000213623048,57429800,-0.002425266463259801,129.80714089529857,136.41904740106492
2022-09-06,127.91999816894533,128.6199951171875,124.73999786376952,126.11000061035156,43888600,-0.010979542799969266,128.2114268711635,135.71952347528367
2022-09-07,126.12000274658205,129.82000732421875,125.4000015258789,129.47999572753906,47900300,0.026722663554652915,128.02999768938338,135.24666595458984
2022-09-08,127.72000122070312,130.27999877929688,127.0999984741211,129.82000732421875,43988500,0.0026259778181887405,128.03428540910994,134.86523764474052
2022-09-09,130.91000366210938,133.69000244140625,130.75999450683594,133.27000427246094,49387600,0.02657523304266962,128.68285805838448,134.41666630336218
2022-09-12,134.10000610351562,136.49000549316406,134.0,136.4499969482422,53826900,0.023861278411006825,130.06571524483817,134.21714237758093
2022-09-13,131.00999450683594,131.39999389648438,126.2699966430664,126.81999969482422,72694000,-0.0705752837581286,129.92285810198103,133.42047555106026
2022-09-14,127.36000061035156,128.83999633789062,126.33000183105467,128.5500030517578,45316800,0.01364140798846103,130.07142966134208,132.72380937848772
2022-09-15,127.37999725341795,130.3699951171875,125.5,126.27999877929688,52887200,-0.0176585314552421,130.09571511404855,131.84285699753534
2022-09-16,122.77999877929688,123.87000274658205,120.6999969482422,123.52999877929688,115667800,-0.021777003694830932,129.24571555001395,130.9585709344773
2022-09-19,122.16000366210938,124.70999908447266,121.8000030517578,124.66000366210938,47279700,0.009147615105472573,128.5085721697126,130.11857096354166
2022-09-20,123.3499984741211,124.4000015258789,121.13999938964844,122.19000244140624,47698400,-0.019813903001303257,126.92571476527621,129.3547617594401
2022-09-21,122.48999786376952,123.76000213623048,118.4499969482422,118.54000091552734,58498900,-0.02987152347123634,124.36714390345982,128.6557141258603
2022-09-22,117.08000183105467,118.79000091552734,116.26000213623048,117.30999755859376,55229200,-0.010376272544574183,123.00857216971261,127.87904757545108
2022-09-23,116.0,116.0500030517578,112.05999755859376,113.77999877929688,65126700,-0.0300912015408894,120.89857155936105,126.92571403866722
2022-09-26,113.3000030517578,117.33999633789062,113.12999725341795,115.1500015258789,62723300,0.012040804722097675,119.30857195172992,125.87190464564732
2022-09-27,117.1999969482422,118.31999969482422,113.0500030517578,114.41000366210938,60094700,-0.006426381710496365,118.00571550641742,125.09380958193825
2022-09-28,114.37999725341795,118.6999969482422,113.8000030517578,118.01000213623048,55763800,0.0314657666190894,117.05571528843473,124.53285762241909
2022-09-29,115.5999984741211,116.06999969482422,113.05999755859376,114.8000030517578,58969700,-0.027201076403397306,116.00000108991351,123.86952463785808
2022-09-30,114.08000183105467,116.91999816894533,112.83999633789062,113.0,59479600,-0.015679468675155572,115.20857238769531,123.21381051199776
2022-10-03,113.58000183105467,116.91000366210938,112.4499969482422,115.87999725341795,50941900,0.02548670135768094,115.00428662981305,122.6452389671689
2022-10-04,119.88999938964844,123.0,119.79000091552734,121.08999633789062,62812600,0.04496029692750958,116.04857199532645,122.3395244053432
2022-10-05,118.58000183105467,121.75,117.69000244140624,120.9499969482422,48217500,-0.001156159830559167,116.87714276994977,122.09380994524274
2022-10-06,120.7699966430664,121.52999877929688,119.5,120.3000030517578,42253800,-0.005374071210291542,117.71857125418526,121.65666743687221
2022-10-07,118.0,118.16999816894533,113.87999725341795,114.55999755859376,54678000,-0.04771409266460669,117.22571345738002,120.93000030517578
2022-10-10,115.0999984741211,116.25,112.43000030517578,113.66999816894533,42339700,-0.007768849586377025,117.0642841884068,119.99666668119885
2022-10-11,112.70999908447266,115.4800033569336,110.38999938964844,112.20999908447266,56432200,-0.01284419027000161,116.95142691476005,118.84238106863839
2022-10-12,112.48999786376952,113.83000183105467,111.4000015258789,112.9000015258789,45728700,0.006149206372302096,116.52571323939733,118.17952401297433
2022-10-13,107.87999725341795,113.44000244140624,105.3499984741211,112.52999877929688,86868100,-0.00327726077574253,115.30285644531251,117.41666666666667
2022-10-14,114.0999984741211,114.95999908447266,106.5999984741211,106.9000015258789,67737300,-0.05003107895219994,113.29571424211774,116.49380965459915
2022-10-17,110.11000061035156,114.19000244140624,110.08999633789062,113.79000091552734,62782000,0.06445275295885255,112.36571393694199,116.03000023251488
2022-10-18,119.05999755859376,119.5199966430664,114.79000091552734,116.36000061035156,65607400,0.022585461588422673,112.62285723005023,115.63476199195499
2022-10-19,114.70999908447266,116.58999633789062,113.22000122070312,115.06999969482422,47198100,-0.01108629175628062,112.82285744803292,115.29571424211774
2022-10-20,113.83000183105467,118.23999786376952,113.51000213623048,115.25,48795100,0.0015642678860967596,113.25714329310826,115.13904753185454
2022-10-21,114.79000091552734,119.58999633789062,114.5,119.31999969482422,55660500,0.03531453097461368,114.17428588867188,115.23476191929409
2022-10-24,119.9800033569336,120.38999938964844,116.56999969482422,119.81999969482422,49531500,0.004190412347291339,115.21571459089007,115.52238101050968
2022-10-25,119.6500015258789,121.31999969482422,118.9499969482422,120.5999984741211,50934600,0.006509754475742646,117.17285701206752,115.78190467471168
2022-10-26,116.0,119.3499984741211,114.76000213623048,115.66000366210938,68802300,-0.040961814879887926,117.44000026157924,115.8414284842355
2022-10-27,113.91999816894533,114.12000274658205,109.7699966430664,110.95999908447266,129605400,-0.04063638620803933,116.66857147216797,115.5057140531994
2022-10-28,97.91000366210938,103.95999908447266,97.66000366210938,103.41000366210938,223133400,-0.06804249715805744,115.0028577532087,114.96333312988281
2022-10-31,103.55999755859376,104.87000274658205,100.73999786376952,102.44000244140624,99251400,-0.009380148789788323,113.17285810198102,114.46047610328311
2022-11-01,103.98999786376952,104.58000183105467,96.05999755859376,96.79000091552734,153370000,-0.05515425020719411,109.95428684779576,113.55142865862165
2022-11-02,97.31999969482422,97.73999786376952,92.01000213623048,92.12000274658205,135761800,-0.04824876665742572,105.9971444266183,112.17190515427362
2022-11-03,92.47000122070312,93.5,89.0199966430664,89.30000305175781,136683300,-0.030612240672440283,101.52571650913784,110.66476258777436
2022-11-04,91.48999786376952,92.44000244140624,88.04000091552734,90.9800033569336,129101300,0.01881299269611514,98.000002179827,109.26857212611607
2022-11-07,91.9499969482422,92.0999984741211,89.04000091552734,90.52999877929688,77495700,-0.00494619214148917,95.08143070765904,108.12428646995907
2022-11-08,90.79000091552734,91.72000122070312,88.2300033569336,89.9800033569336,88703400,-0.006075283660437414,93.16285923549107,106.9961914789109
2022-11-09,89.47000122070312,89.4800033569336,85.87000274658203,86.13999938964844,90796200,-0.042676192754212194,90.83428737095424,105.7547629220145
2022-11-10,92.94000244140624,98.69000244140624,91.6500015258789,96.62999725341795,173414900,0.12177847617944271,90.81142970493862,104.98000081380208
2022-11-11,97.87999725341795,101.19000244140624,96.66000366210938,100.79000091552734,111590500,0.04305085149903842,92.0500008719308,104.42095329647972
2022-11-14,98.7699966430664,100.12000274658205,97.29000091552734,98.48999786376952,99533100,-0.022819754250081536,93.36285727364675,104.02047693161737
2022-11-15,103.20999908447266,103.79000091552734,97.33999633789062,98.94000244140624,111336300,0.004569038353104293,94.49999999999999,103.31333414713542
2022-11-16,96.8499984741211,98.48999786376952,95.54000091552734,97.12000274658205,87958800,-0.018394983322362668,95.44142913818358,102.3971437726702
2022-11-17,95.37000274658205,96.97000122070312,94.02999877929688,94.8499984741211,82617900,-0.023373189953300733,96.13714272635322,101.43428657168434
2022-11-18,95.9499969482422,95.98999786376952,92.4800033569336,94.13999938964844,72428200,-0.007485493894513584,97.27999986921036,100.42904844738189
2022-11-21,93.97000122070312,95.0199966430664,90.58999633789062,92.45999908447266,84330300,-0.017845764989037338,96.68428584507534,99.1500007992699
2022-11-22,92.62000274658205,93.3499984741211,90.87000274658205,93.1999969482422,62192000,0.008003437930963697,95.5999995640346,97.88238162086124
2022-11-23,93.23999786376952,94.58000183105467,92.83000183105467,94.12999725341795,59414700,0.009978544373689502,94.97714233398438,96.62190537225632
2022-11-25,93.79000091552734,94.43000030517578,93.06999969482422,93.41000366210938,35088600,-0.007648928209040617,94.18714250837054,95.56238156273251
2022-11-28,93.93000030517578,96.4000015258789,93.43000030517578,93.9499969482422,74943100,0.00578089353348199,93.73428453717914,94.75238146100726
2022-11-29,94.04000091552734,94.41000366210938,91.44000244140624,92.41999816894533,65567300,-0.016285245651894598,93.38714163643975,94.22904786609467
2022-11-30,92.47000122070312,96.54000091552734,91.52999877929688,96.54000091552734,102805800,0.04457912603558567,93.7299989972796,93.9480954124814
2022-12-01,96.98999786376952,97.2300033569336,94.91999816894533,95.5,68488000,-0.010772746070691896,94.16428484235493,93.88666679745629
2022-12-02,94.4800033569336,95.36000061035156,93.77999877929688,94.12999725341795,72496400,-0.014345578498241363,94.2971420288086,93.98238082159133
2022-12-05,93.0500030517578,94.05999755859376,90.81999969482422,91.01000213623048,71535500,-0.03314559872755318,93.85142844063897,94.06380934942337
2022-12-06,90.5,91.04000091552734,87.9000015258789,88.25,75503600,-0.03032636052572668,93.11428506033762,93.93380918956939
2022-12-07,88.33999633789062,89.88999938964844,87.4800033569336,88.45999908447266,68086900,0.0023795930251859776,92.32999965122768,93.83523777553013
2022-12-08,89.23999786376953,90.86000061035156,87.87999725341797,90.3499984741211,73305900,0.021365582288144003,92.03428540910993,93.8528565906343
2022-12-09,88.9000015258789,90.3000030517578,88.62999725341797,89.08999633789062,67398500,-0.01394579034322141,90.96999904087612,93.99333263578869
2022-12-12,89.20999908447266,90.58000183105467,87.87000274658203,90.5500030517578,61999800,0.01638799835988114,90.26285661969867,93.7038091023763
2022-12-13,95.2300033569336,96.25,90.5199966430664,92.48999786376952,100212000,0.02142456926150338,90.028570992606,93.3085708618164
2022-12-14,92.5,93.45999908447266,89.87000274658203,91.58000183105467,70298000,-0.009838858835905628,90.10999952043804,92.97952343168713
2022-12-15,89.88999938964844,89.97000122070312,87.47000122070312,88.44999694824219,84802900,-0.03417782070573294,90.13857051304407,92.47999936058407
2022-12-16,88.2699966430664,89.3499984741211,86.7300033569336,87.86000061035156,146144100,-0.006670394101153776,90.05285644531249,92.03904687790643
2022-12-19,87.51000213623047,87.62999725341797,84.51000213623047,84.91999816894531,83531500,-0.033462353983410575,89.27714211600166,91.56618972051712
2022-12-20,85.33000183105469,86.61000061035156,84.33000183105469,85.19000244140625,74348300,0.0031795134041781026,88.7200001307896,91.13999938964844
2022-12-21,86.18000030517578,87.2300033569336,85.20999908447266,86.7699966430664,59267200,0.018546709195681466,88.17999921526227,90.86904689243862
2022-12-22,85.5199966430664,85.68000030517578,82.25,83.79000091552734,81431300,-0.034343619255829294,86.93714250837054,90.42095184326172
2022-12-23,83.25,85.77999877929688,82.93000030517578,85.25,57433700,0.01742450254827599,86.03285653250558,89.9980948311942
2022-12-27,84.97000122070312,85.3499984741211,83.0,83.04000091552734,57284000,-0.025923742926365456,85.25999995640346,89.50428517659505
2022-12-28,82.80000305175781,83.4800033569336,81.69000244140625,81.81999969482422,58228600,-0.01469172937442731,84.3971426827567,88.92666625976562
2022-12-29,82.87000274658203,84.55000305175781,82.55000305175781,84.18000030517578,54995900,0.02884381103830358,84.2914287022182,88.53428540910993
2022-12-30,83.12000274658203,84.05000305175781,82.47000122070312,84.0,62401200,-0.002138278742257471,84.12142835344586,87.93714250837054
2023-01-03,85.45999908447266,86.95999908447266,84.20999908447266,85.81999969482422,76706000,0.021666663033621747,83.98571450369698,87.47619011288597
2023-01-04,86.55000305175781,86.9800033569336,83.36000061035156,85.13999938964844,68885100,-0.007923564525679994,84.17857142857143,87.048094976516
2023-01-05,85.33000183105469,85.41999816894531,83.06999969482422,83.12000274658203,67930800,-0.023725589118479662,83.87428610665458,86.67238071986607
2023-01-06,83.02999877929688,86.4000015258789,81.43000030517578,86.08000183105469,83303400,0.035611152390083056,84.30857195172992,86.56904747372582
2023-01-09,87.45999908447266,89.4800033569336,87.08000183105469,87.36000061035156,65266100,0.01486987397850048,85.1000006539481,86.51666659400577
2023-01-10,87.56999969482422,90.19000244140624,87.29000091552734,89.87000274658203,67756600,0.028731709234134817,85.91285814557757,86.49380965459915
2023-01-11,90.93000030517578,95.26000213623048,90.93000030517578,95.08999633789062,103126200,0.058083825879343465,87.4971433367048,86.77952394031342
2023-01-12,96.93000030517578,97.19000244140624,93.5,95.2699966430664,85254800,0.0018929468094222024,88.8471429007394,87.00428553989956
2023-01-13,94.18000030517578,98.37000274658205,94.12000274658205,98.12000274658205,85549400,0.029915043601747238,90.70142909458706,87.27238101050968
2023-01-17,98.68000030517578,98.88999938964844,95.7300033569336,96.0500030517578,72755000,-0.02109661268732843,92.54857199532645,87.48523821149554
2023-01-18,97.25,99.31999969482422,95.37999725341795,95.45999908447266,79570400,-0.00614267515397382,93.88857160295758,87.81904783703033
2023-01-19,94.73999786376952,95.44000244140624,92.86000061035156,93.68000030517578,69002700,-0.01864654092151996,94.7914287022182,88.096190679641
2023-01-20,93.86000061035156,97.3499984741211,93.1999969482422,97.25,67481500,0.03810845093076898,95.84571402413505,88.68333362397694
2023-01-23,97.55999755859376,97.77999877929688,95.86000061035156,97.5199966430664,76501100,0.002776315095798454,96.19285692487445,89.27047620500836
2023-01-24,96.93000030517578,98.08999633789062,96.0,96.31999969482422,66929500,-0.012305137300550828,96.34285736083984,89.72523825509208
2023-01-25,92.55999755859376,97.23999786376952,91.5199966430664,97.18000030517578,94261600,0.008928577793566816,96.2085712977818,90.36285727364677
2023-01-26,98.23999786376952,99.48999786376952,96.91999816894533,99.22000122070312,68523600,0.02099198301215366,96.66142817905971,91.02809542701358
2023-01-27,99.52999877929688,103.48999786376952,99.52999877929688,102.23999786376952,87775600,0.03043737760442844,97.62999943324498,91.94238099597749
2023-01-30,101.08999633789062,101.73999786376952,99.01000213623048,100.5500030517578,70691900,-0.01652968356145279,98.61142839704242,92.83428591773624
2023-01-31,101.16000366210938,103.3499984741211,101.13999938964844,103.12999725341795,66527300,0.025658817736008643,99.45142800467355,93.73666672479538
2023-02-01,102.52999877929688,106.23999786376952,101.23999786376952,105.1500015258789,80450100,0.019586971068148662,100.5414287022182,94.74380965459915
2023-02-02,110.25,114.0,108.87999725341795,112.91000366210938,158154200,0.07379935352944922,102.91142926897321,96.03380984351749
2023-02-03,105.26000213623048,108.77999877929688,102.5199966430664,103.38999938964844,144374800,-0.08431497620839845,103.79857199532645,96.90285746256511
2023-02-06,102.93000030517578,103.9499969482422,100.6500015258789,102.18000030517578,81945200,-0.011703250716856073,104.22142900739398,97.8104763939267
2023-02-07,101.16999816894533,102.41000366210938,98.08000183105467,102.11000061035156,119501300,-0.0006850625818668465,104.2028579711914,98.57380966913132
2023-02-08,102.04000091552734,102.66999816894533,98.77999877929688,100.0500030517578,75878300,-0.02017429777965285,104.13142939976284,99.17809549967448
2023-02-09,101.31999969482422,101.77999877929688,97.56999969482422,98.23999786376952,64622500,-0.01809100582487666,103.43285805838448,99.57666669573102
2023-02-10,97.55999755859376,98.81999969482422,96.2300033569336,97.61000061035156,52740100,-0.006412838631079554,102.355715070452,99.69666689918155
2023-02-13,97.8499984741211,99.68000030517578,96.91000366210938,99.54000091552734,52841500,0.019772567289289666,100.44571467808315,99.9000004359654
2023-02-14,98.41000366210938,100.91999816894533,97.5199966430664,99.6999969482422,56202900,0.0016073541414836079,99.91857147216797,99.97523825509208
2023-02-15,99.08999633789062,101.16999816894533,98.4499969482422,101.16000366210938,47957600,0.014643999584324163,99.77285766601562,100.21857161748977
2023-02-16,99.20999908447266,100.62999725341795,98.0999984741211,98.1500015258789,56339200,-0.02975486385196624,99.20714351109096,100.34666697184245
2023-02-17,97.8000030517578,97.94000244140624,95.6500015258789,97.1999969482422,60029400,-0.009679109147911924,98.7999997820173,100.51428585960751
2023-02-21,95.33999633789062,95.61000061035156,94.2699966430664,94.58000183105467,56580400,-0.02695468312187954,98.27714320591518,100.38714308965774
2023-02-22,95.0999984741211,97.01000213623048,94.8000030517578,95.79000091552734,59534100,0.012793392483054333,98.01714324951172,100.30476234072731
2023-02-23,96.12000274658205,96.43000030517578,93.66999816894533,95.81999969482422,48467000,0.000313172345862478,97.48571450369698,100.28095281691779
2023-02-24,93.52999877929688,94.13999938964844,92.31999969482422,93.5,57053800,-0.024212061179431754,96.6000006539481,100.10571470714751
2023-02-27,94.27999877929688,94.77999877929688,93.13999938964844,93.76000213623048,47470300,0.0027807715104863906,95.54285757882255,99.84571475074405
2023-02-28,93.13999938964844,94.69000244140624,92.91999816894533,94.2300033569336,43959300,0.005012811540044737,94.98285784040179,99.46428644089471
2023-03-01,93.87000274658205,94.68000030517578,91.58999633789062,92.16999816894533,52299500,-0.021861457228067538,94.26428658621651,99.06523858933221
2023-03-02,91.41000366210938,92.2300033569336,90.38999938964844,92.12999725341795,55509400,-0.0004339906295109941,93.91428593226841,98.54142906552269
2023-03-03,92.73999786376952,94.94000244140624,92.66000366210938,94.9000015258789,55759600,0.030066258059702644,93.78714316231864,98.05333382742745
2023-03-06,95.19000244140624,96.5500030517578,93.73999786376952,93.75,52112400,-0.012118034851298809,93.49142892020089,97.14095270066034
2023-03-07,94.05999755859376,95.08999633789062,92.77999877929688,93.5500030517578,49100700,-0.0021333007812501803,93.49857221330915,96.67238144647507
2023-03-08,93.5999984741211,94.16999816894533,92.18000030517578,93.91999816894533,44899100,0.003955051898638873,93.52142878941127,96.27904801141648
2023-03-09,93.68000030517578,96.20999908447266,92.18000030517578,92.25,56218700,-0.017781071140368865,93.23857116699219,95.8095241728283
2023-03-10,92.66999816894533,93.56999969482422,90.25,90.7300033569336,69827500,-0.0164769283801236,93.03285762241909,95.36571466355096
2023-03-13,89.97000122070312,94.0199966430664,88.12000274658203,92.43000030517578,72397100,0.01873687738723384,93.07571520124164,95.08904811314174
2023-03-14,93.83000183105467,95.06999969482422,92.70999908447266,94.87999725341795,60912700,0.0265065123894086,93.07285744803292,94.95904795328777
2023-03-15,93.22000122070312,96.66999816894533,93.06999969482422,96.1999969482422,70731800,0.013912307472971452,93.42285701206752,94.8000001453218
2023-03-16,95.75,100.98999786376952,95.61000061035156,100.04000091552734,84446900,0.039916882423095545,94.3499995640346,94.81619081043061
2023-03-17,99.79000091552734,100.66000366210938,97.45999908447266,98.9499969482422,87300200,-0.010895681300578275,95.06857081821987,94.71095239548455
2023-03-20,98.41000366210938,98.4800033569336,95.6999969482422,97.70999908447266,62388900,-0.012531560404374309,95.84857068743024,94.68999989827473
2023-03-21,98.13999938964844,100.8499984741211,98.0,100.61000061035156,58597300,0.029679680207260972,97.25999886648995,94.85238102504185
2023-03-22,100.4499969482422,102.0999984741211,98.61000061035156,98.6999969482422,57475400,-0.018984232685839375,98.1557126726423,95.04857126871745
2023-03-23,100.43000030517578,101.05999755859376,97.62000274658205,98.70999908447266,57559300,0.0001013387693993284,98.7028557913644,95.18761880057198
2023-03-24,98.06999969482422,98.3000030517578,96.4000015258789,98.12999725341795,56095400,-0.00587581639584811,98.97857012067523,95.29761868431454
2023-03-27,99.06999969482422,99.33999633789062,97.08000183105467,98.04000091552734,46721300,-0.0009171134251455548,98.69285583496094,95.51380920410156
2023-03-28,98.11000061035156,98.44000244140624,96.29000091552734,97.23999786376952,38720100,-0.008159965772002842,98.44857025146484,95.67952328636532
2023-03-29,98.69000244140624,100.41999816894533,98.55999755859376,100.25,49783300,0.0309543624265336,98.81142752511161,95.96618979317802
2023-03-30,101.5500030517578,103.04000091552734,101.01000213623048,102.0,53633400,0.0174563591022443,99.00999886648995,96.43428511846633
2023-03-31,102.16000366210938,103.48999786376952,101.9499969482422,103.29000091552734,56750300,0.012647067799287592,99.66571371895927,96.96571386428107
2023-04-03,102.3000030517578,103.29000091552734,101.43000030517578,102.41000366210938,41135700,-0.008519675143944028,100.1942858014788,97.32333301362537
2023-04-04,102.75,104.1999969482422,102.11000061035156,103.9499969482422,48662500,0.015037527888524194,101.02571432931083,97.80904715401786
2023-04-05,103.91000366210938,103.91000366210938,100.75,101.0999984741211,45175400,-0.027417013542964774,101.46285683768136,98.16857074555897
2023-04-06,100.75,102.37999725341795,99.8000030517578,102.05999755859376,43808000,0.009495540049077267,102.15142822265625,98.55618976411365
2023-04-10,100.95999908447266,102.1999969482422,99.56999969482422,102.16999816894533,37261200,0.0010778033801970288,102.42571367536273,99.02857062930153
2023-04-11,100.8000030517578,101.0,99.01000213623048,99.91999816894533,60417800,-0.02202212039075757,102.12857055664062,99.46618942987351
2023-04-12,100.4000015258789,100.51000213623048,97.70999908447266,97.83000183105467,56735000,-0.020916697119598426,101.34857068743024,99.72333235967727
2023-04-13,98.9499969482422,102.56999969482422,98.70999908447266,102.4000015258789,67925100,0.04671368301429957,101.34714181082589,100.08142780122303
2023-04-14,102.06999969482422,103.1999969482422,101.11000061035156,102.51000213623048,51450500,0.001074224694457504,101.14142826625279,100.38190423874627
2023-04-17,103.16000366210938,103.7300033569336,101.58999633789062,102.73999786376952,39919500,0.0022436418178333195,101.37571389334542,100.51047552199591
2023-04-18,103.9499969482422,104.1999969482422,101.5199966430664,102.3000030517578,39790500,-0.004282604839014548,101.41000039236886,100.66999962216332
2023-04-19,101.58000183105467,105.12000274658205,101.38999938964844,104.3000030517578,58398900,0.019550341547772243,101.71428680419922,100.98380933489118
2023-04-20,103.52999877929688,105.25,103.20999908447266,103.80999755859376,57696900,-0.004698039106680318,102.27000100272042,101.13619014195034
2023-04-21,106.0999984741211,108.1500015258789,105.08000183105467,106.95999908447266,86774200,0.030343912917452087,103.57428632463727,101.52952357700893
2023-04-24,107.66000366210938,109.2300033569336,105.06999969482422,106.20999908447266,69575600,-0.007011967150520215,104.11857169015067,101.88666643415179
2023-04-25,104.91000366210938,105.4499969482422,102.4499969482422,102.56999969482422,65026800,-0.03427172037496595,104.12714276994977,102.0980951218378
2023-04-26,105.04000091552734,106.62000274658205,104.0999984741211,104.9800033569336,73803800,0.023496184744855597,104.4471435546875,102.42857142857143
2023-04-27,108.16000366210938,110.86000061035156,106.8000030517578,109.81999969482422,149961200,0.046103983455159314,105.52142878941127,103.02761913481213
2023-04-28,107.7300033569336,109.4800033569336,104.33000183105467,105.4499969482422,130715900,-0.039792412663683274,105.68571363176618,103.27523803710938
2023-05-01,104.9499969482422,105.2300033569336,101.81999969482422,102.0500030517578,74728100,-0.0322427121373291,105.43428584507534,103.27761913481213
2023-05-02,101.47000122070312,103.9000015258789,101.1500015258789,103.62999725341795,73469400,0.015482549283793778,104.9585712977818,103.29380943661644
2023-05-03,103.73999786376952,105.95999908447266,103.27999877929688,103.6500015258789,65051900,0.00019303553981608879,104.59285736083984,103.3528569539388
2023-05-04,104.04000091552734,105.38999938964844,103.30999755859376,104.0,45345500,0.0033767339022539034,104.7971431187221,103.35523805164155
2023-05-05,104.2699966430664,105.76000213623048,103.5500030517578,105.66000366210938,56951700,0.015961573674128537,104.89428601946149,103.57238115583148
2023-05-08,105.04000091552734,106.0999984741211,104.6999969482422,105.83000183105467,49430900,0.0016089169321718,104.32428632463727,103.7519051688058
2023-05-09,105.4800033569336,106.79000091552734,105.16000366210938,106.62000274658205,44089400,0.007464810562779034,104.4914300101144,103.96381014869327
2023-05-10,108.0999984741211,110.66999816894533,108.0500030517578,110.19000244140624,78627600,0.033483395262233095,105.65428706577846,104.4528579711914
2023-05-11,111.02999877929688,113.27999877929688,110.48999786376952,112.18000030517578,74924800,0.01805969525073503,106.87571607317243,105.13619123186383
2023-05-12,112.16000366210938,112.63999938964844,109.31999969482422,110.26000213623048,49852700,-0.01711533396079612,107.82000187465123,105.51047697521392
2023-05-15,111.1500015258789,112.29000091552734,109.25,111.1999969482422,53011100,0.008525256609829501,108.84857286725726,105.92428625197638
2023-05-16,111.0500030517578,114.79000091552734,111.0500030517578,113.4000015258789,71472900,0.0197842143706235,109.95428684779576,106.43190547398159
2023-05-17,114.88999938964844,115.83000183105467,114.22000122070312,115.5,65655200,0.018518504813616277,111.33571515764508,107.06047675723121
2023-05-18,116.69000244140624,118.5999984741211,116.33999633789062,118.1500015258789,73174100,0.022943736154795724,112.98285784040179,107.72000049409412
2023-05-19,118.16000366210938,118.30999755859376,115.6999969482422,116.25,55056300,-0.01608126535201726,113.84857177734375,108.31238156273251
2023-05-22,116.7699966430664,116.7699966430664,114.25,115.01000213623048,70741100,-0.010666648290490466,114.2528577532087,108.69571504138764
2023-05-23,114.2699966430664,117.13999938964844,113.77999877929688,114.98999786376952,67576300,-0.00017393506729324049,114.92857142857143,109.11381022135417
2023-05-24,115.3499984741211,117.33999633789062,115.0199966430664,116.75,63487900,0.015305697616549097,115.72142900739398,109.78904833112445
2023-05-25,116.62999725341795,116.87000274658205,114.30999755859376,115.0,66496700,-0.01498929336188437,115.9500002179827,110.26619102841332
2023-05-26,116.04000091552734,121.5,116.0199966430664,120.11000061035156,96779900,0.04443478791610045,116.60857173374721,110.75619107200986
2023-05-30,122.37000274658205,122.91999816894533,119.86000061035156,121.66000366210938,64314800,0.01290486257498391,117.11000061035156,111.52809615362258
2023-05-31,121.4499969482422,122.04000091552734,119.16999816894533,120.58000183105467,72800800,-0.00887721353399129,117.72857230050224,112.41047704787482
2023-06-01,120.69000244140624,123.48999786376952,119.93000030517578,122.7699966430664,54375100,0.01816217265513198,118.83714294433594,113.32190559023903
2023-06-02,124.91999816894533,126.38999938964844,124.0199966430664,124.25,61264400,0.01205508998453797,120.16000039236886,114.3028578985305
2023-06-05,123.36000061035156,125.8000030517578,123.02999877929688,125.3000030517578,47950100,0.00845072878678299,121.38142939976284,115.31714375813802
2023-06-06,125.06999969482422,127.4000015258789,125.0,126.61000061035156,45695200,0.01045488848114906,123.04000091552734,116.31476266043526
2023-06-07,127.01000213623048,127.37000274658205,120.62999725341795,121.2300033569336,95663300,-0.04249267220189956,123.2000013078962,117.04809606642951
2023-06-08,123.01000213623048,125.62999725341795,122.26000213623048,124.25,62159300,0.024911297199049942,123.57000078473773,117.88761974516369
2023-06-09,124.08000183105467,125.8000030517578,123.19000244140624,123.43000030517578,51396000,-0.006599595129369917,123.97714342389789,118.51809583391461
2023-06-12,124.0199966430664,126.77999877929688,123.52999877929688,126.56999969482422,51338000,0.025439515368102628,124.52000100272042,119.20333390008835
2023-06-13,128.1199951171875,128.41000366210938,125.18000030517578,126.66000366210938,50564800,0.0007111003199982147,124.86428724016461,119.98428635370163
2023-06-14,126.6999969482422,126.9499969482422,124.12000274658205,126.41999816894533,52422500,-0.001894879884926537,125.02428654261998,120.70904831659226
2023-06-15,125.20999908447266,127.69000244140624,124.31999969482422,127.11000061035156,60458500,0.005458016543269828,125.09571511404855,121.36190541585286
2023-06-16,127.70999908447266,127.9000015258789,125.3000030517578,125.48999786376952,84247100,-0.012744888197649185,125.70428575788226,121.83761959984189
2023-06-20,124.97000122070312,127.25,124.5,125.77999877929688,56930100,0.002310948445805039,125.92285701206752,122.2009528023856
2023-06-21,125.63999938964844,126.7300033569336,123.8499984741211,124.83000183105467,52137700,-0.007552845901271921,126.12285723005023,122.60952431815011
2023-06-22,125.30999755859376,130.3300018310547,125.13999938964844,130.14999389648438,90354600,0.04261789623803569,126.63428497314453,123.33047630673363
2023-06-23,129.11000061035156,130.83999633789062,128.27999877929688,129.3300018310547,71927800,-0.006300361919969633,127.01571328299386,124.01333363850911
2023-06-26,129.3300018310547,131.49000549316406,127.0999984741211,127.33000183105467,59989300,-0.015464315871677181,127.14571380615234,124.51714324951172
2023-06-27,128.6300048828125,130.08999633789062,127.5500030517578,129.17999267578125,46801000,0.014529104045574393,127.44142695835659,125.19238099597749
2023-06-28,128.94000244140625,131.47999572753906,128.44000244140625,129.0399932861328,52149500,-0.001083754432466999,127.94856916155133,125.61761874244327
2023-06-29,128.77000427246094,129.25999450683594,127.26000213623048,127.9000015258789,40761000,-0.008834406537251538,128.25142669677734,125.91476149786087
2023-06-30,129.47000122070312,131.25,128.9499969482422,130.36000061035156,54350700,0.019233769000189582,129.0414265223912,126.38047572544643
2023-07-03,130.82000732421875,131.85000610351562,130.07000732421875,130.22000122070312,28264800,-0.0010739443770555468,129.05142756870814,126.73523784819103
2023-07-05,130.24000549316406,131.39999389648438,129.63999938964844,130.3800048828125,35895400,0.0012287180203460757,129.20142800467355,127.02714284261067
2023-07-06,128.25,128.72999572753906,127.37000274658205,128.36000061035156,40639900,-0.015493205988729275,129.34857068743025,127.17285701206752
2023-07-07,128.58999633789062,130.97000122070312,128.1300048828125,129.77999877929688,41992300,0.011062622017709689,129.43428584507532,127.32380930582683
2023-07-10,129.07000732421875,129.27999877929688,125.91999816894533,127.12999725341795,61889300,-0.02041918285409683,129.1614292689732,127.6047613961356
2023-07-11,127.75,129.77000427246094,127.3499984741211,128.77999877929688,49951500,0.012978852839820698,129.28714316231864,127.82047562372117
2023-07-12,130.30999755859375,131.25999450683594,128.8300018310547,130.8000030517578,54022800,0.01568569880112225,129.35000065394811,128.17142813546317
2023-07-13,134.0399932861328,134.6699981689453,132.7100067138672,134.3000030517578,61170900,0.026758409161619312,129.93285805838448,128.5395235334124
2023-07-14,134.05999755859375,136.64999389648438,134.05999755859375,134.67999267578125,54487100,0.002829408900884234,130.5471420288086,128.92142777215867
2023-07-17,134.55999755859375,135.6199951171875,133.2100067138672,133.55999755859375,48450200,-0.008315972513331604,131.28999873570032,129.26142774309432
2023-07-18,132.7100067138672,133.86000061035156,131.35000610351562,132.8300018310547,54882900,-0.005465676406731013,131.72571345738,129.53380875360398
2023-07-19,133.38999938964844,135.99000549316406,132.52999877929688,135.36000061035156,54531000,0.019046892602732513,132.90142822265625,130.0038088843936
2023-07-20,134.07000732421875,134.7899932861328,129.3300018310547,129.9600067138672,59820600,-0.03989357175040831,133.07000078473772,130.2028568812779
2023-07-21,131.33999633789062,131.3699951171875,128.4199981689453,130.0,133307300,0.00030773533446226686,132.9557146344866,130.4490472702753
2023-07-24,130.30999755859375,131.66000366210938,128.35000610351562,128.8000030517578,45591100,-0.009230745755709147,132.17000034877233,130.38476199195497
2023-07-25,129.30999755859375,129.5800018310547,128.52999877929688,129.1300048828125,39236700,0.002562125956798944,131.37714494977678,130.37523832775298
2023-07-26,126.51000213623048,129.0800018310547,126.11000061035156,128.14999389648438,53910100,-0.007589335934878205,130.60428728376115,130.41428556896392
2023-07-27,131.0,132.6300048828125,127.79000091552734,128.25,52610700,0.0007803832093540297,129.9500013078962,130.37000020345053
2023-07-28,129.69000244140625,133.00999450683594,129.3300018310547,132.2100067138672,46317400,0.030877245332297854,129.50000217982702,130.52095322381882
2023-07-31,133.1999969482422,133.8699951171875,132.3800048828125,133.67999267578125,41901500,0.011118568090654923,130.03142874581474,130.7961908976237
2023-08-01,133.5500030517578,133.69000244140625,131.6199951171875,131.69000244140625,42098500,-0.014886223394710907,130.27285766601562,130.8595243181501
2023-08-02,130.14999389648438,130.22999572753906,126.81999969482422,128.2100067138672,51027600,-0.026425663778747666,130.1885724748884,130.76381029401506
2023-08-03,127.4800033569336,129.83999633789062,126.41000366210938,128.91000366210938,88585200,0.005459768439170398,130.15714372907365,130.69381023588636
2023-08-04,141.05999755859375,143.6300048828125,139.32000732421875,139.57000732421875,153128500,0.08269337801006271,131.78857421875,131.22762007940383
2023-08-07,140.99000549316406,142.5399932861328,138.9499969482422,142.22000122070312,71213100,0.01898684357254843,133.78428867885046,131.82000114804222
2023-08-08,140.6199951171875,140.83999633789062,138.4199981689453,139.94000244140625,51710500,-0.016031491771390738,134.8885737827846,132.43000139508928
2023-08-09,139.97000122070312,140.32000732421875,137.10000610351562,137.85000610351562,50017300,-0.01493494570121734,135.48428998674666,132.86190650576637
2023-08-10,139.07000732421875,140.41000366210938,137.49000549316406,138.55999755859375,58928400,0.005150463718840648,136.46571786063058,133.23143005371094
2023-08-11,137.39999389648438,139.3300018310547,137.0,138.41000366210938,42905800,-0.0010825194798443905,137.92286028180803,133.4271443684896
2023-08-14,138.3000030517578,140.58999633789062,137.75,140.57000732421875,47148700,0.015605834874352187,139.5885750906808,133.7076212565104
2023-08-15,140.0500030517578,141.27999877929688,137.22999572753906,137.6699981689453,42781500,-0.020630355012962953,139.31714521135603,133.90333557128906
2023-08-16,137.19000244140625,137.27000427246094,135.00999450683594,135.07000732421875,41675900,-0.018885675014943426,138.29571751185827,134.01000249953498
2023-08-17,135.4600067138672,136.08999633789062,133.52999877929688,133.97999572753906,48354100,-0.008069975106044458,137.4442879813058,133.9442879813058
2023-08-18,131.6199951171875,134.07000732421875,131.14999389648438,133.22000122070312,48497700,-0.005672447612115605,136.7828587123326,134.09952581496466
2023-08-21,133.74000549316406,135.19000244140625,132.7100067138672,134.67999267578125,41442500,0.01095925117625085,136.22857230050224,134.32238260904947
2023-08-22,135.0800018310547,135.64999389648438,133.72999572753906,134.25,32905400,-0.0031926989840012077,135.63428606305803,134.5819062732515
2023-08-23,134.5,135.9499969482422,133.22000122070312,135.52000427246094,42801000,0.009459994580714559,134.91285705566406,134.88619195847284
2023-08-24,136.39999389648438,136.77999877929688,131.8300018310547,131.83999633789062,43646300,-0.027154721211281152,134.07999965122767,135.06190636044457
2023-08-25,132.47000122070312,133.8699951171875,130.5800018310547,133.25999450683594,44147500,0.010770617478674804,133.82142639160156,135.30047752743675
2023-08-28,133.77999877929688,133.9499969482422,131.85000610351562,133.13999938964844,34108400,-0.0009004586682715976,133.70142691476005,135.34476289295014
2023-08-29,133.3800048828125,135.13999938964844,133.25,134.91000366210938,38646100,0.013294308852149106,133.94285583496094,135.40333484468005
2023-08-30,134.92999267578125,135.67999267578125,133.9199981689453,135.07000732421875,36137000,0.0011860029483812262,133.99857221330916,135.56428745814733
2023-08-31,135.05999755859375,138.7899932861328,135.0,138.00999450683594,58781300,0.021766395374215985,134.53571428571428,136.03095354352678
2023-09-01,139.4600067138672,139.9600067138672,136.8800048828125,138.1199951171875,40991500,0.0007970481467276525,134.90714154924666,136.46952456519716
2023-09-05,137.72999572753906,137.8000030517578,135.82000732421875,137.27000427246094,40636700,-0.006154002858205887,135.682856968471,136.36000061035156
2023-09-06,136.32000732421875,137.4499969482422,134.61000061035156,135.36000061035156,41785500,-0.013914209970579572,135.98285784040178,136.03333391462053
2023-09-07,133.89999389648438,138.02999877929688,133.16000366210938,137.85000610351562,48498900,0.018395430569861038,136.6557159423828,135.93381027948288
2023-09-08,136.86000061035156,138.85000610351562,136.75,138.22999572753906,38348200,0.0027565441218631026,137.1300005231585,135.95190502348402
2023-09-11,138.75,143.6199951171875,138.63999938964844,143.10000610351562,56764500,0.035231212663680456,138.27714320591517,136.16809590657553
2023-09-12,142.32000732421875,143.0,140.61000061035156,141.22999572753906,42668500,-0.013067856717097759,138.73714338030135,136.30238124302454
2023-09-13,140.9499969482422,144.97999572753906,140.8699951171875,144.85000610351562,60465200,0.025632022130484877,139.69857352120536,136.50619070870536
2023-09-14,145.0800018310547,145.86000061035156,142.9499969482422,144.72000122070312,64033600,-0.0008975138235036706,140.76285879952567,136.84190513974144
2023-09-15,142.69000244140625,143.57000732421875,140.08999633789062,140.38999938964844,102909300,-0.029919857618376344,141.48143005371094,137.0952380952381
2023-09-18,140.47999572753906,141.75,139.22000122070312,139.97999572753906,42823500,-0.0029204620264398073,141.78571428571428,137.38095238095238
2023-09-19,138.6999969482422,138.83999633789062,135.55999755859375,137.6300048828125,61482500,-0.016788047695762587,141.7000013078962,137.59095255533853
2023-09-20,138.5500030517578,139.3699951171875,135.1999969482422,135.2899932861328,46263700,-0.01700219075536713,140.58428519112724,137.62000020345053
2023-09-21,131.94000244140625,132.24000549316406,129.30999755859375,129.3300018310547,70343300,-0.04405345369833069,138.88428606305803,137.38571457635788
2023-09-22,131.11000061035156,132.02999877929688,128.52000427246094,129.1199951171875,59904300,-0.0016238050792075631,136.63714163643974,137.08095223563058
2023-09-25,129.36000061035156,131.77999877929688,128.77000427246094,131.27000427246094,46017800,0.01665124873434287,134.71571350097656,137.0538097563244
2023-09-26,130.1199951171875,130.38999938964844,125.27999877929688,125.9800033569336,73048200,-0.040298626825268746,132.65714263916016,136.70714351109095
2023-09-27,125.76000213623048,127.4800033569336,124.12999725341795,125.9800033569336,66553400,0.0,130.65714372907365,136.36619131905692
2023-09-28,124.04000091552734,126.58000183105467,123.04000091552734,125.9800033569336,54555000,0.0,128.99285779680525,135.94095320928665
2023-09-29,128.1999969482422,129.14999389648438,126.31999969482422,127.12000274658205,62411700,0.009049050319664964,127.82571629115515,135.56238156273253
2023-10-02,127.27999877929688,130.47000122070312,126.54000091552734,129.4600067138672,48029700,0.01840783446134764,127.8442884172712,135.15523928687685
2023-10-03,128.05999755859375,128.52000427246094,124.25,124.72000122070312,51565000,-0.03661366636292884,127.21571786063058,134.51714433942522
2023-10-04,126.05999755859376,127.36000061035156,125.68000030517578,127.0,44203900,0.018280939360016735,126.60571725027901,134.0280965169271
2023-10-05,126.70999908447266,126.7300033569336,124.33000183105467,125.95999908447266,39660600,-0.008188983586829512,126.60285949707031,133.58047739664713
2023-10-06,124.16000366210938,128.4499969482422,124.12999725341795,127.95999908447266,46836700,0.015878056641289273,126.88571602957589,133.10952468145462
2023-10-09,126.22000122070312,128.7899932861328,124.76000213623048,128.25999450683594,38773700,0.0023444468936362206,127.21142905099052,132.634762718564
2023-10-10,128.82000732421875,130.74000549316406,128.0500030517578,129.47999572753906,42178600,0.009511938819224852,127.54857090541294,131.98619079589844
2023-10-11,129.74000549316406,132.0500030517578,129.61000061035156,131.8300018310547,40741800,0.01814956889912689,127.88714163643974,131.53857203892298
2023-10-12,132.1699981689453,134.47999572753906,131.22999572753906,132.3300018310547,55528600,0.0037927633547389927,128.97428458077567,130.942381359282
2023-10-13,132.97999572753906,133.30999755859375,128.9499969482422,129.7899932861328,45786600,-0.019194502454286222,129.37285505022322,130.23142860049293
2023-10-16,130.69000244140625,133.07000732421875,130.42999267578125,132.5500030517578,42832900,0.021265196921155027,130.31428418840682,129.85809544154577
2023-10-17,130.38999938964844,132.5800018310547,128.7100067138672,131.47000122070312,49344600,-0.008147882355257097,130.81571306501115,129.4528576078869
2023-10-18,129.89999389648438,130.6699981689453,127.51000213623048,128.1300048828125,42699500,-0.025405007278304192,130.7971431187221,129.00047665550596
2023-10-19,130.57000732421875,132.24000549316406,127.47000122070312,128.39999389648438,60961400,0.002107149015711185,130.64285714285714,128.67238144647507
2023-10-20,128.0500030517578,128.1699981689453,124.97000122070312,125.16999816894533,56406400,-0.025155731161039308,129.6914280482701,128.47428603399368
2023-10-23,124.62999725341795,127.87999725341795,123.9800033569336,126.55999755859376,48260000,0.011104892625885654,128.8671417236328,128.35238138834634
2023-10-24,127.73999786376952,128.8000030517578,126.33999633789062,128.55999755859375,46477400,0.015802781594350446,128.6914280482701,128.22333344959077
2023-10-25,126.04000091552734,126.33999633789062,120.79000091552734,121.38999938964844,74577500,-0.055771610960691276,127.09714181082589,128.004761832101
2023-10-26,120.62999725341795,121.63999938964844,118.3499984741211,119.56999969482422,100419500,-0.01499299533713827,125.3971415928432,127.69952356247674
2023-10-27,126.1999969482422,130.02000427246094,125.5199966430664,127.73999786376952,125309300,0.0683281608245998,125.34142630440849,127.78333282470703
2023-10-30,129.72000122070312,133.0,128.55999755859375,132.7100067138672,72485500,0.03890722509168998,125.95714242117745,128.04952348981584
2023-10-31,132.75,133.57000732421875,131.7100067138672,133.08999633789062,51589400,0.002863308000901066,127.08857073102679,128.22238013857887
2023-11-01,133.9600067138672,137.35000610351562,133.7100067138672,137.0,61529400,0.02937864429857373,128.57999965122767,128.80714198521204
2023-11-02,138.72999572753906,138.80999755859375,136.47000122070312,138.07000732421875,52236700,0.007810272439553012,129.9385724748884,129.33428519112724
2023-11-03,138.99000549316406,139.49000549316406,137.4499969482422,138.60000610351562,44059800,0.0038386235328597973,132.3971448625837,129.93619028727213
2023-11-06,138.75999450683594,140.72999572753906,138.36000061035156,139.74000549316406,44970400,0.008225103459209127,135.27857426234655,130.4971429734003
2023-11-07,140.5500030517578,143.3699951171875,140.5,142.7100067138672,53553500,0.02125376487729147,137.41714695521765,131.18523879278274
2023-11-08,142.97000122070312,143.1199951171875,141.22000122070312,142.0800018310547,44521700,-0.004414580990635519,138.75571768624442,131.78523908342635
2023-11-09,142.02000427246094,142.64999389648438,139.83999633789062,140.60000610351562,36235400,-0.010416636461610618,139.82857622419084,132.20285833449591
2023-11-10,140.4600067138672,143.64999389648438,139.91000366210938,143.55999755859375,49287800,0.021052569890351647,140.7657187325614,132.73762003580728
2023-11-13,142.0800018310547,143.22999572753906,140.6699981689453,142.58999633789062,35680600,-0.006756765374750118,141.41143144880022,133.3471439906529
2023-11-14,145.0,147.25999450683594,144.67999267578125,145.8000030517578,56674600,0.02251214528584833,142.44000244140625,133.9780963716053
2023-11-15,147.05999755859375,147.2899932861328,142.58999633789062,143.1999969482422,63875700,-0.017832688951265996,142.93428693498885,134.5366675967262
2023-11-16,140.91000366210938,143.32000732421875,139.52000427246094,142.8300018310547,49653500,-0.0025837648398919777,142.95142909458704,135.2366674514044
2023-11-17,142.66000366210938,145.22999572753906,142.5399932861328,145.17999267578125,49636700,0.016453061783939793,143.39428492954798,136.0357150123233
2023-11-20,145.1300048828125,146.6300048828125,144.72999572753906,146.1300048828125,41951200,0.0065436854591447435,144.18428475516183,137.0338105701265
2023-11-21,143.91000366210938,144.0500030517578,141.5,143.89999389648438,71226000,-0.015260459261028925,144.23285566057478,137.85952468145462
2023-11-22,144.57000732421875,147.74000549316406,144.57000732421875,146.7100067138672,45669100,0.019527539517508297,144.82142857142858,138.72381083170572
2023-11-24,146.6999969482422,147.1999969482422,145.32000732421875,146.74000549316406,22378400,0.0002044767086364363,144.9557146344866,139.9309539794922
2023-11-27,147.52999877929688,149.25999450683594,146.8800048828125,147.72999572753906,53762400,0.006746559883569869,145.6028573172433,141.27190617152624
2023-11-28,146.97999572753906,147.60000610351562,145.52999877929688,147.02999877929688,42711700,-0.00473835354015173,146.2028568812779,142.1904776436942
2023-11-29,147.85000610351562,148.5399932861328,145.97000122070312,146.32000732421875,40610900,-0.0048288883967405605,146.36571611676897,142.8385729108538
2023-11-30,144.75999450683594,146.92999267578125,144.3300018310547,146.08999633789062,65814000,-0.001571972217158657,146.36000061035156,143.45762052990142
2023-12-01,146.0,147.25,145.5500030517578,147.02999877929688,39951800,0.006434406632690459,146.80714416503906,143.93523951939173
2023-12-04,145.25,145.35000610351562,142.80999755859375,144.83999633789062,48294200,-0.014894936132684111,146.53999982561385,144.2576199486142
2023-12-05,143.5500030517578,148.57000732421875,143.1300048828125,146.8800048828125,46822400,0.014084566393959497,146.55999973842077,144.6519056047712
2023-12-06,147.5800018310547,147.85000610351562,144.27999877929688,144.52000427246094,39679000,-0.016067541747663228,146.10142953055245,144.87952459426154
2023-12-07,146.14999389648438,147.9199981689453,145.33999633789062,146.8800048828125,52352800,0.016329923474831087,146.0800018310547,145.07809593563988
2023-12-08,145.47999572753906,147.83999633789062,145.39999389648438,147.4199981689453,41906000,0.0036764247561378305,146.23714338030135,145.33238147553942
2023-12-11,145.66000366210938,146.19000244140625,143.63999938964844,145.88999938964844,50907300,-0.010378502226973785,146.2085723876953,145.58428591773622
2023-12-12,145.52000427246094,147.5,145.3000030517578,147.47999572753906,44944300,0.010898597193382598,146.27285766601562,145.77095249720983
2023-12-13,148.1199951171875,149.4600067138672,146.82000732421875,148.83999633789062,52766200,0.009221593773735215,146.8442862374442,146.06857154482887
2023-12-14,149.92999267578125,150.5399932861328,145.52000427246094,147.4199981689453,58400800,-0.00954043404920335,146.92142813546317,146.14571416945685
2023-12-15,148.3800048828125,150.57000732421875,147.8800048828125,149.97000122070312,110089300,0.01729753821347546,147.6999991280692,146.46809532528832
2023-12-18,150.55999755859375,154.85000610351562,150.0500030517578,154.07000732421875,62512800,0.027338841569267247,148.72714233398438,147.00333368210565
2023-12-19,154.39999389648438,155.1199951171875,152.69000244140625,153.7899932861328,43171300,-0.0018174467759756174,149.63714163643974,147.41333371117003
2023-12-20,152.89999389648438,155.6300048828125,151.55999755859375,152.1199951171875,50322100,-0.01085895208954335,150.52714102608817,147.69857134137834
2023-12-21,153.3000030517578,153.97000122070312,152.10000610351562,153.83999633789062,36305700,0.011306871390431628,151.43571254185267,148.1719047909691
2023-12-22,153.77000427246094,154.35000610351562,152.7100067138672,153.4199981689453,29514100,-0.0027300973670256745,152.08999851771765,148.4914281935919
2023-12-26,153.55999755859375,153.97999572753906,153.02999877929688,153.41000366210938,25067200,-6.514474615582078e-05,152.94571358816964,148.80904715401786
2023-12-27,153.55999755859375,154.77999877929688,153.1199951171875,153.33999633789062,31434700,-0.0004563413242133496,153.42714146205358,149.07619004022507
2023-12-28,153.72000122070312,154.0800018310547,152.9499969482422,153.3800048828125,27057000,0.0002609139551152939,153.32856968470983,149.37857128324964
2023-12-29,153.10000610351562,153.88999938964844,151.02999877929688,151.94000244140625,39823200,-0.009388462612883952,153.0642852783203,149.6461900983538
2024-01-02,151.5399932861328,152.3800048828125,148.38999938964844,149.92999267578125,47339400,-0.013228970207501023,152.75142778669084,149.82904706682478
2024-01-03,149.1999969482422,151.0500030517578,148.3300018310547,148.47000122070312,49425500,-0.00973782115920796,151.98428562709265,149.89761861165366
2024-01-04,145.58999633789062,147.3800048828125,144.0500030517578,144.57000732421875,56039800,-0.026267891590348702,150.72000122070312,149.88476199195497
2024-01-05,144.69000244140625,146.58999633789062,144.52999877929688,145.24000549316406,45153100,0.00463442024626004,149.55285862513952,149.8066667829241
2024-01-08,146.74000549316406,149.39999389648438,146.14999389648438,149.10000610351562,46757100,0.026576703830634596,148.94714573451452,150.02476210821243
2024-01-09,148.3300018310547,151.7100067138672,148.2100067138672,151.3699951171875,43812600,0.015224607114340927,148.66000148228235,150.2385711669922
2024-01-10,152.05999755859375,154.4199981689453,151.8800048828125,153.72999572753906,44421800,0.015590940651907248,148.91571480887276,150.53904724121094
2024-01-11,155.0399932861328,157.1699981689453,153.1199951171875,155.17999267578125,49072700,0.009432101662268044,149.66571480887276,150.98142787388392
2024-01-12,155.38999938964844,156.1999969482422,154.00999450683594,154.6199951171875,40484200,-0.0036086969005325598,150.5442853655134,151.32142784481957
2024-01-16,153.52999877929688,154.99000549316406,152.14999389648438,153.16000366210938,41384600,-0.009442449238027617,151.77142769949776,151.52714247930618
2024-01-17,151.49000549316406,152.14999389648438,149.91000366210938,151.7100067138672,34953400,-0.009467203666572499,152.69571358816964,151.73142860049293
2024-01-18,152.77000427246094,153.77999877929688,151.82000732421875,153.5,37850200,0.011798781932089941,153.32428414481026,151.89952378045945
2024-01-19,153.8300018310547,155.75999450683594,152.74000549316406,155.33999633789062,51651600,0.011986946826648914,153.89142717633928,151.95999944777716
2024-01-22,156.88999938964844,157.0500030517578,153.89999389648438,154.77999877929688,43687500,-0.003604979862209201,154.0414276123047,152.00714256649925
2024-01-23,154.85000610351562,156.2100067138672,153.92999267578125,156.02000427246094,37986000,0.008011406531487353,154.16142926897322,152.19285728817894
2024-01-24,157.8000030517578,158.50999450683594,156.47999572753906,156.8699951171875,48547300,0.005447960655367012,154.48285784040178,152.33714294433594
2024-01-25,156.9499969482422,158.50999450683594,154.5500030517578,157.75,43638600,0.005609771850602074,155.1385716029576,152.5433335077195
2024-01-26,158.4199981689453,160.72000122070312,157.91000366210938,159.1199951171875,51047400,0.008684596622424712,156.19714137486048,152.81523786272322
2024-01-29,159.33999633789062,161.2899932861328,158.89999389648438,161.25999450683594,45270400,0.01344896590822775,157.3057120186942,153.19238063267298
2024-01-30,160.6999969482422,161.72999572753906,158.49000549316406,159.0,45207400,-0.014014601164705653,157.82856968470983,153.45999944777716
2024-01-31,157.0,159.00999450683594,154.80999755859375,155.1999969482422,50284400,-0.023899390262627773,157.88856942313058,153.615237281436
2024-02-01,155.8699951171875,159.75999450683594,155.6199951171875,159.27999877929688,76542400,0.026288672108771616,158.35428292410714,154.06047566731772
2024-02-02,169.19000244140625,172.5,167.3300018310547,171.80999755859375,117218300,0.07866649218561839,160.48856898716517,155.17190406436012
2024-02-05,170.1999969482422,170.5500030517578,167.6999969482422,170.30999755859375,55081300,-0.008730574595861018,162.28285435267858,156.39761788504464
2024-02-06,169.38999938964844,170.7100067138672,167.64999389648438,169.14999389648438,42505500,-0.00681113075414308,163.71571132114954,157.53618876139322
2024-02-07,169.47999572753906,170.8800048828125,168.94000244140625,170.52999877929688,47174100,0.008158468416245013,165.03999764578683,158.5566646030971
2024-02-08,169.64999389648438,171.42999267578125,168.8800048828125,169.83999633789062,42316500,-0.004046223223746481,166.58856855119978,159.43618847074964
2024-02-09,170.89999389648438,175.0,170.5800018310547,174.4499969482422,56986000,0.02714319777292107,169.33856855119978,160.42285519554503
2024-02-12,174.8000030517578,175.38999938964844,171.5399932861328,172.33999633789062,51050400,-0.012095159915523457,171.20428248814173,161.23999822707404
2024-02-13,167.72999572753906,170.9499969482422,165.75,168.63999938964844,56345100,-0.021469171561243172,170.75142560686385,161.9076174781436
2024-02-14,169.2100067138672,171.2100067138672,168.27999877929688,170.97999572753906,42815500,0.013875689909627953,170.8471396309989,162.75618852887834
2024-02-15,170.5800018310547,171.1699981689453,167.58999633789062,169.8000030517578,49855200,-0.006901349311422389,170.93999808175224,163.61761692592077
2024-02-16,168.74000549316406,170.4199981689453,167.1699981689453,169.50999450683594,48107700,-0.0017079419299743659,170.7942831856864,164.37999761672248
2024-02-20,167.8300018310547,168.7100067138672,165.74000549316406,167.0800018310547,41980300,-0.01433539469369316,170.3999982561384,164.93904549734933
2024-02-21,168.94000244140625,170.22999572753906,167.13999938964844,168.58999633789062,44420100,0.00903755380828164,169.56285531180245,165.59666442871094
2024-02-22,173.10000610351562,174.8000030517578,171.77000427246094,174.5800018310547,55392400,0.035530017339574504,169.88285609654017,166.48047383626303
2024-02-23,174.27999877929688,175.75,173.6999969482422,174.99000549316406,59715200,0.0023485144793740087,170.78999982561385,167.34333147321428
2024-02-26,175.6999969482422,176.3699951171875,174.25999450683594,174.72999572753906,44368600,-0.0014858549486425066,171.32571411132812,168.1519026983352
2024-02-27,174.0800018310547,174.6199951171875,172.86000061035156,173.5399932861328,31141700,-0.006810521779339163,171.85999843052454,168.83856927780877
2024-02-28,172.44000244140625,174.0500030517578,172.27000427246094,173.16000366210938,28180500,-0.0021896371944472026,172.38142830984933,169.40523638044084
2024-02-29,173.00999450683594,177.22000122070312,172.85000610351562,176.75999450683594,53805400,0.02078996747858297,173.76428440638952,170.2509504045759
2024-03-01,176.75,178.72999572753906,176.07000732421875,178.22000122070312,31981200,0.00825982552183624,175.13999938964844,171.3471410842169
2024-03-04,177.52999877929688,180.13999938964844,177.49000549316406,177.5800018310547,37381500,-0.003591063770984282,175.56857081821985,172.21856980096726
2024-03-05,176.92999267578125,176.92999267578125,173.3000030517578,174.1199951171875,37228300,-0.01948421375262155,175.44428362165178,172.32856968470983
2024-03-06,175.5399932861328,176.4600067138672,173.25999450683594,173.50999450683594,32090900,-0.0035033346396604603,175.2699977329799,172.48095049176897
2024-03-07,174.8300018310547,177.99000549316406,173.72000122070312,176.82000732421875,34063300,0.019076784751165476,175.7385711669922,172.84618922642298
2024-03-08,176.44000244140625,178.7899932861328,174.3300018310547,175.35000610351562,37893200,-0.008313545751684748,176.05142865862166,173.0757133847191
2024-03-11,174.30999755859375,174.47000122070312,171.47000122070312,171.9600067138672,28484800,-0.019332758891648982,175.36571611676897,173.17666625976562
2024-03-12,173.5,176.75999450683594,171.97999572753906,175.38999938964844,36610600,0.019946455814511488,174.961430140904,173.22142828078498
2024-03-13,175.89999389648438,177.6199951171875,175.5500030517578,176.55999755859375,30772600,0.0066708374081581034,174.81571524483817,173.42238071986608
2024-03-14,177.69000244140625,179.52999877929688,176.47000122070312,178.75,43705800,0.012403729449981915,175.4771445138114,173.90380932035902
2024-03-15,176.63999938964844,177.92999267578125,173.89999389648438,174.4199981689453,72147400,-0.024223786467438835,175.60714503696985,174.06761896042596
2024-03-18,175.8000030517578,176.69000244140625,174.27999877929688,174.47999572753906,31250700,0.00034398325434925603,175.27285766601562,174.2904757545108
2024-03-19,174.22000122070312,176.08999633789062,173.52000427246094,175.89999389648438,26880900,0.00813845829732096,175.35142735072546,174.59476143973214
2024-03-20,176.13999938964844,178.52999877929688,174.63999938964844,178.14999389648438,29947200,0.012791359170393646,176.23571123395647,175.12190391903832
2024-03-21,179.99000549316406,181.4199981689453,178.14999389648438,178.14999389648438,32824300,0.0,176.62999616350447,175.57714189801897
2024-03-22,177.75,179.25999450683594,176.75,178.8699951171875,27995400,0.0040415450203241665,176.95999581473214,175.78142729259673
2024-03-25,178.00999450683594,180.9900054931641,177.24000549316406,179.7100067138672,29815500,0.004696213001679439,177.0971396309989,176.00618925548736
2024-03-26,180.1499938964844,180.4499969482422,177.9499969482422,178.3000030517578,29659000,-0.007845994154095037,177.65142604282923,176.17618960425966
2024-03-27,179.8800048828125,180.0,177.30999755859375,179.8300018310547,33272600,0.008581036192426339,178.41571262904577,176.47571382068452
2024-03-28,180.1699981689453,181.6999969482422,179.25999450683594,180.3800048828125,38051600,0.0030584610251771505,179.0557141985212,176.81952340262276
2024-04-01,180.7899932861328,183.0,179.9499969482422,180.97000122070312,29174500,0.003270852211551434,179.4585723876953,177.01999991280692
2024-04-02,179.07000732421875,180.7899932861328,178.3800048828125,180.69000244140625,32611500,-0.0015472110151306673,179.82143075125558,177.1376190185547
2024-04-03,179.89999389648438,182.8699951171875,179.8000030517578,182.41000366210935,31046600,0.009519072430478559,180.32714625767298,177.36761910574776
2024-04-04,184.0,185.1000061035156,180.0,180.0,41624300,-0.013212014767422287,180.36857386997767,177.64761933826264
2024-04-05,182.3800048828125,186.2700042724609,181.97000122070312,185.07000732421875,42374000,0.028166707356770848,181.3357173374721,178.1980961390904
2024-04-08,186.8999938964844,187.2899932861328,184.80999755859372,185.19000244140625,39221300,0.0006483768975988902,182.10143171037947,178.59666733514695
2024-04-09,187.2400054931641,187.33999633789065,184.1999969482422,185.6699981689453,36520100,0.002591909504893186,182.85714503696985,179.08809552873885
2024-04-10,182.7700042724609,186.2700042724609,182.6699981689453,185.9499969482422,35879200,0.0015080453603608657,183.56857299804688,179.75428553989954
2024-04-11,186.7400054931641,189.7700042724609,185.50999450683597,189.0500030517578,40020700,0.016671181255133227,184.76285879952567,180.4047619047619
2024-04-12,187.72000122070312,188.3800048828125,185.0800018310547,186.1300048828125,38608800,-0.015445639364236818,185.2942875453404,180.8604765392485
2024-04-15,187.42999267578125,188.69000244140625,183.0,183.6199951171875,48052400,-0.013485250630092094,185.8114297049386,181.0923810686384
2024-04-16,183.2700042724609,184.8300018310547,182.25999450683597,183.32000732421875,32891300,-0.001633742516860992,185.5614297049386,181.51619102841332
2024-04-17,184.30999755859372,184.57000732421875,179.82000732421875,181.27999877929688,31359700,-0.011128128209780819,185.0028577532087,181.84000069754464
2024-04-18,181.47000122070312,182.38999938964844,178.64999389648438,179.22000122070312,30723800,-0.011363622972558218,184.08142961774553,181.9980962844122
2024-04-19,178.74000549316406,179.0,173.44000244140625,174.6300048828125,56000700,-0.02561096030926935,182.46428789411272,181.83047775995163
2024-04-22,176.94000244140625,178.8699951171875,174.55999755859375,177.22999572753906,37924900,0.014888568814227066,180.77571541922433,181.7866683233352
2024-04-23,178.0800018310547,179.92999267578125,175.97999572753906,179.5399932861328,37046500,0.01303389727631088,179.83428519112724,181.81857299804688
2024-04-24,179.94000244140625,180.32000732421875,176.17999267578125,176.58999633789062,34185100,-0.016430862529557833,178.82999965122767,181.67000107538132
2024-04-25,169.67999267578125,173.9199981689453,166.32000732421875,173.6699981689453,49249400,-0.016535467634067658,177.45142691476005,181.44952465239027
2024-04-26,177.8000030517578,180.82000732421875,176.1300048828125,179.6199951171875,43919800,0.034260361668536854,177.2142835344587,181.43952433268228
2024-04-29,182.75,183.52999877929688,179.38999938964844,180.9600067138672,54063900,0.007460258507441919,177.46285574776786,181.46714346749442
2024-04-30,181.08999633789065,182.9900054931641,174.8000030517578,175.0,94639800,-0.03293549122868411,177.51571219308036,181.18285769507997
2024-05-01,181.63999938964844,185.1499938964844,176.55999755859375,179.0,94645100,0.02285714285714291,177.76856994628906,181.10238138834634
2024-05-02,180.8500061035156,185.1000061035156,179.91000366210938,184.72000122070312,54303500,0.031955314082140474,178.5085710797991,181.21238127208892
2024-05-03,186.9900054931641,187.8699951171875,185.4199981689453,186.2100067138672,39172000,0.008066292135759712,179.8828582763672,181.50809587751115
2024-05-06,186.27999877929688,188.75,184.8000030517578,188.6999969482422,34725300,0.013371946429286963,182.0300009591239,181.68095252627418
2024-05-07,188.9199981689453,189.94000244140625,187.30999755859372,188.75999450683597,34048900,0.00031795209095974997,183.3357151576451,181.8509521484375
2024-05-08,187.44000244140625,188.42999267578125,186.38999938964844,188.0,26136400,-0.004026247769404523,184.34142848423548,181.96190461658296
2024-05-09,188.8800048828125,191.6999969482422,187.44000244140625,189.5,43368400,0.007978723404255428,186.41285705566406,182.13095238095238
2024-05-10,189.16000366210935,189.88999938964844,186.92999267578125,187.47999572753903,34141800,-0.010659653152828352,187.62428501674108,182.05619012741815
2024-05-13,188.0,188.30999755859372,185.3600006103516,186.57000732421875,24898600,-0.004853789332504355,187.8885716029576,182.07714262462798
2024-05-14,183.82000732421875,187.72000122070312,183.4499969482422,187.07000732421875,38698200,0.002679959159411549,188.0114288330078,182.2414289202009
2024-05-15,185.97000122070312,186.72000122070312,182.72999572753903,185.9900054931641,75459900,-0.005773249525686142,187.62428719656808,182.36857169015067
2024-05-16,185.6000061035156,187.30999755859372,183.4600067138672,183.6300048828125,38834500,-0.01268885714634993,186.8914315359933,182.48047674269904
2024-05-17,183.75999450683597,185.3000030517578,183.3500061035156,184.6999969482422,33175700,0.005826891232250109,186.42000252859933,182.7414289202009
2024-05-20,184.33999633789065,186.6699981689453,183.27999877929688,183.5399932861328,30511800,-0.006280474722663021,185.56857299804688,183.16571408226378
2024-05-21,182.3000030517578,183.25999450683597,180.75,183.1499938964844,50839100,-0.0021248741632043933,184.9500013078962,183.44761875697546
2024-05-22,183.8800048828125,185.22000122070312,181.97000122070312,183.1300048828125,28148800,-0.0001091401274257997,184.4585723876953,183.61857169015067
2024-05-23,183.66000366210935,184.75999450683597,180.0800018310547,181.0500030517578,33670200,-0.011358061353112014,183.59857177734375,183.8309529622396
2024-05-24,181.6499938964844,182.44000244140625,180.3000030517578,180.75,27471600,-0.0016570176564539851,182.8499995640346,184.16809590657553
2024-05-28,179.92999267578125,182.2400054931641,179.49000549316406,182.1499938964844,29927000,0.007745471073219434,182.63856942313058,184.28857203892298
2024-05-29,181.6999969482422,184.0800018310547,181.5500030517578,182.0200042724609,32009300,-0.000713640562059914,182.2557133265904,184.33904811314173
2024-05-30,181.30999755859372,181.33999633789065,178.36000061035156,179.32000732421875,29184700,-0.0148335176621609,181.6528581891741,184.54476274762834
2024-05-31,178.3000030517578,179.2100067138672,173.8699951171875,176.44000244140625,58903900,-0.016060700229647673,180.6942879813058,184.42285810198103
2024-06-03,177.6999969482422,178.6999969482422,175.9199981689453,178.33999633789062,30786600,0.01076849847083472,180.01000104631697,184.1190483456566
2024-06-04,177.63999938964844,179.82000732421875,176.44000244140625,179.33999633789062,27198400,0.00560726713319748,179.76571437290735,183.79190499441964
2024-06-05,180.10000610351562,181.5,178.75,181.27999877929688,32116400,0.010817455564965828,179.84142848423548,183.4385717482794
2024-06-06,181.75,185.0,181.4900054931641,185.0,31371200,0.020520748266509736,180.24857221330916,183.259524390811
2024-06-07,184.8999938964844,186.2899932861328,183.3600006103516,184.3000030517578,28021500,-0.003783767287795614,180.57428632463728,183.08333405994233
2024-06-10,184.07000732421875,187.22999572753903,183.7899932861328,187.05999755859372,34445600,0.014975553234585659,181.67999921526228,182.96714346749442
2024-06-11,187.05999755859372,187.7700042724609,184.5399932861328,187.22999572753903,27265100,0.0009087895389929823,183.22142682756697,182.95523870558966
2024-06-12,188.0200042724609,188.3500061035156,185.42999267578125,186.88999938964844,33984200,-0.0018159287809063063,184.44285583496094,182.97047642299108
2024-06-13,186.08999633789065,187.6699981689453,182.6699981689453,183.8300018310547,39721500,-0.016373254687715777,185.08428519112724,182.8161904471261
2024-06-14,183.0800018310547,183.72000122070312,182.22999572753903,183.66000366210935,25456400,-0.0009247574783879386,185.42428588867188,182.70523797898065
2024-06-17,182.5200042724609,185.0,181.22000122070312,184.05999755859372,35601900,0.002177904217078641,185.28999982561382,182.72571382068452
2024-06-18,183.7400054931641,184.2899932861328,181.42999267578125,182.80999755859372,36659200,-0.006791263808433312,185.07714189801894,182.6357138497489
2024-06-20,182.91000366210935,186.50999450683597,182.72000122070312,186.1000061035156,44726800,0.017996874289478493,184.9400002615792,182.75761922200522
2024-06-21,187.8000030517578,189.27999877929688,185.8600006103516,189.0800018310547,70792500,0.01601287280926522,185.20428684779571,183.04000055222284
2024-06-24,189.3300018310547,191.0,185.3300018310547,185.57000732421875,50610400,-0.0185635417434159,185.01571655273435,183.15619114467077
2024-06-25,186.80999755859372,188.83999633789065,185.4199981689453,186.33999633789065,45366400,0.004149318226444931,185.37428719656805,183.40809558686755
2024-06-26,186.9199981689453,194.8000030517578,186.25999450683597,193.6100006103516,65103900,0.03901472799901873,186.79571533203125,184.02047656831286
2024-06-27,195.00999450683597,199.83999633789065,194.1999969482422,197.8500061035156,74397500,0.02189972356695158,188.76571655273438,184.7680961972191
2024-06-28,197.72999572753903,198.8500061035156,192.5,193.25,76930200,-0.023249966952787804,190.25714547293526,185.3028578985305
2024-07-01,193.4900054931641,198.3000030517578,192.82000732421875,197.1999969482422,41192000,0.02043982896891161,191.84285845075334,186.15428597586495
2024-07-02,197.27999877929688,200.42999267578125,195.92999267578125,200.0,45600000,0.014198798656638534,193.4028581891741,187.27619062151228
2024-07-03,199.94000244140625,200.02999877929688,196.75999450683597,197.58999633789065,31597900,-0.01205001831054675,195.1199994768415,188.19285728817894
2024-07-05,198.6499938964844,200.5500030517578,198.1699981689453,200.0,39858900,0.012196992290986808,197.07142857142858,189.17666698637464
2024-07-08,200.0399932861328,201.1999969482422,197.9600067138672,199.2899932861328,34767300,-0.0035500335693359197,197.88285609654017,190.03428577241442
2024-07-09,199.3999938964844,200.57000732421875,199.0500030517578,199.33999633789065,32700100,0.00025090598345323123,198.09571184430803,190.7171427408854
2024-07-10,200.0,200.1100006103516,197.69000244140625,199.7899932861328,32883800,0.002257434315787732,199.02999659946985,191.4547613234747
2024-07-11,200.08999633789065,200.2700042724609,192.8600006103516,195.0500030517578,44565000,-0.023724863074531144,198.7228546142578,191.83523777553015
2024-07-12,194.8000030517578,196.47000122070312,193.8300018310547,194.4900054931641,30598500,-0.0028710461411535215,197.93571254185272,192.18095252627418
2024-07-15,194.55999755859372,196.19000244140625,190.8300018310547,192.72000122070312,40683200,-0.009100746683475047,197.23999895368306,192.4585716610863
2024-07-16,195.58999633789065,196.6199951171875,192.2400054931641,193.0200042724609,33994700,0.0015566783408962337,196.24285670689173,192.8961908249628
2024-07-17,191.3500061035156,191.5800018310547,185.9900054931641,187.92999267578125,48076100,-0.02637038381521717,194.6199994768415,193.09952363513764
2024-07-18,189.58999633789065,189.67999267578125,181.4499969482422,183.75,51043600,-0.022242286163404512,192.39285714285714,193.08476184663317
2024-07-19,181.13999938964844,184.92999267578125,180.11000061035156,183.1300048828125,43081800,-0.0033741230867346816,190.01285879952567,193.1000002906436
2024-07-22,185.0,185.05999755859372,182.47999572753903,182.5500030517578,39931900,-0.003167158934036185,188.2271445138114,192.93095252627418
2024-07-23,184.1000061035156,189.38999938964844,183.55999755859372,186.41000366210935,47537700,0.021144894800451564,187.0728585379464,192.8038097563244
2024-07-24,183.1999969482422,185.4499969482422,180.41000366210935,180.8300018310547,41532400,-0.029934025650088403,185.37428719656805,192.5780952090309
2024-07-25,182.91000366210935,183.8999938964844,176.8000030517578,179.85000610351562,44464200,-0.005419431054668911,183.49285888671875,192.26904805501303
2024-07-26,180.38999938964844,183.19000244140625,180.2400054931641,182.5,29506000,0.014734466536293178,182.71714564732142,191.74000040690103
2024-07-29,183.83999633789065,184.75,182.3800048828125,183.1999969482422,33270100,0.003835599716395466,182.6385737827846,191.04238092331659
2024-07-30,184.72000122070312,185.8600006103516,179.3800048828125,181.7100067138672,39508600,-0.008133134602594794,182.4357169015067,190.49285743350075
2024-07-31,185.0500030517578,187.94000244140625,184.4600067138672,186.97999572753903,41667300,0.029002194810164417,183.06857299804688,190.00619070870536
2024-08-01,189.2899932861328,190.6000061035156,181.8699951171875,184.07000732421875,70435600,-0.015563100170141286,182.73428780691964,189.24761962890625
2024-08-02,166.75,168.77000427246094,160.5500030517578,167.89999389648438,141448400,-0.0878470841762542,180.88714381626673,187.83380998883928
2024-08-05,154.2100067138672,162.9600067138672,151.61000061035156,161.02000427246094,83149400,-0.04097671157906757,178.1971435546875,185.97761971609933
2024-08-06,161.7100067138672,165.0800018310547,158.5399932861328,161.92999267578125,59950800,0.005651399696776416,175.2585710797991,184.19857206798736
2024-08-07,166.5500030517578,167.5800018310547,161.42999267578125,162.77000427246094,48408200,0.0051874985158653075,172.34000069754464,182.45714387439546
2024-08-08,165.1699981689453,166.69000244140625,162.5500030517578,165.8000030517578,44616200,0.018615215947435537,170.067143031529,180.8385729108538
2024-08-09,166.39999389648438,168.5500030517578,165.85000610351562,166.94000244140625,36401000,0.00687575011257735,167.20428684779577,179.500001453218
2024-08-12,168.13999938964844,168.5500030517578,166.11000061035156,166.8000030517578,30072800,-0.000838620987187122,164.73714338030135,178.18142990838913
2024-08-13,167.80999755859375,171.0399932861328,167.10000610351562,170.22999572753906,39237900,0.020563504874259175,165.07000078473772,177.11047726585753
2024-08-14,172.11000061035156,172.27999877929688,168.86000061035156,170.10000610351562,28843800,-0.0007636117446156998,166.36714390345983,176.01904878162202
2024-08-15,174.86000061035156,177.91000366210938,173.99000549316406,177.58999633789062,51698500,0.04403286281963403,168.60428728376115,175.52666800362724
2024-08-16,177.0399932861328,178.33999633789062,176.25999450683594,177.05999755859375,31489200,-0.002984395462729106,170.64571489606584,175.20809645879837
2024-08-19,177.63999938964844,178.3000030517578,176.16000366210938,178.22000122070312,31129800,0.006551472258579993,172.42000034877233,174.97428676060267
2024-08-20,177.9199981689453,179.00999450683594,177.42999267578125,178.8800048828125,26255200,0.003703308593809629,174.12571498325892,174.79952494303384
2024-08-21,179.9199981689453,182.38999938964844,178.88999938964844,180.11000061035156,35599100,0.006876093995775934,176.02714320591517,174.49952479771204
2024-08-22,181.3800048828125,181.47000122070312,175.67999267578125,176.1300048828125,32047500,-0.022097583221652117,176.87000165666853,174.27571541922433
2024-08-23,177.33999633789062,178.97000122070312,175.24000549316406,177.0399932861328,29150100,0.005166572293719973,177.8614283970424,174.14190528506325
2024-08-26,176.6999969482422,177.47000122070312,174.3000030517578,175.5,22366200,-0.00869856159361615,177.56285749162947,173.8085719517299
2024-08-27,174.14999389648438,174.88999938964844,172.25,173.1199951171875,29842000,-0.013561281383547064,177.0,173.32857186453683
2024-08-28,173.69000244140625,173.69000244140625,168.9199981689453,170.8000030517578,29045000,-0.013401063602498708,175.94000026157923,172.80904788062685
2024-08-29,173.22000122070312,174.2899932861328,170.80999755859375,172.1199951171875,26407800,0.007728290643119529,174.97428458077567,172.10142880394346
2024-08-30,172.77999877929688,178.89999389648438,172.60000610351562,178.5,43429400,0.037067191865004956,174.7442844935826,171.83619035993303
2024-09-03,177.5500030517578,178.25999450683594,175.25999450683594,176.25,37817500,-0.012605042016806678,174.7614266531808,172.23380969819567
2024-09-04,174.47999572753906,175.97999572753906,172.5399932861328,173.3300018310547,30309200,-0.016567365497562103,174.23142787388392,172.82000005812873
2024-09-05,175.0,179.8800048828125,175.0,177.88999938964844,40170500,0.026308183871355473,174.57285635811942,173.58000037783668
2024-09-06,177.24000549316406,178.3800048828125,171.16000366210938,171.38999938964844,41466500,-0.03653943460735232,174.32571411132812,173.99047633579798
2024-09-09,174.52999877929688,175.85000610351562,173.50999450683594,175.39999389648438,29037400,0.023396899008788496,174.98285566057478,174.44761875697546
2024-09-10,177.49000549316406,180.5,176.7899932861328,179.5500030517578,36233800,0.023660258265018275,176.0442853655134,175.04809497651598
2024-09-11,180.10000610351562,184.9900054931641,175.72999572753906,184.5200042724609,42564700,0.027680318219044597,176.90428597586495,175.89190455845423
2024-09-12,184.8000030517578,187.41000366210935,183.5399932861328,187.0,33544200,0.013440254011034769,178.44000026157923,176.6904761904762
2024-09-13,187.0,188.5,185.91000366210935,186.4900054931641,26495400,-0.0027272433520636463,180.32000078473772,177.47095235188803
2024-09-16,185.2899932861328,185.80999755859372,183.3600006103516,184.88999938964844,26065500,-0.00857958097692424,181.32000078473772,177.81857154482887
2024-09-17,186.8500061035156,189.4499969482422,186.13999938964844,186.8800048828125,26091700,0.010763186217390919,183.5328587123326,178.28619094122024
2024-09-18,186.4499969482422,188.8000030517578,185.05999755859372,186.42999267578125,34448100,-0.0024080275860086653,185.10857282366072,178.6771429152716
2024-09-19,190.0399932861328,190.9900054931641,188.47000122070312,189.8699951171875,39543200,0.01845197970580159,186.5828574044364,179.20047578357514
2024-09-20,190.22999572753903,191.83999633789065,187.41000366210935,191.6000061035156,100378600,0.009111555436973173,187.5942862374442,179.74761890229723
2024-09-23,191.63999938964844,194.4499969482422,190.57000732421875,193.8800048828125,36993100,0.011899784481557374,188.577144077846,180.59285699753534
2024-09-24,194.2700042724609,195.3699951171875,190.1300048828125,193.9600067138672,43478900,0.0004126358007008335,189.644287109375,181.39857192266555
2024-09-25,193.75,193.9499969482422,192.16000366210935,192.52999877929688,26391100,-0.007372694808574054,190.73571559361048,182.2095242454892
2024-09-26,194.30999755859372,194.52999877929688,189.5399932861328,191.16000366210935,36334900,-0.007115748848874226,191.3471439906529,183.06857227143786
2024-09-27,190.67999267578125,190.8999938964844,187.33999633789065,187.97000122070312,36002300,-0.016687603998192024,191.56714521135603,183.88619123186385
2024-09-30,187.13999938964844,188.4900054931641,184.6499938964844,186.3300018310547,41583900,-0.008724793206352333,191.06143188476562,184.56285821823846
2024-10-01,184.8999938964844,186.19000244140625,183.4499969482422,185.1300048828125,36044900,-0.006440170323887107,190.13714599609375,184.87857273646765
2024-10-02,184.44000244140625,186.6000061035156,184.0399932861328,184.75999450683597,23704100,-0.0019986515757440815,188.83428737095423,185.2838105701265
2024-10-03,183.0500030517578,183.44000244140625,180.8800048828125,181.9600067138672,30204300,-0.015154729791167942,187.12000165666853,185.69476318359375
2024-10-04,185.75,187.6000061035156,183.6000061035156,186.50999450683597,40890300,0.02500542770436165,186.26000104631697,186.10523914155505
2024-10-07,182.9499969482422,183.6000061035156,180.25,180.8000030517578,42364200,-0.03061493551686778,184.7800009591239,186.55333455403647
2024-10-08,181.9199981689453,183.08999633789065,180.9199981689453,182.72000122070312,26372100,0.010619458719785868,184.0300009591239,186.90190633138022
2024-10-09,182.82000732421875,185.8500061035156,182.0500030517578,185.1699981689453,26343100,0.013408477078997505,183.8642861502511,187.16952514648438
2024-10-10,187.1300048828125,188.1300048828125,185.8300018310547,186.6499938964844,27785000,0.007992632403596822,184.08142743791853,187.27095322381882
2024-10-11,186.6300048828125,189.92999267578125,186.3000030517578,188.82000732421875,25751600,0.011626110360002606,184.66142926897322,187.3576202392578
2024-10-14,189.77999877929688,189.8300018310547,187.3600006103516,187.5399932861328,22614400,-0.006779016992029097,185.4585702078683,187.4076196579706
2024-10-15,187.6300048828125,188.41000366210935,184.5800018310547,187.69000244140625,32178900,0.0007998782160802964,185.62714276994978,187.54095313662575
2024-10-16,187.0500030517578,187.77999877929688,185.6100006103516,186.88999938964844,23456800,-0.004262363692000948,186.4971422467913,187.5414290655227
2024-10-17,188.22000122070312,188.94000244140625,186.0,187.52999877929688,25039400,0.0034244710350397334,187.18428475516183,187.59381030854723
2024-10-18,187.1499938964844,190.7400054931641,186.27999877929688,188.9900054931641,37417700,0.007785456851548744,187.73000008719308,187.5519060407366
2024-10-21,188.0500030517578,189.4600067138672,186.3999938964844,189.07000732421875,24639400,0.00042331249658356107,188.07571629115515,187.43142990838913
2024-10-22,188.3500061035156,191.5200042724609,186.97999572753903,189.6999969482422,29650600,0.003332044214411578,188.20142909458704,187.23238191150483
2024-10-23,188.8500061035156,189.16000366210935,183.69000244140625,184.7100067138672,31937100,-0.026304640562205495,187.7971452985491,186.79190572102866
2024-10-24,185.25,187.1100006103516,183.8600006103516,186.3800048828125,21647400,0.009041189476714617,187.61000279017858,186.4990488688151
2024-10-25,187.8500061035156,190.4499969482422,187.52999877929688,187.8300018310547,29362100,0.007779788122410869,187.7442888532366,186.3404773530506
2024-10-28,189.57000732421875,190.2100067138672,188.2100067138672,188.38999938964844,27930800,0.002981406341556969,187.86714608328683,186.36047726585753
2024-10-29,188.5800018310547,191.4600067138672,187.82000732421875,190.8300018310547,35690200,0.012951868195294036,188.13000270298548,186.57476298014322
2024-10-30,194.6999969482422,195.6100006103516,192.4199981689453,192.72999572753903,37707600,0.009956473710912794,188.6528581891741,186.9366673060826
2024-10-31,190.50999450683597,190.6000061035156,185.22999572753903,186.3999938964844,75146800,-0.032843885079535395,188.18142918178015,187.01476251511346
2024-11-01,199.0,200.5,197.0200042724609,197.92999267578125,99687800,0.06185621865256041,190.06999860491072,187.77523803710938
2024-11-04,196.4499969482422,197.3300018310547,194.30999755859372,195.77999877929688,38492100,-0.01086239567545566,191.41285487583704,188.21666681198846
2024-11-05,196.0399932861328,199.82000732421875,195.9900054931641,199.5,30564800,0.0190009257528736,193.07999747140067,189.10714285714286
2024-11-06,200.00999450683597,207.5500030517578,199.13999938964844,207.08999633789065,72292200,0.03804509442551707,195.75142560686388,190.26761881510416
2024-11-07,207.44000244140625,212.25,207.19000244140625,210.0500030517578,52878400,0.01429333510169939,198.49714006696428,191.45238095238096
2024-11-08,209.72000122070312,209.9600067138672,207.44000244140625,208.17999267578125,36075800,-0.008902691496347037,200.70428248814179,192.47761898949034
2024-11-11,208.5,209.6499938964844,205.58999633789065,206.83999633789065,35456000,-0.006436720074140423,203.62428283691406,193.3357137044271
2024-11-12,208.3699951171875,209.5399932861328,206.00999450683597,208.91000366210935,38942900,0.01000777103494599,205.19285583496094,194.35333324614027
2024-11-13,209.3999938964844,215.08999633789065,209.13999938964844,214.1000061035156,46212900,0.024843245179395845,207.80999973842077,195.61095246814546
2024-11-14,214.16000366210935,215.8999938964844,210.8800048828125,211.47999572753903,42620300,-0.012237320417028852,209.52142769949774,196.78190467471168
2024-11-15,206.75999450683597,207.33999633789065,199.6100006103516,202.6100006103516,86591100,-0.04194247823144048,208.88142830984933,197.5
2024-11-18,204.1499938964844,204.6699981689453,200.9499969482422,201.6999969482422,36409900,-0.004491405455644193,207.6885702950614,198.10523768833704
2024-11-19,199.3300018310547,205.3000030517578,198.77999877929688,204.6100006103516,31197900,0.014427385751801136,207.17857142857142,198.84523736862909
2024-11-20,202.97999572753903,203.1300048828125,199.4499969482422,202.8800048828125,32769000,-0.008455088814713463,206.61285836356026,199.47285679408483
2024-11-21,203.4900054931641,203.4900054931641,195.75,198.3800048828125,58800000,-0.022180598835253806,205.10857282366072,200.1238090878441
2024-11-22,198.25,199.25999450683597,196.75,197.1199951171875,31530800,-0.006351495788949668,202.682856968471,200.63523719424293
2024-11-25,199.27999877929688,201.9499969482422,199.0,201.4499969482422,40685700,0.021966324768223133,201.25000000000003,201.28380839029947
2024-11-26,201.8999938964844,208.0,201.7899932861328,207.8600006103516,41673700,0.03181932866326287,202.0,202.21095130557106
2024-11-27,206.97999572753903,207.63999938964844,205.0500030517578,205.7400054931641,28061600,-0.010199148999145757,202.577144077846,202.9209514799572
2024-11-29,205.8300018310547,208.1999969482422,204.58999633789065,207.88999938964844,24892400,0.010450052683389277,203.04571533203125,203.64285641624815
2024-12-02,209.9600067138672,212.9900054931641,209.50999450683597,210.7100067138672,39523200,0.01356490130596999,204.16428702218192,204.80047607421875
2024-12-03,210.30999755859372,214.0200042724609,209.6499938964844,213.44000244140625,32214800,0.012956175029913197,206.31571524483817,205.53904796781995
2024-12-04,215.9600067138672,220.0,215.75,218.16000366210935,48745700,0.022113948494724367,209.32143075125558,206.6047624860491
2024-12-05,218.02999877929688,222.1499938964844,217.3000030517578,220.5500030517578,41140200,0.010955259211262947,212.0500030517578,207.60714358375185
2024-12-06,220.75,227.1499938964844,220.6000061035156,227.02999877929688,44178100,0.029381072944344444,214.78857421875,208.5566675095331
2024-12-09,227.2100067138672,230.0800018310547,225.6699981689453,226.08999633789065,46819400,-0.004140432746599365,217.69571576799666,209.32047671363466
2024-12-10,226.08999633789065,229.05999755859372,224.1999969482422,225.0399932861328,31199900,-0.004644181824783655,220.14571489606584,210.12333388555618
2024-12-11,226.41000366210935,231.1999969482422,226.25999450683597,230.25999450683597,35385800,0.02319588240507131,222.9385702950614,211.2385718936012
2024-12-12,229.8300018310547,231.08999633789065,227.6300048828125,228.97000122070312,28204100,-0.0056023335225717785,225.15714154924666,212.19380987258185
2024-12-13,228.3999938964844,230.1999969482422,225.8600006103516,227.4600067138672,28768100,-0.006594726378065796,226.4857134137835,212.83000037783668
2024-12-16,230.22999572753903,233.0,228.00999450683597,232.92999267578125,37552100,0.024048121869595374,228.25428336007255,213.85142880394346
2024-12-17,232.38999938964844,232.72999572753903,227.8500061035156,231.1499938964844,35948100,-0.007641775792155969,228.84285409109933,215.2104761032831
2024-12-18,230.7700042724609,231.3999938964844,220.1100006103516,220.5200042724609,43281400,-0.04598741035997567,228.0471409388951,216.10666692824591
2024-12-19,224.91000366210935,226.08999633789065,222.9199981689453,223.2899932861328,39918700,0.012561168873593376,227.7971409388951,216.9961903889974
2024-12-20,219.83999633789065,226.2100067138672,218.72999572753903,224.9199981689453,88279200,0.00729994595290151,227.03428431919642,218.04571387881325
2024-12-23,225.00999450683597,226.8800048828125,223.8999938964844,225.05999755859372,28070000,0.0006224408269079884,226.4757123674665,219.31618972051712
2024-12-24,226.94000244140625,229.13999938964844,226.1300048828125,229.0500030517578,15007500,0.017728630305015924,226.7028547014509,220.83666628882997
2024-12-26,228.5,228.5,226.6699981689453,227.0500030517578,16146700,-0.00873171784917226,225.86285618373327,222.0557141985212
2024-12-27,225.6000061035156,226.02999877929688,220.8999938964844,223.75,27367100,-0.014534256804240364,224.8057141985212,222.8123808361235
2024-12-30,220.05999755859372,223.0,218.42999267578125,221.3000030517578,28321200,-0.010949707031249978,224.9171425955636,223.55333310081846
2024-12-31,222.97000122070312,223.22999572753903,218.94000244140625,219.38999938964844,24819700,-0.008630834323407832,224.36000061035156,224.1009521484375
2025-01-02,222.02999877929688,225.1499938964844,218.19000244140625,220.22000122070312,33956600,0.003783225458606987,223.6885724748884,224.5538090297154
2025-01-03,222.50999450683597,225.3600006103516,221.6199951171875,224.19000244140625,27515600,0.018027432561515733,223.56428745814733,225.06571379162017
2025-01-06,226.77999877929688,228.83999633789065,224.83999633789065,227.6100006103516,31849800,0.015254909370185699,223.35857282366072,225.51571364629837
2025-01-07,227.8999938964844,228.3800048828125,221.4600067138672,222.1100006103516,28084200,-0.02416414035082548,222.6528581891741,225.58999924432663
2025-01-08,223.19000244140625,223.5200042724609,220.1999969482422,222.1300048828125,25033300,9.006470850447812e-05,222.42143031529017,225.3566662016369
2025-01-10,221.4600067138672,221.7100067138672,216.5,218.94000244140625,36811500,-0.014360970473526025,222.08428737095423,225.01619030180433
2025-01-13,218.05999755859372,219.3999938964844,216.47000122070312,218.4600067138672,27262700,-0.0021923619356289947,221.95143127441406,224.7028576078869
2025-01-14,220.44000244140625,221.82000732421875,216.1999969482422,217.75999450683597,24711700,-0.003204303696411004,221.6000017438616,224.1076195126488
2025-01-15,222.8300018310547,223.57000732421875,220.75,223.3500061035156,31291300,0.02567051679689558,221.4800022670201,223.84000069754464
2025-01-16,224.4199981689453,224.6499938964844,220.30999755859372,220.66000366210935,24757300,-0.012043887924316987,220.48714556012834,223.51619102841332
2025-01-17,225.83999633789065,226.50999450683597,223.0800018310547,225.94000244140625,42370100,0.023928209424767477,221.03428867885046,223.18333435058594
2025-01-21,228.8999938964844,231.77999877929688,226.94000244140625,230.7100067138672,39951500,0.021111818274402117,222.26000322614397,223.16238257998512
2025-01-22,232.0200042724609,235.44000244140625,231.19000244140625,235.00999450683597,41448200,0.018638063663626525,224.55571637834822,223.85238211495536
2025-01-23,234.1000061035156,235.5200042724609,231.50999450683597,235.4199981689453,26404400,0.0017446222360446573,226.97857230050224,224.43000139508928
2025-01-24,234.5,236.3999938964844,232.92999267578125,234.8500061035156,25890700,-0.002421170970448583,229.42000252859933,224.9028589157831
2025-01-27,226.2100067138672,235.6100006103516,225.8600006103516,235.4199981689453,49428300,0.0024270472668350695,231.144287109375,225.3961922781808
2025-01-28,234.2899932861328,241.7700042724609,233.97999572753903,238.1499938964844,41587200,0.011596277923594078,233.64285714285714,225.82952517554872
2025-01-29,239.0200042724609,240.38999938964844,236.1499938964844,237.07000732421875,26091700,-0.004534900692607535,235.23285784040178,226.30666823614212
2025-01-30,237.13999938964844,237.9499969482422,232.22000122070312,234.63999938964844,32020700,-0.010250170242948609,235.7942853655134,226.82523963564918
2025-01-31,236.5,240.2899932861328,236.41000366210935,237.67999267578125,36110200,0.012955989149507907,236.17571367536272,227.60523914155505
2025-02-03,234.05999755859372,239.25,232.8999938964844,237.4199981689453,37285900,-0.0010938846972727845,236.46142796107702,228.46381051199776
2025-02-04,239.00999450683597,242.5200042724609,238.02999877929688,242.05999755859372,29713800,0.019543422733693472,237.4914267403739,229.5038103376116
2025-02-05,237.0200042724609,238.32000732421875,235.1999969482422,236.1699981689453,38727300,-0.024332807771026532,237.59856959751673,230.07428632463728
2025-02-06,238.00999450683597,239.66000366210935,236.00999450683597,238.8300018310547,60897100,0.011263088803542765,237.69571358816964,230.6085720970517
2025-02-07,232.5,234.80999755859372,228.05999755859372,229.1499938964844,77539300,-0.04053095448794497,236.5642830984933,230.94380987258185
2025-02-10,230.5500030517578,233.9199981689453,229.1999969482422,233.13999938964844,35419900,0.017412199866636113,236.3499973842076,231.46809532528832
2025-02-11,231.9199981689453,233.44000244140625,230.1300048828125,232.75999450683597,23713700,-0.0016299428832774465,235.6471405029297,232.12619018554688
2025-02-12,230.4600067138672,231.17999267578125,228.16000366210935,228.92999267578125,32285200,-0.01645472556041938,234.43428257533483,232.62476094563803
2025-02-13,228.8500061035156,230.4199981689453,227.5200042724609,230.3699951171875,31346500,0.006290143220533118,232.7642822265625,233.22523716517858
2025-02-14,229.1999969482422,229.88999938964844,227.22999572753903,228.67999267578125,27031100,-0.007336035409240549,231.69428144182478,233.47904604957216
2025-02-18,228.82000732421875,229.3000030517578,223.72000122070312,226.6499938964844,42975100,-0.008877028355405603,229.95428030831474,233.7642836797805
2025-02-19,225.5200042724609,226.8300018310547,223.7100067138672,226.6300048828125,28566700,-8.81933122002243e-05,229.59428187779017,233.7971409388951
2025-02-20,224.77999877929688,225.1300048828125,221.80999755859372,222.8800048828125,30001700,-0.016546793977871843,228.1285683768136,233.42428370884485
2025-02-21,223.27999877929688,223.30999755859372,214.7400054931641,216.5800018310547,55323900,-0.028266344731418536,225.81714085170202,232.54666500999815
2025-02-24,217.4499969482422,217.72000122070312,212.4199981689453,212.7100067138672,42387600,-0.017868663239768212,223.5,231.4652368454706
2025-02-25,211.6300048828125,213.33999633789065,204.16000366210935,212.8000030517578,58958000,0.000423094048469963,220.99000113351005,230.4152367001488
2025-02-26,214.94000244140625,218.16000366210935,213.08999633789065,214.3500061035156,39120600,0.007283848822975836,218.94286019461495,229.41190374465216
2025-02-27,218.3500061035156,219.97000122070312,208.3699951171875,208.7400054931641,40548600,-0.02617215045770649,216.38429042271204,228.0114281063988
2025-02-28,208.6499938964844,212.6199951171875,206.9900054931641,212.27999877929688,51771700,0.016958863624484843,214.33428955078125,226.8309515090216
2025-03-03,213.3500061035156,214.00999450683597,202.5500030517578,205.0200042724609,42948400,-0.03420008737791658,211.7828608921596,225.42047555106026
2025-03-04,200.1100006103516,206.8000030517578,197.42999267578125,203.8000030517578,60853100,-0.005950644792113935,209.95714678083147,223.80714271182106
2025-03-05,204.8000030517578,209.97999572753903,203.25999450683597,208.3600006103516,38610100,0.022374865016246748,209.3357173374721,222.42333330426897
2025-03-06,204.3999938964844,205.7700042724609,198.3000030517578,200.6999969482422,49863800,-0.03676331176651404,207.60714503696985,220.4538094656808
2025-03-07,199.4900054931641,202.2700042724609,192.52999877929688,199.25,59802800,-0.007224698407026442,205.4500013078962,218.69571431477866
2025-03-10,195.6000061035156,196.72999572753903,190.8500061035156,194.5399932861328,62350900,-0.02363867861413893,203.42142813546317,216.58666628882997
2025-03-11,193.8999938964844,200.17999267578125,193.3999938964844,196.58999633789065,54002900,0.010537694677220655,201.17999921526228,215.03619021461122
2025-03-12,200.72000122070312,201.5200042724609,195.2899932861328,198.88999938964844,43679300,0.011699491808345286,200.30428423200334,213.40523783365884
2025-03-13,198.1699981689453,198.8800048828125,191.82000732421875,193.88999938964844,41270800,-0.025139524437347016,198.88856942313058,211.55428568522134
2025-03-14,197.41000366210935,198.6499938964844,195.32000732421875,197.9499969482422,38096700,0.02093969555611075,197.40142604282923,210.07904779343377
2025-03-17,198.7700042724609,199.0,194.32000732421875,195.7400054931641,47341800,-0.011164392468548168,196.69285583496097,208.4300006684803
2025-03-18,192.5200042724609,194.0,189.3800048828125,192.82000732421875,40414900,-0.014917738259935365,195.7742854527065,206.7223823184059
2025-03-19,193.3800048828125,195.97000122070312,191.9600067138672,195.5399932861328,39442900,0.014106347155876442,195.91714259556366,205.24095371791296
2025-03-20,193.07000732421875,199.32000732421875,192.3000030517578,194.9499969482422,38921100,-0.003017266841301769,195.682856968471,203.73238191150483
2025-03-21,192.8999938964844,196.9900054931641,192.5200042724609,196.2100067138672,60056900,0.006463245885351521,195.3000008719308,202.4623819986979
2025-03-24,200.0,203.63999938964844,199.9499969482422,203.25999450683597,41625400,0.03593082692897398,196.6385716029576,201.82809593563988
2025-03-25,203.6000061035156,206.2100067138672,203.22000122070312,205.7100067138672,31171200,0.012053587883713357,197.7471444266183,201.49476260230654
2025-03-26,205.83999633789065,206.00999450683597,199.92999267578125,201.1300048828125,32855300,-0.022264360904062586,198.51714433942522,200.93904840378534
2025-03-27,200.88999938964844,203.7899932861328,199.27999877929688,201.3600006103516,27317700,0.0011435177345771042,199.73714338030135,200.32047671363466
2025-03-28,198.4199981689453,199.25999450683597,191.8800048828125,192.72000122070312,52548200,-0.04290822091507429,199.33428737095423,199.55761936732702
2025-03-31,188.19000244140625,191.3300018310547,184.3999938964844,190.25999450683597,63547600,-0.01276466738421178,198.66428702218192,198.50904773530505
2025-04-01,187.8600006103516,193.92999267578125,187.1999969482422,192.1699981689453,41267300,0.010038913682617112,198.08714294433594,197.8971426827567
2025-04-02,187.66000366210935,198.33999633789065,187.66000366210935,196.00999450683597,53679200,0.019982288465834053,197.05142865862166,197.52618989490327
2025-04-03,183.0,184.1300048828125,176.9199981689453,178.41000366210938,95553600,-0.08979129298487265,193.15142822265625,196.0999995640346
2025-04-04,167.14999389648438,178.13999938964844,166.0,171.0,123159400,-0.041533565999713695,188.8471418108259,194.6857139950707
2025-04-07,162.0,183.41000366210935,161.3800048828125,175.25999450683594,109327100,0.024912248577988017,185.11856951032365,193.5433327811105
2025-04-08,185.22999572753903,185.8999938964844,168.57000732421875,170.66000366210938,87710400,-0.026246667744515673,181.9671412876674,192.40619041806178
2025-04-09,172.1199951171875,192.6499938964844,169.92999267578125,191.1000061035156,116804300,0.11977031526306248,182.08714294433594,192.14476231166296
2025-04-10,185.44000244140625,186.8699951171875,175.85000610351562,181.22000122070312,68302000,-0.051700704171933065,180.52285766601562,191.30333382742745
2025-04-11,179.92999267578125,185.8600006103516,178.0,184.8699951171875,50594300,0.020141230945248445,178.93142918178015,190.87380981445312
2025-04-14,186.83999633789065,187.44000244140625,179.22999572753906,182.1199951171875,48002500,-0.014875318183769082,179.46142796107702,190.12000020345053
2025-04-15,181.41000366210935,182.3500061035156,177.92999267578125,179.58999633789062,43642000,-0.013891933050343641,180.6885702950614,189.3509521484375
2025-04-16,176.2899932861328,179.10000610351562,171.41000366210938,174.3300018310547,51875300,-0.029288905919567454,180.5557141985212,188.47047569638207
2025-04-17,176.0,176.2100067138672,172.0,172.61000061035156,44726500,-0.009866352335440198,180.83428519112724,187.37857128324964
2025-04-21,169.60000610351562,169.60000610351562,165.2899932861328,167.32000732421875,48126100,-0.030647084568839134,177.43714250837053,186.06285749162947
2025-04-22,169.85000610351562,176.77999877929688,169.35000610351562,173.17999267578125,56607200,0.03502262189247651,176.288569859096,184.96619015648253
2025-04-23,183.4499969482422,187.3800048828125,180.19000244140625,180.6000061035156,63470100,0.042845673527805994,175.67857142857142,183.88714308965774
2025-04-24,180.9199981689453,186.7400054931641,180.17999267578125,186.5399932861328,43763200,0.032890293365840595,176.30999973842077,182.97428530738466
2025-04-25,187.6199951171875,189.94000244140625,185.4900054931641,188.9900054931641,36414300,0.013133978209558528,177.6528581891741,182.3961900983538
2025-04-28,190.1100006103516,190.22000122070312,184.88999938964844,187.6999969482422,33224700,-0.006825802991833663,179.56285749162947,181.74571373349144
2025-04-29,183.9900054931641,188.0200042724609,183.67999267578125,187.38999938964844,41667300,-0.0016515586767922308,181.67428588867188,181.49190412248885
2025-04-30,182.1699981689453,185.0500030517578,178.85000610351562,184.4199981689453,55176500,-0.015849304820837684,184.1171417236328,181.21380905877976
2025-05-01,190.6300048828125,191.80999755859372,187.5,190.1999969482422,74266000,0.031341496782804956,186.54857090541296,181.1199994768415
2025-05-02,191.44000244140625,192.8800048828125,186.3999938964844,189.97999572753903,77903500,-0.0011566836184704332,187.88856942313058,180.83285667782735
2025-05-05,186.50999450683597,188.17999267578125,185.52999877929688,186.3500061035156,35217500,-0.01910722026349243,187.8614283970424,181.21095203218005
2025-05-06,184.57000732421875,187.92999267578125,183.8500061035156,185.00999450683597,29314100,-0.007190832051463758,187.29285539899553,181.87809462774365
2025-05-07,185.55999755859372,190.9900054931641,185.00999450683597,188.7100067138672,43948600,0.0199989855515319,187.43714250837053,182.51857139950704
2025-05-08,191.42999267578125,194.3300018310547,188.82000732421875,192.0800018310547,41043600,0.01785806262143419,188.10714285714286,183.53857131231396
2025-05-09,193.3800048828125,194.69000244140625,191.16000366210935,193.05999755859372,29663100,0.005102018524557161,189.34142848423548,183.63190423874627
2025-05-12,210.7100067138672,211.66000366210935,205.75,208.63999938964844,75205000,0.08070031092964336,191.97571454729353,184.93761843726747
2025-05-13,211.0800018310547,214.83999633789065,210.1000061035156,211.3699951171875,56193700,0.01308471882441209,195.03142874581474,186.19952319917223
2025-05-14,211.4499969482422,211.92999267578125,208.8500061035156,210.25,38492100,-0.005298742220089303,198.44571358816964,187.53904724121094
2025-05-15,206.4499969482422,206.8800048828125,202.6699981689453,205.1699981689453,64347300,-0.024161720956264898,201.32571411132812,188.75714256649925
2025-05-16,206.8500061035156,206.8500061035156,204.3699951171875,205.58999633789065,43318500,0.002047074000553817,203.73714120047433,190.24571373349144
2025-05-19,201.6499938964844,206.6199951171875,201.25999450683597,206.16000366210935,34314800,0.0027725440652368594,205.74857003348214,191.84333292643228
2025-05-20,204.6300048828125,205.58999633789065,202.6499938964844,204.07000732421875,29470400,-0.0101377391383638,207.32142857142858,193.59333292643228
2025-05-21,201.6100006103516,203.4600067138672,200.05999755859372,201.1199951171875,42460900,-0.014455883280997672,206.2471422467913,194.9238092331659
2025-05-22,201.3800048828125,205.75999450683597,200.16000366210935,203.1000061035156,38938900,0.009844923599835909,205.06571524483817,195.9952378045945
2025-05-23,198.8999938964844,202.3699951171875,197.8500061035156,200.9900054931641,33393500,-0.010388973643240984,203.74285888671875,196.68333362397692
2025-05-27,203.08999633789065,206.69000244140625,202.19000244140625,206.0200042724609,34892000,0.02502611394509313,203.86428833007812,197.4942859468006
2025-05-28,205.9199981689453,207.66000366210935,204.41000366210935,204.72000122070312,28549800,-0.00631008166584901,203.74000331333704,198.3047623407273
2025-05-29,208.02999877929688,208.80999755859372,204.22999572753903,205.6999969482422,34650000,0.004787005283780621,203.6742880684989,199.17666698637464
2025-05-30,204.83999633789065,205.9900054931641,201.6999969482422,205.00999450683597,51679400,-0.0033544115296211263,203.8085719517299,200.15714300246466
2025-06-02,204.97999572753903,207.0,202.67999267578125,206.6499938964844,29113300,0.007999607012299847,204.59857177734375,200.9404761904762
2025-06-03,207.1100006103516,208.9499969482422,205.02999877929688,205.7100067138672,33139100,-0.00454869204152053,204.97142900739397,201.68952433268228
2025-06-04,206.5500030517578,208.17999267578125,205.17999267578125,207.22999572753903,29915600,0.00738898917924824,205.86285618373327,202.6838095528739
2025-06-05,209.5500030517578,212.80999755859372,207.55999755859372,207.91000366210935,51864200,0.0032814165352026414,206.13285609654017,203.77428617931548
2025-06-06,212.3999938964844,213.8699951171875,210.5,213.57000732421875,39832500,0.027223334916139486,207.3971426827567,204.95809573218935
2025-06-09,214.75,217.8500061035156,212.8800048828125,216.97999572753903,38102500,0.015966607137600564,209.0085710797991,206.14380972726005
2025-06-10,216.77999877929688,217.69000244140625,214.1499938964844,217.6100006103516,31303300,0.0029035159702170965,210.8085719517299,207.31285749162947
2025-06-11,217.41000366210935,218.3999938964844,212.88999938964844,213.1999969482422,39326000,-0.020265629565462295,211.7442866734096,207.53000023251488
2025-06-12,211.77999877929688,213.5800018310547,211.3300018310547,213.2400054931641,27640000,0.0001876573428452044,212.82000078473772,207.6190483456566
2025-06-13,209.9600067138672,214.0500030517578,209.6199951171875,212.1000061035156,29337800,-0.005346085913907173,213.51571655273438,207.70714387439546
2025-06-16,212.30999755859372,217.05999755859372,211.6000061035156,216.1000061035156,33284200,0.018859028217320217,214.6857169015067,208.22762044270834
2025-06-17,215.1999969482422,217.41000366210935,214.55999755859372,214.82000732421875,32086300,-0.005923177895162612,214.86428833007812,208.66714477539062
2025-06-18,215.08999633789065,217.9600067138672,212.33999633789065,212.5200042724609,44360500,-0.010706651956707836,214.22714669363836,208.97000194731214
2025-06-20,214.67999267578125,214.88999938964844,208.2700042724609,209.69000244140625,75350700,-0.013316402099382896,213.09571838378903,209.2376207624163
2025-06-23,209.7899932861328,210.38999938964844,207.30999755859372,208.47000122070312,37311700,-0.005818118205440093,212.42000470842632,209.5876210530599
2025-06-24,212.13999938964844,214.33999633789065,211.0500030517578,212.7700042724609,38378800,0.02062648355436747,212.35286167689728,210.048097156343
2025-06-25,214.6199951171875,216.02999877929688,211.1100006103516,211.9900054931641,31755700,-0.0036659245365150417,212.33714730398992,210.57190668015252
2025-06-26,213.1199951171875,218.0399932861328,212.00999450683597,217.1199951171875,50480800,0.024199205109171285,212.4828600202288,211.10047767275856
2025-06-27,219.9199981689453,223.3000030517578,216.7400054931641,223.3000030517578,119217100,0.028463559660798277,213.6942879813058,211.98523966471353
2025-06-30,223.5200042724609,223.82000732421875,219.1199951171875,219.38999938964844,58887800,-0.017510092291414314,214.67571585518974,212.63714454287575
2025-07-01,219.5,221.8800048828125,217.92999267578125,220.4600067138672,39256800,0.00487719279454657,216.21428789411272,213.37285940987724
2025-07-02,219.72999572753903,221.6000061035156,219.05999755859372,219.9199981689453,30894200,-0.002449462616694653,217.8500017438616,214.00476437523253
2025-07-03,221.82000732421875,224.00999450683597,221.3600006103516,223.41000366210935,29632400,0.015869432167251007,219.37000165666853,214.84762137276786
2025-07-07,223.0,224.2899932861328,222.3699951171875,223.47000122070312,36604100,0.0002685535903061975,221.01000104631697,215.62095496768043
2025-07-08,223.9199981689453,224.0,218.42999267578125,219.3600006103516,45692000,-0.018391733064396565,221.3300018310547,216.16619291759673
2025-07-09,221.07000732421875,224.2899932861328,220.47000122070312,222.5399932861328,38155100,0.014496684294917683,221.22142900739397,216.5933351062593
2025-07-10,221.5500030517578,222.7899932861328,219.6999969482422,222.25999450683597,30370600,-0.0012581953255333955,221.63142830984933,216.84476361955916
2025-07-11,223.5800018310547,226.67999267578125,222.3699951171875,225.0200042724609,50518300,0.012417933203629383,222.28285653250558,217.19762093680245
2025-07-14,225.07000732421875,226.66000366210935,224.2400054931641,225.69000244140625,35702600,0.0029775049161144818,223.10714285714286,217.7923831031436
2025-07-15,226.1999969482422,227.2700042724609,225.4600067138672,226.3500061035156,34907300,0.0029243814744550622,223.52714320591517,218.41666884649368
2025-07-16,225.8800048828125,226.1000061035156,222.17999267578125,223.19000244140625,39535900,-0.013960696164789121,223.48714338030135,218.94476391020277
2025-07-17,223.32000732421875,224.5,222.50999450683597,223.8800048828125,31855800,0.0030915472640284936,224.1328582763672,219.31524004255022
2025-07-18,225.13999938964844,226.3999938964844,222.97999572753903,226.1300048828125,37833800,0.010050026580880944,224.64571707589286,219.8538113548642
2025-07-21,225.83999633789065,229.69000244140625,225.6499938964844,229.3000030517578,40297600,0.014018476542235536,225.65143258231026,220.6528589157831
2025-07-22,229.67999267578125,230.0,226.3500061035156,227.47000122070312,37483700,-0.007980819043607368,226.00143214634485,221.49952552432106
2025-07-23,228.47000122070312,228.7899932861328,227.08999633789065,228.2899932861328,28294900,0.003604836070819184,226.37285940987724,222.4433346702939
2025-07-24,229.1699981689453,236.0,228.63999938964844,232.22999572753903,42902300,0.01725876103762425,227.21285792759485,223.37000093005952
2025-07-25,232.22000122070312,232.47999572753903,231.17999267578125,231.44000244140625,28712100,-0.003401771091877559,228.3914293561663,224.2961912609282
2025-07-28,233.3500061035156,234.2899932861328,232.25,232.7899932861328,26300100,0.005833005662313484,229.6642848423549,225.0423816499256
2025-07-29,234.1499938964844,234.72000122070312,230.30999755859372,231.00999450683597,33716200,-0.007646371539299701,230.3614262172154,225.4095241001674
2025-07-30,231.63999938964844,231.8000030517578,229.2899932861328,230.19000244140625,32993300,-0.0035495956232554082,230.48856898716517,225.92380995977493
2025-07-31,235.7700042724609,236.52999877929688,231.3999938964844,234.1100006103516,104357300,0.017029402351838252,231.43714032854353,226.57380966913132
2025-08-01,217.2100067138672,220.44000244140625,212.8000030517578,214.75,122258800,-0.08269617085933045,229.5028555733817,226.32761928013392
2025-08-04,217.3999938964844,217.44000244140625,211.4199981689453,211.6499938964844,77890100,-0.014435418409851408,226.56285531180245,225.76761881510416
2025-08-05,213.0500030517578,216.3000030517578,212.8699951171875,213.75,51505100,0.009922070229506863,224.03571210588728,225.3047616141183
2025-08-06,214.6999969482422,222.6499938964844,213.7400054931641,222.30999755859372,54823000,0.040046772203947256,222.538569859096,225.4452376592727
2025-08-07,221.0,226.22000122070312,220.82000732421875,223.1300048828125,40603500,0.0036885760119835798,221.41285705566406,225.47333344959077
2025-08-08,223.13999938964844,223.8000030517578,221.8800048828125,222.69000244140625,32970500,-0.001971955504762035,220.34142848423548,225.49381001790366
2025-08-11,221.77999877929688,223.0500030517578,220.3999938964844,221.3000030517578,31646200,-0.006241858073597895,218.5114288330078,225.31666710263207
2025-08-12,222.22999572753903,223.5,219.0500030517578,221.47000122070312,37185800,0.0007681796954406295,219.47142900739397,225.11571466355096
2025-08-13,222.0,224.9199981689453,222.0,224.55999755859372,36508300,0.013952211680404059,221.31571524483817,225.03047616141183
2025-08-14,227.3999938964844,233.1100006103516,227.0200042724609,230.97999572753903,61545800,0.02858923333961183,223.77714320591517,225.40142822265625
2025-08-15,232.5800018310547,234.0800018310547,229.80999755859372,231.02999877929688,39649200,0.00021648217457248542,225.02285766601562,225.74190412248885
2025-08-18,230.22999572753903,231.91000366210935,228.3300018310547,231.4900054931641,25248900,0.0019911124801876845,226.21714346749442,225.9971422467913
2025-08-19,230.08999633789065,230.52999877929688,227.1199951171875,228.00999450683597,29891000,-0.01503309388634011,226.97714233398438,225.93571326846168
2025-08-20,227.1199951171875,227.2700042724609,220.9199981689453,223.80999755859372,36604300,-0.018420231785569063,227.33571297781808,225.7614273797898
2025-08-21,222.6499938964844,222.77999877929688,220.5,221.9499969482422,32140500,-0.008310623433453124,227.40428379603796,225.4595227922712
2025-08-22,222.7899932861328,229.13999938964844,220.82000732421875,228.83999633789065,37315300,0.031043025385826706,228.01571219308036,225.298094249907
2025-08-25,227.3500061035156,229.6000061035156,227.30999755859372,227.94000244140625,22633700,-0.003932852258726305,227.58142743791853,225.13142758324034
2025-08-26,227.1100006103516,229.0,226.0200042724609,228.7100067138672,26105400,0.0033781006590050122,227.25,224.93714250837053
2025-08-27,228.57000732421875,229.8699951171875,227.80999755859372,229.1199951171875,21254500,0.0017926124405795996,226.9114270891462,224.8471425374349
2025-08-28,229.00999450683597,232.7100067138672,228.0200042724609,231.6000061035156,33679600,0.0108240705271474,227.42428588867188,224.91428556896392
2025-08-29,231.32000732421875,231.80999755859372,228.16000366210935,229.0,26199200,-0.011226278216735053,228.16571480887276,224.67095220656623
2025-09-02,223.5200042724609,226.1699981689453,221.8300018310547,225.33999633789065,38843900,-0.015982548742835556,228.6500004359654,225.17523774646577
2025-09-03,225.2100067138672,227.1699981689453,224.3600006103516,225.9900054931641,29223100,0.0028845707190781056,228.24285888671875,225.85809544154577
2025-09-04,231.19000244140625,235.7700042724609,230.77999877929688,235.67999267578125,59391800,0.042877945692648245,229.34857177734375,226.90238080705916
2025-09-05,235.19000244140625,236.0,231.92999267578125,232.3300018310547,36721800,-0.014214150326010255,229.86571393694197,227.37952386765252
2025-09-08,234.94000244140625,237.6000061035156,233.75,235.83999633789065,33947100,0.015107797009308976,230.82571411132815,227.9847615559896
2025-09-09,236.3600006103516,238.8500061035156,235.0800018310547,238.2400054931641,27033800,0.010176429751274751,231.7742854527065,228.72523789178757
2025-09-10,237.5200042724609,237.67999267578125,229.1000061035156,230.3300018310547,60907700,-0.03320182790348525,231.96428571428575,229.15523783365884
2025-09-11,231.4900054931641,231.52999877929688,229.33999633789065,229.9499969482422,37485600,-0.0016498279850283293,232.62285723005024,229.55904715401786
2025-09-12,230.3500061035156,230.7899932861328,226.2899932861328,228.1499938964844,38496200,-0.00782780202498956,232.93142700195312,229.7299993605841
2025-09-15,230.6300048828125,233.72999572753903,230.32000732421875,231.42999267578125,33243300,0.014376501718361023,232.32428414481026,229.75142778669084
2025-09-16,232.94000244140625,235.8999938964844,232.22999572753903,234.0500030517578,38203900,0.011320962964584513,232.56999860491072,229.8952375139509
2025-09-17,233.7700042724609,234.3000030517578,228.7100067138672,231.6199951171875,42815200,-0.010382430689534927,231.9671412876674,229.90142749604723
2025-09-18,232.5,233.47999572753903,228.7899932861328,231.22999572753903,37931700,-0.0016837898189711042,230.96571132114954,230.0547608875093
2025-09-19,232.3699951171875,234.16000366210935,229.6999969482422,231.47999572753903,97943200,0.0010811746080494622,231.12999616350447,230.41999889555433
2025-09-22,230.55999755859372,230.57000732421875,227.50999450683597,227.6300048828125,45914500,-0.016632067201427292,230.79856872558594,230.6904754638672
2025-09-23,227.8300018310547,227.8600006103516,220.07000732421875,220.7100067138672,70956200,-0.030400202172415014,229.7357134137835,230.30333310081846
2025-09-24,224.1499938964844,224.55999755859372,219.4499969482422,220.2100067138672,49509000,-0.0022654160880354324,228.1328582763672,229.93523806617372
2025-09-25,220.05999755859372,220.6699981689453,216.47000122070312,218.1499938964844,52226300,-0.009354764790773018,225.8614283970424,229.43238031296502
2025-09-26,219.0800018310547,221.0500030517578,218.0200042724609,219.77999877929688,41650100,0.007471945580644457,224.17000034877233,228.98761858258928
2025-09-29,220.0800018310547,222.6000061035156,219.3000030517578,222.1699981689453,44259200,0.01087450815780766,222.87571498325892,228.53857058570497
2025-09-30,222.02999877929688,222.2400054931641,217.88999938964844,219.57000732421875,48396400,-0.011702709034319914,221.1742880684989,228.0895233154297
2025-10-01,217.3600006103516,222.1499938964844,216.6100006103516,220.6300048828125,43933800,0.004827606336181178,220.1742880684989,227.86523800804503
2025-10-02,221.00999450683597,222.80999755859372,218.9499969482422,222.41000366210935,41258600,0.008067800117405932,220.41714477539062,227.69476173037575
2025-10-03,223.44000244140625,224.1999969482422,219.33999633789065,219.50999450683597,43639000,-0.013039023009410733,220.317143031529,226.92476181756882
2025-10-06,221.0,221.72999572753903,216.02999877929688,220.8999938964844,43690900,0.00633228292302257,220.71000017438615,226.38047572544642
2025-10-07,220.8800048828125,222.88999938964844,220.1699981689453,221.77999877929688,31194700,0.003983725247293846,220.99571446010046,225.71095203218005
2025-10-08,222.9199981689453,226.72999572753903,221.19000244140625,225.22000122070312,46686000,0.015510877718191152,221.43142918178015,225.09095182872954
2025-10-09,225.0,228.2100067138672,221.75,227.7400054931641,46412100,0.01118907849570383,222.59857177734375,224.96761866978235
2025-10-10,226.2100067138672,228.25,216.0,216.3699951171875,72367500,-0.04992539782966621,221.98999895368303,224.32095191592262
2025-10-13,217.6999969482422,220.67999267578125,217.0399932861328,220.07000732421875,37809700,0.017100394188331425,221.6557137625558,223.93619065057663
2025-10-14,215.55999755859372,219.32000732421875,212.6000061035156,216.38999938964844,45665600,-0.016721987604375044,221.21000017438615,223.2200004940941
2025-10-15,216.6199951171875,217.7100067138672,212.66000366210935,215.57000732421875,45909500,-0.003789417568938358,220.44857352120536,222.34000069754464
2025-10-16,215.6699981689453,218.58999633789065,212.80999755859372,214.47000122070312,42414600,-0.00510277898660183,219.40428815569197,221.5233343215216
2025-10-17,214.55999755859372,214.8000030517578,211.02999877929688,213.0399932861328,45986900,-0.006667636156250767,217.66428702218192,220.65714372907365
2025-10-20,213.8800048828125,216.69000244140625,213.58999633789065,216.47999572753903,38882800,0.016147214372026264,216.0557141985212,219.94285801478796
2025-10-21,218.42999267578125,223.32000732421875,217.9900054931641,222.02999877929688,50494600,0.025637486886977978,216.8642861502511,219.67619105747767
2025-10-22,219.3000030517578,220.00999450683597,216.5200042724609,217.9499969482422,44308500,-0.018375903497213075,216.5614275251116,219.54476202101935
2025-10-23,219.0,221.3000030517578,218.17999267578125,221.08999633789065,31540000,0.014406971477930908,217.23285566057478,219.58666628882997
2025-10-24,221.97000122070312,225.3999938964844,221.8999938964844,224.2100067138672,38685100,0.014111947295924798,218.4671412876674,219.87523832775298
2025-10-27,227.66000366210935,228.3999938964844,225.5399932861328,226.97000122070312,38267000,0.012309863182682124,220.2528555733817,220.21761939639137
2025-10-28,228.22000122070312,231.4900054931641,226.2100067138672,229.25,47100000,0.010045375014470892,222.56857081821985,220.5547623407273
2025-10-29,231.6699981689453,232.82000732421875,227.75999450683597,230.3000030517578,52036200,0.0045801659836763875,224.54285757882255,221.06571451822916
2025-10-30,227.05999755859372,228.44000244140625,222.75,222.8600006103516,102252900,-0.03230569840563202,224.66142926897322,221.1719047909691
2025-10-31,250.1000061035156,250.5,243.97999572753903,244.22000122070312,166340800,0.09584492754129248,228.41428702218192,222.2104761032831
2025-11-03,255.3600006103516,258.6000061035156,252.8999938964844,254.0,95997800,0.04004585509136338,233.11571611676897,223.8528573172433
2025-11-04,250.3800048828125,257.010009765625,248.66000366210935,249.32000732421875,51546300,-0.018425168014886806,236.7028590611049,225.20619128999255
2025-11-05,249.02999877929688,251.0,246.16000366210935,250.1999969482422,40610700,0.0035295587926045258,240.02142987932478,226.5595245361328
2025-11-06,249.16000366210935,250.3800048828125,242.1699981689453,243.0399932861328,46004200,-0.028617121300727022,241.9914289202009,227.40809558686755
2025-11-07,242.8999938964844,244.8999938964844,238.4900054931641,244.41000366210935,46374300,0.005636975040414827,244.00714329310827,228.20190502348402
2025-11-10,248.33999633789065,251.75,245.58999633789065,248.3999938964844,36476500,0.01632498741700905,247.6557137625558,229.7271430605934
2025-11-11,248.41000366210935,249.75,247.22999572753903,249.1000061035156,23564100,0.0028180846386127723,248.3528573172433,231.1095239548456
2025-11-12,250.2400054931641,250.3699951171875,243.75,244.1999969482422,31190100,-0.019670851205186968,246.9528568812779,232.4338095528739
2025-11-13,243.0500030517578,243.75,236.5,237.5800018310547,41401700,-0.027108907452568887,245.27571323939733,233.48190452938988
2025-11-14,235.05999755859372,238.72999572753903,232.88999938964844,234.69000244140625,38956700,-0.012164320933474637,243.05999973842077,234.44476173037575
2025-11-17,233.25,234.6000061035156,229.19000244140625,232.8699951171875,59919000,-0.007754941860691922,241.60714285714286,235.38904753185454
2025-11-18,228.1000061035156,230.1999969482422,222.4199981689453,222.5500030517578,60608400,-0.04431653833391602,238.48428562709265,235.67809549967447
2025-11-19,223.7400054931641,223.7400054931641,218.5200042724609,222.69000244140625,58335600,0.0006290693674619874,234.8114297049386,235.7095242454892
2025-11-20,227.0500030517578,227.41000366210935,216.7400054931641,217.13999938964844,50309000,-0.02492255148822009,230.24571446010046,235.67095293317522
2025-11-21,216.3500061035156,222.2100067138672,215.17999267578125,220.69000244140625,68490500,0.016348913427910006,226.88714381626673,235.6519056047712
2025-11-24,222.55999755859372,227.3300018310547,222.2700042724609,226.27999877929688,54318400,0.02532963104830621,225.27285766601562,235.75047665550596
2025-11-25,226.3800048828125,230.5200042724609,223.8000030517578,229.6699981689453,39379300,0.0149814363087164,224.5557141985212,235.87904793875558
2025-11-26,230.7400054931641,231.75,228.7700042724609,229.16000366210935,38497900,-0.0022205534501760216,224.02571541922433,235.87476239885603
2025-11-28,231.2400054931641,233.2899932861328,230.22000122070312,233.22000122070312,20292300,0.017716868099636462,225.5500008719308,236.01380993071058
2025-12-01,233.22000122070312,235.8000030517578,232.25,233.8800048828125,42904000,0.0028299616613276513,227.14857264927454,236.53857203892298
2025-12-02,235.00999450683597,238.97000122070312,233.5500030517578,234.4199981689453,45785400,0.0023088475921804186,229.61714390345983,236.07190522693452
2025-12-03,233.3500061035156,233.3800048828125,230.6100006103516,232.3800048828125,35495100,-0.008702300580441968,231.28714425223214,235.0423816499256
2025-12-04,232.7700042724609,233.5,226.8000030517578,229.1100006103516,45683200,-0.014071797072686798,231.6914302280971,234.08000037783668
2025-12-05,230.32000732421875,231.2400054931641,228.5500030517578,229.52999877929688,33117400,0.0018331725713691682,231.67143031529017,233.09571475074404
2025-12-08,229.58999633789065,230.8300018310547,226.2700042724609,226.88999938964844,35019200,-0.011501761877265149,231.3471439906529,232.32666742234002
2025-12-09,226.83999633789065,228.57000732421875,225.1100006103516,227.9199981689453,25841700,0.004539639393836836,230.59000069754464,231.5414290655227
2025-12-10,228.80999755859372,232.4199981689453,228.4600067138672,231.77999877929688,38790700,0.016935769749744978,230.28999982561385,230.75000072660902
2025-12-11,230.7100067138672,232.1100006103516,228.69000244140625,230.27999877929688,28249600,-0.006471654188885845,229.69857134137834,229.8538099016462
2025-12-12,229.8699951171875,230.0800018310547,225.1199951171875,226.19000244140625,35639100,-0.017760970816273702,228.8142852783203,228.9961911156064
2025-12-15,227.92999267578125,227.92999267578125,221.5,222.5399932861328,47286100,-0.01613691637948922,227.87571280343192,228.28000023251488
2025-12-16,223.0399932861328,223.66000366210935,221.1300048828125,222.55999755859372,39298900,8.989068511011666e-05,226.87999834333147,227.70238095238096
2025-12-17,224.66000366210935,225.19000244140625,220.9900054931641,221.2700042724609,44034400,-0.005796159688549629,226.07714189801897,227.1500004359654
2025-12-18,225.7100067138672,229.22999572753903,224.41000366210935,226.75999450683597,50272400,0.02481127187766008,225.9114270891462,227.35047621954055
2025-12-19,226.75999450683597,229.1300048828125,225.5800018310547,227.3500061035156,85544400,0.0026019210221044364,225.27857099260603,227.57238115583147
2025-12-22,228.6100006103516,229.47999572753903,226.7100067138672,228.42999267578125,32261300,0.00475032567966549,225.01428440638952,228.10999988374255
2025-12-23,229.05999755859372,232.4499969482422,228.72999572753903,232.13999938964844,29230200,0.016241329216049705,225.8642839704241,228.65523783365884
2025-12-24,232.1300048828125,232.9499969482422,231.3300018310547,232.3800048828125,11420500,0.001033882544133169,227.26999991280692,228.94571431477866
2025-12-26,232.0399932861328,232.9900054931641,231.17999267578125,232.5200042724609,15994700,0.000602458846315157,228.69285801478796,229.08142889113654
2025-12-29,231.94000244140625,232.6000061035156,230.7700042724609,232.07000732421875,19797900,-0.0019353042317806768,230.23571559361048,229.2200004940941
2025-12-30,231.2100067138672,232.7700042724609,230.1999969482422,232.52999877929688,21910500,0.001982123671998126,231.06000191824776,229.18714323497954
2025-12-31,232.91000366210935,232.9900054931641,230.1199951171875,230.82000732421875,24383700,-0.0073538531116630335,231.55571637834822,229.0414290655227
2026-01-02,231.33999633789065,235.4600067138672,224.6999969482422,226.5,51456200,-0.018715913643268745,231.2800031389509,228.6642862955729
2026-01-05,228.83999633789065,234.0,227.17999267578125,233.05999755859372,49733300,0.028962461627345393,231.41143144880022,228.69666689918154
2026-01-06,232.1000061035156,243.17999267578125,232.07000732421875,240.92999267578125,53764700,0.033768107781812384,232.6328582763672,229.25952366420202
2026-01-07,239.6100006103516,245.2899932861328,239.5200042724609,241.55999755859372,42236500,0.0026148877348792787,233.92428588867185,229.83238074893043
2026-01-08,243.05999755859372,246.41000366210935,241.8800048828125,246.2899932861328,39509800,0.0195810389772495,235.95571245465956,230.75618998209634
2026-01-09,244.57000732421875,247.8600006103516,242.2400054931641,247.3800048828125,34560000,0.004425724253495522,238.07714189801894,231.682856968471
2026-01-12,246.72999572753903,248.94000244140625,245.9600067138672,246.47000122070312,35867800,-0.003678565947722645,240.31285531180242,232.38238089425224
2026-01-13,246.52999877929688,247.66000366210935,240.25,242.6000061035156,38371800,-0.01570168822988771,242.61285618373321,232.96904790969123
2026-01-14,241.1499938964844,241.27999877929688,236.22000122070312,236.6499938964844,41410600,-0.02452601837319146,243.12571280343192,233.4671427408854
2026-01-15,239.30999755859372,240.6499938964844,236.6300048828125,238.17999267578125,43003600,0.006465239039753046,242.73285566057478,234.21190461658296
2026-01-16,239.08999633789065,239.57000732421875,236.41000366210935,239.1199951171875,45888300,0.0039466053837939885,242.38428388323103,235.00047592889695
2026-01-20,233.75999450683597,235.08999633789065,229.33999633789065,231.0,47737900,-0.033957825706746436,240.1999991280692,235.46380905877976
2026-01-21,231.08999633789065,232.3000030517578,226.8800048828125,231.30999755859372,47276100,0.001341980773132967,237.90428379603796,235.68047587076822
2026-01-22,234.0500030517578,235.72000122070312,230.8999938964844,234.33999633789065,31913300,0.013099298825289152,236.17142595563615,236.0133325485956
2026-01-23,234.9600067138672,240.4499969482422,234.57000732421875,239.16000366210935,33778500,0.020568436457892636,235.67999703543526,236.52428545270647
2026-01-26,239.97999572753903,240.9499969482422,237.5399932861328,238.4199981689453,32825500,-0.003094185824689677,235.93285478864397,236.82333301362536
2026-01-27,239.69000244140625,244.8800048828125,238.0800018310547,244.67999267578125,38029200,0.026256163723313408,236.8614262172154,237.40904671805245
2026-01-28,246.3699951171875,247.77999877929688,241.52999877929688,243.00999450683597,40882700,-0.006825233852112089,237.4171404157366,237.90857006254652
2026-01-29,242.82000732421875,243.0,236.7400054931641,241.72999572753903,47229600,-0.005267268047532636,238.9499969482422,238.36856951032365
2026-01-30,239.88999938964844,243.32000732421875,237.63999938964844,239.3000030517578,46585000,-0.010052507834071744,240.0914263044085,238.69095066615515
2026-02-02,238.30999755859372,245.6300048828125,238.1699981689453,242.9600067138672,37546100,0.015294624385431943,241.32285635811942,239.269045875186
2026-02-03,244.97999572753903,246.3500061035156,235.4499969482422,238.6199951171875,53831300,-0.017863069956986388,241.24571228027344,239.846188499814
2026-02-04,238.8600006103516,238.8600006103516,231.82000732421875,232.9900054931641,51299900,-0.023593955826118007,240.4699990408761,239.84285554431733
2026-02-05,224.91000366210935,226.30999755859372,220.3800048828125,222.69000244140625,103509200,-0.04420791797466195,237.32857186453683,238.97428458077567
2026-02-06,202.6999969482422,211.44000244140625,200.30999755859372,210.32000732421875,179210900,-0.05554804877440456,232.6585736955915,237.4866659981864
2026-02-09,208.97000122070312,212.80999755859372,203.3500061035156,208.72000122070312,91178400,-0.00760748406141476,227.94286019461495,235.69761875697546
2026-02-10,208.8000030517578,212.6499938964844,206.41000366210935,206.9600067138672,67175000,-0.008432323191560842,223.32286071777344,233.7728569394066
2026-02-11,208.05999755859372,208.57000732421875,202.4900054931641,204.0800018310547,65545500,-0.013915755650289796,217.76857430594308,231.75428553989954
2026-02-12,203.9600067138672,203.9600067138672,197.55999755859372,199.6000061035156,83975400,-0.021952154485219033,212.1942901611328,229.7066664922805
2026-02-13,198.8800048828125,201.16000366210935,197.27999877929688,198.7899932861328,66321600,-0.004058180323715521,207.30857413155692,227.90380932035902
2026-02-17,198.1300048828125,201.7400054931641,196.0,201.1499938964844,69879200,0.011871828009746288,204.23143005371094,226.1404760451544
2026-02-18,202.07000732421875,206.8600006103516,201.50999450683597,204.7899932861328,51003300,0.018095945812067082,203.4414280482701,224.5057140531994
2026-02-19,203.8000030517578,205.63999938964844,202.80999755859372,204.8600006103516,35669600,0.00034184934085601526,202.88999938964844,223.26095217750185
2026-02-20,204.75999450683597,211.1699981689453,203.75,210.1100006103516,65881600,0.025627257563010764,203.33999851771767,222.25142851329986
2026-02-23,208.1000061035156,208.42999267578125,203.1100006103516,205.2700042724609,53581500,-0.023035535309270938,203.50999886648995,220.86714317685082
2026-02-24,205.47000122070312,210.3600006103516,203.25,208.55999755859372,41137200,0.016027637831418806,204.78999764578683,219.41000002906435
2026-02-25,210.4600067138672,211.58999633789065,208.92999267578125,210.63999938964844,41346400,0.009973158109912061,206.48285566057478,218.08714294433594
2026-02-26,210.72999572753903,211.0500030517578,205.3500061035156,207.9199981689453,47756800,-0.012913032798065993,207.4499991280692,216.336667015439
2026-02-27,206.8300018310547,210.3300018310547,205.1999969482422,210.0,57422800,0.01000385652833935,208.1942858014788,214.76476251511346
2026-03-02,204.5500030517578,209.72999572753903,203.4600067138672,208.38999938964844,46001000,-0.007666669573102691,208.69857134137834,213.17714364188058
2026-03-03,203.1000061035156,209.17999267578125,202.47999572753903,208.72999572753903,43184900,0.001631538648142472,208.5014277866908,211.72142900739397
2026-03-04,210.47000122070312,217.5399932861328,210.1499938964844,216.82000732421875,54731100,0.038758260730479055,210.15142822265625,210.47666713169642
2026-03-05,215.97999572753903,220.47000122070312,215.58999633789065,218.94000244140625,60943400,0.009777672934109694,211.63428606305803,209.5395246233259
2026-03-06,214.9900054931641,217.32000732421875,212.52999877929688,213.2100067138672,51152700,-0.026171534044230005,212.00142996651786,208.59761991954986
2026-03-09,210.4499969482422,213.82000732421875,207.1100006103516,213.4900054931641,54642900,0.0013132534612818603,212.7971452985491,208.15952482677642
2026-03-10,214.19000244140625,215.6499938964844,212.42999267578125,214.3300018310547,35678800,0.003934593265620068,213.41571698869978,208.35047694614954
2026-03-11,215.7100067138672,217.0,211.3500061035156,212.6499938964844,34199300,-0.007838417021498234,214.0242876325335,208.5376194545201
2026-03-12,210.38999938964844,211.7100067138672,208.1499938964844,209.52999877929688,44349500,-0.014671973697334306,214.1385737827846,208.66000002906435
2026-03-13,209.6100006103516,210.55999755859372,206.22000122070312,207.6699981689453,35662100,-0.008877013416636048,212.83142961774553,208.83095223563058
2026-03-16,208.3500061035156,212.72000122070312,207.4499969482422,211.7400054931641,42209300,0.0195984367511175,211.80285862513955,209.40904744466147
2026-03-17,212.82000732421875,215.6999969482422,212.42999267578125,215.1999969482422,44969900,0.016340754535353108,212.08714294433597,210.1904761904762
2026-03-18,213.92999267578125,215.13999938964844,208.8300018310547,209.8699951171875,37846600,-0.024767666852414494,211.56999860491075,210.605714343843
2026-03-19,207.05999755859372,209.1199951171875,206.0500030517578,208.75999450683597,36440600,-0.005288991452693015,210.7742832728795,210.79476202101935
2026-03-20,207.3999938964844,207.5399932861328,204.32000732421875,205.3699951171875,63694600,-0.016238740557820153,209.73428344726562,210.81904747372582
2026-03-23,209.7899932861328,212.8000030517578,209.50999450683597,210.13999938964844,44277400,0.02322639327005427,209.82142639160156,210.82047598702567
2026-03-24,207.9499969482422,209.3500061035156,206.63999938964844,207.2400054931641,35351400,-0.013800294588880657,209.75999886648995,210.91428556896392
2026-03-25,211.55999755859372,213.07000732421875,209.8999938964844,211.7100067138672,36388800,0.021569200454641724,209.7557133265904,211.06428600492933
2026-03-26,210.6100006103516,212.88999938964844,207.1199951171875,207.5399932861328,46746000,-0.019696817795534227,208.6614270891462,210.91666666666666
2026-03-27,206.4600067138672,206.6000061035156,199.13999938964844,199.33999633789065,56009800,-0.039510442389467215,207.15714154924666,210.50809515090216
2026-03-30,201.47999572753903,203.8000030517578,199.97999572753903,200.9499969482422,46373800,0.008076656164990093,206.0414276123047,210.07714262462798
2026-03-31,204.8500061035156,210.27999877929688,204.13999938964844,208.2700042724609,58470100,0.03642700888472317,206.4557146344866,210.07142857142858
2026-04-01,210.44000244140625,213.5800018310547,208.19000244140625,210.57000732421875,45955400,0.011043371606930696,206.51714433942522,210.15904817127046
2026-04-02,206.5399932861328,212.2100067138672,204.8999938964844,209.7700042724609,31453000,-0.0037992260242745157,206.87857273646765,209.82333374023438
2026-04-06,209.8000030517578,212.9499969482422,209.58999633789065,212.7899932861328,25385500,0.014396667550949704,207.03285653250558,209.53047616141183
2026-04-07,211.2400054931641,213.97000122070312,209.0800018310547,213.7700042724609,28154600,0.004605531356027148,207.92285810198103,209.55714271182106
2026-04-08,223.7899932861328,226.1000061035156,219.6199951171875,221.25,51092700,0.034990857360911454,211.05285862513952,209.92666625976562
2026-04-09,225.22999572753903,233.8000030517578,223.2700042724609,233.6499938964844,65964200,0.056045170153601775,215.72428676060267,210.84666588192894
2026-04-10,235.3000030517578,240.42999267578125,235.2100067138672,238.3800048828125,56912800,0.02024400218227118,220.02571541922433,212.07190450032553
2026-04-13,237.4499969482422,240.0,235.75,239.88999938964844,42166200,0.006334400855383171,224.21428571428572,213.51761881510416
2026-04-14,241.77999877929688,252.17999267578125,241.77999877929688,249.0200042724609,72685000,0.03805913087682655,229.82142857142858,215.48666672479538
2026-04-15,249.25,250.44000244140625,247.1999969482422,248.5,43045200,-0.002088202809168549,234.92285810198103,217.23714265369233
2026-04-16,248.50999450683597,250.0,244.1999969482422,249.6999969482422,41895700,0.004828961562342915,240.0557141985212,218.87999979654947
2026-04-17,254.9900054931641,256.17999267578125,250.1100006103516,250.55999755859372,52029300,0.003444135445983987,244.24285670689173,220.81761896042596
2026-04-20,249.19000244140625,250.17999267578125,245.3699951171875,248.27999877929688,39463100,-0.009099612075002761,246.3328574044364,222.69952392578125
2026-04-21,255.08999633789065,255.08999633789065,249.1000061035156,249.91000366210935,42922400,0.00656518805713957,247.98000008719305,224.82047671363466
2026-04-22,252.44000244140625,255.94000244140625,250.3300018310547,255.3600006103516,36065100,0.021807838295304638,250.19000026157923,226.97381010509673
2026-04-23,255.38999938964844,258.7900085449219,253.07000732421875,255.0800018310547,39091400,-0.001096486445127165,251.0557141985212,229.2519051688058
2026-04-24,259.9800109863281,264.5,257.69000244140625,263.989990234375,53777400,0.03493017225717909,253.26856994628906,231.7414281935919
2026-04-27,263.4599914550781,264.1499938964844,260.3399963378906,261.1199951171875,44906800,-0.010871605831113018,254.8999982561384,234.29285685221353
2026-04-28,258.3900146484375,261.0299987792969,256.6300048828125,259.70001220703125,42204400,-0.005438047398549362,256.2057146344866,237.16714332217262
2026-04-29,257.989990234375,265.9100036621094,257.70001220703125,263.0400085449219,72367900,0.012860978748156615,258.3142874581473,240.12381054106214
2026-04-30,273.1700134277344,273.8800048828125,256.1600036621094,265.0599975585937,100974900,0.0076793983730685245,260.4785723005022,242.82809593563988
2026-05-01,265.5799865722656,273.32000732421875,262.739990234375,268.260009765625,50825200,0.012072784412985316,262.3214307512556,245.57523890904017
2026-05-04,268.79998779296875,276.1000061035156,268.79998779296875,272.04998779296875,49083700,0.014128002271583506,264.74571446010043,248.54095241001673
2026-05-05,276.0799865722656,278.5599975585937,272.3800048828125,273.54998779296875,41908500,0.005513692583370089,266.1114283970424,251.43428548177084
2026-05-06,272.8900146484375,277.79998779296875,272.2099914550781,274.989990234375,44552000,0.005264129064761924,268.09285627092635,254.34952290852866
2026-05-07,275.0199890136719,276.6300048828125,270.489990234375,271.1700134277344,35892900,-0.01389133038400725,269.73142787388394,256.7266664050874
2026-05-08,271.6300048828125,274.0,269.95001220703125,272.67999267578125,34732700,0.0055683857848436435,271.1085684640067,258.5852377755301
2026-05-11,269.8399963378906,273.6300048828125,268.4800109863281,268.989990234375,38176700,-0.013532354923427414,271.6699959891183,260.04285612560454
2026-05-12,266.7099914550781,267.6499938964844,262.6300048828125,265.82000732421875,36776200,-0.011784761609137218,271.32142421177457,261.2776184082031
2026-05-13,264.42999267578125,270.7200012207031,263.20001220703125,270.1300048828125,39670900,0.016213969753363422,271.0471409388951,262.2828565325056
2026-05-14,269.1499938964844,270.7799987792969,266.6300048828125,267.2200012207031,31338400,-0.010772604336833247,270.14285714285717,263.17428516206286
2026-05-15,262.5,264.3599853515625,260.8900146484375,264.1400146484375,40770300,-0.011526033074604314,268.59286063058033,263.86190505254837
2026-05-18,263.8699951171875,268.8500061035156,262.5299987792969,264.8599853515625,33690800,0.0027257161474880665,267.6914280482701,264.54285685221356
2026-05-19,262.0400085449219,262.25,255.19000244140625,259.3399963378906,40340700,-0.020841158796957915,265.7857142857143,265.0695234026228
2026-05-20,260.04998779296875,265.5799865722656,259.5299987792969,265.010009765625,34933200,0.021863243262898013,265.21714564732144,265.788571312314
2026-05-21,263.5,269.489990234375,261.3699951171875,268.4599914550781,36591700,0.01301830709151064,265.5942862374442,266.4123804001581
2026-05-22,268.6600036621094,269.7900085449219,266.239990234375,266.32000732421875,27535500,-0.007971333528174807,265.0500008719308,266.94761875697543
2026-05-26,267.94000244140625,269.29998779296875,262.07000732421875,265.2900085449219,38028100,-0.003867523096163561,264.77428763253346,267.009524390811
2026-05-27,266.1499938964844,272.4100036621094,265.70001220703125,271.8500061035156,40061900,0.024727646527565872,265.87571498325894,267.5204772949219
2026-05-28,272.2699890136719,274.5,267.44000244140625,274.0,40630400,0.007908750591183455,267.18143136160717,268.20142909458707
2026-05-29,271.2900085449219,274.75,269.6400146484375,270.6400146484375,54749600,-0.01226272026117703,268.7957196916853,268.56333414713544
2026-06-01,266.2900085449219,266.6300048828125,260.70001220703125,261.260009765625,53604400,-0.03465860321873382,268.26000540597096,268.38238234747024
2026-06-02,257.1600036621094,261.20001220703125,254.3699951171875,256.5199890136719,41811000,-0.0181429249589532,266.5542907714844,267.8233337402344
2026-06-03,254.6999969482422,257.0899963378906,247.7100067138672,250.0200042724609,51394200,-0.02533909644314125,264.2257189069475,266.7742869059245
2026-06-04,253.1199951171875,255.8300018310547,251.75,253.7899932861328,35609800,0.01507874949703436,262.5828595842634,265.83333478655135
2026-06-05,254.25999450683597,256.3800048828125,245.77999877929688,246.02999877929688,55607800,-0.03057644001781823,258.894287109375,264.45428757440476
2026-06-08,246.67999267578125,249.4199981689453,243.3600006103516,245.22000122070312,33899500,-0.0032922715222234444,254.7828587123326,263.21857270740327
2026-06-09,247.72999572753903,250.42999267578125,240.3999938964844,244.19000244140625,44425400,-0.004200304926880172,251.00428553989954,261.86190650576634
2026-06-10,243.6100006103516,244.07000732421875,237.4499969482422,238.0,38590200,-0.025349123139844942,247.68142700195312,260.3861926850818
2026-06-11,237.92999267578125,242.13999938964844,235.17999267578125,241.50999450683597,41335400,0.01474787607914263,245.53714207240515,259.2285730271112
2026-06-12,243.2100067138672,243.3600006103516,233.58999633789065,238.5500030517578,51186600,-0.012256186172015182,243.89857046944755,257.72476341610866
2026-06-15,245.0200042724609,247.80999755859372,244.72999572753903,246.0200042724609,41711600,0.03131419461387441,242.78857203892298,256.7152397519066
2026-06-16,248.0,249.50999450683597,245.4499969482422,246.0,35187400,-8.131156862656308e-05,242.78428649902344,255.85142953055245
2026-06-17,244.8999938964844,245.91000366210935,236.0,237.5,44780800,-0.03455284552845528,241.68142918178015,254.54857308523995
2026-06-18,240.1199951171875,245.72999572753903,236.0200042724609,244.38999938964844,75624400,0.029010523745888195,241.71000017438615,253.836668468657
2026-06-22,240.0800018310547,242.0,232.2400054931641,232.7899932861328,68388500,-0.047465142323687703,240.96571350097656,252.30238196963356
2026-06-23,232.5500030517578,236.8699951171875,232.0,234.1100006103516,60492600,0.005670378290686617,239.90857151576452,250.66666811988466
2026-06-24,233.8500061035156,242.4199981689453,232.9499969482422,234.2700042724609,70282600,0.0006834550497294423,239.2971431187221,249.1404774983724
2026-06-25,232.0200042724609,232.32000732421875,225.5500030517578,227.00999450683597,77674100,-0.03098992458796135,236.58142743791853,247.31761968703498
2026-06-26,227.2100067138672,233.8999938964844,226.1300048828125,232.69000244140625,248372100,0.025020959746330673,234.67999921526228,245.4528576078869
2026-06-29,234.22000122070312,249.7100067138672,233.8000030517578,240.13999938964844,77619200,0.03201683299701785,235.05714198521204,243.84047662644159
2026-06-30,237.3500061035156,241.5399932861328,237.1699981689453,238.33999633789065,66228300,-0.007495640277891069,234.19285583496094,242.30238051641555
2026-07-01,239.75,244.8999938964844,234.8999938964844,241.6999969482422,53829900,0.014097510539473612,235.46571350097656,241.3709513346354
2026-07-02,241.6100006103516,246.72000122070312,241.0800018310547,242.6699981689453,48246400,0.004013244654325954,236.6885702950614,240.71142796107702
2026-07-06,243.8000030517578,246.0399932861328,240.8800048828125,244.16000366210935,40044000,0.006140048231783046,238.10142735072546,240.43238031296502
2026-07-07,246.97999572753903,248.92999267578125,242.6999969482422,245.97999572753903,40579600,0.007454095831143315,240.8114275251116,240.06047566731772
2026-07-08,244.2700042724609,244.8000030517578,240.5200042724609,243.6199951171875,29653000,-0.009594278605344786,242.37285505022322,239.94571358816964
2026-07-09,239.82000732421875,247.5,238.25,247.0399932861328,38091700,0.01403824906613349,243.3585684640067,240.03237987699964
2026-07-10,249.5500030517578,251.02999877929688,244.41000366210935,245.33999633789065,31654000,-0.006881464517662694,244.3585684640067,240.08714149111793
2026-07-13,244.67999267578125,249.6499938964844,244.17999267578125,247.30999755859372,34636100,0.008029678202122081,245.15999712262834,240.53047470819382
2026-07-14,245.5500030517578,248.55999755859372,243.8000030517578,247.4900054931641,30108100,0.0007278635572656178,245.84856959751673,240.8152371361142
2026-07-15,249.75,256.4800109863281,249.75,254.9600067138672,45240600,0.03018304196089816,247.39142717633928,241.59666588192894
2026-07-16,255.1199951171875,258.0799865722656,248.0,249.88999938964844,45343700,-0.019885500434225545,247.9499991280692,241.78095136369978
2026-07-17,244.4600067138672,250.2400054931641,243.58999633789065,247.22999572753903,43572400,-0.010644698341696013,248.46571350097656,241.83952258882067
2026-07-20,248.75999450683597,252.88999938964844,248.0,249.9900054931641,32406500,0.01116373341957555,248.88714381626673,242.43428475516183
2026-07-21,249.1100006103516,249.33999633789065,246.4199981689453,247.5500030517578,27732100,-0.009760399967161937,249.2028590611049,242.58476112002418
2026-07-22,248.2700042724609,248.4499969482422,242.4499969482422,244.8500061035156,34112700,-0.010906875035172958,248.85143171037947,243.15904744466147
2026-07-23,236.25999450683597,238.3500061035156,232.0500030517578,233.66000366210935,47465300,-0.0457014586990675,246.87571716308594,243.1376190185547
2026-07-24,234.3800048828125,234.9499969482422,231.33999633789065,232.1100006103516,35017400,-0.006633583101364637,243.61143057686942,243.0347617013114
2026-07-27,235.6699981689453,235.88999938964844,230.9900054931641,231.38999938964844,34999500,-0.0031019827616640683,240.96857343401228,243.2433333623977
2026-07-28,232.8500061035156,233.1100006103516,228.1000061035156,230.8600006103516,44521600,-0.002290499938177315,238.63000270298548,243.15619041806175
2026-07-29,229.32000732421875,232.82000732421875,226.16000366210935,226.6499938964844,44957500,-0.0182361894773313,235.29571533203125,242.51380920410156
2026-07-30,233.3500061035156,239.82000732421875,231.05999755859372,235.5,101839800,0.0390470167299346,233.57428632463728,242.37857128324964
2026-07-31,265.0,273.2300109863281,262.010009765625,271.5799865722656,129054800,0.15320588778032107,237.39285496303015,243.80142793201264
2026-08-03,278.2900085449219,287.20001220703125,278.0,284.0199890136719,90830200,0.04580603526208682,244.58713858468192,245.77047511509485
2026-08-04,276.0599975585937,281.07000732421875,275.82000732421875,277.4200134277344,69748100,-0.023237715094833633,251.05999755859375,247.35428510393416
2026-08-05,281.5899963378906,282.7900085449219,270.7300109863281,272.6499938964844,45119800,-0.017194215631067156,256.95428248814176,248.62428501674108
2026-08-06,272.7699890136719,275.4800109863281,271.0599975585937,272.260009765625,30672900,-0.001430347110176089,262.86856951032365,249.98809523809524
2026-08-07,272.8699951171875,278.3099975585937,272.75,274.4800109863281,33861400,0.00815397466052481,269.70142909458707,251.29476274762834
2026-08-10,274.010009765625,280.1400146484375,273.6000061035156,278.0899963378906,35731900,0.013152088338200807,275.7857142857143,252.85428655715216
2026-08-11,278.69000244140625,278.8399963378906,271.3599853515625,272.2699890136719,31895700,-0.02092850300572191,275.884286063058,254.04285757882255
2026-08-12,273.17999267578125,273.4599914550781,267.1000061035156,267.2799987792969,29882500,-0.0183273604720513,273.49285888671875,254.98523821149553
2026-08-13,267.2349853515625,269.5799865722656,264.82000732421875,265.0899963378906,18234707,-0.008193663766118964,271.73142787388394,255.46761866978235
