Date,Open,High,Low,Close,Volume,daily_return,MA7,MA21
2021-08-13,137.25,137.85650634765625,137.0330047607422,137.7274932861328,15948000,,,
2021-08-16,137.52499389648438,138.3625030517578,135.2989959716797,138.3094940185547,22384000,0.004225741124996407,,
2021-08-17,137.75,138.2655029296875,136.08200073242188,136.6614990234375,21716000,-0.011915270219238216,,
2021-08-18,136.5,137.10450744628906,135.32150268554688,135.44900512695312,19258000,-0.008872242037067268,,
2021-08-19,134.4355010986328,136.3524932861328,134.25,135.67999267578125,21782000,0.0017053469577841263,,
2021-08-20,136.0,137.5540008544922,135.25,137.42950439453125,31194000,0.012894397208073283,,
2021-08-23,137.96949768066406,140.87449645996094,137.6074981689453,140.04150390625,28454000,0.01900610442587536,137.32835606166296,
2021-08-24,140.6114959716797,142.0800018310547,140.3385009765625,141.26150512695312,19268000,0.008711711790240662,137.83321489606584,
2021-08-25,141.625,142.1894989013672,141.37600708007812,142.07899475097656,15848000,0.005787065791835966,138.37171500069755,
2021-08-26,141.75,142.41749572753906,141.35699462890625,141.4405059814453,20610000,-0.004493899824181136,139.05443028041296,
2021-08-27,141.65249633789062,144.5124969482422,141.4969940185547,144.00399780273438,28780000,0.01812417032519198,140.27657209123885,
2021-08-30,144.39999389648438,145.9705047607422,144.16299438476562,144.5904998779297,24434000,0.0040728180060580765,141.54950169154577,
2021-08-31,145.14700317382812,145.17149353027344,144.281005859375,144.69749450683594,22448000,0.000739983809424416,142.58778599330358,
2021-09-01,145.0,146.25399780273438,144.8834991455078,145.2154998779297,21936000,0.0035799194233405718,143.3269282749721,
2021-09-02,145.21600341796875,145.51950073242188,143.18499755859375,143.28700256347656,32342000,-0.013280244299501476,143.6162850516183,
2021-09-03,143.08050537109375,144.15499877929688,142.40049743652344,143.739501953125,19850000,0.0031579932691241375,143.85350036621094,
2021-09-07,143.83450317382812,144.56500244140625,143.61900329589844,144.28050231933594,20124000,0.0037637556750917955,144.25921412876673,
2021-09-08,144.10000610351562,144.39999389648438,143.0,143.6909942626953,18344000,-0.004085846993628239,144.2144993373326,
2021-09-09,143.8404998779297,144.3105010986328,143.17750549316406,143.54100036621094,15314000,-0.0010438642815022714,144.0645708356585,
2021-09-10,144.21249389648438,144.718505859375,140.73800659179688,140.87600708007812,36840000,-0.018566077144047455,143.51864406040735,
2021-09-13,141.94949340820312,142.9499969482422,141.25,142.33250427246094,22094000,0.010338859132732914,143.1067875453404,141.2540239606585
2021-09-14,142.99549865722656,143.36300659179688,141.75,142.54449462890625,19674000,0.0014894022804481377,143.00071498325892,141.48340497698103
2021-09-15,142.77149963378906,144.45050048828125,141.34750366210938,144.42950439453125,27408000,0.013224009601579878,143.09928676060267,141.77483404250373
2021-09-16,143.95050048828125,144.3000030517578,142.40150451660156,143.61000061035156,26190000,-0.005674074612491142,143.00350080217635,142.10571507045202
2021-09-17,143.03050231933594,143.4499969482422,140.47000122070312,140.8000030517578,53384000,-0.019566865445659,142.5905020577567,142.36052449544272
2021-09-20,138.1614990234375,139.0,136.32200622558594,138.71949768066406,46518000,-0.014776316235795561,141.90171595982142,142.50526282900856
2021-09-21,139.74949645996094,140.01150512695312,138.2779998779297,139.0330047607422,25332000,0.0022600073192293735,141.63842991420202,142.58161998930433
2021-09-22,139.3040008544922,140.88699340820312,138.55149841308594,140.2834930419922,25056000,0.008994182952471785,141.34571402413505,142.59314328148253
2021-09-23,140.9875030517578,141.69650268554688,140.40150451660156,141.21600341796875,20952000,0.006647327891225352,141.1559295654297,142.59097653343565
2021-09-24,140.5384979248047,142.33050537109375,140.24099731445312,142.21499633789062,22984000,0.007074218896884421,140.8395712716239,142.59745279947916
2021-09-27,140.80450439453125,141.93850708007812,140.0675048828125,141.07200622558594,21882000,-0.008037057565919659,140.4770006452288,142.57990519205728
2021-09-28,138.65499877929688,139.09649658203125,135.36000061035156,135.8300018310547,45772000,-0.03715836000906403,139.76700047084265,142.19066728864397
2021-09-29,136.97999572753906,137.1510009765625,133.86500549316406,134.35350036621094,30848000,-0.010870216041668157,139.1432865687779,141.70319112141928
2021-09-30,134.26150512695312,135.54249572753906,133.55599975585938,133.67599487304688,37996000,-0.005042708164040177,138.37799944196428,141.17835780552454
2021-10-01,134.44749450683594,136.91050720214844,134.072998046875,136.54299926757812,35360000,0.021447413929883696,137.84364318847656,140.76538158598402
2021-10-04,135.9604949951172,135.9604949951172,131.0500030517578,133.6595001220703,51202000,-0.02111788345777532,136.76414271763392,140.30692908877418
2021-10-05,134.04100036621094,137.22450256347656,134.04100036621094,136.0229949951172,32404000,0.017682954603962298,135.87957109723772,139.9394763764881
2021-10-06,134.75,137.75,134.5500030517578,137.56500244140625,24364000,0.0113363732826528,135.37857055664062,139.61969066801527
2021-10-07,138.89199829101562,140.04200744628906,138.6510009765625,139.22500610351562,25110000,0.012067049268700725,135.8635711669922,139.40702456519716
2021-10-08,139.57699584960938,140.33099365234375,139.21749877929688,139.78550720214844,26526000,0.004025865139600571,136.6395721435547,139.22819155738466
2021-10-11,139.29200744628906,140.71200561523438,138.85899353027344,138.91400146484375,17954000,-0.006234592947066964,137.38785879952567,139.134762718564
2021-10-12,139.47999572753906,139.5070037841797,135.75999450683594,136.44900512695312,36332000,-0.017744765192113987,137.37443106515067,138.85459609258743
2021-10-13,137.40249633789062,138.0,136.5189971923828,137.58200073242188,19654000,0.008303436176867685,137.9347882952009,138.61828685942152
2021-10-14,139.4739990234375,141.33749389648438,138.8249969482422,141.1510009765625,31894000,0.02594089506723951,138.66736057826452,138.46216764904204
2021-10-15,141.614501953125,141.71800231933594,140.7550048828125,141.3679962158203,30274000,0.0015373269601810513,139.2106454031808,138.35540553501673
2021-10-18,141.07650756835938,142.79600524902344,141.0695037841797,142.7779998779297,20396000,0.009973994820983378,139.7182159423828,138.44959586007255
2021-10-19,143.3874969482422,143.66250610351562,142.60000610351562,143.23699951171875,20164000,0.0032147784265186274,140.21128627232142,138.66471499488466
2021-10-20,143.33799743652344,143.54600524902344,141.37649536132812,141.7689971923828,23288000,-0.010248764804765664,140.61914280482702,138.79500034877233
2021-10-21,141.7689971923828,142.156005859375,140.5,141.88600158691406,26292000,0.0008253172191976521,141.39585658482142,138.87131027948288
2021-10-22,139.14999389648438,140.58299255371094,136.05599975585938,137.56649780273438,50588000,-0.030443480934472023,141.39364188058036,138.69752429780505
2021-10-25,137.5500030517578,138.0,135.4239959716797,137.44700622558594,34412000,-0.0008686095746930356,140.86449977329798,138.47047714960007
2021-10-26,139.2635040283203,140.08299255371094,138.30450439453125,139.30850219726562,49236000,0.013543372262503128,140.5702863420759,138.3865007672991
2021-10-27,139.40499877929688,148.64999389648438,139.40499877929688,146.21749877929688,85782000,0.04959493837818929,141.06164332798548,138.88114347912017
2021-10-28,147.13450622558594,147.1580047607422,144.6269989013672,145.8489990234375,36206000,-0.00252021651947143,141.4347861153739,139.42854817708334
2021-10-29,145.0780029296875,148.24200439453125,144.64950561523438,148.04600524902344,43320000,0.015063567390221744,142.33150155203683,140.11283438546317
2021-11-01,148.04600524902344,148.04600524902344,143.22549438476562,143.4969940185547,46924000,-0.030727010991056458,142.56164332798548,140.44397699265252
2021-11-02,144.57949829101562,146.60899353027344,144.3354949951172,145.4324951171875,33482000,0.0134880950773264,143.68535723005022,141.00459580194382
2021-11-03,145.90049743652344,146.66900634765625,144.59100341796875,146.59800720214844,27494000,0.008014110491756155,144.99264308384485,141.50816781180245
2021-11-04,147.12449645996094,149.73350524902344,146.30799865722656,148.2675018310547,38412000,0.011388249136321082,146.27250017438615,142.01781063988096
2021-11-05,149.16949462890625,150.32749938964844,148.19700622558594,148.8520050048828,38354000,0.003942220423287068,146.64885820661272,142.47623915899368
2021-11-08,149.8249969482422,150.61500549316406,148.4304962158203,149.031005859375,23052000,0.0012025424480262004,147.10343061174666,142.916500999814
2021-11-09,149.23300170898438,149.83450317382812,147.2449951171875,148.9185028076172,19530000,-0.0007548969498599734,147.2280731201172,143.39290582566034
2021-11-10,147.5,148.07000732421875,144.53750610351562,145.89349365234375,29970000,-0.020313185388261323,147.5704302106585,143.84264337448846
2021-11-11,146.489501953125,147.53550720214844,145.60049438476562,145.76649475097656,16518000,-0.0008704905077523417,147.61814444405692,144.23238118489584
2021-11-12,146.61549377441406,148.85000610351562,145.41099548339844,148.67799377441406,22360000,0.019973719121197497,147.91528538295202,144.59080941336495
2021-11-15,148.90049743652344,149.54949951171875,147.5749969482422,148.45199584960938,23508000,-0.0015200495989177165,147.94164167131697,144.92814272925966
2021-11-16,148.14950561523438,148.7624969482422,147.3125,147.87600708007812,18904000,-0.003879966491759146,147.80221339634485,145.17090497698103
2021-11-17,148.02749633789062,148.5594940185547,147.24000549316406,148.0469970703125,19594000,0.0011563065138875395,147.66164071219308,145.3999524797712
2021-11-18,148.2415008544922,150.58050537109375,147.88450622558594,149.8385009765625,35608000,0.012100913505183497,147.7930690220424,145.78421456473214
2021-11-19,149.97549438476562,150.9665069580078,148.8990020751953,148.92649841308594,33682000,-0.006086570257528234,148.22635541643416,146.11947631835938
2021-11-22,149.33250427246094,149.82949829101562,146.1475067138672,146.302001953125,30594000,-0.017622763496938032,148.3028564453125,146.53545270647322
2021-11-23,146.1529998779297,146.66000366210938,144.11500549316406,145.78199768066406,27218000,-0.003554320962932178,147.88914271763392,146.93235706147692
2021-11-24,145.47349548339844,146.24949645996094,144.3730010986328,146.1199951171875,18040000,0.002318512860989941,147.55599975585938,147.2567138671875
2021-11-26,144.34849548339844,144.5574951171875,141.84249877929688,142.18299865722656,30470000,-0.026943584666858866,146.74271283830916,147.06459481375558
2021-11-29,144.0,146.29750061035156,143.89349365234375,145.53050231933594,32596000,0.02354362823771572,146.38321358816964,147.04942830403647
2021-11-30,145.0084991455078,146.0,141.60150146484375,141.8975067138672,42068000,-0.024963808600735216,145.24878583635603,146.75664265950522
2021-12-01,144.0,145.95050048828125,140.91200256347656,141.05149841308594,34020000,-0.005962108287689727,144.12378583635603,146.64019048781623
2021-12-02,141.25,143.864501953125,140.21449279785156,142.96600341796875,29194000,0.013573092284889787,143.64721461704798,146.52273850213913
2021-12-03,143.68099975585938,144.39999389648438,140.30099487304688,142.00149536132812,41230000,-0.006746415466485689,143.10714285714286,146.3038569859096
2021-12-06,143.04049682617188,143.8524932861328,140.14999389648438,143.15499877929688,30618000,0.00812317796396167,142.6835719517299,146.0604044596354
2021-12-07,145.59649658203125,147.531005859375,145.2274932861328,147.26950073242188,32240000,0.028741587707100225,143.41021510532923,145.98504711332777
2021-12-08,147.59649658203125,148.39300537109375,146.406005859375,148.18649291992188,24270000,0.006226626578751837,143.78964233398438,145.94483221144904
2021-12-09,147.59100341796875,149.10000610351562,147.11500549316406,147.6385040283203,23270000,-0.0036979678836025487,144.60978480747767,145.88387988862536
2021-12-10,148.6999969482422,148.9774932861328,146.70399475097656,148.00149536132812,24458000,0.0024586494925347147,145.60264151436942,145.98426092238654
2021-12-13,147.781494140625,147.97000122070312,145.5175018310547,145.82650756835938,27070000,-0.014695714983546493,146.01128496442522,145.98711867559524
2021-12-14,143.96800231933594,144.47999572753906,141.21499633789062,143.90699768066406,38446000,-0.013162969611649644,146.28349958147322,145.75992838541666
2021-12-15,143.40899658203125,146.7209930419922,141.67799377441406,146.4409942626953,36370000,0.017608570972026616,146.75292750767298,145.66416640508743
2021-12-16,147.17050170898438,147.677001953125,143.60699462890625,144.44500732421875,33650000,-0.013629973959996655,146.34942844935827,145.5007854643322
2021-12-17,142.5,143.83450317382812,141.3000030517578,141.72500610351562,50416000,-0.01883070430117295,145.42635890415735,145.19973827543714
2021-12-20,140.0,141.77450561523438,139.3209991455078,141.60699462890625,27192000,-0.0008326792699037133,144.56471470424108,144.80776178269159
2021-12-21,142.05349731445312,143.86900329589844,140.50250244140625,143.47250366210938,28756000,0.013173848072207672,143.91771589006697,144.5480477469308
2021-12-22,143.0675048828125,146.5,143.0675048828125,146.4149932861328,26322000,0.02050908396324691,144.0017852783203,144.55342828659784
2021-12-23,146.5,148.24349975585938,146.45199584960938,146.91650390625,26384000,0.003425268197343012,144.4317147391183,144.60745239257812
2021-12-27,147.25599670410156,148.343994140625,147.16949462890625,147.906494140625,15976000,0.006738454891403789,144.64107186453683,144.6925237746466
2021-12-28,148.23599243164062,148.2989959716797,146.05450439453125,146.68699645996094,18200000,-0.008245058391449622,144.96135602678572,144.90699986049108
2021-12-29,146.64450073242188,147.41700744628906,145.6475067138672,146.65499877929688,17788000,-0.00021813576824303293,145.66564069475447,144.9605473109654
2021-12-30,146.69400024414062,147.3000030517578,145.9945068359375,146.20050048828125,15688000,-0.0030990985291923234,146.32185581752233,145.1654517764137
2021-12-31,146.0500030517578,146.69850158691406,144.8520050048828,144.8520050048828,18136000,-0.009223603742085196,146.51892743791853,145.34642828078498
2022-01-03,145.05499267578125,145.8509979248047,143.71299743652344,144.9915008544922,28646000,0.0009630232567694463,146.31557137625558,145.44288053966704
2022-01-04,145.39599609375,146.48500061035156,143.7165069580078,144.39950561523438,28400000,-0.00408296511015438,145.95600019182478,145.55707150413878
2022-01-05,144.4199981689453,144.49949645996094,137.68800354003906,137.77499389648438,54618000,-0.04587627700334107,144.5086430140904,145.30088079543341
2022-01-06,136.99850463867188,139.94000244140625,136.55850219726562,137.74749755859375,37348000,-0.00019957422688243742,143.2315717424665,144.84745207287017
2022-01-07,138.14549255371094,138.44850158691406,135.76649475097656,137.01699829101562,29760000,-0.005303176322803194,141.8547145298549,144.31557137625558
2022-01-10,135.0780029296875,138.8195037841797,133.1645050048828,138.66949462890625,44408000,0.012060520654384899,140.7788565499442,143.8884756905692
2022-01-11,138.0070037841797,140.21600341796875,136.6925048828125,139.73599243164062,28730000,0.007690933074995465,140.0479976109096,143.49488031296502
2022-01-12,141.14999389648438,142.60800170898438,140.6945037841797,141.4304962158203,26108000,0.012126466164461114,139.5392826625279,143.2855464390346
2022-01-13,141.5399932861328,142.85000610351562,138.40899658203125,138.58700561523438,31436000,-0.020105215470974658,138.70892551967077,143.03221348353796
2022-01-14,137.07899475097656,140.74200439453125,136.99850463867188,139.48049926757812,29662000,0.006447167599712866,138.95256914411272,142.70076134091332
2022-01-18,136.1750030517578,137.13150024414062,135.43850708007812,135.9980010986328,34872000,-0.024967634810831307,138.702641078404,142.29852294921875
2022-01-19,136.52349853515625,137.95950317382812,135.0155029296875,135.1165008544922,28648000,-0.006481714709184017,138.43114144461495,141.98383222307478
2022-01-20,136.25,137.62600708007812,132.96449279785156,133.3074951171875,29908000,-0.013388488643980012,137.66514151436942,141.58861796061197
2022-01-21,132.593505859375,134.86549377441406,130.0865020751953,130.35150146484375,55652000,-0.02217424946545732,136.32449994768416,140.96380833217077
2022-01-24,125.97799682617188,131.2030029296875,124.5,130.8040008544922,76622000,0.0034713784234428058,134.80642918178015,140.22042774018786
2022-01-25,128.74000549316406,129.3990020751953,126.50050354003906,126.93499755859376,46960000,-0.029578631162836877,133.14185660226005,139.26892743791853
2022-01-26,131.11900329589844,133.0,127.14199829101562,129.23300170898438,49130000,0.018103786934961175,131.6779283796038,138.3797135126023
2022-01-27,131.3040008544922,132.65249633789062,128.9324951171875,129.0050048828125,31950000,-0.0017642306775887961,130.6789289202009,137.53771391369048
2022-01-28,129.65899658203125,133.35650634765625,128.48500061035156,133.3509979248047,34362000,0.033688561509222614,130.42671421595983,136.90419006347656
2022-01-31,134.16200256347656,135.47300720214844,132.20950317382812,135.30349731445312,39986000,0.014641805611004477,130.71185738699776,136.38528515043714
2022-02-01,137.59449768066406,137.79299926757812,134.36849975585938,137.6439971923828,68644000,0.017298147678254328,131.75364249093192,136.04204668317522
2022-02-02,151.25,151.54649353027344,145.5225067138672,148.0,123200000,0.07523759131422758,134.21021379743303,136.18530854724702
2022-02-03,145.70550537109375,149.6750030517578,142.66549682617188,143.08999633789062,71518000,-0.033175700419657894,136.518070765904,136.1229509626116
2022-02-04,143.4445037841797,144.875,140.51499938964844,143.29299926757812,57998000,0.0014187080500591698,138.52664184570312,136.38571312313988
2022-02-07,144.25,144.25,138.89999389648438,139.2010040283203,54974000,-0.028556839902671216,139.98321315220423,136.4549277169364
2022-02-08,139.02650451660156,140.0,137.01400756835938,139.3990020751953,54284000,0.0014223895025549105,140.8472137451172,136.568356468564
2022-02-09,140.9635009765625,142.52450561523438,140.18699645996094,141.5919952392578,40144000,0.015731770898040898,141.74557059151786,136.70752316429503
2022-02-10,139.70350646972656,141.4844970703125,137.95700073242188,138.6199951171875,39330000,-0.020989888002131196,141.88499886648995,136.65438043503534
2022-02-11,138.60000610351562,139.156494140625,133.39999389648438,134.28250122070312,39958000,-0.031290535631728456,139.92535618373327,136.31399972098214
2022-02-14,133.25650024414062,136.3000030517578,133.25650024414062,135.5260009765625,34302000,0.009260326137473296,138.84478541782923,136.1682375953311
2022-02-15,137.57049560546875,138.10850524902344,135.82150268554688,136.60850524902344,26680000,0.007987428719660628,137.88985770089286,136.03147597539993
2022-02-16,136.64649963378906,138.08599853515625,134.9239959716797,137.73800659179688,25022000,0.008268162664648582,137.6808580671038,136.1143333798363
2022-02-17,136.2429962158203,137.11349487304688,132.47850036621094,132.53900146484375,38950000,-0.03774561034820989,136.70085797991072,135.99159531366257
2022-02-18,133.4669952392578,134.07000732421875,130.19650268554688,130.4029998779297,45620000,-0.016116022931413454,135.10243007114954,135.85328601655505
2022-02-22,129.83799743652344,132.1804962158203,128.22349548339844,129.81350708007812,44990000,-0.004520546294206285,133.8443603515625,135.82766723632812
2022-02-23,131.64849853515625,132.05099487304688,127.52749633789062,127.58799743652344,32786000,-0.017143898917867162,132.88800266810827,135.67452421642486
2022-02-24,124.95349884033205,133.0,124.95349884033205,132.6909942626953,54456000,0.039995900309593546,132.48300170898438,135.94861929757255
2022-02-25,133.552001953125,135.27149963378906,131.75149536132812,134.45950317382812,36406000,0.01332802516824616,132.1760014125279,136.19750031970796
2022-02-28,133.0500030517578,135.75149536132812,132.59249877929688,135.0570068359375,38864000,0.00444374438403905,131.79300144740515,136.4856908889044
2022-03-01,134.8784942626953,136.2554931640625,133.218505859375,134.06149291992188,26496000,-0.007371064555169227,132.01050022670202,136.51952398390998
2022-03-02,134.6280059814453,135.2624969482422,133.07150268554688,134.57150268554688,23520000,0.0038042972259726415,132.60600062779017,136.4846670968192
2022-03-03,136.00999450683594,136.4394989013672,133.02549743652344,133.89950561523438,24604000,-0.004993606052558941,133.18971470424108,136.30635797409784
2022-03-04,132.92750549316406,133.85150146484375,130.33749389648438,131.906494140625,30430000,-0.014884382623012615,133.80664280482702,135.54000055222284
2022-03-07,131.48800659179688,131.73500061035156,126.29499816894533,126.37850189208984,45112000,-0.041908416143952576,132.9048581804548,134.7442151024228
2022-03-08,126.25,131.25,125.67449951171876,127.10449981689452,40428000,0.0057446315151337135,131.85414341517858,133.97333417619978
2022-03-09,131.25,133.73550415039062,129.90049743652344,133.4199981689453,37026000,0.049687448997862704,131.6202850341797,133.6980481828962
2022-03-10,131.26600646972656,133.27200317382812,130.91250610351562,132.42950439453125,27102000,-0.007423877889428776,131.38714381626673,133.36616734095983
2022-03-11,133.48849487304688,133.79550170898438,129.63150024414062,129.87049865722656,31526000,-0.01932353178398183,130.715571812221,132.80800083705358
2022-03-14,130.25,130.40899658203125,125.2750015258789,125.95099639892578,38812000,-0.03018008168772579,129.58007049560547,132.20471518380302
2022-03-15,126.97599792480467,129.85450744628906,125.72049713134766,129.197998046875,30920000,0.02577988059471137,129.1931424822126,131.9625959850493
2022-03-16,130.73300170898438,133.33299255371094,128.7344970703125,133.28050231933594,35576000,0.03159881990570579,130.17914254324776,131.85566747756232
2022-03-17,133.1490020751953,134.08050537109375,132.18499755859375,133.83900451660156,28264000,0.004190426863244223,131.14121464320593,131.72378649030412
2022-03-18,133.42449951171875,136.24400329589844,132.2584991455078,136.12550354003906,44566000,0.017083951212098825,131.527715410505,131.64700063069662
2022-03-21,136.1634979248047,137.0500030517578,134.09249877929688,136.10150146484375,26832000,-0.00017632313248527876,132.05228642054968,131.81664348783949
2022-03-22,136.10150146484375,141.0500030517578,136.10150146484375,139.8679962158203,35496000,0.027674160170447992,133.48050035749162,132.2673575991676
2022-03-23,138.70249938964844,139.5885009765625,137.8350067138672,138.27549743652344,25154000,-0.011385726702194288,135.24114336286272,132.6703095209031
2022-03-24,139.1999969482422,141.61900329589844,137.75050354003906,141.57200622558594,26396000,0.02384015136576023,137.00885881696428,133.33621470133463
2022-03-25,141.91600036621094,142.03500366210938,139.7375030517578,141.67300415039062,24126000,0.000713403217891484,138.2077876499721,133.76392945789155
2022-03-28,140.90049743652344,142.00250244140625,139.81149291992188,141.45550537109375,35050000,-0.0015352168227193985,139.29585920061385,134.09707241966612
2022-03-29,142.6475067138672,143.7935028076172,142.0384979248047,142.5054931640625,34318000,0.0074227425098387645,140.20728628976005,134.45176224481492
2022-03-30,142.4600067138672,142.7205047607422,141.60000610351562,141.93850708007812,19884000,-0.00397869633931669,141.04114423479353,134.8268581572033
2022-03-31,142.05299377441406,142.10800170898438,139.02450561523438,139.0675048828125,37524000,-0.02022708464621148,140.92678833007812,135.04095349993025
2022-04-01,139.5,140.4709930419922,138.3074951171875,140.15049743652344,25942000,0.007787531347625221,141.19464547293526,135.33861977713448
2022-04-04,140.35850524902344,143.71200561523438,140.3105010986328,142.97149658203125,25942000,0.02012835628204246,141.39457266671317,135.8655246552967
2022-04-05,142.86900329589844,142.99049377441406,140.38250732421875,140.59100341796875,21418000,-0.01665012412244471,141.24000113351005,136.5423104422433
2022-04-06,138.75,139.36050415039062,135.51699829101562,136.54800415039062,32468000,-0.02875716915938442,140.53892953055245,136.99200112479073
2022-04-07,136.00999450683594,137.1645050048828,134.2274932861328,135.8885040283203,26234000,-0.0048298041862548935,139.59364536830358,137.1095490228562
2022-04-08,135.58349609375,135.6699981689453,132.9654998779297,133.28750610351562,25142000,-0.01914067671436448,138.3577880859375,137.15040624709357
2022-04-11,131.82350158691406,132.09249877929688,128.6685028076172,128.82350158691406,36884000,-0.033491545060004846,136.8943590436663,137.10054924374535
2022-04-12,131.60000610351562,131.60000610351562,126.78900146484376,127.7145004272461,32710000,-0.008608686660482978,135.11778804234095,137.1845256260463
2022-04-13,128.0,130.33399963378906,127.74099731445312,129.8939971923828,27928000,0.01706538222242271,133.24957384381975,137.21766844249908
2022-04-14,130.47950744628906,130.47950744628906,126.60099792480467,126.7300033569336,31598000,-0.024358276008421775,131.2694309779576,136.9057399204799
2022-04-18,127.0,128.21249389648438,126.18199920654295,127.67649841308594,20808000,0.007468594895295277,130.00207301548548,136.61228724888392
2022-04-19,127.69149780273438,130.33299255371094,126.99949645996094,130.00900268554688,26490000,0.01826886154814744,129.16214425223214,136.32102530343192
2022-04-20,130.89199829101562,131.3990020751953,127.5,128.0399932861328,31696000,-0.015145177324192738,128.4124995640346,135.93714396158853
2022-04-21,129.25,130.09849548339844,124.52649688720705,124.8144989013672,36446000,-0.02519130391984281,127.83978489467076,135.2203107561384
2022-04-22,125.0,125.4020004272461,118.9250030517578,119.635498046875,56884000,-0.04149358367880662,126.68564169747489,134.3326917375837
2022-04-25,119.10099792480467,123.27749633789062,118.51100158691406,123.0739974975586,46128000,0.02874146475602357,125.71135602678571,133.4518341791062
2022-04-26,122.29450225830078,122.51000213623048,118.51100158691406,118.6500015258789,73054000,-0.035945821714025716,124.55707005092076,132.35550072079613
2022-04-27,114.46949768066406,117.24199676513672,112.73650360107422,114.29450225830078,91820000,-0.036708800771723005,122.64535631452289,131.06211962018693
2022-04-28,116.41500091552734,119.64949798583984,114.11499786376952,118.52249908447266,48884000,0.036992127728215474,121.00442722865513,129.9200722830636
2022-04-29,116.7344970703125,117.91999816894533,113.8144989013672,114.1094970703125,42676000,-0.03723345397075151,119.0143563406808,128.59488133021765
2022-05-02,113.40499877929688,116.74549865722656,112.5999984741211,116.58300018310548,35534000,0.021676575362249206,117.8384279523577,127.52419063023159
2022-05-03,116.43049621582033,118.44200134277344,116.03450012207033,117.33399963378906,24968000,0.00644175779919931,117.50964246477399,126.43769073486328
2022-05-04,117.03150177001952,122.85449981689452,115.11599731445312,122.26100158691406,49916000,0.04199125546305971,117.39350019182477,125.45147668747674
2022-05-05,120.2040023803711,121.03900146484376,115.00550079345705,116.50550079345705,45840000,-0.04707552464606213,117.08714294433594,124.30454799107143
2022-05-06,115.18450164794922,117.57150268554688,114.0155029296875,115.74649810791016,39710000,-0.0065147369040751135,117.29457092285156,123.31400008428665
2022-05-09,113.25,115.0770034790039,112.00050354003906,112.51100158691406,40802000,-0.027953299442196933,116.43578556605748,122.20078568231492
2022-05-10,115.50749969482422,116.25,112.90049743652344,114.3949966430664,39900000,0.016744985197709505,116.47657121930804,121.30114237467448
2022-05-11,113.23650360107422,116.364501953125,113.23650360107422,113.60250091552734,37534000,-0.006927713193714213,116.05078560965401,120.57633281889416
2022-05-12,111.37750244140624,114.29499816894533,109.82450103759766,112.84400177001952,53836000,-0.006676782107744583,115.40935734340123,119.86821383521671
2022-05-13,114.53299713134766,117.875,113.6050033569336,116.05049896240234,35038000,0.02841530911778367,114.5221426827567,119.20899963378906
2022-05-16,114.95549774169922,116.16999816894533,113.8895034790039,114.44499969482422,25990000,-0.013834488278230195,114.227785382952,118.6239994594029
2022-05-17,116.84049987792967,116.9000015258789,114.87000274658205,116.4729995727539,23054000,0.017720301309253284,114.33157130650112,118.09049951462518
2022-05-18,115.0,115.4000015258789,111.55549621582033,111.89949798583984,35126000,-0.03926662491470623,114.2442136492048,117.22814214797248
2022-05-19,111.43150329589844,113.01000213623048,110.0,110.38400268554688,34144000,-0.013543361029955125,113.6712145124163,116.3873806908017
2022-05-20,111.95099639892578,112.18350219726562,105.79650115966795,108.90799713134766,48962000,-0.013371553108143308,113.00057111467633,115.62992822556268
2022-05-23,109.5875015258789,112.14749908447266,108.74099731445312,111.48799896240234,37184000,0.02368973720031864,112.80685642787388,115.24195207868304
2022-05-24,105.77200317382812,106.45850372314452,101.8844985961914,105.97000122070312,76780000,-0.04949409616330169,111.36678532191685,114.42747606549945
2022-05-25,104.9854965209961,106.5,103.85649871826172,105.80500030517578,40258000,-0.0015570530681008332,110.13249969482422,113.81580934070405
2022-05-26,105.677001953125,108.64949798583984,105.2249984741211,107.7925033569336,37948000,0.018784585284487676,108.89242880684989,113.50619034540085
2022-05-27,109.48300170898438,112.31800079345705,109.13849639892578,112.31649780273438,37914000,0.04196947194760359,108.95200020926339,113.21066647484189
2022-05-31,112.74649810791016,115.73500061035156,112.07849884033205,113.76200103759766,50012000,0.012869910148036068,109.43457140241351,113.19411904471261
2022-06-01,114.8550033569336,117.10150146484376,113.25,113.89199829101562,36606000,0.001142712436773996,110.14657156808036,113.06597609747024
2022-06-02,114.0,117.89949798583984,112.94650268554688,117.62249755859376,37992000,0.03275470905380029,111.02292851039341,113.0797140938895
2022-06-03,116.0625,116.32150268554688,113.51850128173828,114.54100036621094,26136000,-0.026198195552239234,112.24735695975167,112.71209498814174
2022-06-06,116.70449829101562,119.34700012207033,116.16400146484376,116.82050323486328,33542000,0.019901195740951394,113.82100023542132,112.72709510439918
2022-06-07,115.48049926757812,117.69100189208984,115.052001953125,117.14949798583984,31590000,0.0028162415146861797,115.15771375383649,112.79390462239583
2022-06-08,116.7614974975586,118.57050323486328,116.5999984741211,117.19400024414062,26108000,0.0003798757917525819,115.85449981689453,113.01690455845424
2022-06-09,116.32749938964844,118.29900360107422,114.7760009765625,114.83550262451172,25798000,-0.02012473006054616,116.00785718645368,113.03788103376117
2022-06-10,112.44499969482422,113.27899932861328,110.36599731445312,111.1614990234375,41452000,-0.031993621459449284,115.61778586251395,112.92164284842355
2022-06-13,106.7864990234375,108.79149627685548,106.11900329589844,106.39250183105467,47252000,-0.042901519269520794,114.0135007585798,112.6144285656157
2022-06-14,106.53500366210938,107.92449951171876,105.8000030517578,106.71549987792967,33706000,0.00303590987443747,112.89557211739677,112.16990479968842
2022-06-15,108.54499816894533,111.42350006103516,107.66950225830078,109.7645034790039,39698000,0.028571328481447722,111.88757215227399,111.94702402750652
2022-06-16,107.22100067138672,108.64849853515624,105.13800048828124,106.03350067138672,51684000,-0.033990977860441585,110.29957253592355,111.4499050322033
2022-06-17,106.03350067138672,108.69950103759766,105.0459976196289,107.14350128173828,51376000,0.010468395396956875,108.86378696986607,111.22342899867466
2022-06-21,108.92949676513672,112.489501953125,108.5999984741211,111.54399871826172,47416000,0.04107106248984849,108.39357212611607,111.27866690499442
2022-06-22,110.55650329589844,113.34649658203124,110.38249969482422,111.4875030517578,30774000,-0.0005064877281889535,108.44014413016183,111.40150052025204
2022-06-23,112.23149871826172,112.74250030517578,110.50050354003906,112.24199676513672,28362000,0.006767518266407313,109.27578626360211,111.43740517752511
2022-06-24,112.99500274658205,118.0790023803711,112.95249938964844,117.9749984741211,41164000,0.05107715359858145,110.88428606305804,112.00907171340216
2022-06-27,118.27300262451172,118.57949829101562,115.17949676513672,115.83350372314452,36420000,-0.018152106621525665,111.75128609793526,112.48661949521019
2022-06-28,115.80249786376952,117.30950164794922,111.8479995727539,112.00749969482422,35792000,-0.0330302020170683,112.60471452985492,112.68733360653832
2022-06-29,111.552001953125,113.1604995727539,110.87249755859376,111.70149993896484,24716000,-0.002731957741161084,113.255857195173,112.65804799397786
2022-06-30,110.0,110.88800048828124,106.75,108.96299743652344,43170000,-0.02451625541230651,112.88714272635323,112.42952401297433
2022-07-01,107.93299865722656,109.25,106.73049926757812,108.7375030517578,35476000,-0.002069458348895048,112.4942855834961,112.18407185872395
2022-07-05,107.10050201416016,113.3769989013672,105.73149871826172,113.26300048828124,39342000,0.04161855210496568,112.64014325823102,111.97647676013764
2022-07-06,113.302001953125,115.5895004272461,111.47599792480467,114.5719985961914,37432000,0.011557155490027782,112.15400041852679,111.9779528663272
2022-07-07,115.08000183105467,119.1894989013672,114.83350372314452,118.78299713134766,40936000,0.036754168442133084,112.57535661969867,112.07140495663597
2022-07-08,117.25,119.68499755859376,116.90149688720705,119.35350036621094,38238000,0.004802903181778007,113.62478528703961,112.17635745093936
2022-07-11,117.9980010986328,117.9980010986328,115.33049774169922,115.67649841308594,31196000,-0.030807659112157548,114.19264221191406,112.10409545898438
2022-07-12,116.21499633789062,116.9739990234375,113.69000244140624,114.02050018310548,29960000,-0.014315770728699051,114.91514260428292,112.06528581891742
2022-07-13,111.70099639892578,114.1959991455078,111.20149993896484,111.35350036621094,43722000,-0.02339052900672789,115.28885650634766,112.07442874000186
2022-07-14,110.21050262451172,111.09300231933594,108.3730010986328,110.36750030517578,37004000,-0.008854684026927573,114.87521362304688,112.26371438162667
2022-07-15,112.00050354003906,113.1405029296875,110.9000015258789,111.77749633789062,46770000,0.012775464052516172,114.4759990147182,112.50476183210101
2022-07-18,112.63999938964844,113.68000030517578,108.37000274658205,109.02999877929688,43164600,-0.024580059928059006,113.0827135358538,112.46978541782924
2022-07-19,110.8499984741211,114.0199966430664,109.55999755859376,113.80999755859376,36530900,0.043841133933907095,112.29078456333706,112.84009479341053
2022-07-20,113.16999816894533,115.4000015258789,112.4800033569336,113.9000015258789,35600400,0.0007908265461371577,112.03699929373605,113.16183290027436
2022-07-21,114.27999877929688,114.5500030517578,111.11000061035156,114.33999633789062,32676200,0.003862992152039224,112.0826416015625,113.29497564406623
2022-07-22,111.0,112.33999633789062,106.5,107.9000015258789,48901200,-0.05632320288852066,111.58928462437221,113.12414223807198
2022-07-25,108.41000366210938,109.87000274658205,106.3000030517578,107.51000213623048,34690900,-0.0036144521235700333,111.18107060023716,112.89880916050502
2022-07-26,106.5999984741211,107.1999969482422,104.06999969482422,105.0199966430664,47991000,-0.023160686854129975,110.21571350097656,112.28190431140717
2022-07-27,109.26000213623048,113.91000366210938,108.01000213623048,113.05999755859376,59858500,0.07655685747975283,110.79142761230469,112.14983258928571
2022-07-28,112.37000274658205,114.33999633789062,111.45999908447266,114.22000122070312,32816600,0.010260071529792691,110.8499995640346,112.25518980480376
2022-07-29,113.08000183105467,116.70999908447266,113.05999755859376,116.31999969482422,37223400,0.01838555814811582,111.19571358816964,112.47511836460659
2022-08-01,115.3000030517578,116.72000122070312,114.33999633789062,114.86000061035156,26034300,-0.01255157400535667,111.26999991280692,112.75592803955078
2022-08-02,114.0,116.3499984741211,113.72000122070312,115.12999725341795,20236000,0.00235065855503791,112.3028564453125,113.06033252534412
2022-08-03,115.70999908447266,118.62000274658205,115.4800033569336,118.08000183105467,28499000,0.02562324891872736,113.81285640171596,113.28971354166667
2022-08-04,117.4800033569336,118.77999877929688,116.88999938964844,118.19000244140624,21602900,0.0009315769702387122,115.6942858014788,113.46199943905785
2022-08-05,116.2300033569336,118.11000061035156,116.0,117.47000122070312,19159500,-0.006091896148830878,116.32428632463727,113.39947582426525
2022-08-08,118.38999938964844,120.1500015258789,116.87999725341795,117.3000030517578,19138300,-0.0014471624004321892,116.76428658621651,113.30169023786273
2022-08-09,117.13999938964844,117.31999969482422,115.70999908447266,116.62999725341795,19086500,-0.005711899240481766,116.80857195172992,113.3470949445452
2022-08-10,118.77999877929688,120.91999816894533,118.41000366210938,119.6999969482422,30930400,0.026322556521660934,117.5,113.61754717145648
2022-08-11,121.27999877929688,121.48999786376952,118.55999755859376,118.83999633789062,24293700,-0.0071846335194430955,118.02999986921039,113.9740469796317
2022-08-12,120.26000213623048,121.68000030517578,119.45999908447266,121.68000030517578,19096300,0.023897711669481625,118.54428536551339,114.51273745582218
2022-08-15,121.12999725341795,122.3000030517578,120.61000061035156,122.08000183105467,19494800,0.003287323511470097,119.0999995640346,115.00333295549665
2022-08-16,121.5199966430664,122.43000030517578,120.63999938964844,121.6999969482422,19041200,-0.003112752925236273,119.70428466796875,115.6066662016369
2022-08-17,120.12000274658205,121.29000091552734,119.37999725341795,119.5500030517578,22847000,-0.017666343059965506,120.02571323939732,115.87999979654948
2022-08-18,119.43000030517578,120.81999969482422,118.72000122070312,120.16999816894533,17987700,0.005186073620751852,120.53142765590123,116.17857106526692
2022-08-19,119.05999755859376,119.1500015258789,116.76000213623048,117.20999908447266,21809500,-0.024631764413537316,120.17571367536273,116.31523786272321
2022-08-22,115.1999969482422,115.62999725341795,113.8499984741211,114.23999786376952,21456600,-0.025339145498693094,119.51857103620257,116.61714245024181
2022-08-23,113.4800033569336,115.01000213623048,113.43000030517578,113.86000061035156,15870400,-0.0033263065522033397,118.40142822265625,116.91952332996186
2022-08-24,113.5,114.77999877929688,112.87000274658205,113.69000244140624,17734600,-0.0014930455650276064,117.20285688127788,117.33238074893043
2022-08-25,114.23999786376952,116.72000122070312,114.11000061035156,116.6500015258789,16956800,0.026035702532403393,116.48142896379741,117.50333331880115
2022-08-26,114.72000122070312,115.12000274658205,110.19000244140624,110.33999633789062,37245700,-0.054093485687511156,115.16571371895927,117.31857118152436
2022-08-29,109.98999786376952,110.9499969482422,108.8000030517578,109.41999816894533,21191200,-0.008337848463652486,113.62999943324498,116.98999968029204
2022-08-30,110.16999816894533,110.5,107.8000030517578,108.94000244140624,27513300,-0.0043867276144345935,112.44857134137833,116.70809500558036
2022-08-31,110.6500015258789,110.8499984741211,108.12999725341795,108.22000122070312,28627000,-0.006609153704493109,111.58857182094029,116.37904757545108
2022-09-01,108.27999877929688,110.4499969482422,107.36000061035156,109.73999786376952,28360900,0.014045431767890415,111.0,115.98190452938988
2022-09-02,110.58999633789062,110.73999786376952,107.26000213623048,107.8499984741211,24160700,-0.017222520743937486,110.16571371895927,115.48952338809059
2022-09-06,107.3000030517578,108.02999877929688,105.77999877929688,106.80999755859376,25068300,-0.009643031342062347,108.75999886648995,114.98190416608539
2022-09-07,107.05999755859376,109.9800033569336,106.9000015258789,109.4499969482422,23167000,0.024716781668309595,108.63285609654018,114.60809435163226
2022-09-08,108.04000091552734,109.5999984741211,107.16000366210938,108.37999725341795,24238300,-0.009776150979065257,108.48428453717914,114.21523720877511
2022-09-09,109.06999969482422,110.98999786376952,109.0199966430664,110.6500015258789,23197700,0.02094486372013038,108.72857012067523,113.78428504580543
2022-09-12,110.98999786376952,111.62000274658205,109.93000030517578,110.86000061035156,22966800,0.0018978678859171705,109.105712890625,113.40428524925595
2022-09-13,107.8000030517578,108.3000030517578,104.08999633789062,104.31999969482422,38172900,-0.0589933328479223,108.33142743791852,112.57761855352493
2022-09-14,104.56999969482422,105.27999877929688,103.66000366210938,105.0,26395100,0.006518407852425634,107.92428479875836,111.76428513299851
2022-09-15,104.02999877929688,105.2699966430664,102.3499984741211,102.91000366210938,34188300,-0.019904727027529767,107.36714281354632,110.86952354794457
2022-09-16,102.06999969482422,103.12999725341795,100.94000244140624,102.8000030517578,42797200,-0.001068901043991266,106.41714368547711,110.07190450032552
2022-09-19,101.75,103.33000183105467,101.5500030517578,103.06999969482422,23036800,0.002626426411003857,105.65857260567802,109.25761885870071
2022-09-20,102.08000183105467,102.37000274658205,100.5199966430664,101.13999938964844,26517100,-0.018725141271856427,104.3000008719308,108.4923807779948
2022-09-21,101.66999816894533,102.87999725341795,99.2699966430664,99.27999877929688,31487300,-0.018390356155587706,102.64571489606585,107.77999986921039
2022-09-22,98.81999969482422,101.23999786376952,98.79000091552734,100.13999938964844,34298600,0.00866237531150027,102.04857199532645,107.12666647774833
2022-09-23,99.62999725341795,99.66000366210938,97.47000122070312,98.73999786376952,31625400,-0.013980442724304987,101.15428597586495,106.41476149786087
2022-09-26,98.0999984741211,99.87999725341795,97.8000030517578,98.16999816894533,27072700,-0.0057727335138351155,100.47714233398438,105.53476133800689
2022-09-27,99.43000030517578,100.0,96.87000274658205,97.5,30072800,-0.006824877064704582,99.71999904087612,104.92333294096447
2022-09-28,97.6500015258789,100.6999969482422,97.11000061035156,100.0500030517578,32466300,0.026153877453926055,99.28857094900948,104.47714269728888
2022-09-29,98.63999938964844,98.63999938964844,95.95999908447266,97.41999816894533,31047200,-0.026286904573625258,98.75714220319476,103.92857106526692
2022-09-30,97.0500030517578,98.9000015258789,95.55999755859376,95.6500015258789,32941500,-0.018168719732440386,98.23857116699219,103.32999965122768
2022-10-03,96.76000213623048,99.29000091552734,96.5199966430664,98.63999938964844,27982000,0.03125977852661688,98.02428545270648,102.80142829531715
2022-10-04,100.44000244140624,101.83999633789062,100.37999725341795,101.63999938964844,28850800,0.030413625492325735,98.43857138497489,102.5057140531994
2022-10-05,99.83000183105467,101.93000030517578,98.8000030517578,101.43000030517578,22176900,-0.0020661067073367567,98.90428597586495,102.24952370779855
2022-10-06,100.68000030517578,102.93000030517578,100.58999633789062,101.41999816894533,22324000,-9.861122153564938e-05,99.46428571428571,101.86714281354632
2022-10-07,99.8499984741211,100.52999877929688,98.3000030517578,98.68000030517578,27502800,-0.027016347004909846,99.26857103620257,101.40523819696335
2022-10-10,99.0,99.0999984741211,97.01000213623048,97.86000061035156,18225100,-0.00830968476173799,99.33142852783203,100.7961905343192
2022-10-11,97.43000030517578,99.25,96.30999755859376,97.18000030517578,26507100,-0.006948705302826763,99.5499997820173,100.14476194835845
2022-10-12,97.3000030517578,98.75,96.73999786376952,97.55999755859376,21876400,0.003910241327687469,99.39571380615234,99.82285708472843
2022-10-13,95.1500015258789,99.77999877929688,94.37999725341795,99.05999755859376,34574500,0.015375154136295643,99.02714211600168,99.53999982561383
2022-10-14,99.98999786376952,100.69000244140624,96.37000274658205,96.55999755859376,25410700,-0.025237230583629477,98.33142743791855,99.23761858258929
2022-10-17,98.86000061035156,100.93000030517578,98.83000183105467,99.97000122070312,28419200,0.035314868976049185,98.12428501674108,99.1028565906343
2022-10-18,103.12999725341795,103.47000122070312,99.97000122070312,100.7699966430664,24060700,0.008002354832397529,98.42285592215403,98.99333263578869
2022-10-19,100.01000213623048,101.0199966430664,98.91999816894533,99.62999725341795,23811100,-0.011312885061278699,98.67571258544923,98.92142777215867
2022-10-20,100.0,102.31999969482422,99.38999938964844,99.97000122070312,25323200,0.0034126666331260047,99.07428414481028,98.95428503127326
2022-10-21,97.8499984741211,101.30999755859376,97.72000122070312,101.12999725341795,32458700,0.011603441217870047,99.58428410121373,99.00142778669085
2022-10-24,101.8000030517578,102.75,99.9800033569336,102.5199966430664,27176400,0.013744679396809456,100.07856968470982,99.18142772856213
2022-10-25,102.9000015258789,104.81999969482422,102.72000122070312,104.4800033569336,40611400,0.019118286949336705,101.20999908447266,99.48190416608539
2022-10-26,96.43000030517578,98.30999755859376,94.69000244140624,94.93000030517578,88114100,-0.0914050798709517,100.48999895368304,99.35952322823661
2022-10-27,94.5199966430664,95.43000030517578,91.8000030517578,92.22000122070312,60710900,-0.02854734094343936,99.26857103620257,98.98666599818638
2022-10-28,92.2699966430664,96.5500030517578,92.12999725341795,96.29000091552734,43697300,0.0441335896871633,98.7914287022182,98.93285660516648
2022-10-31,95.41999816894533,96.02999877929688,93.9800033569336,94.51000213623048,31675000,-0.01848581121998749,98.01142883300781,98.87857091994513
2022-11-01,95.4499969482422,96.02999877929688,90.37000274658205,90.47000122070312,47161400,-0.04274680800137898,96.4885722569057,98.48952338809059
2022-11-02,90.94000244140624,91.18000030517578,86.87999725341797,86.97000122070312,57038300,-0.03868685699983232,94.26714433942523,97.79095204671223
2022-11-03,86.31999969482422,86.5199966430664,83.33999633789062,83.43000030517578,61288000,-0.040703700883525484,91.26000104631696,96.93380918956939
2022-11-04,85.4000015258789,86.63999938964844,83.70999908447266,86.58000183105469,51124900,0.03775622095597053,90.06714412144252,96.22714269728888
2022-11-07,87.27999877929688,88.9000015258789,86.8499984741211,88.48999786376953,34078900,0.022060475771782162,89.53428649902344,95.74190448579334
2022-11-08,88.9000015258789,90.31999969482422,87.58999633789062,88.9000015258789,30429000,0.004633333393685657,88.47857230050224,95.31523786272321
2022-11-09,88.44999694824219,89.44000244140625,87.27999877929688,87.31999969482422,31769100,-0.017772798694438152,87.45142909458706,94.84571402413505
2022-11-10,92.25,94.38999938964844,91.61000061035156,93.94000244140624,51620100,0.075813132956005,87.9471435546875,94.67333330426898
2022-11-11,94.69000244140624,96.93000030517578,93.91999816894533,96.41000366210938,33090500,0.026293391063554328,89.29571533203125,94.5471431187221
2022-11-14,95.08999633789062,96.79000091552734,94.51000213623048,95.6999969482422,30179500,-0.007364450647212473,91.04857199532645,94.50619070870536
2022-11-15,98.26000213623048,100.13999938964844,96.70999908447266,98.44000244140624,41640800,0.028631197288814247,92.74285779680524,94.43333362397694
2022-11-16,97.9000015258789,99.63999938964844,97.63999938964844,98.8499984741211,29105200,0.004164933183122388,94.22285788399833,94.34190513974144
2022-11-17,96.97000122070312,99.27999877929688,96.79000091552734,98.36000061035156,26052600,-0.00495698402967415,95.57428632463727,94.28142910911923
2022-11-18,98.7699966430664,98.9000015258789,96.37000274658205,97.43000030517578,28342300,-0.009455066077723284,97.01857212611607,94.16047668457031
2022-11-21,97.29000091552734,98.4000015258789,95.36000061035156,95.5999984741211,21647400,-0.01878273453066459,97.2557144165039,93.8971434093657
2022-11-22,95.9499969482422,97.22000122070312,94.0500030517578,97.0500030517578,23438500,0.015167412142053749,97.34714290073939,93.63666752406529
2022-11-23,97.08999633789062,98.76000213623048,97.08999633789062,98.45999908447266,18868100,0.014528552172872189,97.74142892020087,93.3500006539481
2022-11-25,98.23999786376952,98.63999938964844,97.4000015258789,97.45999908447266,9701400,-0.010156408788324911,97.60142844063895,93.47047678629558
2022-11-28,97.04000091552734,97.58000183105467,95.61000061035156,96.0500030517578,26237500,-0.014467433264520713,97.20142909458706,93.6528578258696
2022-11-29,95.7300033569336,96.12000274658205,94.11000061035156,95.19000244140624,20061700,-0.008953676033598201,96.74857221330915,93.60047694614956
2022-11-30,94.81999969482422,101.04000091552734,94.41999816894533,100.98999786376952,43647500,0.060930720386664916,97.25714329310826,93.90904817127046
2022-12-01,101.0199966430664,102.25,100.25,100.98999786376952,28687100,0.0,98.02714320591518,94.41000039236886
2022-12-02,99.0500030517578,100.7699966430664,98.9000015258789,100.44000244140624,21480700,-0.005446038558246102,98.51142883300781,95.05142902192614
2022-12-05,99.4000015258789,101.37999725341795,99.0,99.4800033569336,24405100,-0.009557935694323394,98.65714372907367,95.81571488153365
2022-12-06,99.3000030517578,99.77999877929688,96.41999816894533,96.9800033569336,24910700,-0.02513067868554464,98.5885729108538,96.31095304943265
2022-12-07,96.41000366210938,96.87999725341795,94.72000122070312,94.94000244140624,31045400,-0.021035273715336533,98.43000139508929,96.6180961245582
2022-12-08,95.37999725341795,95.58000183105467,93.4499969482422,93.70999908447266,32213300,-0.012955585899554811,98.21857234409877,96.84714362734839
2022-12-09,93.7699966430664,94.26000213623048,92.75,92.83000183105467,28225400,-0.00939064413632884,97.0528586251395,97.1095246814546
2022-12-12,92.70999908447266,93.55999755859376,91.61000061035156,93.30999755859376,29420000,0.005170696090393889,95.95571572440011,97.07952444893972
2022-12-13,97.76000213623048,99.52999877929688,95.02999877929688,95.62999725341795,40593700,0.024863356076795018,95.26857212611607,97.04238128662108
2022-12-14,95.1999969482422,96.87000274658205,93.5999984741211,95.06999969482422,28733600,-0.0058558775977975985,94.63857160295758,97.01238141741071
2022-12-15,93.12999725341795,93.63999938964844,90.01000213623047,90.86000061035156,40107000,-0.044283150289121664,93.76428549630302,96.65142894926524
2022-12-16,90.76000213623048,91.33000183105467,89.5199966430664,90.26000213623048,58011800,-0.006603549087503824,93.09571402413505,96.24238150460378
2022-12-19,90.26000213623048,90.55999755859376,88.20999908447266,88.44000244140625,29493000,-0.020163966892857932,92.34285736083984,95.77000063941591
2022-12-20,88.11000061035156,89.18000030517578,87.44000244140625,89.0199966430664,23453800,0.006558052754967125,91.79857090541294,95.36952427455356
2022-12-21,89.08000183105469,90.22000122070312,88.31999969482422,89.58000183105469,24745600,0.006290779702381677,91.26571437290737,95.08285776774088
2022-12-22,88.16000366210938,88.54000091552734,86.31999969482422,87.76000213623047,27658300,-0.02031703123043782,90.1414293561663,94.64047677176339
2022-12-23,87.11000061035156,89.55000305175781,87.06999969482422,89.2300033569336,23003000,0.016750241396088716,89.30714416503906,94.2009531656901
2022-12-27,88.80000305175781,88.94000244140625,87.01000213623047,87.38999938964844,20097300,-0.02062091110682651,88.81142970493862,93.72142937069846
2022-12-28,86.9800033569336,88.04000091552734,85.94000244140625,86.0199966430664,19523200,-0.01567688243678267,88.20571463448661,93.24381001790364
2022-12-29,86.62000274658203,88.8499984741211,86.61000061035156,88.44999694824219,23333500,0.02824924901193482,88.20714242117745,92.92285737537202
2022-12-30,86.9800033569336,88.30000305175781,86.56999969482422,88.2300033569336,23986300,-0.002487208579976863,88.0942862374442,92.31523858933221
2023-01-03,89.58999633789062,91.0500030517578,88.5199966430664,89.12000274658203,28131200,0.010087264601452484,88.02857208251953,91.750000726609
2023-01-04,90.3499984741211,90.6500015258789,87.2699966430664,88.08000183105469,34854800,-0.011669668800220356,88.07428632463727,91.16142926897321
2023-01-05,87.47000122070312,87.56999969482422,85.9000015258789,86.19999694824219,27194400,-0.02134428750828732,87.64142826625279,90.52904801141648
2023-01-06,86.79000091552734,87.69000244140625,84.86000061035156,87.33999633789062,41381500,0.0132250513922052,87.63428497314453,90.07000005812873
2023-01-09,88.36000061035156,90.05000305175781,87.86000061035156,88.0199966430664,29003900,0.007785669036956211,87.91999925885882,89.74047597249348
2023-01-10,85.9800033569336,88.66999816894531,85.83000183105469,88.41999816894531,30467800,0.004544439231246145,87.91571371895927,89.48857116699219
2023-01-11,89.18000030517578,91.5999984741211,89.01000213623047,91.5199966430664,26862000,0.03505992465864893,88.38571275983539,89.42618996756417
2023-01-12,91.4800033569336,91.87000274658205,89.75,91.12999725341795,30258100,-0.004261357123618303,88.67285483224052,89.32238042922248
2023-01-13,90.8499984741211,92.19000244140624,90.12999725341795,92.12000274658205,26329200,0.010863662054230616,89.249997820173,89.15523783365886
2023-01-17,92.05999755859376,92.25,90.05000305175781,91.29000091552734,32602400,-0.009010006581719243,89.97714124407086,88.97523789178757
2023-01-18,92.13999938964844,92.8000030517578,90.63999938964844,91.12000274658205,29116700,-0.0018621773166876965,90.51714215959821,88.98761894589379
2023-01-19,90.72000122070312,93.61000061035156,90.62999725341795,93.0500030517578,37000400,0.02118086311458267,91.23571450369698,89.12047613234748
2023-01-20,95.0999984741211,98.3000030517578,95.0199966430664,98.0199966430664,63191100,0.05341207338321219,92.60714285714286,89.57666633242653
2023-01-23,97.9499969482422,100.04000091552734,97.5,99.79000091552734,40005100,0.01805758348376907,93.788572038923,90.0895236787342
2023-01-24,98.0999984741211,99.61000061035156,97.1999969482422,97.6999969482422,33078500,-0.02094402192715017,94.72714342389789,90.47619011288597
2023-01-25,95.56999969482422,96.16000366210938,93.76000213623048,95.22000122070312,42330000,-0.025383785107515267,95.17000034877232,90.83142816452752
2023-01-26,96.5,97.56999969482422,95.37999725341795,97.5199966430664,30114000,0.02415454098800418,96.05999973842076,91.22618974958148
2023-01-27,97.30999755859376,100.31999969482422,97.30999755859376,99.37000274658205,33879800,0.01897053083673561,97.23857116699219,91.79666609991165
2023-01-30,97.4800033569336,98.29000091552734,96.4000015258789,96.94000244140624,27226200,-0.024454062976861368,97.79428536551339,92.31666637602306
2023-01-31,96.87000274658205,98.87999725341795,96.81999969482422,98.83999633789062,29870700,0.019599688968780615,97.91142817905971,92.81142825172061
2023-02-01,98.70999908447266,101.19000244140624,97.58000183105467,100.43000030517578,35531100,0.016086645347998862,98.0028566632952,93.39238048735119
2023-02-02,105.8000030517578,107.8499984741211,105.61000061035156,107.73999786376952,69883800,0.0727869913012138,99.43714250837054,94.27904692150298
2023-02-03,102.93000030517578,107.80999755859376,102.58000183105467,104.77999877929688,65309300,-0.02747353947616904,100.8028564453125,95.07428487141927
2023-02-06,102.4000015258789,104.36000061035156,101.87999725341795,102.9000015258789,31999600,-0.017942329407522717,101.57142857142857,95.86952318464007
2023-02-07,103.22000122070312,108.18000030517578,103.12000274658205,107.63999938964844,49010200,0.04606411849836012,102.7528566632952,96.83618999662853
2023-02-08,102.0500030517578,103.13999938964844,98.04000091552734,99.37000274658205,94743500,-0.07683014390523779,103.0999995640346,97.37666647774833
2023-02-09,100.0,100.02999877929688,93.62999725341795,95.01000213623048,119455000,-0.043876426384636735,102.55285753522601,97.69047619047619
2023-02-10,95.4499969482422,96.75,94.25,94.56999969482422,54980700,-0.0046311170562375326,101.71571459089007,97.83571443103608
2023-02-13,94.73999786376952,95.1999969482422,93.83999633789062,94.61000061035156,50076100,0.0004229767966208442,99.84000069754464,98.00142887660435
2023-02-14,94.43000030517578,94.8499984741211,92.26000213623048,94.68000030517578,54726100,0.0007398762749459831,98.3971437726702,98.12333352225167
2023-02-15,94.48999786376952,97.12000274658205,94.1500015258789,96.94000244140624,50169000,0.023869899967743358,97.54571533203125,98.39238121396019
2023-02-16,95.37000274658205,97.68000030517578,94.73999786376952,95.51000213623048,42462600,-0.014751395390567357,95.81285858154297,98.60142880394345
2023-02-17,94.8499984741211,95.55999755859376,93.20999908447266,94.3499984741211,34284100,-0.012145363167878731,95.09571511404855,98.66333334786552
2023-02-21,93.0,93.0999984741211,91.72000122070312,91.79000091552734,33629300,-0.02713298993105895,94.63571493966239,98.36666688464936
2023-02-22,91.6999969482422,92.11000061035156,90.61000061035156,91.6500015258789,30884000,-0.0015252139476202853,94.21857234409877,97.97904786609467
2023-02-23,91.91999816894533,91.94000244140624,89.76000213623047,90.88999938964844,41206400,-0.00829243997356477,93.68714359828404,97.6547622680664
2023-02-24,89.44000244140625,89.88999938964844,88.58000183105469,89.12999725341797,36585100,-0.019364090087461427,92.89428601946149,97.36476207914806
2023-02-27,89.87000274658203,90.16000366210938,89.33999633789062,89.87000274658203,27502300,0.008302541411058906,91.88428606305804,97.00047665550595
2023-02-28,89.33000183105469,91.2300033569336,89.31999969482422,90.05999755859375,30142000,0.0021141071125532207,91.10571398053851,96.55714307512555
2023-03-01,89.9800033569336,91.02999877929688,89.66999816894531,90.36000061035156,31111200,0.0033311465677381413,90.53571428571429,96.24380965459915
2023-03-02,89.66000366210938,92.27999877929688,89.58999633789062,92.0,32204400,0.018149616850053008,90.56571415492466,95.91809554327102
2023-03-03,92.4800033569336,93.7300033569336,92.4499969482422,93.6500015258789,35160100,0.017934799194335938,90.85142844063895,95.5952384585426
2023-03-06,94.0199966430664,95.97000122070312,94.0,95.12999725341795,32639300,0.015803477879603456,91.45714242117745,94.99476223900204
2023-03-07,94.9800033569336,95.66999816894533,93.52999877929688,93.86000061035156,27835500,-0.013350117520588567,92.13285718645368,94.47476232619513
2023-03-08,94.12000274658205,95.95999908447266,94.0,94.25,34103300,0.004155118123932988,92.75857107979911,94.06285749162946
2023-03-09,94.0500030517578,95.52999877929688,91.9000015258789,92.31999969482422,28813500,-0.020477456818841167,93.08142852783203,93.33333369663784
2023-03-10,92.16999816894533,92.79000091552734,90.4000015258789,90.62999725341795,35941000,-0.01830591905321477,93.11999947684151,92.91714295886811
2023-03-13,90.08999633789062,92.56999969482422,89.41999816894531,91.11000061035156,37335600,0.00529629671720544,92.99285670689174,92.73142860049293
2023-03-14,92.55999755859376,94.36000061035156,92.44000244140624,93.97000122070312,36050200,0.031390633203734364,93.03857094900948,92.7028572445824
2023-03-15,93.22000122070312,96.93000030517578,92.63999938964844,96.11000061035156,50622100,0.022773218706492404,93.17857142857143,92.77428581601097
2023-03-16,96.1999969482422,101.19000244140624,95.5,100.31999969482422,65492000,0.04380396480841564,94.10142844063895,93.04285721551804
2023-03-17,100.26000213623048,102.83999633789062,100.0999984741211,101.62000274658205,61028500,0.012958563155028635,95.15428597586495,93.26571437290737
2023-03-20,100.12000274658205,101.75,99.87000274658205,101.22000122070312,32960400,-0.003936247934143822,96.42571476527623,93.53761909121559
2023-03-21,101.25,105.0999984741211,101.22000122070312,104.91999816894533,42110300,0.03655401011282966,98.46714346749442,94.04095241001674
2023-03-22,104.2699966430664,106.58999633789062,103.33000183105467,103.37000274658205,43427400,-0.014773117131277824,100.21857234409877,94.59238106863839
2023-03-23,105.05999755859376,106.3000030517578,104.45999908447266,105.5999984741211,40797800,0.021572948324341423,101.88000052315849,95.25666663760231
2023-03-24,104.98999786376952,105.48999786376952,103.83999633789062,105.44000244140624,30393300,-0.0015151139680562586,103.21285792759487,95.94952392578125
2023-03-27,104.62000274658205,104.76000213623048,101.93000030517578,102.45999908447266,31120900,-0.028262550151111676,103.51857212611607,96.58428591773624
2023-03-28,102.44000244140624,102.4499969482422,99.73999786376952,101.02999877929688,32057900,-0.01395666911920257,103.43428584507534,97.11571430024647
2023-03-29,102.27999877929688,102.48999786376952,100.6500015258789,101.38999938964844,28779600,0.0035633041146323485,103.4585712977818,97.65523819696335
2023-03-30,100.91000366210938,101.16000366210938,99.77999877929688,100.88999938964844,33086200,-0.004931452835683192,102.88285718645368,98.15666671026321
2023-03-31,101.3000030517578,103.88999938964844,101.04000091552734,103.7300033569336,36863400,0.028149509212669788,102.93428584507534,98.71523829868862
2023-04-03,102.38999938964844,104.52999877929688,101.93000030517578,104.36000061035156,25035400,0.0060734332693517246,102.75714329310826,99.22523825509208
2023-04-04,104.33000183105467,105.58000183105467,104.04000091552734,104.72000122070312,24420100,0.0034496033752979827,102.65428597586495,99.68190511067708
2023-04-05,105.77999877929688,106.0999984741211,103.66000366210938,104.47000122070312,28290500,-0.0023873185359606364,102.9414291381836,100.18714323497954
2023-04-06,105.26000213623048,109.16999816894533,104.33000183105467,108.41999816894533,48711500,0.037809867924644136,103.9971433367048,100.86190505254837
2023-04-10,106.9800033569336,107.58999633789062,105.12000274658205,106.44000244140624,27067400,-0.018262274128189593,104.71857234409877,101.53428613571893
2023-04-11,106.5500030517578,106.7300033569336,104.68000030517578,105.3499984741211,26311800,-0.010240548123673476,105.355715070452,102.23523857480004
2023-04-12,106.58000183105467,106.75,104.33999633789062,104.63999938964844,24370300,-0.006739431369304327,105.48571450369698,102.87952423095703
2023-04-13,105.83999633789062,107.48999786376952,105.83999633789062,107.43000030517578,24843600,0.026662852941523818,105.92428588867188,103.52047656831287
2023-04-14,106.88999938964844,108.94000244140624,106.83999633789062,108.87000274658205,26578000,0.013404099760920163,106.51714324951172,104.12809571765717
2023-04-17,104.66000366210938,106.16000366210938,104.5199966430664,105.97000122070312,37571200,-0.026637287156401457,106.73142896379743,104.3971434093657
2023-04-18,106.48999786376952,106.54000091552734,104.06999969482422,104.5,26596400,-0.013871861883266057,106.17142922537667,104.53428613571893
2023-04-19,103.58000183105467,104.9800033569336,103.06999969482422,104.18000030517578,20905700,-0.003062198036595354,105.84857177734375,104.67523847307477
2023-04-20,103.91000366210938,106.25,103.87000274658205,105.29000091552734,27820800,0.010654642033979922,105.84000069754464,104.69285765148345
2023-04-21,105.47000122070312,106.0,104.77999877929688,105.41000366210938,25800100,0.0011397354500766177,105.9500013078962,104.79000055222284
2023-04-24,105.48999786376952,106.62999725341795,104.6999969482422,105.97000122070312,23542800,0.0053125655928143445,105.7414300101144,104.80761973063152
2023-04-25,105.83000183105467,106.69000244140624,103.83999633789062,103.8499984741211,46664100,-0.020005687667840166,105.02428654261998,104.73190525599888
2023-04-26,104.91999816894533,106.3499984741211,102.62999725341795,103.70999908447266,53347600,-0.0013480923611502993,104.70142909458706,104.79142906552269
2023-04-27,104.4499969482422,108.37000274658205,103.54000091552734,107.58999633789062,50089200,0.0374119881175361,105.14285714285714,105.1038099016462
2023-04-28,107.04000091552734,107.3499984741211,105.08999633789062,107.33999633789062,36139800,-0.0023236361047440646,105.5942851475307,105.38714308965774
2023-05-01,106.83999633789062,107.98999786376952,106.81999969482422,107.1999969482422,26681700,-0.0013042611740708976,105.86714172363281,105.68761916387649
2023-05-02,107.13999938964844,107.1999969482422,103.70999908447266,105.31999969482422,30997200,-0.017537288310984556,105.85428401402065,105.76333327520462
2023-05-03,105.52999877929688,107.48999786376952,104.95999908447266,105.41000366210938,21795400,0.0008545762205274254,105.77428436279297,105.81333342052642
2023-05-04,105.48999786376952,105.5999984741211,103.97000122070312,104.69000244140624,23419500,-0.006830482835491591,105.894284929548,105.81190490722656
2023-05-05,104.81999969482422,105.87999725341795,104.11000061035156,105.56999969482422,26639300,0.008405742983056186,106.15999930245536,105.86428578694661
2023-05-08,105.18000030517578,107.95999908447266,105.16000366210938,107.7699966430664,26511400,0.02083922472863331,106.18571363176618,105.83333333333333
2023-05-09,108.38999938964844,110.1500015258789,107.19000244140624,107.3499984741211,36360100,-0.003897171587898818,106.18714250837054,105.87666647774833
2023-05-10,107.97000122070312,112.94000244140624,107.93000030517578,111.75,63153400,0.04098743910964853,106.83714294433594,106.18142845517113
2023-05-11,115.4000015258789,117.91999816894533,114.41000366210938,116.56999969482422,78900000,0.04313198832057474,108.4442858014788,106.74952370779855
2023-05-12,116.68000030517578,118.02999877929688,116.11000061035156,117.51000213623048,41102300,0.008063845276375936,110.17285701206752,107.22952379499164
2023-05-15,116.11000061035156,118.4800033569336,116.01000213623048,116.51000213623048,36266800,-0.0085099138951652,111.86142839704242,107.59333328973679
2023-05-16,116.48999786376952,120.75,116.43000030517578,119.51000213623048,45035600,0.02574886228645168,113.8528573172433,108.23809523809524
2023-05-17,119.61000061035156,121.66999816894533,118.88999938964844,120.83999633789062,33323600,0.011128727118120851,115.72000013078961,109.01619030180431
2023-05-18,120.9499969482422,123.30999755859376,120.83000183105467,122.83000183105467,35234200,0.01646810289202283,117.93142918178013,109.90428561256046
2023-05-19,123.5500030517578,125.97000122070312,122.1500015258789,122.76000213623048,41353400,-0.0005698908554969684,119.50428662981305,110.73619043259393
2023-05-22,122.94000244140624,126.43000030517578,122.73999786376952,125.0500030517578,35253000,0.018654291916564425,120.71571568080357,111.67142849876767
2023-05-23,124.16000366210938,124.62999725341795,122.20999908447266,122.55999755859376,34046300,-0.01991207862772648,121.43714359828404,112.46142832438152
2023-05-24,121.12000274658205,121.91000366210938,119.86000061035156,120.9000015258789,34182600,-0.0135443543226349,122.06428636823382,113.27333323160808
2023-05-25,124.5199966430664,125.31999969482422,121.95999908447266,123.4800033569336,42317000,0.021339965248076798,122.63142939976284,114.21476200648716
2023-05-26,123.16999816894533,125.26000213623048,122.4499969482422,124.61000061035156,35635900,0.009151257067523622,123.17000143868583,115.02523840041388
2023-05-30,125.63999938964844,125.66000366210938,122.0,123.66999816894533,35076700,-0.007543555387224288,123.29000091552734,115.80285753522601
2023-05-31,122.75,124.05999755859376,122.5,122.87000274658205,37325800,-0.006468791414312225,123.30571528843473,116.5490482875279
2023-06-01,122.81999969482422,124.41999816894533,122.62000274658205,123.72000122070312,30772700,0.006917868113620829,123.11571502685548,117.42523883637928
2023-06-02,123.98999786376952,126.1500015258789,123.76000213623048,124.66999816894533,26980100,0.0076786044202141746,123.41714368547714,118.3423814319429
2023-06-05,124.01000213623048,127.43000030517578,123.83999633789062,126.01000213623048,32305500,0.010748407692035666,124.14714377267022,119.35761951264881
2023-06-06,126.01000213623048,128.2899932861328,125.36000061035156,127.30999755859376,26638300,0.010316605033922954,124.69428580147881,120.39285750616165
2023-06-07,126.97000122070312,129.0399932861328,122.12000274658205,122.5,52539000,-0.03778177402273519,124.39285714285715,121.0942862374442
2023-06-08,122.2300033569336,123.2300033569336,121.23999786376952,122.13999938964844,29389200,-0.0029387804926658267,124.17428588867188,121.79857199532645
2023-06-09,122.25,123.76000213623048,121.91000366210938,122.2300033569336,23778300,0.0007368918268784164,124.08285740443638,122.29761977422805
2023-06-12,122.79000091552734,124.0500030517578,121.66000366210938,123.63999938964844,28306400,0.011535596776491852,124.07142857142857,122.63428642636254
2023-06-13,124.9800033569336,125.16000366210938,123.18000030517578,123.83000183105467,22278300,0.0015367392619232145,123.95142909458706,122.93523879278274
2023-06-14,123.0999984741211,124.0500030517578,121.4499969482422,123.66999816894533,30592300,-0.0012921235544165466,123.61714281354632,123.27619098481678
2023-06-15,123.13999938964844,125.45999908447266,122.4000015258789,125.08999633789062,35246300,0.011482155655937243,123.2999997820173,123.54190499441964
2023-06-16,125.93000030517578,126.11000061035156,123.27999877929688,123.52999877929688,45535600,-0.012471001712878071,123.44714246477399,123.67000034877232
2023-06-20,122.93000030517578,124.56999969482422,122.13999938964844,123.0999984741211,26097500,-0.003480938309924464,123.58428519112724,123.68285733177548
2023-06-21,122.4000015258789,122.66000366210938,120.0999984741211,120.5500030517578,30306300,-0.020714829033075643,123.3442851475307,123.57761928013393
2023-06-22,120.0,123.23999786376952,118.83000183105467,123.1500015258789,26952200,0.02156780098134714,123.27428545270648,123.48714301699684
2023-06-23,121.37999725341795,122.79000091552734,121.05999755859376,122.33999633789062,34913600,-0.006577386747478542,123.06142752511161,123.47666676839192
2023-06-26,120.76000213623048,122.0,118.2699966430664,118.33999633789062,33969900,-0.03269576687702691,122.2999986921038,123.35476175944011
2023-06-27,117.08000183105467,119.08000183105467,116.0999984741211,118.33000183105467,39535900,-8.445586568561758e-05,121.33428519112724,123.1095235915411
2023-06-28,117.08999633789062,120.38999938964844,116.8499984741211,120.18000030517578,27091400,0.015634230081078115,120.85571398053851,122.89857119605655
2023-06-29,119.23999786376952,120.05999755859376,118.3000030517578,119.0999984741211,24090900,-0.008986535432785936,120.28428540910993,122.68095216296967
2023-06-30,120.16999816894533,121.08000183105467,119.69000244140624,119.6999969482422,29532200,0.005037770628111948,120.16285596575055,122.52999950590588
2023-07-03,119.23999786376952,120.19000244140624,118.81999969482422,119.9000015258789,14467900,0.0016708820612851838,119.69857025146484,122.34809475853329
2023-07-05,119.23999786376952,122.61000061035156,119.2300033569336,121.75,27584800,0.015429511681213759,119.61428506033761,122.20904722667876
2023-07-06,119.8000030517578,120.3000030517578,118.4000015258789,120.11000061035156,24745200,-0.01347022085953542,119.86714281354632,121.92809477306548
2023-07-07,120.0999984741211,121.0500030517578,119.4000015258789,119.4800033569336,21709500,-0.005245169013542328,120.03142874581474,121.55523790631976
2023-07-10,118.3000030517578,118.30999755859376,116.13999938964844,116.4499969482422,35315200,-0.025359945794775185,119.49857112339565,121.26714252290272
2023-07-11,116.29000091552734,117.70999908447266,115.3499984741211,117.13999938964844,23078800,0.005925310944515649,119.21857125418526,121.02904728480748
2023-07-12,118.8000030517578,120.33000183105467,118.41000366210938,118.93000030517578,30404400,0.01528086840408105,119.10857173374721,120.87190428234283
2023-07-13,120.93000030517578,124.83000183105467,120.4499969482422,124.54000091552734,44297900,0.04717060956828578,119.77142878941127,120.91476149786087
2023-07-14,124.8000030517578,126.77999877929688,123.48999786376952,125.41999816894533,33283100,0.007065980784879411,120.29571424211774,120.990475609189
2023-07-17,125.94000244140624,127.0999984741211,124.1999969482422,124.6500015258789,25716200,-0.006139345035145127,120.9442858014788,121.03714243570964
2023-07-18,124.5999984741211,124.68000030517578,122.95999908447266,123.76000213623048,26193600,-0.007139986993611402,121.5557141985212,120.97380937848773
2023-07-19,124.5999984741211,125.18000030517578,121.8000030517578,122.02999877929688,37224000,-0.013978695273690112,122.3528573172433,120.90238080705915
2023-07-20,121.41999816894533,124.08999633789062,118.22000122070312,119.1999969482422,37906800,-0.02319103383892518,122.6471426827567,120.71666644868397
2023-07-21,120.62000274658205,120.98999786376952,118.7300033569336,120.0199966430664,72937900,0.006879192246793897,122.8028564453125,120.69142804827011
2023-07-24,121.66000366210938,123.0,120.9800033569336,121.52999877929688,29686100,0.012581254611438997,122.37285614013672,120.61428506033764
2023-07-25,121.36000061035156,123.1500015258789,121.0199966430664,122.20999908447266,52509600,0.005595328824208101,121.91428484235492,120.60809471493678
2023-07-26,130.07000732421875,130.97999572753906,128.32000732421875,129.27000427246094,61682100,0.057769456189164625,122.57428523472377,121.12857128324966
2023-07-27,131.6699981689453,133.24000549316406,128.7899932861328,129.39999389648438,44952100,0.0010055667960640058,123.37999834333148,121.65571376255582
2023-07-28,130.77999877929688,133.74000549316406,130.57000732421875,132.5800018310547,36591200,0.02457502383743715,124.88714163643974,122.24619002569291
2023-07-31,132.72999572753906,133.52999877929688,131.77999877929688,132.72000122070312,28055500,0.0010559615908500852,126.81857081821987,122.89476158505397
2023-08-01,130.77999877929688,132.6300048828125,130.67999267578125,131.5500030517578,23166800,-0.008815537659615402,128.46571459089006,123.45904758998329
2023-08-02,129.4499969482422,130.08999633789062,127.55999755859376,128.3800048828125,26273300,-0.02409728692821156,129.4442868913923,123.86285727364678
2023-08-03,127.97000122070312,129.38999938964844,127.41999816894533,128.4499969482422,20089500,0.0005451944443652934,130.3357151576451,124.1819047473726
2023-08-04,129.27999877929688,131.50999450683594,127.91000366210938,128.11000061035156,26147200,-0.0026469158892049593,130.17000034877233,124.56285712832498
2023-08-07,129.16000366210938,131.61000061035156,129.02000427246094,131.52999877929688,22746300,0.026695793869732976,130.47428676060267,125.1366664341518
2023-08-08,130.6199951171875,131.50999450683594,129.5399932861328,131.39999389648438,23535200,-0.0009884048051322925,130.3057141985212,125.84857105073475
2023-08-09,131.66000366210938,132.0399932861328,129.0,129.66000366210938,24912900,-0.013241935427681595,129.86857169015067,126.44476173037575
2023-08-10,131.32000732421875,132.0500030517578,129.4499969482422,129.69000244140625,20857800,0.00023136494253894746,129.6028573172433,126.95714278448196
2023-08-11,128.66000366210938,129.92999267578125,128.1699981689453,129.55999755859375,19591100,-0.0010024279463733965,129.77142769949776,127.1961902436756
2023-08-14,129.38999938964844,131.3699951171875,128.9600067138672,131.3300018310547,24695600,0.013661657192147292,130.182856968471,127.47761898949032
2023-08-15,131.10000610351562,131.4199981689453,129.27999877929688,129.77999877929688,19770700,-0.011802353081147188,130.42142813546317,127.72190457298642
2023-08-16,128.6999969482422,130.27999877929688,127.87000274658205,128.6999969482422,25216100,-0.008321789499253551,130.01714215959822,127.95714242117745
2023-08-17,129.8000030517578,131.99000549316406,129.2899932861328,129.9199981689453,33446300,0.009479419189059923,129.8057141985212,128.33285667782738
2023-08-18,128.50999450683594,129.25,126.37999725341795,127.45999908447266,30504800,-0.018934722284045358,129.4914278302874,128.72619011288597
2023-08-21,127.18000030517578,128.72999572753906,126.55999755859376,128.3699951171875,25248700,0.007139463669003643,129.302855355399,129.1238090878441
2023-08-22,128.50999450683594,130.27999877929688,128.32000732421875,129.0800018310547,22054900,0.005530939790244771,129.23428453717912,129.48333304268974
2023-08-23,130.17999267578125,133.41000366210938,129.8699951171875,132.3699951171875,27819700,0.02548801703953263,129.38285500662667,129.96714237758093
2023-08-24,133.9499969482422,134.25,129.57000732421875,129.77999877929688,28500700,-0.01956634005763691,129.38285500662667,129.9914278302874
2023-08-25,129.5399932861328,130.75999450683594,127.25,129.8800048828125,26762900,0.0007705817880743204,129.55142756870814,130.01428549630302
2023-08-28,131.30999755859375,132.5399932861328,130.13999938964844,131.00999450683594,20543300,0.008700258558220764,129.70714133126395,129.9395232427688
2023-08-29,132.24000549316406,136.57000732421875,132.24000549316406,134.57000732421875,43075600,0.02717359718076362,130.72285679408483,130.02761877150763
2023-08-30,134.77999877929688,136.27999877929688,134.07000732421875,135.8800048828125,28315800,0.00973469188745435,131.79571533203125,130.2338093348912
2023-08-31,136.00999450683594,138.0,135.7899932861328,136.1699981689453,30053800,0.0021341866037090096,132.8085719517299,130.60476139613561
2023-09-01,137.4600067138672,137.4600067138672,134.85000610351562,135.66000366210938,21543700,-0.0037452780619354753,133.27857317243303,130.94809504917689
2023-09-05,135.44000244140625,136.4199981689453,134.5800018310547,135.77000427246094,19403100,0.0008108551332899339,134.13428824288505,131.31285712832496
2023-09-06,136.02000427246094,136.52999877929688,133.6699981689453,134.4600067138672,18684500,-0.00964865226022138,134.78857421875,131.45238131568544
2023-09-07,133.58999633789062,135.5800018310547,132.9499969482422,135.25999450683594,18844300,0.005949633742553084,135.39571707589286,131.63619086855934
2023-09-08,134.91000366210938,136.66000366210938,134.85000610351562,136.3800048828125,23558300,0.008280426005192298,135.65428815569197,131.95619092668807
2023-09-11,136.5399932861328,137.47999572753906,135.7899932861328,136.9199981689453,20763400,0.00395947548613762,135.80285862513952,132.30047643752326
2023-09-12,136.25999450683594,136.8699951171875,135.19000244140625,135.33999633789062,18405500,-0.011539598686709951,135.68428693498885,132.57571447463263
2023-09-13,135.08999633789062,136.89999389648438,134.14999389648438,136.7100067138672,20749500,0.010122730996358076,135.83428737095423,132.831905183338
2023-09-14,137.60000610351562,138.6999969482422,136.24000549316406,138.10000610351562,24751000,0.01016750289945989,136.16714477539062,133.22809600830078
2023-09-15,137.97999572753906,138.52000427246094,136.47999572753906,137.39999389648438,38919600,-0.005068878900023721,136.58714294433594,133.6423815772647
2023-09-18,136.61000061035156,139.16000366210938,136.61000061035156,138.2100067138672,21861300,0.005895290053601121,137.0085732596261,134.03714388892763
2023-09-19,137.4199981689453,138.41000366210938,136.6199951171875,138.0399932861328,20353700,-0.0012301093949467212,137.24571446010046,134.54095313662575
2023-09-20,138.0800018310547,138.0800018310547,133.6199951171875,133.74000549316406,29927500,-0.03115030427490406,136.7914297921317,134.79666791643416
2023-09-21,131.44000244140625,132.22999572753906,130.07000732421875,130.44000244140625,31503900,-0.02467476384189682,136.0914306640625,134.8614298502604
2023-09-22,130.75999450683594,132.02999877929688,129.60000610351562,130.25,26397300,-0.001456627091766527,135.16857256208147,134.7604777018229
2023-09-25,129.8300018310547,131.1699981689453,128.9600067138672,131.11000061035156,20094600,0.006602691826115725,134.17000034877233,134.82381112234933
2023-09-26,129.77000427246094,130.36000061035156,127.22000122070312,128.57000732421875,25718700,-0.0193729942362022,132.9085736955915,134.76143028622582
2023-09-27,128.57000732421875,130.89999389648438,128.57000732421875,130.5399932861328,22746500,0.015322282411840416,131.81285749162947,134.73904927571616
2023-09-28,129.83999633789062,133.3000030517578,129.7899932861328,132.30999755859375,22513100,0.013559095782862851,130.9942866734096,134.63142976306733
2023-09-29,133.27999877929688,134.0500030517578,130.36000061035156,130.86000061035156,30859800,-0.010959088315303234,130.5828574044364,134.3923819405692
2023-10-02,131.2100067138672,134.4199981689453,131.1699981689453,134.1699981689453,22288000,0.025294188775450088,131.11571393694197,134.2971438453311
2023-10-03,133.94000244140625,134.25999450683594,131.83999633789062,132.42999267578125,22989400,-0.012968663016400095,131.42714146205358,134.1433337983631
2023-10-04,132.7899932861328,135.57000732421875,132.52999877929688,135.24000549316406,26752300,0.021218855038845685,132.01714215959822,134.11809576125373
2023-10-05,135.07000732421875,135.49000549316406,133.4499969482422,135.07000732421875,19832600,-0.001257010958594651,132.94571358816964,134.1471434093657
2023-10-06,134.00999450683594,138.16000366210938,134.00999450683594,137.5800018310547,27597600,0.018582915308585246,133.95142909458704,134.2576199486142
2023-10-09,136.94000244140625,138.94000244140625,135.61000061035156,138.4199981689453,19278100,0.006105511896431937,134.82428632463728,134.3547624860491
2023-10-10,138.5,139.72000122070312,137.3300018310547,138.05999755859375,27786600,-0.002600784677891488,135.8528573172433,134.40904817127046
2023-10-11,138.5800018310547,141.11000061035156,138.5800018310547,140.5500030517578,25884300,0.018035676786878785,136.7642865862165,134.65714372907365
2023-10-12,141.0500030517578,141.22000122070312,138.25999450683594,138.97000122070312,24765500,-0.011241563833142343,137.69857352120536,134.76476251511346
2023-10-13,139.3800048828125,140.0,136.6199951171875,137.36000061035156,23420500,-0.011585238513416085,138.00142996651786,134.72952415829613
2023-10-16,138.1699981689453,139.6300048828125,137.99000549316406,139.10000610351562,28501900,0.012667483149624736,138.577144077846,134.81047712053572
2023-10-17,138.6300048828125,139.89999389648438,137.17999267578125,139.72000122070312,23515800,0.004457189719503818,138.8828582763672,134.88238162086122
2023-10-18,139.4499969482422,140.72000122070312,137.3800048828125,137.9600067138672,23375000,-0.01259658238948791,138.81714521135603,134.87857273646765
2023-10-19,138.5,139.66000366210938,137.3800048828125,137.75,26066000,-0.0015222289333658434,138.77285984584265,135.06952485584077
2023-10-20,137.3300018310547,137.8699951171875,135.0800018310547,135.60000610351562,26335700,-0.015607941172300355,138.06571742466517,135.31523931594123
2023-10-23,135.0399932861328,137.66000366210938,133.9499969482422,136.5,26317900,0.006637122831671061,137.71286010742188,135.61285836356026
2023-10-24,137.8300018310547,139.36000061035156,137.4199981689453,138.80999755859375,44814300,0.016923059037316834,137.92000252859933,135.97952488490515
2023-10-25,128.16000366210938,128.30999755859375,125.06999969482422,125.61000061035156,84366200,-0.09509399308699129,135.99285888671875,135.83857218424478
2023-10-26,123.2699966430664,124.33000183105467,121.2699966430664,122.27999877929688,57061100,-0.02651064258318503,133.50142996651786,135.4452391124907
2023-10-27,122.87999725341795,123.30999755859376,120.20999908447266,122.16999816894533,44566500,-0.0008995797468897004,131.24571446010046,134.9623819986979
2023-10-30,123.20999908447266,125.4000015258789,122.75,124.45999908447266,28940100,0.018744380370379954,129.34714290073939,134.6576200212751
2023-10-31,125.05999755859376,125.37000274658205,122.69000244140624,124.08000183105467,26292300,-0.003053167734318185,127.70142800467355,134.17714400518508
2023-11-01,124.06999969482422,126.48999786376952,123.72000122070312,126.4499969482422,30082400,0.019100540636793895,126.26571328299386,133.8923823038737
2023-11-02,128.4199981689453,128.97999572753906,126.93000030517578,127.48999786376952,27124600,0.008224602140188386,124.64857046944755,133.5233343215216
2023-11-03,128.02000427246094,129.52999877929688,127.86000061035156,129.10000610351562,26393100,0.012628506288520747,125.1471426827567,133.23904854910714
2023-11-06,129.0500030517578,130.33999633789062,128.6699981689453,130.25,19052700,0.008907775694156683,126.28571428571429,132.89000084286644
2023-11-07,130.7100067138672,131.91000366210938,129.8800048828125,130.97000122070312,29757300,0.005527840466050815,127.54285757882255,132.53523908342635
2023-11-08,130.97000122070312,132.2100067138672,130.77999877929688,131.83999633789062,26425800,0.006642705268983251,128.59714290073939,132.23904854910714
2023-11-09,131.9600067138672,132.5500030517578,130.07000732421875,130.24000549316406,23747800,-0.012135853224889193,129.47714342389787,131.7480962844122
2023-11-10,130.10000610351562,132.8000030517578,129.41000366210938,132.58999633789062,26913300,0.01804354073718084,130.35428619384766,131.4442865280878
2023-11-13,131.77999877929688,132.58999633789062,131.25,132.08999633789062,18324800,-0.003771023559920761,131.0114288330078,131.1933339436849
2023-11-14,134.19000244140625,135.6999969482422,133.32000732421875,133.6199951171875,32395200,0.011583002662692854,131.65714154924666,130.93238103957404
2023-11-15,134.8699951171875,135.02999877929688,133.57000732421875,134.6199951171875,23861500,0.007483909867853189,132.28142656598772,130.6895236060733
2023-11-16,135.19000244140625,137.22000122070312,134.32000732421875,136.92999267578125,28013200,0.017159394164164787,133.13285391671317,130.64047531854538
2023-11-17,136.0,136.05999755859375,133.64999389648438,135.30999755859375,37240600,-0.011830827458110482,133.6285683768136,130.52428472609748
2023-11-20,133.69000244140625,136.66000366210938,133.6199951171875,136.25,27815500,0.006947028736728811,134.48713902064733,130.55523681640625
2023-11-21,136.2899932861328,137.17999267578125,135.9600067138672,136.97000122070312,22635300,0.005284412629013691,135.11285400390625,130.5776178269159
2023-11-22,137.47000122070312,139.4199981689453,137.47000122070312,138.49000549316406,17813900,0.011097351674924205,136.02714102608817,130.56238010951452
2023-11-24,138.02999877929688,138.1300048828125,135.99000549316406,136.69000244140625,12514300,-0.01299734984736256,136.46571350097656,131.08999924432663
2023-11-27,136.02999877929688,138.4199981689453,136.0,136.41000366210938,23436500,-0.0020484217886885814,136.72142900739397,131.76285661969865
2023-11-28,136.0800018310547,137.25,135.4199981689453,137.1999969482422,18730000,0.005791314895714272,136.76000104631697,132.47857084728423
2023-11-29,137.57000732421875,138.2899932861328,134.83999633789062,134.99000549316406,23967200,-0.016107809797633044,136.71428789411272,132.97999972388857
2023-11-30,135.0500030517578,135.5500030517578,131.27999877929688,132.52999877929688,38988300,-0.018223621110910804,136.18285914829798,133.38238053094773
2023-12-01,131.86000061035156,132.11000061035156,130.6699981689453,131.86000061035156,31442300,-0.005055445371738521,135.4528590611049,133.63999975295295
2023-12-04,129.8800048828125,130.02999877929688,127.9000015258789,129.27000427246094,36669900,-0.01964201672912247,134.1357160295759,133.72476196289062
2023-12-05,128.9499969482422,132.13999938964844,128.25,130.99000549316406,27384800,0.013305493647837174,133.32143075125558,133.81476193382628
2023-12-06,131.44000244140625,131.83999633789062,129.8800048828125,130.02000427246094,23576200,-0.007405154439464101,132.4085736955915,133.8038097563244
2023-12-07,135.0399932861328,138.55999755859375,134.6999969482422,136.92999267578125,56767100,0.05314557895906713,132.37000165666853,134.08761887323288
2023-12-08,134.1999969482422,136.39999389648438,134.02999877929688,134.99000549316406,32260100,-0.014167730127691125,132.37000165666853,134.2376193091983
2023-12-11,132.3800048828125,133.33999633789062,131.36000061035156,133.2899932861328,31138000,-0.01259361536300807,132.47857230050224,134.38285682314918
2023-12-12,131.80999755859375,133.0,131.25999450683594,132.52000427246094,29032800,-0.005776795351913222,132.57285853794642,134.37952386765252
2023-12-13,133.3800048828125,133.5,131.57000732421875,132.57000732421875,30104800,0.00037732455588379565,133.0442875453404,134.40238153366815
2023-12-14,133.3800048828125,133.72000122070312,129.69000244140625,131.94000244140625,38722400,-0.004752242950939345,133.18000139508928,134.32238188244048
2023-12-15,131.6199951171875,133.50999450683594,131.17999267578125,132.60000610351562,50847100,0.005002301424107403,133.54857308523995,134.2261919294085
2023-12-18,132.6300048828125,137.14999389648438,132.42999267578125,135.8000030517578,32258000,0.024132705889501116,133.38714599609375,134.17238289969308
2023-12-19,136.83999633789062,137.47000122070312,136.0800018310547,136.64999389648438,25476800,0.006259137154824623,133.62428719656808,134.23619224911644
2023-12-20,138.97000122070312,141.6999969482422,138.07000732421875,138.33999633789062,49107200,0.012367380291919083,134.34571620396204,134.33571588425409
2023-12-21,139.49000549316406,140.69000244140625,139.17999267578125,140.4199981689453,27488300,0.015035433613677096,135.47428676060267,134.500001453218
2023-12-22,140.77000427246094,141.99000549316406,140.7100067138672,141.49000549316406,26532200,0.007620049410137275,136.74857221330916,134.64285859607514
2023-12-26,141.58999633789062,142.67999267578125,141.19000244140625,141.52000427246094,16780300,0.0002120204829472172,138.11714390345983,134.87285868326822
2023-12-27,141.58999633789062,142.0800018310547,139.88999938964844,140.3699951171875,19628600,-0.008126124367968446,139.22714233398438,135.0614297049386
2023-12-28,140.77999877929688,141.13999938964844,139.75,140.22999572753906,16045700,-0.000997359795671171,139.85999843052454,135.2057153610956
2023-12-29,139.6300048828125,140.36000061035156,138.77999877929688,139.69000244140625,18733000,-0.0038507687555092707,140.2942853655134,135.42952473958334
2024-01-02,138.5500030517578,139.4499969482422,136.47999572753906,138.1699981689453,23711200,-0.010881267419968088,140.26999991280692,135.6980961390904
2024-01-03,137.25,139.6300048828125,137.0800018310547,138.9199981689453,24212100,0.005428095895919194,140.0557141985212,136.03428649902344
2024-01-04,138.4199981689453,139.16000366210938,136.35000610351562,136.38999938964844,27137700,-0.01821191198275185,139.32714189801897,136.37333388555618
2024-01-05,136.75,137.16000366210938,135.14999389648438,135.72999572753906,22513900,-0.004839091319473021,138.49999782017298,136.5990477062407
2024-01-08,136.2899932861328,139.00999450683594,136.25999450683594,138.83999633789062,21404000,0.022913141591741404,138.28142656598772,137.019047328404
2024-01-09,138.5,141.49000549316406,138.14999389648438,140.9499969482422,24759600,0.015197354263943641,138.38428388323103,137.2104761032831
2024-01-10,141.0,143.0,140.91000366210938,142.27999877929688,21320200,0.00943598339731122,138.75428336007255,137.557618640718
2024-01-11,143.49000549316406,145.22000122070312,140.63999938964844,142.0800018310547,24008700,-0.001405657506030944,139.31285531180245,137.97619047619048
2024-01-12,142.6699981689453,143.1999969482422,141.82000732421875,142.64999389648438,18785500,0.004011768426829487,139.84571184430803,138.4585709344773
2024-01-16,142.0,144.35000610351562,141.4499969482422,142.49000549316406,22670500,-0.0011215451115715869,140.7171412876674,138.93095179966517
2024-01-17,141.35000610351562,141.83999633789062,138.89999389648438,141.47000122070312,20968600,-0.007158426788816952,141.53714207240515,139.384761265346
2024-01-18,142.0500030517578,144.2100067138672,141.99000549316406,143.47999572753906,25746400,0.01420792033287821,142.1999991280692,139.9028560093471
2024-01-19,144.74000549316406,146.4499969482422,144.3800048828125,146.3800048828125,34271900,0.020211940630249225,142.97571454729353,140.4066656203497
2024-01-22,147.10000610351562,148.38999938964844,145.83999633789062,145.99000549316406,32200400,-0.0026642941429101397,143.5057155064174,140.85142807733445
2024-01-23,145.88999938964844,147.17999267578125,145.5,147.0399932861328,21636100,0.007192189557235995,144.21428571428572,141.26571364629837
2024-01-24,148.5399932861328,149.85000610351562,148.10000610351562,148.6999969482422,25233500,0.011289470469976637,145.07857186453683,141.65999930245536
2024-01-25,150.07000732421875,153.0500030517578,149.5399932861328,151.8699951171875,29149100,0.02131807823808285,146.41857038225447,142.15428452264695
2024-01-26,151.10000610351562,152.5399932861328,151.00999450683594,152.19000244140625,26115500,0.0021071135478196723,147.9499991280692,142.6623796735491
2024-01-29,152.05999755859375,153.77999877929688,151.42999267578125,153.50999450683594,27784300,0.008673316540210196,149.38285609654017,143.28809393019904
2024-01-30,152.8000030517578,153.6199951171875,151.19000244140625,151.4600067138672,36331800,-0.01335409983926139,150.1085706438337,143.82285635811942
2024-01-31,143.6199951171875,144.0,139.8699951171875,140.10000610351562,71910000,-0.07500330190670379,149.26714215959822,143.8423803420294
2024-02-01,142.1199951171875,143.05999755859375,140.7899932861328,141.16000366210938,40466500,0.007566006512594647,148.42714364188058,143.9847615559896
2024-02-02,139.25999450683594,142.6199951171875,136.5,142.3800048828125,62499600,0.008642683402186657,147.5242876325335,144.14952378045945
2024-02-05,142.82000732421875,145.47000122070312,142.77999877929688,143.67999267578125,38505400,0.009130409807463602,146.35428728376115,144.49666631789435
2024-02-06,144.64999389648438,145.36000061035156,143.19000244140625,144.10000610351562,29128200,0.0029232561883696384,145.19857352120536,144.8952382405599
2024-02-07,144.75999450683594,145.6199951171875,143.92999267578125,145.5399932861328,25208900,0.009992971003642825,144.06000191824776,145.21428571428572
2024-02-08,145.8300018310547,146.3300018310547,145.10000610351562,145.91000366210938,22563800,0.0025423278345844125,143.26714433942522,145.45047651018416
2024-02-09,146.67999267578125,149.44000244140625,146.17999267578125,149.0,26829500,0.021177412516870886,144.53857203892298,145.77047656831286
2024-02-12,148.4199981689453,149.33999633789062,147.3699951171875,147.52999877929688,21564100,-0.009865780004718938,145.44857134137834,146.03000023251488
2024-02-13,144.9199981689453,146.6699981689453,143.69000244140625,145.13999938964844,27837700,-0.016200090892862007,145.84285627092635,146.14857192266555
2024-02-14,146.0800018310547,146.52000427246094,144.08999633789062,145.94000244140625,22704200,0.005511940575458452,146.16571480887276,146.31285749162947
2024-02-15,143.13999938964844,143.52000427246094,140.4600067138672,142.77000427246094,37590700,-0.02172124240040385,145.97571454729353,146.37476239885603
2024-02-16,142.99000549316406,143.19000244140625,140.13999938964844,140.52000427246094,31468900,-0.015759612892538133,145.2585732596261,146.2338104248047
2024-02-20,139.66000366210938,142.0800018310547,139.49000549316406,141.1199951171875,25144700,0.004269789542300506,144.57428632463728,145.98333376929872
2024-02-21,141.4499969482422,142.69000244140625,140.67999267578125,142.5500030517578,23223300,0.010133276530960966,143.6528581891741,145.81952412923178
2024-02-22,144.92999267578125,145.0,142.8000030517578,144.08999633789062,27191900,0.01080317960830679,143.16142926897322,145.67904808407738
2024-02-23,143.6699981689453,144.67999267578125,143.42999267578125,143.9600067138672,19493800,-0.000902141906635956,142.99285888671875,145.45333426339286
2024-02-26,142.13999938964844,142.44000244140625,137.38999938964844,137.57000732421875,53641800,-0.044387323504013865,141.7971452985491,144.77238246372767
2024-02-27,138.02000427246094,139.25,137.08999633789062,138.8800048828125,33099200,0.009522406693680097,141.2414311000279,144.1385730561756
2024-02-28,137.89999389648438,138.00999450683594,135.41000366210938,136.3800048828125,37328600,-0.018001151440839247,140.6500026157924,143.32285926455543
2024-02-29,137.27999877929688,138.86000061035156,136.39999389648438,138.4600067138672,42133000,0.015251516033028212,140.27000427246094,142.7038116455078
2024-03-01,138.42999267578125,138.8699951171875,136.9199981689453,137.13999938964844,31151100,-0.009533491695884355,139.4971466064453,142.56285894484748
2024-03-04,135.66000366210938,135.66000366210938,131.91000366210938,133.35000610351562,55999400,-0.027635943583202982,137.9628622872489,142.19095429920014
2024-03-05,131.8800048828125,133.24000549316406,130.6699981689453,132.6699981689453,40194800,-0.005099421848113295,136.3500039236886,141.72857302711122
2024-03-06,133.1199951171875,133.5800018310547,130.85000610351562,131.39999389648438,35318600,-0.00957265613920999,135.46857343401228,141.14381118047805
2024-03-07,132.7899932861328,134.94000244140625,131.61000061035156,134.3800048828125,37738200,0.022678927890025236,134.82571629115515,140.6809539794922
2024-03-08,134.2100067138672,138.08999633789062,134.0,135.41000366210938,39370400,0.007664821713580849,134.68714468819755,140.19857352120536
2024-03-11,136.1300048828125,139.10000610351562,136.1300048828125,137.6699981689453,32437800,0.01669001141507498,134.57428632463728,139.80619230724517
2024-03-12,137.02999877929688,139.3800048828125,137.02999877929688,138.5,27563400,0.006028923092133098,134.76857212611608,139.30619230724517
2024-03-13,139.0,141.08999633789062,138.99000549316406,139.7899932861328,23347200,0.009314030946807383,135.6885702950614,138.9376206170945
2024-03-14,141.19000244140625,143.58999633789062,140.4600067138672,143.10000610351562,42753400,0.02367846753241931,137.17857142857142,138.8404780796596
2024-03-15,142.5,143.17999267578125,140.02999877929688,141.17999267578125,49475400,-0.013417284038027777,138.57571411132812,138.61381094796317
2024-03-18,148.61000061035156,152.14999389648438,147.1699981689453,147.67999267578125,69273700,0.046040518042292256,140.4757123674665,138.84761991954986
2024-03-19,148.16000366210938,148.7899932861328,146.0800018310547,147.02999877929688,24070400,-0.00440136733965979,142.13571166992188,139.1576196579706
2024-03-20,148.0,148.86000061035156,146.74000549316406,148.74000549316406,21311500,0.011630325294595512,143.7171412876674,139.52047729492188
2024-03-21,149.47000122070312,150.3699951171875,146.89999389648438,147.60000610351562,24755600,-0.00766437641217399,145.01714215959822,139.76095363071985
2024-03-22,149.1199951171875,151.5800018310547,148.97999572753906,150.77000427246094,29211800,0.021476951476018913,146.5857151576451,140.07904924665178
2024-03-25,149.94000244140625,150.3800048828125,147.82000732421875,150.07000732421875,19229300,-0.0046428130822175895,147.58142961774553,140.37000165666853
2024-03-26,150.22000122070312,152.25999450683594,149.97999572753906,150.6699981689453,22149100,0.003998073002224212,148.93714468819755,140.99381074451264
2024-03-27,151.17999267578125,151.63999938964844,148.89999389648438,150.8699951171875,22879200,0.0013273840225174194,149.39285932268416,141.56476266043526
2024-03-28,150.85000610351562,151.42999267578125,150.1699981689453,150.92999267578125,24485400,0.0003976772090907854,149.9500013078962,142.25761922200522
2024-04-01,150.69000244140625,155.74000549316406,150.61000061035156,155.49000549316406,31730800,0.03021276776431292,150.91428702218192,143.06857154482887
2024-04-02,153.5,154.6999969482422,152.14999389648438,154.55999755859375,24586000,-0.005981142849796894,151.90857151576452,143.8980952671596
2024-04-03,153.60000610351562,155.0800018310547,152.72999572753906,154.9199981689453,24705000,0.0023291965323375408,152.50142778669084,144.92523774646577
2024-04-04,153.5,154.77000427246094,150.4499969482422,150.52999877929688,34724700,-0.028337202695167818,152.56714085170202,145.77571396600632
2024-04-05,150.02999877929688,153.4199981689453,149.60000610351562,152.5,23459200,0.013087100489461267,152.82856968470983,146.78047616141183
2024-04-08,152.77999877929688,155.27000427246094,152.61000061035156,154.85000610351562,20702000,0.015409876088626984,153.3971426827567,147.75523812430245
2024-04-09,156.08999633789062,158.55999755859375,155.19000244140625,156.60000610351562,31079500,0.011301258837730588,154.20714460100447,148.76428585960753
2024-04-10,156.2100067138672,156.61000061035156,154.67999267578125,156.13999938964844,22838600,-0.0029374629370264582,154.3000008719308,149.64380972726005
2024-04-11,156.91000366210938,159.67999267578125,156.4600067138672,159.41000366210938,27166400,0.020942771136437832,154.99285888671875,150.63952418736048
2024-04-12,157.9600067138672,160.22000122070312,157.13999938964844,157.72999572753906,25353700,-0.010538911586322475,155.394287109375,151.49381001790366
2024-04-15,158.86000061035156,159.24000549316406,154.58999633789062,154.86000061035156,27136500,-0.018195620331754148,156.01285879952567,152.0538097563244
2024-04-16,154.19000244140625,155.64999389648438,153.42999267578125,154.39999389648438,20779500,-0.0029704682426330287,156.28428649902344,152.68333362397692
2024-04-17,155.6199951171875,157.0800018310547,154.5800018310547,155.47000122070312,21763100,0.006930099524071975,156.37285723005022,153.05428641183036
2024-04-18,155.33999633789062,156.94000244140625,154.6199951171875,156.00999450683594,19883000,0.0034732956962304495,156.288569859096,153.4819052559989
2024-04-19,156.1999969482422,156.36000061035156,152.3000030517578,154.08999633789062,32615600,-0.0123068921001801,155.99571228027344,153.73666672479538
2024-04-22,154.30999755859375,157.63999938964844,154.05999755859375,156.27999877929688,26446200,0.014212489411733031,155.54856872558594,154.1499997093564
2024-04-23,156.9600067138672,158.97000122070312,156.27999877929688,158.25999450683594,21151600,0.012669540203511742,155.62428283691406,154.5066659109933
2024-04-24,157.49000549316406,159.57000732421875,157.1699981689453,159.1300048828125,22779100,0.005497348705765237,156.23428344726562,154.93809436616442
2024-04-25,151.3300018310547,156.49000549316406,150.8699951171875,156.0,57109700,-0.01966948272965563,156.46285574776786,155.19190397716704
2024-04-26,174.3699951171875,174.7100067138672,169.64999389648438,171.9499969482422,64665300,0.10224357018103958,158.81714085170202,156.19571358816964
2024-04-29,169.05999755859375,169.5500030517578,165.2100067138672,166.14999389648438,45610000,-0.033730754025565024,160.26571219308036,156.92047555106026
2024-04-30,165.61000061035156,168.10000610351562,162.60000610351562,162.77999877929688,33562900,-0.020282848275559373,161.50714111328125,157.26761808849517
2024-05-01,164.3000030517578,167.1199951171875,163.08999633789062,163.86000061035156,33493200,0.00663473300868489,162.58999851771765,157.7104753766741
2024-05-02,164.7899932861328,166.72999572753906,163.88999938964844,166.6199951171875,24294500,0.016843613429484927,163.78428431919642,158.26761808849517
2024-05-03,167.55999755859375,167.9600067138672,163.0500030517578,167.24000549316406,34662400,0.003721104274072795,164.94285583496094,159.0633326939174
2024-05-06,167.4600067138672,168.13999938964844,166.02999877929688,168.10000610351562,21871300,0.005142313932695375,166.67142813546317,159.80619012741815
2024-05-07,168.5,171.75999450683594,168.38999938964844,171.25,28039700,0.01873880893582247,166.57142857142858,160.58714221772692
2024-05-08,169.0,170.14999389648438,168.74000549316406,169.3800048828125,19569100,-0.010919679516423364,167.0328587123326,161.19571358816964
2024-05-09,169.38999938964844,170.69000244140625,168.17999267578125,169.9600067138672,15346700,0.0034242638702011163,168.05857413155692,161.8538091750372
2024-05-10,168.02999877929688,169.85000610351562,166.19000244140625,168.64999389648438,29799900,-0.007707771038090505,168.74285888671875,162.29380871000745
2024-05-13,164.25999450683594,169.27999877929688,164.0,169.13999938964844,31327600,0.0029054581138308055,169.1028594970703,162.83714221772692
2024-05-14,169.77000427246094,171.25,168.8000030517578,170.33999633789062,25127100,0.007094696420553603,169.54571533203125,163.57428487141928
2024-05-15,170.6300048828125,172.64999389648438,170.50999450683594,172.50999450683594,26948400,0.012739216951964893,170.17571367536272,164.4366658528646
2024-05-16,173.2899932861328,175.1199951171875,172.69000244140625,174.17999267578125,27867900,0.009680587920250172,170.5942840576172,165.3276178269159
2024-05-17,174.17999267578125,176.27000427246094,173.69000244140625,176.05999755859375,24479300,0.010793460568757407,171.54856872558594,166.28237987699964
2024-05-20,176.19000244140625,178.77000427246094,176.0800018310547,176.9199981689453,22554400,0.004884701932733826,172.54285321916853,167.36952282133558
2024-05-21,176.89999389648438,178.14999389648438,175.80999755859375,177.85000610351562,16989400,0.005256658061245423,173.85714067731584,168.39666602725075
2024-05-22,176.63999938964844,177.14999389648438,175.2100067138672,176.3800048828125,17880000,-0.008265398764437104,174.89142717633928,169.25952366420202
2024-05-23,177.07000732421875,178.25,172.9499969482422,173.5500030517578,21024900,-0.016044912987358995,175.3499995640346,169.9461902436756
2024-05-24,174.97999572753906,175.77000427246094,173.64999389648438,174.99000549316406,16579400,0.00829733457842008,175.70428684779577,170.85047621954055
2024-05-28,174.4499969482422,177.27000427246094,174.3699951171875,176.39999389648438,20572200,0.00805753676815213,176.02142987932478,171.0623808361235
2024-05-29,175.42999267578125,176.83999633789062,174.72000122070312,175.89999389648438,23388700,-0.002834467218255199,175.99857221330916,171.52666655040923
2024-05-30,175.1999969482422,175.22000122070312,171.7899932861328,172.11000061035156,22931500,-0.021546295722802533,175.3114297049386,171.97095235188803
2024-05-31,171.86000061035156,173.05999755859375,169.44000244140625,172.5,37638900,0.002265989124777157,174.5471431187221,172.38238089425224
2024-06-03,172.5399932861328,174.52999877929688,171.16000366210938,173.1699981689453,27459100,0.003884047356204734,174.08857073102678,172.6942858014788
2024-06-04,173.27999877929688,173.85000610351562,171.88999938964844,173.7899932861328,26879600,0.0035802686593704447,174.12285505022322,173.00618998209634
2024-06-05,175.1999969482422,176.64999389648438,173.92999267578125,175.41000366210938,22068500,0.00932165509270333,174.18285478864397,173.35428510393416
2024-06-06,175.89999389648438,177.14999389648438,175.75,176.72999572753906,23251000,0.007525181220407351,174.22999790736608,173.615237281436
2024-06-07,177.0500030517578,177.8699951171875,174.3000030517578,174.4600067138672,19661400,-0.012844390134946093,174.02428545270647,173.85714213053384
2024-06-10,174.97000122070312,177.05999755859375,172.75999450683594,175.00999450683594,23726700,0.003152515028104874,174.4385702950614,174.09761773972284
2024-06-11,176.22000122070312,176.83999633789062,173.77000427246094,176.6199951171875,21540600,0.009199478092027924,175.02714102608817,174.47714160737536
2024-06-12,178.25,180.41000366210935,176.11000061035156,177.7899932861328,27864700,0.0066243811645958495,175.68714032854353,174.88904607863654
2024-06-13,176.11000061035156,176.74000549316406,174.8800048828125,175.16000366210938,20913300,-0.014792675197364824,175.88285609654017,175.11857023693267
2024-06-14,174.22000122070312,177.05999755859375,174.14999389648438,176.7899932861328,18063600,0.009305718143097108,176.07999747140067,175.32237970261346
2024-06-17,175.4600067138672,178.36000061035156,174.80999755859375,177.24000549316406,19618500,0.0025454619838289894,176.1528560093471,175.46809459867933
2024-06-18,177.13999938964844,177.38999938964844,174.10000610351562,175.08999633789062,21869900,-0.012130495873610037,176.24285452706474,175.42190406436012
2024-06-20,175.3699951171875,177.2899932861328,174.99000549316406,176.3000030517578,20160100,0.006910770113514042,176.42714146205358,175.3923804873512
2024-06-21,177.0,180.8500061035156,176.61000061035156,179.6300048828125,57759000,0.01888826870908833,176.85714285714286,175.47714233398438
2024-06-24,180.16000366210935,180.88999938964844,178.6699981689453,179.22000122070312,18298000,-0.0022824898455959808,177.0614297049386,175.6123802548363
2024-06-25,179.6199951171875,184.2899932861328,179.4199981689453,184.02999877929688,23130200,0.026838508681128692,178.32857186453683,176.11142767043341
2024-06-26,182.6300048828125,184.50999450683597,182.47999572753903,183.8800048828125,19839000,-0.0008150513366261825,179.3414306640625,176.53476097470238
2024-06-27,184.17999267578125,186.0500030517578,184.0200042724609,185.41000366210935,18848900,0.008320637038659706,180.5085732596261,176.96380905877976
2024-06-28,184.32000732421875,185.1300048828125,181.9600067138672,182.1499938964844,29156600,-0.017582706980395546,181.51714433942522,177.2614281063988
2024-07-01,183.02999877929688,183.8800048828125,181.3000030517578,182.9900054931641,16006100,0.0046116476795330374,182.47285897391183,177.77952357700892
2024-07-02,182.0500030517578,185.57000732421875,181.55999755859372,185.2400054931641,17372500,0.012295753497226114,183.2742876325335,178.38619050525483
2024-07-03,184.8500061035156,186.08999633789065,184.0,185.82000732421875,10242100,0.003131082994251244,184.21714564732142,178.9885718936012
2024-07-05,185.8600006103516,190.8600006103516,185.8000030517578,190.6000061035156,20967500,0.02572381116612865,185.15571812220983,179.78904869442894
2024-07-08,189.8999938964844,190.1699981689453,187.77999877929688,189.02999877929688,21035900,-0.008237184018588306,185.8914315359933,180.43761989048548
2024-07-09,190.30999755859372,191.3600006103516,188.72000122070312,188.97999572753903,15121400,-0.0002645244251217038,186.40143040248327,181.02095322381882
2024-07-10,189.1499938964844,191.75,189.02999877929688,191.17999267578125,15952500,0.011641427653612979,187.6914302280971,181.817143031529
2024-07-11,189.8500061035156,190.8600006103516,185.0800018310547,185.57000732421875,25625800,-0.029343998150875406,188.06000191824776,182.32000078473772
2024-07-12,185.0800018310547,187.1100006103516,184.4900054931641,185.07000732421875,22898400,-0.002694400928305307,188.0357164655413,182.7223823184059
2024-07-15,184.9199981689453,188.2400054931641,184.9199981689453,186.52999877929688,16474000,0.007888860416590315,188.13714381626673,183.1385730561756
2024-07-16,187.3600006103516,188.67999267578125,183.3699951171875,183.9199981689453,18290700,-0.013992390647253106,187.182856968471,183.5557156517392
2024-07-17,182.97000122070312,183.5500030517578,179.89999389648438,181.0200042724609,20734100,-0.015767692069138306,186.03857203892298,183.75714474632628
2024-07-18,181.92999267578125,182.5,176.47000122070312,177.69000244140625,25315700,-0.018395767055902512,184.42571585518974,183.77857317243303
2024-07-19,178.8800048828125,180.2899932861328,177.1300048828125,177.66000366210938,18881900,-0.00016882648930549582,182.4942888532366,183.9009544735863
2024-07-22,180.58999633789065,182.6999969482422,180.22999572753903,181.6699981689453,24100300,0.02257117203747505,181.93714468819755,184.15666852678572
2024-07-23,182.0500030517578,183.6100006103516,181.5399932861328,181.7899932861328,36352700,0.0006605114680295898,181.46857125418526,184.25952511742003
2024-07-24,173.60000610351562,176.19000244140625,171.82000732421875,172.6300048828125,49585200,-0.050387748179861136,179.48285784040178,183.94571576799666
2024-07-25,172.52000427246094,173.4199981689453,167.19000244140625,167.27999877929688,44852000,-0.030991171593532707,177.10571507045202,183.1480967203776
2024-07-26,167.14999389648438,168.08999633789062,164.05999755859375,167.0,41336900,-0.001673832982664547,175.1028573172433,182.3442869640532
2024-07-29,168.8300018310547,170.42999267578125,167.99000549316406,169.52999877929688,20293800,0.015149693289202792,173.93714250837053,181.58809625534784
2024-07-30,170.24000549316406,171.22999572753906,168.44000244140625,170.2899932861328,18959700,0.0044829499929706085,172.88428388323103,181.0233343215216
2024-07-31,173.24000549316406,174.25,170.00999450683594,171.5399932861328,25729100,0.007340419574153545,171.43714032854353,180.47809564499627
2024-08-01,170.25,174.0500030517578,168.8800048828125,170.75999450683594,24531400,-0.004547037482949046,169.8614262172154,179.788571312314
2024-08-02,166.44000244140625,168.50999450683594,164.6699981689453,166.66000366210938,29130100,-0.024010254020958244,169.0085688999721,178.87619018554688
2024-08-05,155.5,164.42999267578125,154.92999267578125,159.25,53630700,-0.04446179946769113,167.8614262172154,177.38333275204613
2024-08-06,159.3300018310547,160.57000732421875,156.41000366210938,158.2899932861328,49004600,-0.006028299616120503,166.6171395438058,175.91952296665735
2024-08-07,161.25,162.97999572753906,158.47000122070312,158.94000244140625,25138600,0.004106445023965843,165.10428292410714,174.48904709588913
2024-08-08,160.50999450683594,163.69000244140625,160.2100067138672,162.02999877929688,25578800,0.019441275263788693,163.92428370884485,173.1009521484375
2024-08-09,160.00999450683594,163.7899932861328,159.05999755859375,163.6699981689453,28602300,0.010121578732357417,162.7999986921038,172.05809456961495
2024-08-12,164.35000610351562,164.89999389648438,161.83999633789062,162.2899932861328,15895300,-0.008431630098681975,161.58999851771765,170.97333199637276
2024-08-13,163.41000366210938,164.72999572753906,162.97000122070312,164.16000366210938,18551700,0.011522647441851497,161.23285566057478,169.90809413364954
2024-08-14,162.39999389648438,163.22000122070312,157.7100067138672,160.3699951171875,40591100,-0.02308728350617517,161.39285496303015,168.78666541689918
2024-08-15,160.5,161.63999938964844,159.61000061035156,161.3000030517578,31524300,0.005799139258504837,161.82285635811942,167.84761773972284
2024-08-16,161.47000122070312,165.05999755859375,161.1300048828125,162.9600067138672,24208600,0.010291405026053857,162.3971426827567,167.14618937174478
2024-08-19,165.27999877929688,166.69000244140625,164.25999450683594,166.6699981689453,22416200,0.022766269650395188,163.05999973842077,166.6228557768322
2024-08-20,166.89999389648438,168.63999938964844,166.82000732421875,167.17999267578125,18341500,0.0030599058765152787,163.5614275251116,165.93285551525298
2024-08-21,165.14999389648438,166.85000610351562,164.6699981689453,165.85000610351562,22902000,-0.007955417098533535,164.07000078473772,165.17380850655692
2024-08-22,167.25999450683594,167.58999633789062,163.30999755859375,163.8000030517578,22493300,-0.012360584723031587,164.01857212611608,164.75333222888764
2024-08-23,164.72000122070312,166.17999267578125,163.8300018310547,165.6199951171875,13955700,0.011111062463500687,164.76857212611608,164.67428443545387
2024-08-26,166.3800048828125,167.5500030517578,164.4600067138672,166.16000366210938,14190400,0.0032605274776138504,165.46285792759485,164.63428460984002
2024-08-27,165.83999633789062,166.44000244140625,164.4600067138672,164.67999267578125,11821900,-0.008907143438307563,165.7085702078683,164.40333193824404
2024-08-28,165.0399932861328,165.60000610351562,161.52999877929688,162.85000610351562,16407400,-0.011112379485396673,165.16285705566406,164.0490468343099
2024-08-29,164.30999755859375,165.97000122070312,160.25,161.77999877929688,19699800,-0.006570508345812409,164.3914293561663,163.58428519112724
2024-08-30,162.6199951171875,163.66000366210938,161.69000244140625,163.3800048828125,22123800,0.009890011840699708,164.03857203892298,163.2328571137928
2024-09-03,161.72000122070312,161.85000610351562,156.47999572753906,157.36000061035156,38945300,-0.03684664030203022,163.11857169015067,162.78999982561385
2024-09-04,156.66000366210938,159.0,155.9600067138672,156.4499969482422,19353800,-0.005782941399210428,161.8085719517299,162.6566663469587
2024-09-05,156.3000030517578,159.4499969482422,155.97999572753906,157.24000549316406,18688700,0.00504959130924898,160.53428649902344,162.60666692824591
2024-09-06,157.3000030517578,157.8300018310547,150.5500030517578,150.9199981689453,37912100,-0.04019338020497276,158.56857299804688,162.22476196289062
2024-09-09,152.50999450683594,153.39999389648438,147.22000122070312,148.7100067138672,39260500,-0.014643463304340743,156.54857308523995,161.59047662644159
2024-09-10,150.4499969482422,151.27000427246094,148.33999633789062,148.66000366210938,31118800,-0.0003362453735479276,154.6742880684989,160.87571498325892
2024-09-11,149.9199981689453,151.5,147.52000427246094,151.16000366210938,29607700,0.01681689720445778,152.92857360839844,160.34571547735305
2024-09-12,153.8000030517578,154.82000732421875,152.64999389648438,154.69000244140625,29621500,0.023352730178463954,152.5471452985491,159.89476303827195
2024-09-13,155.42999267578125,158.3800048828125,155.2100067138672,157.4600067138672,29591200,0.017906808641432237,152.6914324079241,159.75619216192337
2024-09-16,157.30999755859375,158.25,156.60000610351562,158.05999755859375,18379800,0.0038104332474522273,152.80857413155692,159.60190618605841
2024-09-17,159.02000427246094,160.5500030517578,158.3800048828125,159.32000732421875,20715600,0.007971718240460612,154.00857543945312,159.42857288178942
2024-09-18,159.86000061035156,160.5,158.60000610351562,159.80999755859375,23677300,0.003075509740455118,155.5942884172712,159.10190618605841
2024-09-19,163.7100067138672,163.7899932861328,161.33999633789062,162.13999938964844,26587700,0.01457982520899792,157.52000209263392,158.86190650576637
2024-09-20,163.5,163.72999572753906,162.05999755859375,163.58999633789062,40896400,0.008942870073396447,159.29571533203125,158.75428699311755
2024-09-23,164.35000610351562,165.49000549316406,161.6699981689453,161.85000610351562,24150900,-0.010636287507343023,160.31857299804688,158.6614299955822
2024-09-24,163.02999877929688,163.22000122070312,160.69000244140625,162.2899932861328,23332100,0.002718487278497772,161.0085710797991,158.50285847981772
2024-09-25,161.47000122070312,162.80999755859375,161.3000030517578,161.49000549316406,18869200,-0.004929372272252763,161.49857221330916,158.28047761462983
2024-09-26,163.63999938964844,164.0800018310547,162.27999877929688,162.72999572753906,20319300,0.007678433291201436,161.9857134137835,158.1876206170945
2024-09-27,162.80999755859375,165.6999969482422,162.6300048828125,163.9499969482422,21101300,0.007497088752744796,162.57714189801897,158.24000113351005
2024-09-30,163.32000732421875,166.14999389648438,163.25999450683594,165.85000610351562,20413900,0.011588955112169064,163.10714285714286,158.4338110060919
2024-10-01,167.69000244140625,169.16000366210938,164.5800018310547,166.99000549316406,28338100,0.0068736771039785705,163.59285845075334,158.605715797061
2024-10-02,166.4199981689453,167.52000427246094,164.72999572753906,165.86000061035156,17760200,-0.006766901285351179,164.16571480887276,159.0104777018229
2024-10-03,164.41000366210938,166.63999938964844,163.9199981689453,165.86000061035156,15073100,0.0,164.67571585518974,159.45857311430433
2024-10-04,168.05999755859375,168.22999572753906,165.47999572753906,167.05999755859375,19047400,0.007234999058400415,165.47142900739397,159.92619178408668
2024-10-07,167.72000122070312,168.47999572753906,162.75,162.97999572753906,22463100,-0.02442237454016294,165.50714329310827,160.50047738211495
2024-10-08,163.94000244140625,164.72999572753906,162.8699951171875,164.3800048828125,23072700,0.008590067443699612,165.56857299804688,161.24666777111236
2024-10-09,163.4499969482422,164.83999633789062,159.74000549316406,161.86000061035156,31181800,-0.015330357693184582,164.99857221330916,161.87523905436197
2024-10-10,160.8699951171875,163.07000732421875,160.39999389648438,162.0800018310547,14144100,0.001359206844640637,164.2971431187221,162.3952389671689
2024-10-11,162.1300048828125,163.89999389648438,161.24000549316406,163.24000549316406,15344300,0.00715698203976145,163.92285810198103,162.80238196963356
2024-10-14,163.63999938964844,166.22999572753906,163.39999389648438,164.9600067138672,19016100,0.010536640301541444,163.7942875453404,163.15952482677642
2024-10-15,165.7899932861328,167.67999267578125,164.6300048828125,165.4600067138672,20247200,0.003031037703989048,163.56571742466517,163.51190621512276
2024-10-16,164.52999877929688,165.8000030517578,163.74000549316406,165.16000366210938,16406000,-0.0018131454102779943,163.8771471296038,163.79000127883185
2024-10-17,165.72999572753906,166.3699951171875,162.75999450683594,162.92999267578125,21453400,-0.013502124829752216,163.67000252859933,163.9385724748884
2024-10-18,163.19000244140625,164.7100067138672,163.0800018310547,163.4199981689453,19757700,0.003007460352245417,163.89285932268416,163.99952479771204
2024-10-21,162.9499969482422,164.5,162.6199951171875,164.07000732421875,20946500,0.003977537403968556,164.1771458217076,164.02238246372767
2024-10-22,162.97999572753906,165.77000427246094,162.97999572753906,165.13999938964844,16568100,0.006521557979303871,164.44857352120536,164.1790488106864
2024-10-23,164.75999450683594,165.82000732421875,161.92999267578125,162.77999877929688,18280500,-0.014290908435715344,164.13714381626673,164.20238240559897
2024-10-24,162.8300018310547,163.3300018310547,161.00999450683594,162.72000122070312,22412500,-0.000368580655139894,163.74571446010046,164.26095363071985
2024-10-25,163.6699981689453,165.58999633789062,163.4199981689453,165.27000427246094,19828900,0.01567111008252242,163.7614288330078,164.3819064185733
2024-10-28,168.75,168.75,163.9499969482422,166.72000122070312,32138600,0.00877350342323302,164.30285862513952,164.51381138392858
2024-10-29,167.72999572753906,170.3800048828125,167.08999633789062,169.67999267578125,42169000,0.017754267234917354,165.1971435546875,164.6961916968936
2024-10-30,180.67999267578125,182.0200042724609,174.05999755859375,174.4600067138672,68890800,0.028170758158974074,166.68142918178015,165.0519060407366
2024-10-31,173.1300048828125,176.82000732421875,171.0,171.11000061035156,44769000,-0.01920214361226058,167.53428649902344,165.3019060407366
2024-11-01,170.07000732421875,172.32000732421875,168.8800048828125,171.2899932861328,31796500,0.001051912074917949,168.75,165.56047712053572
2024-11-04,169.92999267578125,170.72999572753906,168.00999450683594,169.24000549316406,21492700,-0.011967936676512858,169.68142918178015,165.66428702218192
2024-11-05,169.42999267578125,170.52999877929688,168.83999633789062,169.74000549316406,18242100,0.0029543842104176044,170.32000078473772,165.98619224911644
2024-11-06,173.8000030517578,176.94000244140625,173.5,176.50999450683594,33695500,0.0398844632648756,171.71857125418526,166.56381080264137
2024-11-07,177.41000366210938,181.0800018310547,177.19000244140625,180.75,25352900,0.024021333777787035,173.3000008719308,167.46333458310082
2024-11-08,180.6499938964844,180.8999938964844,178.0800018310547,178.35000610351562,22006200,-0.013277974531033854,173.85571507045202,168.23809669131325
2024-11-11,178.5800018310547,180.5500030517578,178.47000122070312,180.3500061035156,17450400,0.011213904858736967,175.17571585518974,169.05285862513952
2024-11-12,179.82000732421875,182.4900054931641,179.38999938964844,181.6199951171875,25134900,0.007041801889061006,176.65143040248327,169.84619140625
2024-11-13,180.4600067138672,180.9600067138672,178.5399932861328,178.8800048828125,23184000,-0.015086390860252319,178.02857317243303,170.48523893810454
2024-11-14,178.27999877929688,178.82000732421875,174.32000732421875,175.5800018310547,31007500,-0.018448138202588393,178.86285836356026,170.98142932710192
2024-11-15,173.72999572753906,174.13999938964844,171.22000122070312,172.49000549316406,32504600,-0.017598794314080624,178.28857421875,171.43666803269159
2024-11-18,173.4199981689453,175.44000244140625,172.89999389648438,175.3000030517578,20135300,0.016290784793934643,177.51000322614397,172.00238255092077
2024-11-19,173.72000122070312,178.8699951171875,173.55999755859375,178.1199951171875,23434900,0.016086662956857234,177.4771445138114,172.67142958868118
2024-11-20,177.33999633789062,177.67999267578125,173.77999877929688,175.97999572753906,18997100,-0.012014369235977762,176.8528573172433,173.18761989048548
2024-11-21,173.89999389648438,174.1300048828125,163.6999969482422,167.6300048828125,59734400,-0.047448522829006246,174.85428728376115,173.41857256208147
2024-11-22,165.85000610351562,166.4600067138672,163.89999389648438,164.75999450683594,38604600,-0.01712110178594184,172.83714294433594,173.51571509951637
2024-11-25,166.08999633789062,168.6300048828125,165.61000061035156,167.64999389648438,33135300,0.017540662090326453,171.70428466796875,173.62904793875558
2024-11-26,167.6300048828125,169.82000732421875,167.5800018310547,169.1199951171875,20486700,0.008768274823861777,171.2228546142578,173.7433333623977
2024-11-27,169.0,169.47999572753906,168.02000427246094,169.22999572753906,19266500,0.0006504293609714829,170.35571071079798,173.7219049362909
2024-11-29,168.5,169.42999267578125,167.16000366210938,168.9499969482422,14257200,-0.001654545803733698,169.04571097237724,173.45952351888022
2024-12-02,168.77000427246094,172.0800018310547,168.57000732421875,171.49000549316406,23789100,0.015034084585985541,168.40428379603796,173.47761898949034
2024-12-03,171.49000549316406,172.67999267578125,170.85000610351562,171.33999633789062,22248700,-0.000874739929257351,168.93428257533483,173.48000008719308
2024-12-04,171.14999389648438,174.91000366210938,171.05999755859375,174.3699951171875,31615100,0.01768413005753522,170.30713980538505,173.72428530738466
2024-12-05,175.36000061035156,176.05999755859375,172.3300018310547,172.63999938964844,21356200,-0.009921407214448785,171.0199977329799,173.8623802548363
2024-12-06,172.02999877929688,175.0800018310547,171.86000061035156,174.7100067138672,21462400,0.011990311234575168,171.81857081821985,173.77666655040923
2024-12-09,173.9600067138672,176.25999450683594,173.64999389648438,175.3699951171875,25389600,0.0037776222194372266,172.69571358816964,173.52047584170387
2024-12-10,182.8500061035156,186.3600006103516,181.0500030517578,185.1699981689453,54813000,0.05588186876101098,175.01285661969865,173.84523736862909
2024-12-11,185.30999755859372,195.6100006103516,184.8500061035156,195.3999938964844,67894100,0.055246507688602176,178.42856924874442,174.56190345400856
2024-12-12,195.0,195.17999267578125,191.7100067138672,191.9600067138672,34817500,-0.017604847953268554,181.37428501674108,175.05428495861236
2024-12-13,191.00999450683597,192.72999572753903,189.63999938964844,189.82000732421875,25143500,-0.011148152296318159,183.58142961774553,175.57523745582216
2024-12-16,192.8699951171875,199.0,192.6199951171875,196.66000366210935,44934900,0.03603411692112979,187.01285879952567,176.57904706682478
2024-12-17,197.25,201.4199981689453,194.97999572753903,195.4199981689453,43504000,-0.006305326299569036,189.97142900739397,177.6709514799572
2024-12-18,195.22000122070312,197.0,187.7400054931641,188.3999938964844,34166100,-0.03592265038500275,191.8328574044364,178.29476056780135
2024-12-19,191.6300048828125,193.02999877929688,188.3800048828125,188.50999450683597,32265200,0.0005838673774691827,192.30999973842077,178.7895224434989
2024-12-20,185.77999877929688,192.88999938964844,185.22000122070312,191.41000366210935,63462900,0.01538384828274042,191.74000113351005,179.52428472609748
2024-12-23,192.6199951171875,195.1000061035156,190.1499938964844,194.6300048828125,25675000,0.016822533614216484,192.12142944335938,180.80999901181175
2024-12-24,194.83999633789065,196.1100006103516,193.77999877929688,196.1100006103516,10403300,0.00760414987622382,193.01999991280692,182.3028564453125
2024-12-26,195.1499938964844,196.75,194.3800048828125,195.6000061035156,12046600,-0.0026005532876892667,192.86857169015067,183.6338094075521
2024-12-27,194.9499969482422,195.32000732421875,190.6499938964844,192.75999450683597,18891400,-0.014519486237524082,192.4885711669922,184.75952366420202
2024-12-30,189.8000030517578,192.5500030517578,189.1199951171875,191.2400054931641,14264700,-0.007885396643430465,192.894287109375,185.80761936732702
2024-12-31,191.0800018310547,191.9600067138672,188.50999450683597,189.3000030517578,17466900,-0.010144333746505918,193.00714547293526,186.77666727701822
2025-01-02,190.6499938964844,192.0,187.5,189.42999267578125,20370800,0.0006866857999356935,192.72428676060267,187.63095238095238
2025-01-03,191.3699951171875,193.2100067138672,189.97999572753903,191.7899932861328,18596200,0.01245843161906679,192.31857081821985,188.6047617594401
2025-01-06,193.97999572753903,198.22000122070312,193.8500061035156,196.8699951171875,29563600,0.026487314296298026,192.42714146205358,189.67619033086868
2025-01-07,197.1100006103516,201.0,194.6000061035156,195.4900054931641,26487200,-0.007009649302840537,192.4114270891462,190.76428585960753
2025-01-08,192.57000732421875,196.2899932861328,192.3800048828125,193.9499969482422,24864800,-0.00787768428895852,192.58142743791853,191.68047587076822
2025-01-10,194.3000030517578,196.5200042724609,190.30999755859372,192.0399932861328,26665200,-0.009847917979700083,192.69571140834265,192.47428530738466
2025-01-13,190.07000732421875,191.17999267578125,187.3600006103516,191.00999450683597,21823700,-0.005363459775600932,192.93999590192524,192.75238037109375
2025-01-14,191.2400054931641,191.97999572753903,188.30999755859372,189.66000366210935,17174900,-0.007067645063349337,192.9728546142578,192.47904750279017
2025-01-15,193.08999633789065,196.3600006103516,191.8600006103516,195.5500030517578,21776000,0.031055569313084286,193.50999886648995,192.6499997093564
2025-01-16,194.13999938964844,195.47999572753903,192.80999755859372,192.91000366210935,17815400,-0.013500380201731388,192.9442858014788,192.7971423921131
2025-01-17,196.52999877929688,197.22999572753903,193.75,196.0,27735100,0.01601781286212045,193.01714215959822,192.76571364629837
2025-01-21,199.07000732421875,202.2899932861328,197.8699951171875,198.0500030517578,29971300,0.010459199243662232,193.6028573172433,192.89095197405135
2025-01-22,199.05999755859372,200.47999572753903,197.52999877929688,198.3699951171875,26200600,0.0016157135092094155,194.50714329310827,193.36571393694197
2025-01-23,198.13999938964844,200.3000030517578,195.1999969482422,197.97999572753903,26951400,-0.00196602005972768,195.50285775320867,193.81666637602308
2025-01-24,198.1000061035156,200.8999938964844,198.0,200.2100067138672,23877500,0.011263819751754722,197.01000104631697,194.23571414039247
2025-01-27,192.41000366210935,196.8800048828125,190.72999572753903,191.80999755859372,41728900,-0.04195599057782584,196.47571454729353,194.10142807733445
2025-01-28,192.75,195.47999572753903,190.67999267578125,195.3000030517578,24157900,0.018195117760209323,196.817143031529,194.06285676502046
2025-01-29,195.55999755859372,196.7899932861328,193.42999267578125,195.41000366210935,18218300,0.0005632391635057576,196.73285784040178,194.0538090297154
2025-01-30,198.0,201.3999938964844,197.6699981689453,200.8699951171875,24354700,0.02794120747533091,197.1357138497489,194.43999953497024
2025-01-31,202.0,205.47999572753903,201.8000030517578,204.0200042724609,32001100,0.015681830197863622,197.94285801478796,195.04857090541296
2025-02-03,200.69000244140625,203.75,200.1000061035156,201.22999572753903,27838300,-0.013675171485615367,198.40714372907365,195.61666579473587
2025-02-04,203.38999938964844,207.0500030517578,202.80999755859372,206.3800048828125,43856400,0.025592651516260334,199.28857203892298,196.4238092331659
2025-02-05,191.07000732421875,192.75,188.02999877929688,191.3300018310547,70373900,-0.07292374598161078,199.22000122070312,196.4019048781622
2025-02-06,189.5,192.1000061035156,188.72000122070312,191.6000061035156,29297400,0.0014111967275227677,198.6914302280971,196.1509530203683
2025-02-07,191.0500030517578,191.17999267578125,183.2400054931641,185.33999633789065,49315000,-0.03267228374848197,197.2528577532087,195.66761925106957
2025-02-10,187.3500061035156,188.1999969482422,185.8600006103516,186.47000122070312,23105600,0.0060969294547323916,195.19571576799666,195.31142897832962
2025-02-11,185.02999877929688,186.94000244140625,184.27999877929688,185.32000732421875,21239500,-0.006167179111685961,192.5242876325335,194.99142964680988
2025-02-12,183.22000122070312,185.1100006103516,181.8300018310547,183.6100006103516,22072600,-0.009227318402138196,190.00714547293526,194.63904898507252
2025-02-13,184.32000732421875,186.27999877929688,183.13999938964844,186.13999938964844,21402500,0.013779199231450878,187.11571611676897,194.47142973400295
2025-02-14,185.05999755859372,186.3999938964844,184.32000732421875,185.22999572753903,20448400,-0.0048888130713081734,186.2442866734096,193.98000081380206
2025-02-18,185.6000061035156,185.9600067138672,181.7400054931641,183.7700042724609,29916700,-0.007882046583997493,185.12571498325892,193.54476274762834
2025-02-19,184.07000732421875,185.4600067138672,183.58999633789065,185.2700042724609,19549400,0.008162376694381912,185.11571611676897,193.03381057012646
2025-02-20,184.8000030517578,185.30999755859372,182.72000122070312,184.55999755859372,20441500,-0.0038322809817774584,184.8428584507533,192.39142935616627
2025-02-21,185.1499938964844,185.33999633789065,179.0800018310547,179.66000366210938,35199200,-0.026549598836707378,184.0342864990234,191.50047738211492
2025-02-24,181.9900054931641,183.1199951171875,178.88999938964844,179.25,29854200,-0.0022821087262164808,183.4114292689732,190.6085728236607
2025-02-25,178.0399932861328,178.74000549316406,174.69000244140625,175.4199981689453,41913400,-0.021366816351769513,181.88000052315846,189.42809622628346
2025-02-26,175.07000732421875,176.0800018310547,171.5800018310547,172.72999572753906,35431300,-0.015334639547855522,180.09428623744415,188.51952471051897
2025-02-27,173.99000549316406,174.55999755859375,167.94000244140625,168.5,39991000,-0.024489062885240664,177.91285705566403,187.24333408900668
2025-02-28,168.67999267578125,170.61000061035156,166.77000427246094,170.27999877929688,48130600,0.010563790975055554,175.77142769949776,186.04666718982514
2025-03-03,171.92999267578125,173.3699951171875,165.92999267578125,167.00999450683594,40770500,-0.019203689780966315,173.26428440638952,184.43428620837983
2025-03-04,166.24000549316406,173.2899932861328,165.8000030517578,170.9199981689453,45388000,0.02341179444772301,172.01571219308036,182.85809544154577
2025-03-05,170.52000427246094,173.77999877929688,169.05999755859375,173.02000427246094,30954900,0.012286485642480915,171.12571280343192,181.51476251511346
2025-03-06,170.52999877929688,174.80999755859375,170.5,172.35000610351562,28302000,-0.0038723740168810084,170.68714250837053,179.89428638276598
2025-03-07,171.25999450683594,174.97000122070312,170.27000427246094,173.86000061035156,27385800,0.00876120947700465,170.84857177734375,179.06238156273253
2025-03-10,168.25999450683594,168.4600067138672,163.69000244140625,165.8699951171875,43604000,-0.04595654817160022,170.47285679408483,177.83714294433594
2025-03-11,164.91000366210938,166.75,161.3699951171875,164.0399932861328,39587400,-0.01103274784424868,169.58142743791853,176.8228570847284
2025-03-12,166.5800018310547,167.63999938964844,163.52999877929688,167.11000061035156,28372400,0.018714992988714485,169.59571402413505,175.9009522937593
2025-03-13,166.0399932861328,166.1300048828125,162.11000061035156,162.75999450683594,31756200,-0.026030794612098007,168.42999921526228,174.82666596912202
2025-03-14,163.27000427246094,166.49000549316406,162.4499969482422,165.49000549316406,31995900,0.016773231005567935,167.35428510393416,173.96380905877976
2025-03-17,165.02999877929688,166.3000030517578,163.6699981689453,164.2899932861328,31184300,-0.007251266947844837,166.2028547014509,172.92333257765998
2025-03-18,163.67999267578125,164.25,156.72000122070312,160.6699981689453,42074800,-0.022034178983030284,164.31856863839286,171.7538088843936
2025-03-19,161.75999450683594,165.8699951171875,161.0,163.88999938964844,34275600,0.02004108581190911,164.03571210588728,170.80714198521204
2025-03-20,161.57000732421875,164.88999938964844,160.9600067138672,162.8000030517578,28138500,-0.0066507800472874745,163.8585706438337,169.73714192708334
2025-03-21,161.2100067138672,164.24000549316406,160.88999938964844,163.99000549316406,36625800,0.007309597168913662,163.41285705566406,168.7576184953962
2025-03-24,167.07000732421875,168.32000732421875,165.13999938964844,167.67999267578125,30879100,0.022501293121616417,164.11571393694197,168.18714178176154
2025-03-25,168.97999572753906,170.6300048828125,168.32000732421875,170.55999755859375,24174400,0.01717560238913629,164.83999851771765,167.77333214169457
2025-03-26,169.0,169.61000061035156,164.83999633789062,165.05999755859375,28901600,-0.03224671715951766,164.9499991280692,167.27999877929688
2025-03-27,164.6300048828125,165.4199981689453,162.0,162.24000549316406,24508300,-0.017084648655884216,165.17428588867188,166.78047543480284
2025-03-28,160.49000549316406,161.82000732421875,153.6300048828125,154.3300018310547,48669300,-0.04875495188788481,163.8085719517299,166.10571361723402
2025-03-31,153.11000061035156,155.5399932861328,150.66000366210938,154.63999938964844,54603500,0.002008666849710128,162.64285714285714,165.36095174153647
2025-04-01,153.6199951171875,158.10000610351562,153.6199951171875,157.07000732421875,30672900,0.015713967564416453,161.65428597586495,164.8876190185547
2025-04-02,155.14999389648438,158.41000366210938,154.6999969482422,157.0399932861328,25041700,-0.00019108701016345986,160.13428606305803,164.22666640508743
2025-04-03,151.11000061035156,152.77999877929688,150.38999938964844,150.72000122070312,46883400,-0.04024447488299632,157.3000008719308,163.16476149786087
2025-04-04,148.00999450683594,151.07000732421875,145.3800048828125,145.60000610351562,62259500,-0.03397024333678289,154.52000209263392,161.89095197405135
2025-04-07,141.5500030517578,152.85000610351562,140.52999877929688,146.75,76794100,0.007898309397506242,152.30714416503906,160.5999995640346
2025-04-08,151.22000122070312,152.24000549316406,143.02999877929688,144.6999969482422,52200200,-0.013969356400393984,150.93142918178015,159.59190441313245
2025-04-09,144.4199981689453,159.5500030517578,143.91000366210938,158.7100067138672,70406200,0.09682107851485466,151.51285879952567,159.33809552873885
2025-04-10,156.5399932861328,157.72000122070312,149.92999267578125,152.82000732421875,48022000,-0.037111707771944835,150.9057159423828,158.6576196579706
2025-04-11,152.89999389648438,157.6699981689453,152.82000732421875,157.13999938964844,33636200,0.028268497960901806,150.92000252859933,158.39000084286644
2025-04-14,160.0,161.72000122070312,157.55999755859375,159.07000732421875,30333000,0.012282092033006897,152.11286054338728,158.08428664434524
2025-04-15,159.1300048828125,159.64999389648438,155.2100067138672,156.30999755859375,27551500,-0.017350912419331843,153.64285932268416,157.70428684779577
2025-04-16,153.10000610351562,155.88999938964844,151.50999450683594,153.3300018310547,28187400,-0.01906465212771813,154.5828595842634,157.3547632126581
2025-04-17,154.2899932861328,154.67999267578125,148.5,151.16000366210938,33046600,-0.014152469464758122,155.50571768624442,156.74857293991815
2025-04-21,148.8800048828125,148.9499969482422,146.10000610351562,147.6699981689453,26049100,-0.023088154330594857,153.92857360839844,156.0280965169271
2025-04-22,148.88999938964844,152.19000244140625,148.5399932861328,151.47000122070312,26971800,0.025733074415090984,153.73571559361048,155.43190583728608
2025-04-23,155.61000061035156,157.52999877929688,153.80999755859375,155.35000610351562,31128800,0.025615665488501804,153.4800022670201,154.84476361955916
2025-04-24,156.14999389648438,159.58999633789062,155.7899932861328,159.27999877929688,45894000,0.025297666696984633,153.51000104631697,154.30762082054503
2025-04-25,165.07000732421875,166.10000610351562,161.0399932861328,161.9600067138672,56034000,0.016825765664927106,154.31714521135603,154.16000220889137
2025-04-28,162.42999267578125,163.14999389648438,158.60000610351562,160.61000061035156,29745800,-0.00833542879447191,155.35714503696985,154.08238292875745
2025-04-29,160.32000732421875,160.74000549316406,157.52000427246094,160.16000366210938,26809000,-0.002801799056921128,156.64285932268416,154.36000206356957
2025-04-30,157.97999572753906,159.27000427246094,155.39999389648438,158.8000030517578,34981100,-0.008491512108233734,158.2328600202288,154.55809747605096
2025-05-01,160.4499969482422,161.9499969482422,158.91000366210938,161.3000030517578,30203200,0.0157430727453145,159.63714599609375,154.759525844029
2025-05-02,163.41000366210938,164.97000122070312,161.8699951171875,164.02999877929688,25715000,0.01692495769304525,160.87714494977678,155.0923832484654
2025-05-05,163.0,165.38999938964844,162.72000122070312,164.2100067138672,21341800,0.001097408619825213,161.58143179757255,155.7347644624256
2025-05-06,162.1699981689453,164.8000030517578,161.19000244140625,163.22999572753906,21277200,-0.005968034506178221,161.76285879952567,156.5742877778553
2025-05-07,164.0800018310547,165.0,147.83999633789062,151.3800048828125,127490100,-0.07259689490224808,160.4442879813058,156.79476420084634
2025-05-08,155.0,155.92999267578125,152.89999389648438,154.27999877929688,57498700,0.01915704718552047,159.60428728376115,157.2509547642299
2025-05-09,154.1699981689453,155.0500030517578,152.1999969482422,152.75,32435300,-0.009917026130429218,158.74000113351005,156.96714492071243
2025-05-12,157.49000549316406,159.10000610351562,156.25,158.4600067138672,44138800,0.03738138601549723,158.33428737095423,157.2357163202195
2025-05-13,158.7899932861328,160.57000732421875,156.16000366210938,159.52999877929688,42382100,0.00675244238353323,157.6914302280971,157.34952581496466
2025-05-14,159.9600067138672,167.0,159.61000061035156,165.3699951171875,48755900,0.036607511957484684,157.85714285714286,157.64952523367745
2025-05-15,165.83999633789062,166.2100067138672,162.3699951171875,163.9600067138672,33146700,-0.00852626501150433,157.961430140904,158.01381138392858
2025-05-16,167.72999572753906,169.35000610351562,165.6199951171875,166.19000244140625,42846900,0.013600851648113865,160.077144077846,158.6261923653739
2025-05-19,164.50999450683594,166.63999938964844,164.22000122070312,166.5399932861328,30426100,0.002105968106294265,161.82857186453683,159.35857282366072
2025-05-20,166.42999267578125,168.5,162.89999389648438,163.97999572753906,46607700,-0.015371668438796005,163.432856968471,160.13523937406995
2025-05-21,163.69000244140625,173.13999938964844,163.55999755859375,168.55999755859375,73416000,0.027930247288605825,164.87571280343192,160.9490487234933
2025-05-22,171.85000610351562,176.77000427246094,170.7100067138672,170.8699951171875,74864400,0.013704304651468435,166.49571228027344,161.68809581938245
2025-05-23,169.05999755859375,169.9600067138672,167.88999938964844,168.47000122070312,35211400,-0.014045730467999284,166.9385702950614,162.12571498325892
2025-05-27,170.16000366210938,173.1699981689453,170.0,172.89999389648438,37995700,0.02629543920984334,168.21571132114954,162.64666675385973
2025-05-28,173.16000366210938,175.27000427246094,171.91000366210938,172.36000061035156,34784000,-0.003123153876200324,169.0971396309989,163.20619056338356
2025-05-29,174.0,174.4199981689453,170.6300048828125,171.86000061035156,29317300,-0.002900905072113158,169.85714067731584,163.76333327520462
2025-05-30,171.35000610351562,172.2100067138672,167.44000244140625,171.74000549316406,52639900,-0.0006982143416812692,170.96571350097656,164.37952386765252
2025-06-02,167.83999633789062,169.8699951171875,167.38999938964844,169.02999877929688,38612300,-0.015779705526881793,171.03285653250558,164.74761890229723
2025-06-03,167.49000549316406,168.47999572753906,165.27999877929688,166.17999267578125,45084900,-0.016860948494928918,170.36285618373327,164.8499995640346
2025-06-04,166.74000549316406,168.22000122070312,166.36000061035156,168.0500030517578,26900800,0.011252921280511696,170.3028564453125,165.03285653250558
2025-06-05,170.33999633789062,170.92999267578125,167.58999633789062,168.2100067138672,36379100,0.0009521193644970172,169.6328582763672,165.26999991280692
2025-06-06,170.8300018310547,174.5,170.8300018310547,173.67999267578125,35731800,0.03251879046184669,169.82142857142858,166.33190409342447
2025-06-09,174.5399932861328,176.47000122070312,174.3699951171875,176.08999633789062,28935900,0.013876115636464181,170.42571367536272,167.37047540573846
2025-06-10,176.1999969482422,181.1100006103516,174.91000366210938,178.60000610351562,61766100,0.014254130375519258,171.4057137625558,168.60142807733445
2025-06-11,179.77000427246094,180.3699951171875,176.75,177.35000610351562,31646800,-0.006998879939990044,172.5942862374442,169.5009518577939
2025-06-12,176.17999267578125,176.72000122070312,174.75,175.6999969482422,20941900,-0.009303688178676217,173.95428684779577,170.27095177060082
2025-06-13,172.44000244140625,177.1300048828125,172.38999938964844,174.6699981689453,27663100,-0.005862258378981577,174.9000004359654,170.71380905877976
2025-06-16,174.72999572753906,176.94000244140625,174.64999389648438,176.77000427246094,27389200,0.01202270639222447,176.12285723005022,171.32380894252233
2025-06-17,175.6999969482422,177.36000061035156,174.5800018310547,175.9499969482422,24973000,-0.004638837497310089,176.4471435546875,171.78857058570497
2025-06-18,176.00999450683594,176.55999755859375,173.1999969482422,173.32000732421875,28707500,-0.014947369534749622,176.05143083844865,172.1114283970424
2025-06-20,173.9499969482422,174.33999633789062,165.4600067138672,166.63999938964844,75659900,-0.0385414704147482,174.34285845075334,172.23809523809524
2025-06-23,166.27000427246094,167.33999633789062,162.0,165.19000244140625,57671000,-0.008701373941149115,172.60571507045202,172.07761928013392
2025-06-24,166.9199981689453,168.22000122070312,166.1300048828125,166.77000427246094,40524300,0.009564754571724787,171.3300018310547,171.88238162086122
2025-06-25,167.6300048828125,172.36000061035156,167.5500030517578,170.67999267578125,35479000,0.02344539367482623,170.76000104631697,171.9876193091983
2025-06-26,172.42999267578125,173.69000244140625,169.94000244140625,173.5399932861328,31796700,0.01675650769322634,170.29857090541296,172.01809547061012
2025-06-27,173.5399932861328,178.67999267578125,171.72999572753906,178.52999877929688,108140200,0.028754210477215603,170.6671425955636,172.31190490722656
2025-06-30,180.77999877929688,181.22999572753903,174.5800018310547,176.22999572753906,63378900,-0.01288300603531134,171.08285522460938,172.51999991280692
2025-07-01,175.74000549316406,176.08999633789062,173.52999877929688,175.83999633789062,35904500,-0.002213013670223307,172.3971405029297,172.71523757207962
2025-07-02,175.5399932861328,178.86000061035156,175.07000732421875,178.63999938964844,29128900,0.015923584565922022,174.31856863839286,173.17285664876303
2025-07-03,178.5,179.6699981689453,177.0500030517578,179.52999877929688,21689700,0.004982083479003974,176.14142499651228,173.80857122512091
2025-07-07,179.05999755859375,179.3000030517578,175.67999267578125,176.7899932861328,34175600,-0.015262103892355383,177.0142822265625,174.2247612362816
2025-07-08,177.85000610351562,177.9499969482422,172.80999755859375,174.36000061035156,40442500,-0.01374508042346223,177.13142613002233,174.51761808849517
2025-07-09,175.25,179.44000244140625,172.77000427246094,176.6199951171875,43025600,0.012961656910557284,176.8585684640067,174.6576182047526
2025-07-10,175.6300048828125,178.42999267578125,174.3800048828125,177.6199951171875,29252400,0.0056618731040984915,177.05713980538505,174.73047528948103
2025-07-11,176.7899932861328,181.42999267578125,176.47999572753906,180.19000244140625,34282900,0.014469132951631547,177.67856924874442,174.80618940080916
2025-07-14,181.00999450683597,183.6699981689453,179.67999267578125,181.55999755859372,32536600,0.007603058430686094,178.09571184430803,175.0066651843843
2025-07-15,182.80999755859372,184.22000122070312,181.6000061035156,182.0,33448300,0.0024234547660437755,178.44856916155135,175.3066653297061
2025-07-16,183.2400054931641,184.3300018310547,182.02999877929688,182.97000122070312,33104200,0.005329677036830294,179.33142743791853,175.70190357026598
2025-07-17,182.13999938964844,184.05999755859372,180.47999572753903,183.5800018310547,31992600,0.0033338831845759476,180.64857046944755,176.02618916829428
2025-07-18,185.3999938964844,186.4199981689453,183.7100067138672,185.05999755859372,34014500,0.008061857025696284,181.85428510393416,176.45999872116815
2025-07-21,186.25,190.2899932861328,186.1499938964844,190.1000061035156,45803100,0.0272344569945544,183.63714381626673,177.25904628208704
2025-07-22,191.5,191.6499938964844,187.4600067138672,191.33999633789065,44660200,0.0065228311129030825,185.23000008719308,178.43523661295572
2025-07-23,191.5,192.52999877929688,189.17999267578125,190.22999572753903,58681900,-0.005801194897022244,186.46857125418526,179.62761724562873
2025-07-24,197.02999877929688,197.9499969482422,191.0,192.1699981689453,74881700,0.010198194212151845,187.92142813546317,180.83714076450892
2025-07-25,191.97999572753903,194.3300018310547,191.25999450683597,193.17999267578125,39785900,0.0052557345915569265,189.37999834333147,181.9085693359375
2025-07-28,193.6499938964844,194.0500030517578,190.83999633789065,192.5800018310547,38139500,-0.003105864310356088,190.66571262904577,182.81523640950522
2025-07-29,192.42999267578125,195.9199981689453,192.0800018310547,195.75,41389200,0.016460681996079085,192.19285583496094,183.63523646763392
2025-07-30,195.6000061035156,197.6000061035156,194.69000244140625,196.52999877929688,32445400,0.003984668093470534,193.1114262172154,184.6019032796224
2025-07-31,195.7100067138672,195.9900054931641,191.08999633789065,191.8999938964844,51329200,-0.023558769203535057,193.19142586844308,185.36666506812685
2025-08-01,189.02999877929688,190.8300018310547,187.82000732421875,189.1300048828125,34832200,-0.014434544563696527,193.03428431919642,185.8661891392299
2025-08-04,190.2899932861328,195.2700042724609,190.1199951171875,195.0399932861328,31547400,0.031248285574688284,193.44428362165178,186.6047603062221
2025-08-05,194.7100067138672,197.8600006103516,193.88999938964844,194.6699981689453,31602300,-0.0018970217900114994,193.65714154924666,187.45618911016555
2025-08-06,194.5,196.6300048828125,193.6699981689453,196.08999633789065,21562900,0.0072943863065790815,194.1585693359375,188.49095081147692
2025-08-07,197.05999755859372,197.5399932861328,194.3300018310547,196.5200042724609,26321800,0.0021929111255083455,194.26856994628906,189.4385702950614
2025-08-08,197.22000122070312,202.6100006103516,197.1699981689453,201.4199981689453,39161800,0.024933817372051914,194.9671412876674,190.5719037737165
2025-08-11,200.94000244140625,201.47999572753903,199.07000732421875,201.0,25832400,-0.0020851860429123015,196.26714215959822,191.56285603841147
2025-08-12,201.3699951171875,204.5,200.58999633789065,203.33999633789065,30397900,0.011641772825326635,198.2971409388951,192.5999988374256
2025-08-13,204.1300048828125,204.52999877929688,197.50999450683597,201.9600067138672,28342900,-0.006786611826875122,199.28571428571428,193.55047534760973
2025-08-14,201.5,204.44000244140625,201.22999572753903,202.94000244140625,25230400,0.00485242471261893,200.46714346749442,194.50142778669084
2025-08-15,203.8500061035156,206.44000244140625,201.27999877929688,203.8999938964844,34931400,0.00473042004301405,201.5828574044364,195.46904645647322
2025-08-18,204.1999969482422,205.2700042724609,202.4900054931641,203.5,18526600,-0.001961716078753173,202.57999965122767,196.3471418108259
2025-08-19,203.02999877929688,203.44000244140625,199.9600067138672,201.57000732421875,24240200,-0.009483993492782505,202.60142953055245,196.8933323451451
2025-08-20,200.72999572753903,201.27999877929688,196.6000061035156,199.32000732421875,28955500,-0.011162374947880749,202.36143057686942,197.27333286830358
2025-08-21,199.75,202.47999572753903,199.42999267578125,199.75,19774600,0.0021572981134894142,201.84857395717077,197.72666640508743
2025-08-22,202.72999572753903,208.5399932861328,201.3000030517578,206.08999633789065,42827000,0.03173965625977804,202.4385724748884,198.3895234607515
2025-08-25,206.42999267578125,210.5200042724609,205.27999877929688,208.4900054931641,29928900,0.011645442272406825,203.23143005371094,199.11857169015067
2025-08-26,207.50999450683597,207.8500061035156,205.6999969482422,207.13999938964844,28464100,-0.006475159805969244,203.6942879813058,199.81190490722656
2025-08-27,205.6999969482422,208.91000366210935,205.6499938964844,207.47999572753903,23022900,0.001641384275815394,204.26285879952567,200.37047613234748
2025-08-28,207.25,212.22000122070312,206.8999938964844,211.63999938964844,32339300,0.020050143376580287,205.70142909458704,201.08999997093565
2025-08-29,210.50999450683597,214.6499938964844,210.1999969482422,212.91000366210935,39728400,0.00600077620545969,207.64285714285714,202.09047662644159
2025-09-02,208.44000244140625,211.67999267578125,206.1999969482422,211.3500061035156,47523000,-0.007327028001321567,209.3000008719308,203.14857192266555
2025-09-03,226.2100067138672,231.30999755859372,224.7899932861328,230.66000366210935,103336100,0.09136502011329983,212.81000191824776,204.84476289295014
2025-09-04,229.6499938964844,232.3699951171875,226.1100006103516,232.3000030517578,51684200,0.007110029322859424,216.211430140904,206.63666788736978
2025-09-05,232.1999969482422,235.75999450683597,231.8999938964844,235.0,46588900,0.011622888130744524,220.1914302280971,208.4895252046131
2025-09-08,235.47000122070312,238.1300048828125,233.6699981689453,234.0399932861328,32474700,-0.0040851349526263014,223.98571559361048,210.27619134812127
2025-09-09,234.1699981689453,240.47000122070312,233.22999572753903,239.6300048828125,38061000,0.02388485625123682,227.98428780691964,212.09571547735305
2025-09-10,238.8999938964844,241.66000366210935,237.8500061035156,239.1699981689453,35141100,-0.0019196540687471675,231.73571559361048,213.913334437779
2025-09-11,239.8800048828125,242.25,236.25,240.3699951171875,30599300,0.005017338953168027,235.88142830984933,215.67666771298363
2025-09-12,240.3699951171875,242.0800018310547,238.0,240.8000030517578,26771600,0.001788941811812439,237.32999965122767,217.52619134812127
2025-09-15,244.66000366210935,252.41000366210935,244.66000366210935,251.6100006103516,58383800,0.04489201587040781,240.08857073102678,219.84381030854723
2025-09-16,252.0800018310547,253.0399932861328,249.47000122070312,251.16000366210935,34109700,-0.0017884700415351507,242.3971426827567,222.0942869640532
2025-09-17,251.22000122070312,251.6000061035156,246.27999877929688,249.52999877929688,34108000,-0.006489906271085033,244.61000061035156,224.28619166782923
2025-09-18,251.67999267578125,253.9900054931641,249.8000030517578,252.02999877929688,31239500,0.010018835459584041,246.38142830984933,226.68904840378534
2025-09-19,253.25,256.0,251.80999755859372,254.72000122070312,55571400,0.010673342278439968,248.6028573172433,229.32714335123697
2025-09-22,254.42999267578125,255.77999877929688,250.3000030517578,252.52999877929688,32290500,-0.008597685422860546,250.34000069754464,231.84047662644159
2025-09-23,253.0399932861328,254.3600006103516,250.47999572753903,251.66000366210935,26628000,-0.0034451159125370445,251.8914293561663,234.01047697521392
2025-09-24,251.66000366210935,252.3500061035156,246.44000244140625,247.13999938964844,28201000,-0.01796075739762637,251.2528577532087,235.85095287504652
2025-09-25,244.3999938964844,246.4900054931641,240.7400054931641,245.7899932861328,31020400,-0.005462515605930585,250.4857134137835,237.69142877487909
2025-09-26,247.07000732421875,249.4199981689453,245.97000122070312,246.5399932861328,18503200,0.0030513854122893314,250.0585697719029,239.55142865862166
2025-09-29,247.8500061035156,251.1499938964844,242.7700042724609,244.0500030517578,32505800,-0.010099741632933035,248.91857038225447,241.09476216634116
2025-09-30,242.80999755859372,243.2899932861328,239.25,243.1000061035156,34724300,-0.0038926323964877385,247.25857107979908,242.53238133021765
2025-10-01,240.75,246.3000030517578,238.6100006103516,244.8999938964844,31658200,0.0074043099456047035,246.16857038225447,244.12999979654947
2025-10-02,245.1499938964844,246.80999755859372,242.3000030517578,245.69000244140625,25483300,0.0032258414234822563,245.31571306501115,244.84571402413505
2025-10-03,244.4900054931641,246.3000030517578,241.66000366210935,245.3500061035156,30249600,-0.0013838427877086446,245.05999973842071,245.4671427408854
2025-10-06,244.77999877929688,251.32000732421875,244.5800018310547,250.42999267578125,28894700,0.02070505989766458,245.72285679408483,246.201904296875
2025-10-07,248.2700042724609,250.44000244140625,245.5200042724609,245.75999450683597,23181300,-0.01864791880176786,245.6114283970424,246.75999959309897
2025-10-08,244.9600067138672,246.00999450683597,243.82000732421875,244.6199951171875,21307100,-0.004638669495155567,245.69285583496094,246.99761817568825
2025-10-09,244.47000122070312,244.75999450683597,239.1499938964844,241.52999877929688,27892100,-0.012631822416684813,245.46856907435827,247.10999915713356
2025-10-10,241.42999267578125,244.08999633789065,235.83999633789065,236.57000732421875,33180300,-0.02053571597791637,244.27857099260603,246.9290473574684
2025-10-13,240.2100067138672,244.5,239.7100067138672,244.1499938964844,24995000,0.03204119853569298,244.05856977190294,247.08857073102678
2025-10-14,241.22999572753903,247.1199951171875,240.50999450683597,245.4499969482422,22111600,0.005324608168161493,244.07285417829243,246.79523722330728
2025-10-15,247.25,252.1100006103516,245.9900054931641,251.02999877929688,27007700,0.02273376207143052,244.15856933593753,246.78904651460192
2025-10-16,251.7700042724609,256.9599914550781,250.1000061035156,251.4600067138672,27997200,0.001712974292560121,244.97285679408483,246.8809516543434
2025-10-17,250.75999450683597,254.22000122070312,247.80999755859372,253.3000030517578,29671600,0.007317252401032315,246.21285792759485,246.9414280482701
2025-10-20,254.69000244140625,257.3299865722656,254.22999572753903,256.54998779296875,22350200,0.012830575215377449,248.3585706438337,247.02857026599702
2025-10-21,254.7400054931641,254.8800048828125,244.1499938964844,250.4600067138672,47312100,-0.023737990133977593,250.34285627092635,246.92999921526228
2025-10-22,254.3699951171875,256.3599853515625,249.2899932861328,251.69000244140625,35029400,0.004910946636459412,251.42000034877233,246.93142772856214
2025-10-23,252.97999572753903,255.0399932861328,251.8500061035156,253.0800018310547,19901400,0.005522664294033808,252.51000104631697,247.2142849876767
2025-10-24,256.5799865722656,261.67999267578125,255.32000732421875,259.9200134277344,28655100,0.027027072653673212,253.7800031389509,247.88714308965774
2025-10-27,264.82000732421875,270.1400146484375,264.2799987792969,269.2699890136719,35235200,0.03597251116846789,256.3242863246373,248.96952383858817
2025-10-28,269.69000244140625,270.7300109863281,266.5,267.4700012207031,29738600,-0.006684695162509802,258.34857177734375,250.08476184663317
2025-10-29,267.75,275.3399963378906,267.6700134277344,274.57000732421875,43580300,0.026545055786114213,260.922860281808,251.58333333333334
2025-10-30,291.5899963378906,291.5899963378906,280.0599975585937,281.4800109863281,74876000,0.025166636842274936,265.35428946358815,253.32523890904017
2025-10-31,283.2099914550781,286.0,277.0299987792969,281.19000244140625,39267900,-0.0010302988972668015,269.56857517787387,255.01571509951637
2025-11-03,282.17999267578125,285.5299987792969,279.79998779296875,283.7200012207031,29786000,0.008997470597568835,273.94571794782365,256.8428577241443
2025-11-04,276.75,281.2699890136719,276.260009765625,277.5400085449219,30078400,-0.021782012720963917,276.4628601074219,258.1338108607701
2025-11-05,278.8699951171875,286.4200134277344,277.3399963378906,284.3099975585937,31010300,0.024392839969866964,278.6114327566964,259.9695252918062
2025-11-06,285.3299865722656,288.3500061035156,281.1400146484375,284.75,37173600,0.0015476150862954174,281.0800040108817,261.88047790527344
2025-11-07,283.2099914550781,283.7799987792969,275.19000244140625,278.8299865722656,34479600,-0.02079021396921643,281.6885724748884,263.6566678001767
2025-11-10,284.4200134277344,290.79998779296875,282.8599853515625,290.1000061035156,29557300,0.040418965226070025,282.9200003487723,266.2057153610956
2025-11-11,287.75,291.9200134277344,287.32000732421875,291.3099975585937,19842100,0.004170945982835628,284.365713936942,268.45142982119603
2025-11-12,291.67999267578125,292.010009765625,283.69000244140625,286.7099914550781,24829900,-0.015790759472957383,284.7928553989955,270.4161914643787
2025-11-13,282.3399963378906,282.8399963378906,277.239990234375,278.57000732421875,29494000,-0.028391002662824016,284.9399980817522,271.7276204427083
2025-11-14,271.4100036621094,278.5599975585937,270.70001220703125,276.4100036621094,31647200,-0.007753898859597652,283.8114275251116,272.91571553548175
2025-11-17,285.7799987792969,293.95001220703125,283.57000732421875,285.0199890136719,52670200,0.031149326136862943,283.8499973842076,274.4261910574777
2025-11-18,287.9200134277344,288.79998779296875,278.20001220703125,284.2799987792969,49158700,-0.002596274868074233,284.6285705566406,275.74666777111236
2025-11-19,287.1600036621094,303.8099975585937,286.6300048828125,292.8099975585937,68198900,0.030005624088661698,285.01571219308033,277.76333400181363
2025-11-20,304.5400085449219,306.4200134277344,288.6700134277344,289.45001220703125,62025200,-0.011474967998283847,284.75,279.56142970493863
2025-11-21,296.4200134277344,303.9200134277344,293.8500061035156,299.6600036621094,74137700,0.035273764119848616,286.6000017438616,281.7795250302269
2025-11-24,311.1300048828125,319.4800109863281,309.6000061035156,318.5799865722656,85165100,0.06313816551737772,292.31571306501115,284.5728570847284
2025-11-25,326.2099914550781,328.8299865722656,317.6499938964844,323.44000244140625,88632100,0.015255245382585159,299.03428431919644,287.1523815336682
2025-11-26,320.67999267578125,324.5,316.7900085449219,319.95001220703125,51373400,-0.010790224486865174,304.02428763253346,289.6514296758743
2025-11-28,323.3699951171875,326.8500061035156,316.7900085449219,320.17999267578125,26018600,0.0007188012501189167,309.1528581891741,291.8233337402344
2025-12-01,317.70001220703125,319.8500061035156,313.8900146484375,314.8900146484375,41183000,-0.016521888151520003,312.30714634486606,293.41428629557294
2025-12-02,316.739990234375,318.3800048828125,313.9100036621094,315.8099975585937,35854700,0.0029216007728392057,316.07285853794644,295.0628574916295
2025-12-03,315.8900146484375,321.5799865722656,314.1000061035156,319.6300048828125,41838300,0.012095903719799406,318.9257158551897,296.7728576660156
2025-12-04,322.2300109863281,322.3599853515625,314.70001220703125,317.6199951171875,31240900,-0.00628855155936292,318.78857421875,298.68142845517116
2025-12-05,319.489990234375,323.1600036621094,319.1700134277344,321.2699890136719,28851700,0.011491700625263501,318.4785723005022,300.4414280482701
2025-12-08,320.04998779296875,320.44000244140625,311.2200012207031,313.7200012207031,33909400,-0.023500445267694903,317.5885707310268,301.8209519159226
2025-12-09,312.3699951171875,317.989990234375,311.8999938964844,317.0799865722656,30194000,0.010710140693894532,317.14571271623885,303.6423804873512
2025-12-10,315.8299865722656,321.3099975585937,314.67999267578125,320.2099914550781,33428900,0.009871341665706579,317.9057094029018,305.07618931361606
2025-12-11,320.0799865722656,321.1199951171875,308.6000061035156,312.42999267578125,42353700,-0.024296552221695134,317.4228515625,306.0819033668155
2025-12-12,313.70001220703125,314.8699951171875,305.5599975585937,309.2900085449219,35940200,-0.010050200699258216,315.9457092285156,307.1571422758557
2025-12-15,311.32000732421875,311.4200134277344,304.8800048828125,308.2200012207031,29151900,-0.003459559942633361,314.6028529575893,308.56904674711683
2025-12-16,304.95001220703125,310.7699890136719,302.5899963378906,306.57000732421875,30585000,-0.005353299234149622,312.5028555733817,310.00523739769346
2025-12-17,308.010009765625,308.0899963378906,296.1199951171875,296.7200012207031,43930400,-0.03212971219685745,310.0742841448103,310.5623808361235
2025-12-18,301.7200012207031,303.9599914550781,299.2300109863281,302.4599914550781,33518000,0.019344803891752305,307.98571341378346,311.4280947730655
2025-12-19,301.7300109863281,307.25,300.9700012207031,307.1600036621094,59943200,0.015539285656990032,306.1214294433594,312.1114283970424
2025-12-22,309.8800048828125,310.1300048828125,305.29998779296875,309.7799987792969,26429900,0.008529740480370585,305.74285888671875,313.07952299572173
2025-12-23,309.6300048828125,314.94000244140625,309.32000732421875,314.3500061035156,25478700,0.014752428633956649,306.46571568080356,313.779046921503
2025-12-24,314.7699890136719,315.0799865722656,311.9200134277344,314.0899963378906,10097400,-0.0008271345970306543,307.30428641183033,313.5652378627232
2025-12-26,314.4800109863281,315.0899963378906,312.2799987792969,313.510009765625,10899000,-0.0018465617467220419,308.29571533203125,313.0923810686384
2025-12-29,311.3699951171875,314.0199890136719,310.6199951171875,313.5599975585937,19621800,0.00015944560432390453,310.70142909458707,312.788094656808
2025-12-30,312.5,316.95001220703125,312.4599914550781,313.8500061035156,17380900,0.0009248901236764695,312.32857404436385,312.4866667247954
2025-12-31,312.8500061035156,314.5799865722656,311.44000244140625,313.0,16377700,-0.0027083195379491443,313.16285923549106,312.3966660272507
2026-01-02,316.8999938964844,322.5,310.3299865722656,315.1499938964844,32009400,0.006868990084614612,313.9300013950893,312.365237281436
2026-01-05,317.6600036621094,319.0199890136719,314.6300048828125,316.5400085449219,30195600,0.00441064469413921,314.24285888671875,312.21809459867933
2026-01-06,316.3999938964844,320.94000244140625,311.7799987792969,314.3399963378906,31212100,-0.006950186856771512,314.278573172433,312.06190418061755
2026-01-07,314.3599853515625,326.1499938964844,314.19000244140625,321.9800109863281,35104400,0.024304939675017012,315.4885733468192,312.09571475074404
2026-01-08,328.9700012207031,330.32000732421875,321.5,325.44000244140625,31896100,0.010745982163548273,317.1857169015067,312.65381004696803
2026-01-09,327.0899963378906,330.8299865722656,325.79998779296875,328.57000732421875,26214200,0.00961776321082719,319.28857421875,313.2009538922991
2026-01-12,325.79998779296875,334.0400085449219,325.0,331.8599853515625,33923900,0.010013019916627286,321.9828578404018,313.7557155064174
2026-01-13,334.95001220703125,340.489990234375,333.6199951171875,335.9700012207031,33517600,0.012384788918695877,324.9571446010045,314.8766682942708
2026-01-14,335.0599975585937,336.5199890136719,330.4800109863281,335.8399963378906,28525600,-0.0003869538421291674,327.7142857142857,316.1409534272693
2026-01-15,337.6499938964844,337.69000244140625,330.739990234375,332.7799987792969,28442400,-0.009111474487735083,330.34857177734375,317.3104771205357
2026-01-16,334.4100036621094,334.6499938964844,327.70001220703125,330.0,40341600,-0.008353863782362136,331.4942844935826,318.4261910574777
2026-01-20,320.8699951171875,327.7300109863281,320.42999267578125,322.0,35361000,-0.024242424242424288,331.0028555733817,319.63000052315846
2026-01-21,320.9200134277344,332.4800109863281,319.3500061035156,328.3800048828125,35386600,0.01981367976028725,330.97571236746654,320.8642868768601
2026-01-22,334.45001220703125,335.1499938964844,328.75,330.5400085449219,26253600,0.006577756349325226,330.78714425223217,321.9776204427083
2026-01-23,332.489990234375,333.69000244140625,327.45001220703125,327.92999267578125,27280000,-0.00789621770940907,329.6385716029576,322.84190586635043
2026-01-26,327.8099975585937,335.8399963378906,327.0,333.260009765625,26042100,0.016253521205403798,329.27000209263394,323.7423822312128
2026-01-27,335.3699951171875,337.9100036621094,333.4800109863281,334.54998779296875,21636200,0.003870785541448374,329.5228576660156,324.71666753859745
2026-01-28,336.0599975585937,337.5400085449219,331.94000244140625,336.010009765625,27434400,0.004364136977819122,330.38143048967635,325.78809611002606
2026-01-29,340.29998779296875,342.2900085449219,326.5400085449219,338.25,39785600,0.006666439002628088,332.7028590611049,326.9638105119978
2026-01-30,340.0,340.0,332.2900085449219,338.0,31024000,-0.0007390983000739038,334.07714407784596,328.1138102213542
2026-02-02,336.2200012207031,344.8299865722656,335.6300048828125,343.69000244140625,32006100,0.016834326749722628,335.9557146344866,329.5752389090402
2026-02-03,347.3399963378906,349.0,337.4700012207031,339.7099914550781,36506700,-0.011580234973540326,337.6385716029576,330.74476260230654
2026-02-04,342.9599914550781,343.3099975585937,328.5199890136719,333.0400085449219,70618400,-0.019634344228695588,337.60714285714283,331.5304768880208
2026-02-05,312.2200012207031,332.69000244140625,306.4599914550781,331.25,88205800,-0.0053747552816328925,337.1357160295759,332.3357151576451
2026-02-06,327.17999267578125,330.3800048828125,319.9200134277344,322.8599853515625,56380500,-0.02532834610849055,335.25714111328125,332.37761869884673
2026-02-09,320.92999267578125,327.70001220703125,317.260009765625,324.32000732421875,39640100,0.004522152136835489,333.2671421595982,332.32428559802827
2026-02-10,320.9700012207031,321.6700134277344,314.6099853515625,318.5799865722656,39170000,-0.017698632900605804,330.4928545270647,331.8485703241257
2026-02-11,318.9700012207031,321.0599975585937,309.6600036621094,310.9599914550781,45406400,-0.023918624641724007,325.817138671875,330.85333251953125
2026-02-12,312.0899963378906,316.239990234375,307.20001220703125,309.0,47761300,-0.0063030341810427215,321.4299970354353,329.56904674711683
2026-02-13,307.7300109863281,308.6300048828125,303.7099914550781,305.7200012207031,38499700,-0.010614882780896062,317.52713884626115,328.13476126534596
2026-02-17,300.0400085449219,304.44000244140625,296.25,302.0199890136719,39247600,-0.012102617402386273,313.35142299107144,326.66999889555433
2026-02-18,302.0899963378906,305.3800048828125,301.25,303.3299865722656,28482100,0.004337453169480199,310.5614231654576,325.3999982561384
2026-02-19,301.82000732421875,305.4700012207031,300.0400085449219,302.8500061035156,25834400,-0.0015823706524170644,307.49428013392856,324.4880937848772
2026-02-20,304.32000732421875,316.5,303.8999938964844,314.9800109863281,53210800,0.04005284675036913,306.97999790736606,323.8499988374256
2026-02-23,319.04998779296875,319.5199890136719,309.8699951171875,311.489990234375,31423000,-0.011080134072713022,307.0557120186942,322.9428551083519
2026-02-24,310.5199890136719,312.2699890136719,305.92999267578125,310.8999938964844,25615600,-0.0018941101042980746,307.327139718192,322.13190278552827
2026-02-25,312.0599975585937,313.6400146484375,309.44000244140625,312.8999938964844,29963600,0.006432936761864072,308.3528529575893,321.1623782203311
2026-02-26,312.6400146484375,313.1400146484375,302.3500061035156,307.3800048828125,36431200,-0.01764138421651118,309.11856951032365,319.86856951032365
2026-02-27,304.1400146484375,312.3699951171875,303.79998779296875,311.760009765625,44640600,0.014249478864060583,310.32285853794644,318.7138076055618
2026-03-02,303.2300109863281,308.489990234375,301.29998779296875,306.5199890136719,34790200,-0.016807866909846703,310.8471418108259,317.2028547014509
2026-03-03,298.5899963378906,303.94000244140625,296.7099914550781,303.5799865722656,35497000,-0.009591552090506994,309.21856689453125,315.56380644298736
2026-03-04,302.8900146484375,305.4700012207031,300.75,303.1300048828125,29536200,-0.0014822508378562471,308.0242832728795,313.6323779878162
2026-03-05,303.0400085449219,303.29998779296875,297.989990234375,300.8800048828125,35752300,-0.0074225578588626995,306.59285627092635,311.7833310081845
2026-03-06,296.0899963378906,300.5299987792969,295.17999267578125,298.5199890136719,25576900,-0.007843711216568905,304.53856985909596,310.1395205543155
2026-03-09,294.3599853515625,306.79998779296875,294.0799865722656,306.3599853515625,29312100,0.02626288565732038,304.3928527832031,308.95428176153274
2026-03-10,306.1700134277344,309.510009765625,305.57000732421875,307.0400085449219,23239700,0.002219686727622072,303.71856689453125,308.2009495326451
2026-03-11,306.75,311.4200134277344,305.9200134277344,308.70001220703125,24125700,0.0054064734754804,304.0299987792969,307.45714024135043
2026-03-12,306.82000732421875,308.94000244140625,301.0299987792969,303.54998779296875,24928300,-0.016682942048633964,304.0257132393973,306.7414260137649
2026-03-13,307.010009765625,307.69000244140625,300.44000244140625,302.2799987792969,23693100,-0.004183788716005665,303.90428379603793,306.32809302920384
2026-03-16,304.3500061035156,306.489990234375,303.0199890136719,305.5599975585937,23519700,0.010850862751563106,304.5728541782924,306.1642833891369
2026-03-17,305.8599853515625,311.4200134277344,305.5,310.9200134277344,21955200,0.017541615106581032,306.3442862374442,306.4119030180432
2026-03-18,309.2699890136719,312.4700012207031,306.92999267578125,307.69000244140625,20009800,-0.010388559265513075,306.53428867885043,306.6819036574591
2026-03-19,304.010009765625,308.0599975585937,302.3500061035156,307.1300048828125,25075800,-0.0018200057010314685,306.5471452985491,306.86285691034226
2026-03-20,305.4599914550781,306.0,298.2699890136719,301.0,44364100,-0.019958990607744198,305.4471435546875,306.7747613816034
2026-03-23,302.1099853515625,305.9800109863281,300.92999267578125,302.0599975585937,29326900,0.00352158657340107,305.23428780691967,306.1595226469494
2026-03-24,299.20001220703125,299.9200134277344,290.3299865722656,290.44000244140625,36864300,-0.03846916245483112,303.54285975864957,305.1571422758557
2026-03-25,293.44000244140625,296.0,289.239990234375,290.92999267578125,29460700,0.0016870618036641805,301.4528590611049,304.20618983677457
2026-03-26,287.9100036621094,287.95001220703125,278.5,280.9200134277344,39080600,-0.034406831540405025,297.1671447753906,302.6833336239769
2026-03-27,277.2799987792969,279.3699951171875,273.95001220703125,274.3399963378906,35890600,-0.023423098303163248,292.4028581891741,301.10999988374255
2026-03-30,276.4200134277344,277.0899963378906,272.1099853515625,273.5,35141200,-0.0030618806922197983,287.59857177734375,299.288094656808
2026-03-31,278.0400085449219,288.0799865722656,277.0899963378906,287.5599975585937,43875400,0.05140766931844132,285.67857142857144,298.3852379208519
2026-04-01,290.8399963378906,300.5199890136719,290.4100036621094,297.3900146484375,37684500,0.03418422998087833,285.0114310128348,298.0904773530506
2026-04-02,290.69000244140625,298.0799865722656,289.45001220703125,295.7699890136719,21666500,-0.005447478243950976,285.7728576660156,297.74000040690106
2026-04-06,295.8699951171875,300.6199951171875,295.17999267578125,299.989990234375,16945500,0.014267847913765452,287.06714303152904,297.69761875697543
2026-04-07,302.7300109863281,305.6300048828125,297.7200012207031,305.4599914550781,23205400,0.01823394579408988,290.5728541782924,298.0280950637091
2026-04-08,320.45001220703125,322.0799865722656,315.0199890136719,317.32000732421875,33547100,0.03882674065642666,296.71285574776783,298.5500008719308
2026-04-09,315.9100036621094,319.5400085449219,311.0599975585937,318.489990234375,23739200,0.0036870757694167366,303.13999720982144,299.0952380952381
2026-04-10,320.0199890136719,321.8299865722656,316.32000732421875,317.239990234375,19152600,-0.0039247701288198655,307.3799961635045,299.5019037155878
2026-04-13,317.1400146484375,321.6300048828125,315.4700012207031,321.3099975585937,18866400,0.012829427088343337,310.79713657924106,300.3476184663318
2026-04-14,324.7900085449219,333.2900085449219,323.75,332.9100036621094,27721400,0.036102225861802895,316.1028529575893,301.8061901274181
2026-04-15,332.8900146484375,337.4800109863281,330.8999938964844,337.1199951171875,24918800,0.012646034690357633,321.40713936941967,303.30904715401783
2026-04-16,338.75,339.8800048828125,334.5199890136719,336.0199890136719,20541500,-0.0032629512323445464,325.7728533063616,304.5042840866815
2026-04-17,337.6499938964844,342.32000732421875,336.239990234375,341.67999267578125,25581900,0.016844246911391636,329.2528512137277,306.12285505022317
2026-04-20,340.760009765625,341.3999938964844,336.6099853515625,337.4200134277344,18784200,-0.012467745666598473,331.95714024135043,307.5652364095052
2026-04-21,337.69000244140625,339.3399963378906,331.3500061035156,332.2900085449219,23123800,-0.015203617683191117,334.10714285714283,309.0552368164062
2026-04-22,337.0199890136719,339.82000732421875,335.1700134277344,339.32000732421875,20293000,0.02115621474771645,336.6800013950893,310.8295229957217
2026-04-23,341.17999267578125,341.9599914550781,336.17999267578125,338.8900146484375,18650300,-0.0012672187507363208,337.53428867885043,313.1366664341517
2026-04-24,338.7300109863281,345.2699890136719,335.3900146484375,344.3999938964844,26426100,0.016258901147509164,338.5742885044643,315.68285696847096
2026-04-27,345.9800109863281,353.17999267578125,342.7300109863281,350.3399963378906,28576900,0.017247394154111362,340.6200038364955,318.9885704403831
2026-04-28,348.54998779296875,352.4200134277344,346.1199951171875,349.7799987792969,27824100,-0.0015984402707296397,341.7771475655692,322.58095150902153
2026-04-29,347.57000732421875,355.7900085449219,344.2099914550781,349.94000244140625,35376300,0.000457440856160396,343.5657174246652,326.220951625279
2026-04-30,374.0700073242188,385.8399963378906,365.8200073242188,384.7999877929688,72040000,0.09961703465838978,351.06714303152904,330.85142735072543
2026-05-01,381.6300048828125,386.760009765625,379.0499877929688,385.6900024414063,30105200,0.0023129279539280123,357.6914280482701,335.0561886742002
2026-05-04,385.6300048828125,387.3800048828125,379.7900085449219,383.25,26298600,-0.006326330539970337,364.02856881277904,339.22190348307294
2026-05-05,386.2300109863281,392.8200073242188,384.0199890136719,388.4299926757813,23878600,0.013515962624347733,370.31856863839283,343.43333217075894
2026-05-06,394.25,399.8500061035156,392.760009765625,398.0400085449219,31308500,0.024740663827064413,377.1328560965402,347.84190441313245
2026-05-07,399.9200134277344,400.1000061035156,392.6799926757813,397.989990234375,24433500,-0.0001256615151068452,384.0199977329799,351.68333217075894
2026-05-08,397.0,402.0,396.3599853515625,400.7999877929688,21461800,0.007060472945410012,391.28570992606035,355.6028558640253
2026-05-11,393.6499938964844,397.4400024414063,388.4700012207031,388.6400146484375,30753700,-0.030339255276655597,391.8342851911273,359.0028570265997
2026-05-12,387.3399963378906,388.5199890136719,382.7699890136719,387.3500061035156,26017500,-0.0033192890497619754,392.0714285714286,362.1476193382627
2026-05-13,385.6000061035156,403.7000122070313,385.0,402.6199951171875,28144600,0.03942168264634316,394.83857073102683,365.46714274088544
2026-05-14,397.2799987792969,402.9299926757813,395.8399963378906,401.0700073242188,21136700,-0.0038497536430538437,396.644287109375,368.5123814174108
2026-05-15,396.3200073242188,399.5400085449219,393.1799926757813,396.7799987792969,20309700,-0.010696408274313951,396.4642857142857,371.40571521577385
2026-05-18,395.6900024414063,408.6099853515625,394.5299987792969,396.9400024414063,26837200,0.0004032553621697854,396.3142874581473,374.03714425223217
2026-05-19,396.9599914550781,397.1499938964844,386.1099853515625,387.6600036621094,39545700,-0.023378844969566326,394.43714686802457,376.42952473958337
2026-05-20,387.7000122070313,393.8599853515625,382.8999938964844,388.9100036621094,31744400,0.0032244750250003396,394.4757167271205,379.12571498325894
2026-05-21,385.7000122070313,392.5,383.0199890136719,387.6600036621094,24852800,-0.0032141112036964126,394.52000209263394,381.42761957077755
2026-05-22,387.3500061035156,388.739990234375,381.7699890136719,382.9700012207031,20442100,-0.012098236591603917,391.7128601074219,383.5266665504093
2026-05-26,384.510009765625,389.260009765625,382.6000061035156,388.8800048828125,27747400,0.015432027686950622,389.97143118722096,385.644762311663
2026-05-27,386.6700134277344,393.8800048828125,385.8999938964844,388.8299865722656,23087300,-0.00012862145113878842,388.8357151576451,387.4776189894904
2026-05-28,388.0,391.8699951171875,385.1600036621094,390.1300048828125,24357500,0.003343410630458843,387.8628583635603,389.39904785156256
2026-05-29,385.239990234375,385.239990234375,378.4599914550781,380.3399963378906,44415800,-0.025094220958120417,386.81714303152904,390.84666660853793
2026-06-01,376.5199890136719,378.55999755859375,373.5199890136719,376.3699951171875,28672100,-0.010438032441837164,385.0257132393973,390.4452383858817
2026-06-02,366.5899963378906,373.5400085449219,358.44000244140625,361.8500061035156,50412300,-0.03857902915228639,381.3385707310268,389.31000046502976
2026-06-03,362.0299987792969,366.4500122070313,358.0799865722656,358.989990234375,55441600,-0.007903871275111829,377.91285487583707,388.1547619047619
2026-06-04,358.8999938964844,373.25,358.2099914550781,372.1900024414063,44055500,0.03676986146163408,375.52856881277904,387.3814290364583
2026-06-05,366.3399963378906,372.0799865722656,364.1199951171875,368.5299987792969,37471200,-0.009833696870150677,372.6285705566406,385.9761904761905
2026-06-08,365.1799926757813,366.2000122070313,360.5299987792969,363.30999755859375,27942500,-0.014164386177498822,368.7971409388951,384.32476225353423
2026-06-09,367.0899963378906,372.0799865722656,357.29998779296875,364.260009765625,29535100,0.002614880442088685,366.5,382.5847632998512
2026-06-10,363.1900024414063,368.55999755859375,355.20001220703125,356.3800048828125,32357100,-0.021632912402002935,363.644287109375,381.04857235863096
2026-06-11,355.92999267578125,358.79998779296875,346.3599853515625,357.7699890136719,35538200,0.003900286525099661,363.0614275251116,379.64000011625745
2026-06-12,362.6199951171875,366.5700073242188,354.94000244140625,359.67999267578125,24704600,0.005338635773713296,363.15999930245533,377.5952380952381
2026-06-15,367.9299926757813,372.989990234375,366.5499877929688,369.3500061035156,27727500,0.02688504677670811,362.75428553989957,376.08476184663317
2026-06-16,369.6000061035156,376.0,367.05999755859375,373.25,24876100,0.010559073594251789,363.42857142857144,374.9642857142857
2026-06-17,369.1300048828125,372.3299865722656,362.0199890136719,363.7900085449219,24543600,-0.0253449201743553,363.4971444266183,373.3857145763579
2026-06-18,365.75,369.4800109863281,358.6700134277344,368.0299987792969,44470100,0.011655048612615904,364.0357142857143,372.4509524390811
2026-06-22,357.95001220703125,358.9200134277344,341.7200012207031,349.67999267578125,52814800,-0.04986008250517615,363.0785696847098,370.5828566778274
2026-06-23,340.69000244140625,349.2900085449219,340.20001220703125,346.1300048828125,34007700,-0.01015210440209613,361.4157148088728,368.60523768833707
2026-06-24,349.0400085449219,353.4800109863281,341.92999267578125,345.2900085449219,44997300,-0.0024268232341632112,359.36000279017856,366.81095232282365
2026-06-25,336.7300109863281,345.57000732421875,335.8399963378906,343.7099914550781,44491400,-0.0045759131476235115,355.6971435546875,364.65999930245533
2026-06-26,342.54998779296875,346.3599853515625,330.20001220703125,337.3900146484375,114706300,-0.018387527170465212,350.5742885044643,362.2104768298921
2026-06-29,341.8299865722656,354.3500061035156,340.6700134277344,353.6499938964844,34213900,0.04819342168436691,349.12571498325894,360.47333344959077
2026-06-30,353.8699951171875,358.6199951171875,350.3999938964844,357.3699951171875,35237200,0.010518878226792872,347.6028573172433,359.37952386765255
2026-07-01,358.3699951171875,362.9700012207031,356.42999267578125,361.2099914550781,26736400,0.010745155973800768,349.25,358.6576189313616
2026-07-02,359.4800109863281,364.2099914550781,353.4200134277344,359.9100036621094,25974800,-0.0035989807140492935,351.2185712541853,358.5652378627232
2026-07-06,361.5499877929688,367.9299926757813,357.3800048828125,366.4599914550781,26915800,0.018198960090917593,354.2428545270647,358.9209522065662
2026-07-07,369.0700073242188,373.1600036621094,365.5,367.0299987792969,24045600,0.0015554421697043797,357.5742841448103,358.67523774646577
2026-07-08,364.760009765625,367.8399963378906,358.0199890136719,361.9200134277344,22094800,-0.013922527773091553,361.0785696847098,358.3604765392485
2026-07-09,354.3099975585937,359.6499938964844,351.0799865722656,358.8900146484375,24729100,-0.008372012231652626,361.82714407784596,358.1500011625744
2026-07-10,357.5299987792969,357.82000732421875,352.75,357.17999267578125,18146100,-0.004764752160439367,361.8000008719308,357.8128574916295
2026-07-13,356.19000244140625,358.1300048828125,351.75,352.510009765625,15901700,-0.013074592658932294,360.55714634486606,357.62857200985866
2026-07-14,351.20001220703125,360.1600036621094,351.0899963378906,359.510009765625,18259400,0.01985759214228877,360.50000435965404,357.71143014090404
2026-07-15,357.9700012207031,373.6499938964844,357.760009765625,370.9200134277344,28284600,0.03173765222711844,361.1371503557478,358.24666922433033
2026-07-16,373.05999755859375,375.2699890136719,352.29998779296875,354.4599914550781,41158500,-0.044376203431425565,359.34143502371654,357.5376209077381
2026-07-17,346.0,348.5199890136719,341.3599853515625,346.7699890136719,29959300,-0.021694980045105727,357.1771458217076,356.2766680036272
2026-07-20,350.8800048828125,359.67999267578125,350.5199890136719,351.989990234375,24736600,0.01505320929169951,356.1914280482701,355.7147623697917
2026-07-21,351.32000732421875,351.32000732421875,347.0,347.1499938964844,23369800,-0.013750380613573365,354.7585710797991,354.72047642299106
2026-07-22,348.1600036621094,349.94000244140625,341.7300109863281,342.0899963378906,39334100,-0.014575824996564957,353.2699977329799,354.35904802594865
2026-07-23,321.1300048828125,324.489990234375,314.8999938964844,317.69000244140625,69419700,-0.0713262420932762,347.2957109723772,353.00476219540553
2026-07-24,318.4200134277344,324.17999267578125,317.32000732421875,319.739990234375,31806600,0.0064527929025617325,339.9842790876116,351.788094656808
2026-07-27,325.0400085449219,330.4200134277344,324.45001220703125,326.5599975585937,28471600,0.021329854045530894,335.9985656738281,350.97142828078495
2026-07-28,327.8999938964844,335.8800048828125,324.44000244140625,333.7099914550781,29511900,0.021894885931953434,334.13285173688615,350.7961890811012
2026-07-29,334.6700134277344,342.5,331.6199951171875,336.7099914550781,27501600,0.008989841709321045,331.9499947684152,349.98952229817706
2026-07-30,334.20001220703125,336.510009765625,330.3399963378906,333.6600036621094,30168000,-0.009058204004545156,330.0228533063616,348.86047508603053
2026-07-31,340.8299865722656,358.5799865722656,340.0,356.1300048828125,46498000,0.0673440057965653,332.02856881277904,348.6185709635417
2026-08-03,365.4500122070313,376.6900024414063,363.3500061035156,373.510009765625,38669700,0.04880241665829743,340.0028555733817,349.26619030180433
2026-08-04,368.2200012207031,380.5199890136719,367.5,377.6499938964844,35705700,0.011083997811617285,348.2757132393973,349.7990475609189
2026-08-05,383.3399963378906,384.4800109863281,356.7699890136719,362.4299926757813,46926300,-0.040301870691609065,353.3999982561384,349.5799996512277
2026-08-06,360.7699890136719,364.1300048828125,356.8800048828125,357.75,25235900,-0.012912818393503889,356.8342851911272,349.38142758324034
2026-08-07,356.7200012207031,358.8999938964844,353.7799987792969,354.29998779296875,19859900,-0.009643639991701591,359.3471418108259,349.16285487583707
2026-08-10,355.17999267578125,357.6099853515625,352.7099914550781,357.5199890136719,18991400,0.009088346970490768,362.7557111467634,349.17904517764134
2026-08-11,355.8900146484375,356.8099975585937,343.3900146484375,343.79998779296875,29081800,-0.038375480091487835,360.99428013392856,348.7642822265625
2026-08-12,346.3099975585937,346.4800109863281,340.8800048828125,343.5400085449219,24969800,-0.0007561933021458245,356.71285138811385,348.0038059779576
2026-08-13,345.6199951171875,347.92999267578125,343.760009765625,345.6557922363281,10441867,0.0061587693973919055,352.14225115094865,346.80074782598587
