Date,Open,High,Low,Close,Volume,daily_return,MA7,MA21
2021-08-13,362.9700012207031,364.6600036621094,361.4800109863281,363.1799926757813,7195700,,,
2021-08-16,362.5199890136719,366.9500122070313,357.3800048828125,366.55999755859375,11222100,0.009306693515547915,,
2021-08-17,362.9800109863281,364.6700134277344,355.07000732421875,358.45001220703125,12328700,-0.022124578256158878,,
2021-08-18,356.25,359.8599853515625,355.1499938964844,355.45001220703125,10042400,-0.008369367827688268,,
2021-08-19,351.3500061035156,357.57000732421875,351.0,355.1199951171875,12004500,-0.000928448666507653,,
2021-08-20,354.6000061035156,359.989990234375,353.3099975585937,359.3699951171875,8697700,0.011967785701837208,,
2021-08-23,359.44000244140625,365.6900024414063,359.1000061035156,363.3500061035156,10942000,0.011074967416326187,360.21143014090404,
2021-08-24,363.6600036621094,367.9599914550781,361.8399963378906,365.510009765625,9235100,0.005944691415510794,360.5442897251674,
2021-08-25,365.6000061035156,370.8599853515625,365.3999938964844,368.3900146484375,9684500,0.007879414532748985,360.8057207380022,
2021-08-26,368.3800048828125,369.4400024414063,364.1300048828125,364.3800048828125,7888700,-0.010885229257508122,361.6528625488281,
2021-08-27,365.1000061035156,373.739990234375,364.0799865722656,372.6300048828125,11219100,0.02264119844515955,364.1071472167969,
2021-08-30,372.55999755859375,381.489990234375,370.5199890136719,380.6600036621094,13547300,0.021549522781511454,367.75571986607144,
2021-08-31,379.9500122070313,382.760009765625,378.7999877929688,379.3800048828125,12345400,-0.0033625775415928594,370.61429268973217,
2021-09-01,379.5899963378906,384.3299865722656,378.80999755859375,382.0499877929688,11567200,0.0070377533760142,373.2857186453683,
2021-09-02,381.5,381.75,374.05999755859375,375.2799987792969,14832900,-0.01772016550185196,374.68143136160717,
2021-09-03,374.75,377.1600036621094,373.1099853515625,376.260009765625,7509600,0.002611412783830369,375.8057163783482,
2021-09-07,375.8800048828125,382.9599914550781,373.1499938964844,382.1799926757813,10793800,0.015733755266322147,378.34857177734375,
2021-09-08,380.1600036621094,380.8699951171875,374.7900085449219,377.5700073242188,11067200,-0.012062340886257017,379.05428641183033,
2021-09-09,377.6400146484375,379.8299865722656,376.5700073242188,378.0,9098900,0.0011388422476363846,378.6742858886719,
2021-09-10,381.3599853515625,383.7900085449219,378.260009765625,378.6900024414063,11549600,0.0018254032841436008,378.5757141113282,
2021-09-13,381.6799926757813,381.75,374.3500061035156,376.510009765625,13026300,-0.005756668150009081,377.7842886788505,370.4271458217076
2021-09-14,377.3999938964844,378.5899963378906,375.1099853515625,376.5299987792969,8711600,5.309025830224634e-05,377.96286010742193,371.0628603980655
2021-09-15,377.0,377.55999755859375,367.6700134277344,373.9200134277344,17940300,-0.006931679706860039,377.6285749162947,371.41333734421505
2021-09-16,372.7900085449219,373.55999755859375,369.7099914550781,373.05999755859375,11934200,-0.0022999995674390927,376.3257184709822,372.10905093238466
2021-09-17,371.4100036621094,371.4100036621094,361.5899963378906,364.7200012207031,26299000,-0.02235564357601949,374.49000331333707,372.55047898065476
2021-09-20,359.29998779296875,361.0299987792969,349.79998779296875,355.70001220703125,19822800,-0.024731270518431492,371.3042907714844,372.5780988420759
2021-09-21,358.5,360.0400085449219,355.19000244140625,357.4800109863281,11751900,0.005004213433259075,368.2742919921875,372.4880995977493
2021-09-22,347.2300109863281,349.8399963378906,340.69000244140625,343.2099914550781,43692900,-0.03991837051777358,363.5171465192522,371.52905128115697
2021-09-23,345.3599853515625,349.6700134277344,343.0,345.9599914550781,21806300,0.008012587245321834,359.1500026157924,370.5980980282738
2021-09-24,343.239990234375,354.3500061035156,342.3699951171875,352.9599914550781,18801900,0.020233553511660674,356.1557137625558,369.8633350190662
2021-09-27,349.8099975585937,355.1499938964844,347.0799865722656,353.5799865722656,15205800,0.0017565591914017187,353.3728550502232,369.3490484328497
2021-09-28,347.9700012207031,349.6000061035156,338.9200134277344,340.6499938964844,21710300,-0.03656879112737499,349.9342825753348,367.8261907668341
2021-09-29,343.1499938964844,345.2300109863281,338.8800048828125,339.6099853515625,14452200,-0.0030530120756083745,347.63570731026783,365.87142799014134
2021-09-30,340.45001220703125,342.79998779296875,338.1499938964844,339.3900146484375,16547100,-0.0006477156521098593,345.0514221191406,363.96714274088544
2021-10-01,341.6099853515625,345.0199890136719,338.6400146484375,343.010009765625,14905300,0.010666180385234147,345.0228533063616,362.10809616815476
2021-10-04,335.5299987792969,335.94000244140625,322.70001220703125,326.2300109863281,42885000,-0.048919851612384324,342.20428466796875,359.7723824637277
2021-10-05,328.5799865722656,335.17999267578125,326.1600036621094,332.9599914550781,35377900,0.02062955657697607,339.3471418108259,357.7104768298921
2021-10-06,329.739990234375,334.3800048828125,325.79998779296875,333.6400146484375,26443000,0.0020423570723544504,336.49857439313615,355.39904930478053
2021-10-07,337.0,338.8399963378906,328.9800109863281,329.2200012207031,28307500,-0.013247851677478883,334.86571829659596,353.09666806175596
2021-10-08,331.510009765625,333.3999938964844,328.7099914550781,330.04998779296875,15946100,0.002521069707758228,333.50000435965404,350.81333414713544
2021-10-11,327.6300048828125,330.4599914550781,325.3099975585937,325.45001220703125,14708200,-0.013937208774638554,331.5085754394531,348.27809651692706
2021-10-12,323.0299987792969,324.3800048828125,317.3699951171875,323.7699890136719,31658700,-0.005162154341203817,328.760001046317,345.7666669573103
2021-10-13,326.9700012207031,327.0,322.6600036621094,324.5400085449219,14761500,0.002378291865764881,328.51857212611606,343.2909531366257
2021-10-14,328.3599853515625,330.5199890136719,327.1000061035156,328.5299987792969,14302200,0.012294293859990146,327.8857160295759,341.12952386765255
2021-10-15,328.67999267578125,329.07000732421875,322.510009765625,324.760009765625,21596400,-0.01147532653845873,326.6171439034598,338.8295244489397
2021-10-18,328.95001220703125,335.8900146484375,327.5,335.3399963378906,21585000,0.03257786135645535,327.4914289202009,337.4304765973772
2021-10-19,339.6499938964844,342.4599914550781,337.2799987792969,339.989990234375,18786300,0.01386650547881274,328.9114292689732,336.68238031296505
2021-10-20,343.45001220703125,343.9800109863281,339.45001220703125,340.7799987792969,13639500,0.002323622952479454,331.10142735072543,335.8871416364397
2021-10-21,340.2799987792969,342.3099975585937,337.79998779296875,341.8800048828125,16354400,0.0032279068826102097,333.6885724748884,335.8238089425223
2021-10-22,326.3500061035156,329.6300048828125,321.1099853515625,324.6099853515625,35224500,-0.05051485692229851,333.69856916155135,334.80714198521207
2021-10-25,320.29998779296875,329.5599975585937,319.7200012207031,328.69000244140625,38409000,0.012568982082991065,333.721426827567,333.65142822265625
2021-10-26,328.260009765625,330.2099914550781,309.6000061035156,315.8099975585937,65654000,-0.039185873580406816,332.44285365513394,331.8528573172433
2021-10-27,314.19000244140625,319.25,312.0599975585937,312.2200012207031,29971800,-0.01136758293164708,329.13999720982144,330.4990481422061
2021-10-28,312.989990234375,325.5199890136719,308.1099853515625,316.9200134277344,50806800,0.015053526963856756,325.8442862374442,329.4185732886905
2021-10-29,320.19000244140625,326.0,319.6000061035156,323.57000732421875,37059400,0.020983193281356893,323.3857160295759,328.6652396065848
2021-11-01,326.0400085449219,333.45001220703125,326.0,329.9800109863281,31518900,0.01981025285723259,321.6857169015067,328.04476347423736
2021-11-02,331.3800048828125,334.7900085449219,323.79998779296875,328.0799865722656,28353000,-0.005757998517495699,322.18143136160717,328.13285754975817
2021-11-03,327.489990234375,332.1499938964844,323.20001220703125,331.6199951171875,20786500,0.010790077693880074,322.6000017438616,328.0690482003348
2021-11-04,334.010009765625,337.2699890136719,332.6499938964844,335.8500061035156,22495300,0.012755596913971656,325.4628601074219,328.1742858886719
2021-11-05,340.3099975585937,346.7900085449219,339.6400146484375,341.1300048828125,26872800,0.015721300233263902,329.59286063058033,328.7414289202009
2021-11-08,344.4200134277344,344.7900085449219,338.3399963378906,338.6199951171875,18342500,-0.007357927270241871,332.69285801478793,329.14952450706846
2021-11-09,340.0,341.3099975585937,334.4700012207031,335.3699951171875,17556700,-0.00959777935994377,334.3785705566406,329.6219046456473
2021-11-10,332.489990234375,333.19000244140625,325.510009765625,327.6400146484375,21872600,-0.0230491116715702,334.0442853655134,329.80619158063615
2021-11-11,329.82000732421875,332.4599914550781,327.0,327.739990234375,12376600,0.00030513851015667726,333.99571446010043,329.9585716610863
2021-11-12,330.17999267578125,341.8599853515625,329.7799987792969,340.8900146484375,25414300,0.04012334413221463,335.3200029645647,330.5471438453311
2021-11-15,344.3399963378906,353.6499938964844,343.20001220703125,347.5599975585937,25076600,0.019566378079554525,336.99285888671875,331.63285754975817
2021-11-16,343.8299865722656,346.6499938964844,340.8699951171875,342.9599914550781,18181100,-0.013235142524536614,337.25428553989957,331.99571446010043
2021-11-17,344.239990234375,347.29998779296875,340.1000061035156,340.7699890136719,13602800,-0.006385591602433571,337.5614275251116,332.03285725911456
2021-11-18,339.7200012207031,342.4599914550781,335.29998779296875,338.69000244140625,17487200,-0.0061037844860868384,338.0357142857143,331.9333336239769
2021-11-19,342.20001220703125,352.1000061035156,339.8999938964844,345.29998779296875,26488500,0.01951632851254903,340.5585675920759,332.09618995303197
2021-11-22,349.04998779296875,353.8299865722656,340.510009765625,341.010009765625,27116800,-0.012423915954251075,342.45428466796875,332.8771434965588
2021-11-23,338.92999267578125,341.3999938964844,333.5,337.25,17225000,-0.011026097938325208,341.9342825753348,333.2847624279204
2021-11-24,336.0,341.7799987792969,332.8099975585937,341.0599975585937,13566200,0.01129724998841719,341.0057111467634,334.48714338030135
2021-11-26,335.79998779296875,337.75,331.8999938964844,333.1199951171875,14750700,-0.02328036855170068,339.5999973842076,335.4823811848958
2021-11-29,336.8900146484375,340.6700134277344,335.3099975585937,338.0299987792969,16650900,0.014739444446683736,339.2085702078683,336.4876185825893
2021-11-30,335.0,335.8099975585937,323.42999267578125,324.4599914550781,25390000,-0.04014438769701845,337.1757114955357,336.5299987792969
2021-12-01,330.2900085449219,330.5,310.2900085449219,310.6000061035156,30329600,-0.04271708597847701,332.2185712541853,335.60714140392486
2021-12-02,311.3999938964844,314.6000061035156,307.20001220703125,310.3900146484375,24396200,-0.0006760832290780838,327.8442862374442,334.7647617885045
2021-12-03,313.7300109863281,313.75,299.5,306.8399963378906,27471000,-0.011437282589672804,323.5,333.58476184663317
2021-12-06,308.1300048828125,320.1000061035156,306.3399963378906,317.8699951171875,21758300,0.03594706984401963,320.1871425083705,332.72857084728423
2021-12-07,321.57000732421875,326.5400085449219,321.0,322.8099975585937,18794000,0.01554095233048014,318.7142857142857,331.85618954613096
2021-12-08,325.0,332.75,323.07000732421875,330.5599975585937,19937700,0.024007930543084477,317.6471426827567,331.47238013857884
2021-12-09,329.5400085449219,336.1300048828125,328.0,329.82000732421875,16879200,-0.0022385958368836834,318.41285923549106,331.20809500558033
2021-12-10,332.5599975585937,335.0299987792969,326.3699951171875,329.75,14528000,-0.00021225917974687647,321.14857264927457,331.3085704985119
2021-12-13,330.95001220703125,341.0899963378906,329.5899963378906,334.489990234375,22948700,0.01437449654094003,324.59142630440846,331.6299990699405
2021-12-14,328.04998779296875,335.70001220703125,327.6499938964844,333.739990234375,20461000,-0.00224221956380366,328.4342825753348,331.2895217168899
2021-12-15,332.489990234375,342.1099853515625,323.9800109863281,341.6600036621094,24681300,0.02373108904980903,331.8328552246094,331.0085696265811
2021-12-16,338.9800109863281,344.4599914550781,333.739990234375,334.8999938964844,22635000,-0.019785780287909893,333.55999755859375,330.62476021902904
2021-12-17,332.79998779296875,337.1099853515625,330.75,333.7900085449219,40012600,-0.003314378536255158,334.0214276994978,330.2923801967076
2021-12-20,329.7799987792969,329.8999938964844,322.5299987792969,325.45001220703125,17901800,-0.024985757884865567,333.3971426827567,329.66190447126115
2021-12-21,326.4100036621094,336.0,323.75,334.20001220703125,16116800,0.026885849352599855,334.0328587123326,329.13333420526413
2021-12-22,333.79998779296875,334.510009765625,328.260009765625,330.45001220703125,16764600,-0.01122082544292946,333.4557189941406,328.6304771786644
2021-12-23,330.1000061035156,336.6700134277344,328.3599853515625,335.239990234375,13987700,0.014495318052349715,333.67000470842635,328.5347624279204
2021-12-27,338.8500061035156,347.8699951171875,338.010009765625,346.17999267578125,17795000,0.032633345543763514,334.3157174246652,328.77857171921505
2021-12-28,346.6300048828125,352.7099914550781,345.20001220703125,346.2200012207031,16637600,0.00011557151126107001,335.932861328125,329.4023815336682
2021-12-29,346.9100036621094,349.69000244140625,341.6400146484375,342.94000244140625,10747000,-0.009473741458414398,337.24000331333707,329.63619123186385
2021-12-30,344.0,347.2300109863281,343.2200012207031,344.3599853515625,10593300,0.004140616142903397,339.9414280482701,330.5838099888393
2021-12-31,343.0199890136719,343.44000244140625,336.2699890136719,336.3500061035156,12870500,-0.02326048202107267,340.24857003348217,331.81000046502976
2022-01-03,338.29998779296875,341.0799865722656,337.19000244140625,338.5400085449219,14537900,0.00651108191367844,341.40428379603793,333.15047636486236
2022-01-04,339.95001220703125,343.0899963378906,331.8699951171875,336.5299987792969,15998000,-0.005937288695254117,341.5885707310268,334.56428600492933
2022-01-05,333.0199890136719,335.760009765625,323.8399963378906,324.1700134277344,20564500,-0.03672773718954081,338.4442879813058,334.8642868768601
2022-01-06,322.82000732421875,339.1700134277344,322.7200012207031,332.4599914550781,27962800,0.02557293297947738,336.4785723005022,335.32381039574034
2022-01-07,332.739990234375,337.0,328.8800048828125,331.7900085449219,14722000,-0.002015228681273573,334.8857160295759,335.38238234747024
2022-01-10,325.3099975585937,328.3399963378906,315.42999267578125,328.07000732421875,24942400,-0.01121191453901016,332.55857631138394,335.2990490141369
2022-01-11,326.7799987792969,334.6300048828125,325.2799987792969,334.3699951171875,16226800,0.019203181187918528,332.27571759905135,335.519048781622
2022-01-12,335.17999267578125,336.3699951171875,330.0299987792969,333.260009765625,14104900,-0.0033196320476467367,331.5214320591518,335.4604782831101
2022-01-13,334.9800109863281,335.6300048828125,325.760009765625,326.4800109863281,14797100,-0.02034447152559682,330.0857195172991,335.1147649855841
2022-01-14,321.7900085449219,332.7300109863281,321.2099914550781,331.8999938964844,16868500,0.01660127030068992,331.19000244140625,334.6500026157924
2022-01-18,323.2900085449219,324.2099914550781,317.6400146484375,318.1499938964844,22645600,-0.04142814176817511,329.14571707589283,333.85238356817337
2022-01-19,319.5799865722656,327.1000061035156,319.3299865722656,319.5899963378906,20814700,0.004526174662994986,327.4028581891741,333.17619251069567
2022-01-20,323.8999938964844,327.82000732421875,315.9800109863281,316.5599975585937,16925000,-0.009480893688841974,325.7585710797991,332.7528584798177
2022-01-21,314.8099975585937,318.3099975585937,303.0400085449219,303.1700134277344,28710700,-0.04229840862435852,321.30143083844865,331.2752394903274
2022-01-24,297.8399963378906,309.5299987792969,289.010009765625,308.7099914550781,38878100,0.018273502595810953,317.7942853655134,330.24000040690106
2022-01-25,299.95001220703125,306.2300109863281,297.5799865722656,300.1499938964844,25108500,-0.02772828154426399,314.03285435267856,328.5690482003348
2022-01-26,307.010009765625,307.510009765625,290.8500061035156,294.6300048828125,28348800,-0.01839076836888298,308.7085702078683,326.1142868768601
2022-01-27,297.75,301.7099914550781,294.260009765625,294.6400146484375,21629900,3.397401981852788e-05,305.3500017438616,323.6580970400856
2022-01-28,295.6199951171875,301.8999938964844,293.0299987792969,301.7099914550781,21871600,0.02399530428708574,302.79571533203125,321.69476318359375
2022-01-31,300.67999267578125,313.7900085449219,299.32000732421875,313.260009765625,21579500,0.03828185554891239,302.3242885044643,320.21381196521577
2022-02-01,314.5599975585937,319.6600036621094,312.1199951171875,319.0,18023800,0.01832340565484092,304.5857151576451,319.3876211983817
2022-02-02,327.82000732421875,328.0,316.8699951171875,323.0,58458300,0.012539184952978122,306.6271449497768,318.6476207914807
2022-02-03,244.6499938964844,248.0,235.75,237.75999450683597,188119900,-0.2639009457992695,297.7142878941127,313.9442872546968
2022-02-04,234.97000122070312,242.6100006103516,230.1100006103516,237.08999633789065,89342200,-0.0028179600623520207,289.4942866734096,309.79761977422805
2022-02-07,237.6999969482422,238.3000030517578,224.00999450683597,224.91000366210935,88613800,-0.05137286626983151,279.5328565325056,304.67619178408665
2022-02-08,220.8500061035156,225.7700042724609,216.1499938964844,220.17999267578125,94729700,-0.02103068298124333,267.88571384974887,299.3614291236514
2022-02-09,224.1999969482422,233.3699951171875,222.2100067138672,232.0,86563300,0.05368338503682257,256.27714102608815,294.7866668701172
2022-02-10,228.2700042724609,235.0,226.6999969482422,228.07000732421875,49310400,-0.016939623602505338,243.28714207240515,289.72476268949964
2022-02-11,228.4600067138672,230.4199981689453,218.7700042724609,219.5500030517578,46156900,-0.037356969346474034,228.5085710797991,284.31000046502976
2022-02-14,219.30999755859372,221.0,214.77999877929688,217.6999969482422,38184000,-0.008426354260079427,225.64285714285714,279.1299997965495
2022-02-15,220.47000122070312,221.1499938964844,215.05999755859372,221.0,42685500,0.015158489196223535,223.3442862374442,273.8490477062407
2022-02-16,212.41000366210935,217.4600067138672,212.3600006103516,216.5399932861328,45817500,-0.020181025854602685,222.14857046944755,269.0104762486049
2022-02-17,214.0200042724609,217.5,207.16000366210935,207.7100067138672,38747500,-0.040777624669997126,220.36714390345983,263.68285769508
2022-02-18,209.38999938964844,210.75,205.17999267578125,206.16000366210935,37128400,-0.007462341734421396,216.67571585518974,258.42571512858075
2022-02-22,202.33999633789065,207.47999572753903,200.05999755859372,202.0800018310547,39852400,-0.01979046254646788,212.96285792759485,253.61190505254837
2022-02-23,204.16000366210935,206.94000244140625,198.0500030517578,198.4499969482422,44481400,-0.017963206897866568,209.94857134137834,248.36142912365142
2022-02-24,191.05999755859372,208.3500061035156,190.22000122070312,207.6000061035156,49957200,0.04610737866456005,208.5057155064174,243.95428684779577
2022-02-25,204.94000244140625,211.32000732421875,203.17999267578125,210.47999572753903,37627600,0.013872781981458138,207.0028577532087,239.9471435546875
2022-02-28,207.67999267578125,213.1499938964844,206.8300018310547,211.02999877929688,34239800,0.002613089428554538,206.21571568080358,235.96571422758558
2022-03-01,209.8699951171875,211.75,202.22000122070312,203.4900054931641,27094900,-0.035729485522190574,205.61285836356026,231.28857203892298
2022-03-02,204.77999877929688,209.1499938964844,202.0200042724609,208.1100006103516,29452100,0.022703793761225777,205.8914293561663,226.28142874581474
2022-03-03,209.0200042724609,209.0800018310547,201.4199981689453,202.97000122070312,27263500,-0.024698473761826545,206.01857212611608,220.75619070870536
2022-03-04,202.3699951171875,205.88999938964844,198.7899932861328,200.05999755859372,32130900,-0.014337112108232963,206.24857221330916,214.9019048781622
2022-03-07,200.7899932861328,200.88999938964844,187.27999877929688,187.47000122070312,38560600,-0.0629311031267169,203.37285723005022,212.50714329310827
2022-03-08,187.8500061035156,196.6999969482422,186.1100006103516,190.2899932861328,37508100,0.015042364362657601,200.4885711669922,210.27857171921502
2022-03-09,195.7400054931641,199.1000061035156,193.9199981689453,198.5,31894700,0.04314471072329096,198.69857134137834,209.02095249720983
2022-03-10,194.83999633789065,196.27999877929688,191.07000732421875,195.2100067138672,24853000,-0.016574273481777424,197.51571437290735,207.83190554664247
2022-03-11,192.63999938964844,193.55999755859372,186.6699981689453,187.6100006103516,34694500,-0.038932461667579576,194.58714294433594,205.71809605189733
2022-03-14,187.02999877929688,192.2899932861328,185.82000732421875,186.6300048828125,31010500,-0.005223579363311526,192.2528577532087,203.74476260230654
2022-03-15,190.8000030517578,192.27999877929688,185.91000366210935,192.02999877929688,31721700,0.028934221482098232,191.10571507045202,202.43428620837983
2022-03-16,194.6999969482422,203.72999572753903,194.5200042724609,203.6300048828125,40640300,0.06040726020546239,193.41428702218192,201.7642865862165
2022-03-17,201.6999969482422,208.0399932861328,201.1100006103516,207.83999633789065,29499700,0.02067471077015881,195.92143031529017,201.1376197451637
2022-03-18,206.6999969482422,216.8000030517578,206.0,216.4900054931641,52128000,0.041618597515806766,198.4914311000279,201.13523937406995
2022-03-21,214.5,214.7100067138672,207.6300048828125,211.4900054931641,30142300,-0.023095754414204972,200.81714521135603,201.31523931594123
2022-03-22,211.3699951171875,219.4600067138672,210.17999267578125,216.6499938964844,31998800,0.024398261238340657,204.96571568080358,201.81476266043526
2022-03-23,213.3300018310547,216.8000030517578,212.16000366210935,213.4600067138672,23717300,-0.014724150807691183,208.79857308523995,202.3566676548549
2022-03-24,215.0,220.6699981689453,214.7899932861328,219.57000732421875,31502300,0.028623631678892147,212.7328600202288,203.36238243466332
2022-03-25,220.50999450683597,225.5,218.88999938964844,221.82000732421875,40039000,0.010247301202106485,215.33143179757255,204.0395253499349
2022-03-28,222.1300048828125,224.0399932861328,219.5399932861328,223.58999633789065,26224100,0.007979392999860613,217.58143179757255,204.66381109328498
2022-03-29,226.07000732421875,230.88999938964844,225.2899932861328,229.8600006103516,31417900,0.028042418601705643,219.4914311000279,205.5604778471447
2022-03-30,228.91000366210935,231.1499938964844,226.7100067138672,227.8500061035156,25588000,-0.008744429224305295,221.82857404436385,206.7204778762091
2022-03-31,228.4499969482422,228.4900054931641,222.25999450683597,222.3600006103516,24192300,-0.024094822673253802,222.64428928920202,207.3990493047805
2022-04-01,224.5500030517578,227.27999877929688,222.6999969482422,224.8500061035156,19544800,0.011198081877717314,224.27143205915178,208.44095429920014
2022-04-04,225.97999572753903,234.3500061035156,225.8600006103516,233.88999938964844,28054800,0.04020454988100397,226.31714521135603,210.0519067673456
2022-04-05,234.0800018310547,236.8600006103516,231.0200042724609,231.83999633789065,29727200,-0.008764817038383055,227.74857221330916,212.16476367768786
2022-04-06,226.91000366210935,228.9900054931641,221.41000366210935,223.3000030517578,28995100,-0.03683572041506766,227.70714460100447,213.7366689046224
2022-04-07,223.92999267578125,225.5200042724609,218.55999755859372,222.9499969482422,21037200,-0.001567425430954894,226.72000122070312,214.9009544735863
2022-04-08,222.3800048828125,225.1300048828125,220.02999877929688,222.3300018310547,18375700,-0.0027808707139450606,225.93142918178015,216.1923828125
2022-04-11,218.4199981689453,220.6100006103516,215.22000122070312,216.4600067138672,20516600,-0.026402172756009867,225.0885729108538,217.56619262695312
2022-04-12,220.2400054931641,222.02999877929688,213.1300048828125,214.13999938964844,20128800,-0.01071794905414336,223.5585719517299,218.8761923653739
2022-04-13,211.82000732421875,216.6100006103516,211.3300018310547,214.9900054931641,19231800,0.003969394349203181,220.85857282366075,219.96952601841517
2022-04-14,214.88999938964844,214.9900054931641,210.0,210.17999267578125,18379500,-0.022373192680976928,217.7642865862165,220.28143019903274
2022-04-18,210.0,213.3800048828125,208.3000030517578,210.7700042724609,16580800,0.0028071729814445057,215.97428676060267,220.42095438639322
2022-04-19,210.5200042724609,218.42999267578125,209.0,217.30999755859372,20089900,0.031029051352480908,215.16857256208144,220.46000162760416
2022-04-20,213.6100006103516,214.16000366210935,198.9199981689453,200.4199981689453,43036500,-0.07772306649211724,212.03857203892298,219.932858421689
2022-04-21,201.6000061035156,202.97000122070312,185.5800018310547,188.07000732421875,49954100,-0.061620551629364195,207.98285784040178,218.57190668015252
2022-04-22,190.3699951171875,192.72000122070312,183.2700042724609,184.1100006103516,36426800,-0.021056024669794393,203.69285801478796,217.17428734188988
2022-04-25,182.72999572753903,187.17999267578125,181.66000366210935,186.9900054931641,29281100,0.01564284869515431,199.69285801478796,215.62285868326822
2022-04-26,186.6300048828125,187.19000244140625,179.5,180.9499969482422,31747400,-0.032301237325450094,195.51714433942522,213.67666771298363
2022-04-27,174.42999267578125,181.2100067138672,169.0,174.9499969482422,71062900,-0.03315833158989334,190.4000004359654,211.36047726585753
2022-04-28,202.9199981689453,208.52999877929688,192.8999938964844,205.72999572753903,100890600,0.17593597780057646,188.74571446010046,210.21142941429503
2022-04-29,204.4600067138672,212.47999572753903,199.8999938964844,200.47000122070312,49193400,-0.025567465202313233,188.7528577532087,208.9076196579706
2022-05-02,201.1699981689453,211.8800048828125,200.9900054931641,211.1300048828125,49915300,0.05317505660297517,192.0471431187221,208.37285795665923
2022-05-03,210.4499969482422,214.8999938964844,208.08999633789065,212.02999877929688,41556300,0.004262747481031504,196.03571428571428,207.76238141741072
2022-05-04,210.6499938964844,224.3000030517578,206.9600067138672,223.41000366210935,41375900,0.05367167357604896,201.23857116699216,207.2633340018136
2022-05-05,218.7400054931641,220.1699981689453,206.16000366210935,208.27999877929688,41129200,-0.06772304120139339,205.1428571428571,206.1414293561663
2022-05-06,207.33999633789065,209.3800048828125,201.0200042724609,203.7700042724609,34747200,-0.021653517060056138,209.26000104631694,205.21142941429503
2022-05-09,199.83999633789065,202.57000732421875,195.5800018310547,196.2100067138672,36303200,-0.03710063993758983,207.9000026157924,203.93809654599144
2022-05-10,199.50999450683597,202.9600067138672,194.19000244140625,197.6499938964844,34452500,0.007339009904408833,207.4971444266183,202.76285807291666
2022-05-11,196.3300018310547,200.6699981689453,188.2700042724609,188.7400054931641,31153400,-0.04507962903346585,204.29857308523995,201.44285801478796
2022-05-12,187.05999755859372,198.0500030517578,184.77999877929688,191.2400054931641,38262200,0.013245734487861593,201.32857404436388,200.35238211495536
2022-05-13,192.5800018310547,199.88999938964844,191.27999877929688,198.6199951171875,24549800,0.03859019772035732,197.78714425223217,199.57285781133743
2022-05-16,197.0500030517578,205.3699951171875,195.92999267578125,200.0399932861328,27112600,0.007149321336492376,196.6100006103516,199.09000069754464
2022-05-17,202.1199951171875,205.4600067138672,198.3600006103516,202.6199951171875,24872700,0.012897430102211116,196.44571358816967,198.70190502348402
2022-05-18,200.0,201.0,191.6300048828125,192.2400054931641,23960000,-0.05122885141725542,195.87857055664065,197.50809587751115
2022-05-19,191.1999969482422,195.2899932861328,189.6000061035156,191.2899932861328,24446900,-0.004941802850006005,194.96999904087616,197.07333374023438
2022-05-20,194.97000122070312,197.91000366210935,187.8699951171875,193.5399932861328,31465600,0.011762246217628558,195.6557115827288,197.3338092622303
2022-05-23,195.19000244140625,196.9900054931641,191.2400054931641,196.22999572753903,25059200,0.013898948717174342,196.36856733049666,197.91095188685827
2022-05-24,180.5500030517578,183.67999267578125,176.11000061035156,181.27999877929688,50406300,-0.07618609424524425,193.89142499651228,197.63904680524553
2022-05-25,180.3999938964844,185.4499969482422,179.32000732421875,183.8300018310547,28030200,0.01406665417546904,191.5757119315011,197.77618989490327
2022-05-26,182.8800048828125,192.8300018310547,182.25999450683597,191.6300048828125,23056500,0.042430522624518296,190.0057133265904,198.57047598702567
2022-05-27,191.3600006103516,195.3300018310547,189.8000030517578,195.1300048828125,22562700,0.01826436315200408,190.41857038225447,198.06571451822916
2022-05-31,194.88999938964844,197.6000061035156,192.00999450683597,193.63999938964844,26131100,-0.007635962977907473,190.75428553989954,197.74047633579798
2022-06-01,196.50999450683597,199.52999877929688,185.0,188.63999938964844,36623500,-0.025821111422020038,190.05428641183036,196.66952369326637
2022-06-02,188.4499969482422,200.94000244140625,187.72999572753903,198.8600006103516,31951600,0.054177275518290546,190.43000139508928,196.04238092331659
2022-06-03,195.97999572753903,196.6100006103516,189.77999877929688,190.77999877929688,19465000,-0.040631609203737096,191.78714425223214,194.4885711669922
2022-06-06,193.9900054931641,196.9199981689453,188.3999938964844,194.25,30574200,0.018188495874336352,193.27571541922433,193.82047598702567
2022-06-07,191.92999267578125,196.52999877929688,191.4900054931641,195.6499938964844,18828700,0.007207175786277498,193.8499995640346,193.43380882626488
2022-06-08,194.6699981689453,202.02999877929688,194.41000366210935,196.63999938964844,22267200,0.005060084457185532,194.06571306501115,193.45428466796875
2022-06-09,194.27999877929688,199.4499969482422,183.67999267578125,184.0,23501600,-0.06427989945525714,192.6885702950614,192.80428495861236
2022-06-10,183.0399932861328,183.1000061035156,175.02000427246094,175.57000732421875,27450800,-0.0458151775857677,190.82142857142858,192.17714218866257
2022-06-13,170.58999633789062,172.5800018310547,164.02999877929688,164.25999450683594,31749300,-0.06441882067303795,185.87857055664062,190.8923797607422
2022-06-14,166.02999877929688,166.75,161.36000061035156,163.72999572753906,27244300,-0.0032265846646842844,182.01428440638952,189.23095121837798
2022-06-15,167.1999969482422,172.16000366210938,163.97999572753906,169.35000610351562,30008300,0.03432486729755224,178.45714242117745,187.76952325730096
2022-06-16,163.72000122070312,165.0800018310547,159.61000061035156,160.8699951171875,26944100,-0.050073874701514365,173.4885711669922,185.78142801920572
2022-06-17,161.67999267578125,165.89999389648438,159.89999389648438,163.74000549316406,31374200,0.01784055736363932,168.78857203892298,184.42428516206286
2022-06-21,165.92999267578125,167.75999450683594,155.97000122070312,157.0500030517578,50724900,-0.040857470483507186,164.9385724748884,182.79380943661644
2022-06-22,158.3800048828125,160.7899932861328,155.44000244140625,155.85000610351562,47267800,-0.007640859120815913,162.12142944335938,180.9990481422061
2022-06-23,156.27000427246094,159.75,154.25,158.75,40499200,0.01860759565551895,161.33428737095423,179.2142864408947
2022-06-24,161.72999572753906,170.25,161.3000030517578,170.16000366210938,68736000,0.07187403881643695,162.25285993303572,178.6847628638858
2022-06-27,171.32000732421875,171.75,168.00999450683594,169.49000549316406,29174600,-0.003937459770368523,162.27285984584265,178.0019058954148
2022-06-28,169.89999389648438,171.3000030517578,160.61000061035156,160.67999267578125,27744500,-0.05197954175379471,162.24571663992745,176.52809579031808
2022-06-29,163.57000732421875,166.3300018310547,160.32000732421875,163.94000244140625,28595200,0.020288834417630408,162.2742876325335,175.04285757882255
2022-06-30,162.14999389648438,165.22999572753906,158.49000549316406,161.25,35250600,-0.01640845676068403,162.87428719656808,173.50047665550596
2022-07-01,160.30999755859375,160.6199951171875,155.0,160.02999877929688,31423900,-0.007565899043120106,163.47142900739397,172.13809567406065
2022-07-05,158.13999938964844,168.25,157.02000427246094,168.19000244140625,28618600,0.0509904625654789,164.82000078473772,170.67761957077752
2022-07-06,168.1999969482422,171.58999633789062,165.4600067138672,169.77000427246094,23085900,0.009394148332955377,164.7642865862165,169.67714364188058
2022-07-07,169.4499969482422,172.72000122070312,167.77999877929688,172.19000244140625,24083400,0.01425456858127605,165.1500004359654,168.62666756766183
2022-07-08,169.97999572753906,172.39999389648438,168.14999389648438,170.8800048828125,19249200,-0.007607860735349692,166.60714503696985,167.44714428129652
2022-07-11,167.07000732421875,167.49000549316406,161.91000366210938,162.8800048828125,21885600,-0.04681647806299105,166.4557168143136,165.8395254952567
2022-07-12,164.8000030517578,165.91000366210938,162.10000610351562,163.27000427246094,16639700,0.002394396966828527,166.7442888532366,164.85238284156435
2022-07-13,160.16000366210938,164.97999572753906,159.61000061035156,163.49000549316406,16555100,0.0013474687018197873,167.2385755266462,164.27714465913317
2022-07-14,161.22000122070312,162.58999633789062,157.27999877929688,158.0500030517578,23765200,-0.033274220188546644,165.79000418526786,163.98143078031995
2022-07-15,160.5399932861328,164.97999572753906,159.82000732421875,164.6999969482422,23342800,0.04207525319886685,165.06571742466517,164.02762131463913
2022-07-18,166.75,171.69000244140625,165.63999938964844,167.22999572753906,23574300,0.015361255775201643,164.35714503696985,163.92666843959265
2022-07-19,170.3699951171875,176.49000549316406,169.50999450683594,175.77999877929688,25933700,0.05112720965255524,165.05714416503906,164.6366686139788
2022-07-20,177.49000549316406,183.6000061035156,176.6999969482422,183.08999633789065,24784300,0.0415860599007738,167.9442858014788,165.55809674944197
2022-07-21,180.6300048828125,183.8500061035156,178.8699951171875,183.1699981689453,27195800,0.0004369535892447818,170.78714207240515,166.8019060407366
2022-07-22,173.07000732421875,175.60000610351562,168.41000366210938,169.27000427246094,42583900,-0.0758857565946135,171.61285618373327,167.44095357259116
2022-07-25,169.0,170.57000732421875,164.80999755859375,166.64999389648438,26166300,-0.015478290954369811,172.8414263044085,167.81714375813803
2022-07-26,165.94000244140625,166.0,157.9499969482422,159.14999389648438,28468400,-0.04500450209832396,172.04856872558594,167.29285757882255
2022-07-27,162.58999633789062,170.8699951171875,162.02000427246094,169.5800018310547,43846600,0.06553571055336826,172.38428388323103,167.2971431187221
2022-07-28,161.05999755859375,161.50999450683594,154.85000610351562,160.72000122070312,73214300,-0.052246730243454054,170.23285566057478,167.2990482875279
2022-07-29,157.69000244140625,160.13999938964844,155.1699981689453,159.10000610351562,42065400,-0.010079611155321633,166.8057141985212,167.06857227143786
2022-08-01,157.25,165.19000244140625,155.22999572753906,159.92999267578125,40596700,0.005216760153520017,163.4857134137835,167.00571477980841
2022-08-02,158.30999755859375,162.24000549316406,158.00999450683594,160.19000244140625,27374500,0.0016257723849966155,162.1885702950614,167.0133340018136
2022-08-03,162.69000244140625,169.5399932861328,161.57000732421875,168.8000030517578,31721900,0.05374867644128356,162.49571446010046,167.0423816499256
2022-08-04,168.3000030517578,172.14999389648438,166.8000030517578,170.57000732421875,23938200,0.010485807111734635,164.12714494977678,167.08047703334265
2022-08-05,166.99000549316406,171.61000061035156,165.8000030517578,167.11000061035156,25832700,-0.020284965499769325,163.7742876325335,166.83857218424478
2022-08-08,168.0,177.50999450683594,167.1300048828125,170.25,27299100,0.018790014829632717,165.1357160295759,166.8085719517299
2022-08-09,168.9499969482422,169.52999877929688,166.60000610351562,168.52999877929688,18655100,-0.010102797184746715,166.48285784040178,167.07761928013392
2022-08-10,175.99000549316406,180.47999572753903,173.9499969482422,178.33999633789062,30262100,0.058209206845368344,169.11285836356026,167.7952379499163
2022-08-11,179.7100067138672,183.1000061035156,176.3699951171875,177.49000549316406,24079100,-0.004766125727153958,171.58428737095423,168.46190461658296
2022-08-12,180.80999755859372,181.4600067138672,178.91000366210938,180.5,21274000,0.016958670424695343,173.2557155064174,169.53095209030877
2022-08-15,178.9600067138672,181.44000244140625,178.1999969482422,180.88999938964844,15878700,0.0021606614384954703,174.73000008719308,170.3019045875186
2022-08-16,179.44000244140625,180.9900054931641,177.0399932861328,179.47000122070312,21156700,-0.007850064535002588,176.49571446010046,170.88476199195497
2022-08-17,176.75999450683594,178.13999938964844,174.1699981689453,174.85000610351562,20118100,-0.02574243653960895,177.1528581891741,170.84047662644159
2022-08-18,174.33999633789062,175.75999450683594,171.86000061035156,174.66000366210938,18844500,-0.0010866596212399937,178.02857317243303,170.43904840378534
2022-08-19,170.1999969482422,172.32000732421875,167.0500030517578,167.9600067138672,26240800,-0.0383602244804927,176.54571751185827,169.71476309640067
2022-08-22,165.49000549316406,165.49000549316406,162.25999450683594,163.0500030517578,19499700,-0.029233171385102064,174.4828600202288,169.41857256208147
2022-08-23,162.47999572753906,165.0500030517578,160.6999969482422,161.11000061035156,18111800,-0.01189820548970133,171.71286010742188,169.1547633579799
2022-08-24,160.60000610351562,165.4600067138672,159.77000427246094,163.25999450683594,20891500,0.013344881685428023,169.1942879813058,169.35047767275856
2022-08-25,165.17999267578125,168.8800048828125,164.02000427246094,168.77999877929688,15550500,0.03381112616802029,167.66714477539062,169.3123822893415
2022-08-26,168.47999572753906,170.9199981689453,161.6699981689453,161.77999877929688,24023600,-0.041474108606633364,165.8000008719308,169.36285836356026
2022-08-29,160.66000366210938,163.0500030517578,159.00999450683594,159.1699981689453,20052700,-0.01613302404527872,163.58714294433594,169.36619131905692
2022-08-30,160.35000610351562,161.66000366210938,155.91000366210938,157.16000366210938,19567900,-0.012627973424379269,162.0442853655134,169.23428708031065
2022-08-31,167.07000732421875,167.83999633789062,162.13999938964844,162.92999267578125,40953000,0.036714105874400715,162.02714102608817,169.36476280575707
2022-09-01,163.5800018310547,167.36000061035156,160.35000610351562,165.36000061035156,30145700,0.014914429778474458,162.63428388323103,169.2009531656901
2022-09-02,167.4499969482422,167.92999267578125,159.22000122070312,160.32000732421875,22634200,-0.03047891429323879,162.21428571428572,168.71285792759485
2022-09-06,160.10000610351562,161.69000244140625,157.69000244140625,158.5399932861328,19339800,-0.011102881466853787,160.75142778669084,168.3047623407273
2022-09-07,157.75999450683594,160.9600067138672,156.80999755859375,160.38999938964844,16831200,0.011669018429796063,160.5528564453125,167.83523850213913
2022-09-08,158.7100067138672,162.22999572753906,157.74000549316406,162.05999755859375,22530800,0.010412109079745324,160.96571350097656,167.52714320591517
2022-09-09,163.25,169.5399932861328,163.02000427246094,169.14999389648438,22086800,0.04374920674256577,162.67856924874442,167.0895240420387
2022-09-12,167.38999938964844,171.38999938964844,167.27999877929688,168.9600067138672,23220400,-0.0011231876409848462,163.53999982561385,166.68333362397692
2022-09-13,161.5399932861328,161.6300048828125,152.6699981689453,153.1300048828125,44444100,-0.09369082150820873,161.79285757882255,165.3800005231585
2022-09-14,153.3300018310547,153.5399932861328,149.0500030517578,151.47000122070312,43064200,-0.010840485921617682,160.52857099260603,163.97904822939918
2022-09-15,149.8000030517578,154.1999969482422,148.6999969482422,149.5500030517578,34606300,-0.012675765190941823,159.2442866734096,162.55428641183036
2022-09-16,148.0500030517578,148.5800018310547,144.2899932861328,146.2899932861328,40122800,-0.021798794377133834,157.23000008719308,161.1942858014788
2022-09-19,145.24000549316406,148.5800018310547,145.10000610351562,148.02000427246094,22169500,0.011825901057664012,155.22428676060267,159.92571440197173
2022-09-20,145.77999877929688,148.83999633789062,145.22000122070312,146.08999633789062,23217400,-0.013038831771803872,151.93000139508928,158.88428533644904
2022-09-21,146.38999938964844,149.60000610351562,142.0,142.1199951171875,38338600,-0.02717503812869526,148.09571402413505,157.88761829194567
2022-09-22,141.5500030517578,144.5800018310547,140.8699951171875,142.82000732421875,34418500,0.004925501203782323,146.62285723005022,157.01666623070128
2022-09-23,141.4199981689453,142.6199951171875,138.88999938964844,140.41000366210938,31710700,-0.016874412116772763,145.04285757882255,155.92857142857142
2022-09-26,140.1199951171875,142.24000549316406,136.19000244140625,136.3699951171875,30497000,-0.028772939531032105,143.15999930245536,154.38523792085192
2022-09-27,137.9199981689453,139.4199981689453,134.1199951171875,134.39999389648438,30826500,-0.014446001989002255,141.46142796107702,153.08142816452752
2022-09-28,134.6199951171875,142.02999877929688,134.27000427246094,141.61000061035156,32658500,0.05364588572392637,140.54571315220423,152.2452378045945
2022-09-29,139.36000061035156,139.83999633789062,135.1999969482422,136.41000366210938,38985400,-0.03672054887246479,139.16285705566406,151.25714256649925
2022-09-30,136.0500030517578,140.99000549316406,135.5,135.67999267578125,33166400,-0.005351594213987232,138.24285670689173,149.95952351888022
2022-10-03,137.13999938964844,139.6199951171875,136.10000610351562,138.61000061035156,27723100,0.021594988891043165,137.64142717633928,148.68571399507067
2022-10-04,140.49000549316406,142.38999938964844,139.33999633789062,140.27999877929688,34670700,0.012048179507911927,137.62285505022322,147.73142787388392
2022-10-05,138.24000549316406,140.2100067138672,134.77999877929688,138.97999572753906,27979300,-0.009267201761265387,137.99571228027344,146.7999994187128
2022-10-06,137.72000122070312,141.4499969482422,136.60000610351562,139.07000732421875,36231100,0.0006476586519412741,138.66285705566406,145.7847617013114
2022-10-07,136.75999450683594,138.2899932861328,132.44000244140625,133.4499969482422,33214800,-0.040411376141474054,137.4971422467913,144.42238071986608
2022-10-10,133.5500030517578,136.11000061035156,131.8699951171875,133.7899932861328,24024000,0.0025477433170904007,137.12285505022322,142.7385711669922
2022-10-11,131.6199951171875,132.66000366210938,126.98999786376952,128.5399932861328,38481400,-0.03924060291095144,136.1028551374163,140.81380862281435
2022-10-12,128.32000732421875,129.6699981689453,126.25,127.5,34605200,-0.008090814847156236,134.51571219308036,139.5933321998233
2022-10-13,123.52999877929688,131.13999938964844,122.52999877929688,130.2899932861328,34325700,0.02188230028339455,133.08856855119978,138.58476039341517
2022-10-14,131.0,131.7899932861328,126.5199966430664,126.76000213623048,23559400,-0.02709334048509804,131.34285518101282,137.49952225458057
2022-10-17,130.3000030517578,134.7899932861328,130.17999267578125,134.0399932861328,29612200,0.05743129557601656,130.62428174700057,136.9161889212472
2022-10-18,137.08999633789062,137.83999633789062,131.39999389648438,132.8000030517578,25445000,-0.009250897467056873,130.53142547607422,136.19142695835657
2022-10-19,132.88999938964844,137.0,132.22000122070312,133.22999572753906,30691000,0.003237896580572164,130.45142582484655,135.57904597691126
2022-10-20,132.92999267578125,136.77000427246094,131.30999755859375,131.52999877929688,26356300,-0.012759866417159982,130.87856946672713,135.07476043701172
2022-10-21,126.30999755859376,130.1199951171875,125.44000244140624,130.00999450683594,46348600,-0.011556331533245534,131.23714011056083,134.46475982666016
2022-10-24,127.25,133.47999572753906,124.56999969482422,129.72000122070312,63563400,-0.00223054609941975,131.1557126726423,133.9557120913551
2022-10-25,130.8800048828125,138.35000610351562,130.58999633789062,137.50999450683594,38433200,0.060052368276493295,132.69142586844308,134.00999777657645
2022-10-26,131.67999267578125,135.5500030517578,128.52999877929688,129.82000732421875,82791500,-0.05592311460847965,132.08857073102678,133.79190317789713
2022-10-27,97.9800033569336,102.5,96.37999725341795,97.94000244140624,232316600,-0.24557081408256165,127.1085706438337,131.71237945556638
2022-10-28,99.58000183105467,100.8499984741211,97.51000213623048,99.1999969482422,95928300,0.01286496299190687,122.2471422467913,129.9404743739537
2022-10-31,98.22000122070312,99.31999969482422,92.5999984741211,93.16000366210938,121361400,-0.0608870309671905,116.76571437290737,127.91571299235027
2022-11-01,94.33000183105467,97.48999786376952,93.5500030517578,95.1999969482422,110189600,0.021897737290048402,111.79285757882255,125.84856996082127
2022-11-02,94.20999908447266,95.1999969482422,90.4800033569336,90.54000091552734,71821100,-0.04894953972790961,106.19571467808315,123.47999863397507
2022-11-03,90.08000183105467,90.45999908447266,88.41000366210938,88.91000366210938,60664000,-0.018003062038167372,99.25285884312221,121.09571329752605
2022-11-04,90.3499984741211,91.38999938964844,88.08999633789062,90.79000091552734,55638100,0.021144946305059698,93.67714364188058,118.79666537330264
2022-11-07,94.77999877929688,96.87999725341795,93.0999984741211,96.72000122070312,81987300,0.0653155660907323,93.5028577532087,117.04761795770554
2022-11-08,95.91999816894533,97.8000030517578,94.79000091552734,96.47000122070312,52088300,-0.002584780777964757,93.11285836356026,115.27047547839936
2022-11-09,101.72000122070312,104.9000015258789,100.73999786376952,101.47000122070312,107677300,0.051829583670897295,94.3000008719308,113.98142823718842
2022-11-10,107.12000274658205,112.75,104.61000061035156,111.87000274658205,80671000,0.10249336159224365,96.68143027169364,113.23714265369233
2022-11-11,109.2300033569336,114.9000015258789,108.80999755859376,113.0199966430664,59961700,0.01027973422946471,99.89285823277065,112.41476186116536
2022-11-14,110.98999786376952,116.2699966430664,110.8000030517578,114.22000122070312,53395000,0.010617630625370689,103.50857216971261,111.81761896042596
2022-11-15,116.06999969482422,118.73999786376952,114.41000366210938,117.08000183105467,50670500,0.025039402729695848,107.26428658621651,111.01000031970796
2022-11-16,114.5,116.08000183105467,112.66000366210938,113.2300033569336,33287800,-0.03288348491552462,109.62285831996373,110.07809557233539
2022-11-17,110.41000366210938,112.33000183105467,109.8000030517578,111.4499969482422,35093800,-0.015720271623416826,111.76285770961216,109.04095277332124
2022-11-18,113.8000030517578,114.31999969482422,110.62000274658205,112.0500030517578,33357700,0.0053836349927782745,113.27428654261998,108.11333392915272
2022-11-21,111.5199966430664,112.37000274658205,109.19000244140624,109.86000061035156,24351100,-0.01954486730709537,112.98714338030133,107.15381041027251
2022-11-22,109.86000061035156,111.62000274658205,108.31999969482422,111.44000244140624,29029000,0.014381957239000709,112.76142992292132,106.28333427792504
2022-11-23,111.72000122070312,112.66999816894533,110.7300033569336,112.23999786376952,21343100,0.007178709662931881,112.47857230050224,105.08000110444566
2022-11-25,111.3000030517578,112.7300033569336,111.0199966430664,111.41000366210938,12007600,-0.007394816620252764,111.66857256208148,104.20333426339286
2022-11-28,110.77999877929688,112.04000091552734,108.37999725341795,108.77999877929688,23309400,-0.023606541570440398,111.03285762241909,104.71952456519718
2022-11-29,109.54000091552734,110.94000244140624,108.54000091552734,109.45999908447266,23899200,0.0062511519838810425,110.74857221330915,105.20809609549386
2022-11-30,109.51000213623048,118.16000366210938,109.37999725341795,118.0999984741211,43348600,0.0789329386251938,111.61285727364677,106.39571489606585
2022-12-01,119.1999969482422,121.1999969482422,118.4000015258789,120.44000244140624,36551400,0.019813751037413452,113.12428610665458,107.59761991954983
2022-12-02,117.83000183105467,124.04000091552734,117.61000061035156,123.48999786376952,39950500,0.02532377416587228,114.84571402413505,109.16666739327565
2022-12-05,121.75,124.66999816894533,121.3499984741211,122.43000030517578,35474900,-0.00858367136553917,116.30142865862165,110.76285770961215
2022-12-06,119.91000366210938,120.5500030517578,113.73999786376952,114.12000274658205,43689200,-0.06787550059527714,116.68857138497489,111.8738101777576
2022-12-07,113.76000213623048,115.87999725341795,112.87999725341795,113.93000030517578,29461100,-0.0016649354787362514,117.42428588867188,112.69333394368488
2022-12-08,116.38999938964844,117.33999633789062,114.58999633789062,115.33000183105467,30619400,0.012288260529525363,118.26285770961216,113.59142921084447
2022-12-09,115.3000030517578,117.54000091552734,113.87000274658205,115.9000015258789,26033400,0.004942336649393475,117.94857243129185,114.2785720825195
2022-12-12,115.18000030517578,115.72000122070312,113.13999938964844,114.70999908447266,24747100,-0.010267492888173413,117.13000052315849,114.41381000337144
2022-12-13,122.12999725341795,123.3000030517578,118.63999938964844,120.1500015258789,44701100,0.04742396028963625,116.65285818917411,114.75333404541013
2022-12-14,119.38999938964844,124.13999938964844,119.38999938964844,121.58999633789062,36922000,0.011984975395123554,116.53285762241909,115.10428619384763
2022-12-15,118.33000183105467,118.62999725341795,114.01000213623048,116.1500015258789,34531000,-0.0447404801040896,116.82285744803292,115.06000046502974
2022-12-16,120.2300033569336,123.30999755859376,118.81999969482422,119.43000030517578,67064000,0.028239334793001003,117.60857173374721,115.35523841494603
2022-12-19,116.83000183105467,117.8000030517578,114.33000183105467,114.4800033569336,29769900,-0.041446846986465835,117.48714338030133,115.49952443440753
2022-12-20,113.26000213623048,117.33000183105467,112.45999908447266,117.08999633789062,28742500,0.022798680157436912,117.65714263916016,115.73952411469956
2022-12-21,116.6999969482422,120.33999633789062,115.62000274658205,119.76000213623048,20392800,0.02280302230632003,118.37857164655414,116.21095275878903
2022-12-22,117.1999969482422,118.62000274658205,114.37999725341795,117.12000274658205,23618100,-0.02204408268668334,117.94571467808315,116.48142896379743
2022-12-23,116.02999877929688,118.18000030517578,115.54000091552734,118.04000091552734,17796600,0.007855175438613582,117.43857247488839,116.75761958530971
2022-12-27,117.93000030517578,118.5999984741211,116.0500030517578,116.87999725341795,21392300,-0.009827208176146351,117.54285757882255,117.01809547061012
2022-12-28,116.25,118.1500015258789,115.51000213623048,115.62000274658205,19612500,-0.010780240729335477,116.99857221330915,117.34380994524274
2022-12-29,116.4000015258789,121.02999877929688,115.7699966430664,120.26000213623048,22366200,0.0401314589121613,117.82428632463727,117.85809580485027
2022-12-30,118.16000366210938,120.41999816894533,117.73999786376952,120.33999633789062,19583800,0.0006651771182368815,118.288572038923,117.96476236979167
2023-01-03,122.81999969482422,126.37000274658205,122.27999877929688,124.73999786376952,35528500,0.03656308509038486,119.0,118.16952405657086
2023-01-04,127.37999725341795,129.0500030517578,125.8499984741211,127.37000274658205,32397100,0.02108389392217891,120.46428571428571,118.35428619384766
2023-01-05,126.12999725341795,128.52000427246094,124.54000091552734,126.94000244140624,25447100,-0.0033759935299000343,121.73571450369698,118.56904820033482
2023-01-06,128.97000122070312,130.3300018310547,126.04000091552734,130.02000427246094,27584500,0.02426344550037629,123.61285836356026,119.32619113013858
2023-01-09,131.16000366210938,132.9499969482422,129.27999877929688,129.47000122070312,26649100,-0.0042301417757629745,125.59142957414899,120.06619117373512
2023-01-10,127.2699966430664,133.44000244140625,127.1500015258789,132.99000549316406,28684400,0.027187798248804462,127.41000148228237,120.90714372907367
2023-01-11,130.9600067138672,133.85000610351562,130.33999633789062,132.88999938964844,25423000,-0.00075198209929217,129.2028590611049,121.71619124639602
2023-01-12,133.44000244140625,137.67999267578125,131.75999450683594,136.7100067138672,30757700,0.028745634297266065,130.91286032540458,122.76381065731957
2023-01-13,134.97000122070312,137.38999938964844,134.83999633789062,136.97999572753906,22423800,0.0019749030825297886,132.2857164655413,123.56523895263672
2023-01-17,136.17999267578125,136.75,134.25,135.36000061035156,21147600,-0.011826508743727482,133.4885733468192,124.22095344180153
2023-01-18,135.80999755859375,137.25,132.8000030517578,133.02000427246094,20215500,-0.017287206910012953,133.91714477539062,125.02428690592448
2023-01-19,132.49000549316406,137.4499969482422,132.13999938964844,136.14999389648438,28625200,0.02353021743716366,134.87142944335938,125.82047707693917
2023-01-20,135.88999938964844,139.94000244140625,134.61000061035156,139.3699951171875,28688600,0.023650395630214316,135.78285653250558,127.00571477980841
2023-01-23,139.2899932861328,143.75999450683594,138.66000366210938,143.27000427246094,27470100,0.02798313332790303,137.26571437290735,128.25238182431175
2023-01-24,141.69000244140625,145.0,141.36000061035156,143.13999938964844,21970200,-0.0009074117326419717,138.18428475516183,129.36571502685547
2023-01-25,141.22000122070312,143.1699981689453,140.30999755859375,141.5,26622000,-0.01145731030209185,138.82999965122767,130.52666727701822
2023-01-26,144.39999389648438,147.50999450683594,143.3000030517578,147.3000030517578,25482100,0.0409894208604793,140.53571428571428,131.9200007120768
2023-01-27,148.24000549316406,153.19000244140625,147.38999938964844,151.74000549316406,35771900,0.030142582141333252,143.21000017438615,133.58000110444567
2023-01-30,149.41000366210938,151.1199951171875,146.9499969482422,147.05999755859375,28040100,-0.03084228130452482,144.76857212611608,135.07714371454148
2023-01-31,147.9499969482422,149.8800048828125,147.52000427246094,148.97000122070312,29842100,0.0129879212145938,146.14000156947546,136.4442865280878
2023-02-01,148.02999877929688,153.5800018310547,147.05999755859375,153.1199951171875,55661000,0.027857916778399217,147.5471431187221,138.00523885091147
2023-02-02,183.3800048828125,197.16000366210935,180.16000366210935,188.7700042724609,150475700,0.2328239961605887,154.06571524483817,141.05428677513487
2023-02-03,183.47000122070312,196.7700042724609,182.88999938964844,186.52999877929688,76809700,-0.011866321144597292,160.49857221330916,143.87142944335938
2023-02-06,186.52999877929688,190.6999969482422,185.5200042724609,186.05999755859372,42483800,-0.002519708485385519,166.03571428571428,146.6866673060826
2023-02-07,185.5800018310547,193.77999877929688,184.3999938964844,191.6199951171875,47080700,0.029882820765075202,171.73285566057478,149.62000020345053
2023-02-08,190.0,190.8300018310547,182.9199981689453,183.42999267578125,36139100,-0.04274085507828951,176.92856924874442,152.1895236060733
2023-02-09,186.1300048828125,186.6499938964844,177.27000427246094,177.9199981689453,37118800,-0.03003867811615213,181.0642830984933,154.32904706682478
2023-02-10,176.35000610351562,178.88999938964844,173.35000610351562,174.14999389648438,33433600,-0.021189322792601994,184.06856863839286,156.29380871000745
2023-02-13,178.22000122070312,181.0,175.82000732421875,179.42999267578125,31463200,0.030318684836907472,182.7342812674386,158.32809375581286
2023-02-14,177.16000366210938,181.50999450683597,175.8800048828125,179.47999572753906,24034600,0.0002786772211944566,181.72713797433036,160.3519032796224
2023-02-15,176.4199981689453,178.19000244140625,175.3300018310547,177.16000366210938,25308900,-0.012926187434011083,180.4557102748326,162.34237961542038
2023-02-16,172.75,175.85000610351562,171.7899932861328,172.44000244140625,25827500,-0.026642589315506005,177.71571132114954,164.21952238537017
2023-02-17,170.22000122070312,173.17999267578125,169.6999969482422,172.8800048828125,24171300,0.0025516262768308096,176.2085702078683,165.96857052757628
2023-02-21,174.30999755859375,178.1699981689453,171.8800048828125,172.0800018310547,34592600,-0.004627504796174131,175.37428501674108,167.52618989490327
2023-02-22,171.07000732421875,172.75999450683594,169.69000244140625,171.1199951171875,22433200,-0.005578839514481793,174.9414280482701,168.85237993512834
2023-02-23,172.0,173.69000244140625,169.3800048828125,172.0399932861328,20017800,0.005376333539019118,173.8857138497489,170.22857012067522
2023-02-24,168.63999938964844,170.72000122070312,167.66000366210938,170.38999938964844,19791300,-0.009590757735848943,172.58714294433594,171.60428437732514
2023-02-27,171.8800048828125,173.1199951171875,169.05999755859375,169.5399932861328,19277000,-0.004988591505137752,171.49857003348214,172.663331531343
2023-02-28,171.89999389648438,177.5500030517578,171.8699951171875,174.94000244140625,46051100,0.031850945907257566,171.855712890625,173.7680932907831
2023-03-01,174.58999633789062,177.85000610351562,173.0500030517578,173.4199981689453,30998400,-0.008688717567441717,171.93285478864397,175.02333141508558
2023-03-02,172.3800048828125,175.00999450683594,171.42999267578125,174.52999877929688,17352000,0.006400649418011106,172.28285435267858,176.240474155971
2023-03-03,178.9199981689453,186.6199951171875,177.0500030517578,185.25,45877700,0.06142211250605212,174.30142647879464,177.77047438848587
2023-03-06,188.0,189.66000366210935,184.63999938964844,184.8999938964844,33209400,-0.0018893716788965786,176.13856942313058,177.58618818010603
2023-03-07,189.0,190.3600006103516,184.00999450683597,184.50999450683597,36701500,-0.002109245010937011,178.1557115827288,177.48999750046502
2023-03-08,182.8699951171875,185.25999450683597,181.33999633789065,184.97000122070312,19432400,0.002493126267206769,180.35999843052454,177.43809291294642
2023-03-09,186.3500061035156,188.92999267578125,180.3000030517578,181.69000244140625,26582800,-0.017732598570852742,181.32428414481026,176.9652361188616
2023-03-10,181.00999450683597,184.7700042724609,178.8000030517578,179.50999450683594,25665000,-0.011998502423232416,182.19428362165178,176.77856953938803
2023-03-13,177.9600067138672,183.77999877929688,174.82000732421875,180.8999938964844,24728000,0.0077432980457003975,183.10428292410714,176.9204740978423
2023-03-14,187.5800018310547,194.32000732421875,186.55999755859372,194.0200042724609,41642600,0.07252631740542848,184.35714067731584,177.86666506812685
2023-03-15,192.9499969482422,197.77999877929688,190.83999633789065,197.75,42123600,0.019224799739211873,186.19285583496094,178.73904636928015
2023-03-16,198.25999450683597,205.75999450683597,196.08999633789065,204.92999267578125,50447100,0.03630843325300259,189.10999843052454,179.9509509858631
2023-03-17,200.55999755859372,201.8999938964844,195.42999267578125,195.6100006103516,50141100,-0.045478906936647245,190.62999834333147,180.82952226911274
2023-03-20,198.47999572753903,199.3600006103516,193.63999938964844,197.80999755859372,25186300,0.011246853133160872,192.93285478864397,182.03761727469308
2023-03-21,203.1999969482422,203.5500030517578,197.9499969482422,202.16000366210935,31827000,0.021990830378667336,196.16857038225447,183.43190293085007
2023-03-22,202.5,207.3699951171875,199.6699981689453,199.80999755859372,28477800,-0.011624485857466782,198.8699994768415,184.75237891787575
2023-03-23,202.83999633789065,207.8800048828125,202.1499938964844,204.27999877929688,27389700,0.022371259072721417,200.33571297781808,186.33142671130952
2023-03-24,205.17999267578125,207.5800018310547,203.5500030517578,206.00999450683597,27716400,0.008468747493033613,201.51571219308036,187.94904581705728
2023-03-27,204.80999755859372,205.8600006103516,201.3600006103516,202.83999633789065,18527200,-0.015387594065685573,201.2171412876674,189.49428376697358
2023-03-28,200.1499938964844,201.02999877929688,197.8999938964844,200.67999267578125,19127300,-0.01064880546788849,201.94142586844308,190.97714088076637
2023-03-29,203.55999755859372,205.72000122070312,202.5399932861328,205.3500061035156,18851100,0.02327094677185504,203.01856994628906,192.42523629324776
2023-03-30,203.3800048828125,208.08999633789065,202.82000732421875,207.83999633789065,22608300,0.012125591236261668,203.82999747140067,194.0642838251023
2023-03-31,207.2400054931641,212.1699981689453,206.7700042724609,211.94000244140625,25440300,0.019726742570039812,205.56285531180245,195.84571257091704
2023-04-03,208.83999633789065,213.4900054931641,208.1999969482422,213.07000732421875,17924600,0.005331720627515413,206.81857081821985,197.17047482445128
2023-04-04,213.38999938964844,216.2400054931641,212.5399932861328,214.72000122070312,21026400,0.007743905006647234,208.06285749162947,198.59047517322358
2023-04-05,214.1499938964844,215.19000244140625,209.94000244140625,211.47999572753903,19396600,-0.015089444275076191,209.2971431187221,199.87476094563803
2023-04-06,209.25,216.94000244140625,208.6499938964844,216.1000061035156,26104400,0.021846086955329636,211.50000217982702,201.35714213053384
2023-04-10,214.7100067138672,215.66000366210935,210.66000366210935,214.75,16106100,-0.006247135887950561,212.84285845075334,202.93142772856214
2023-04-11,215.47999572753903,216.0200042724609,213.41000366210935,213.8500061035156,16710100,-0.00419089125254668,213.70143127441406,204.56666637602308
2023-04-12,214.83999633789065,216.83999633789065,212.5800018310547,214.0,18972200,0.0007013976722161086,213.99571663992745,206.14285714285714
2023-04-13,215.72999572753903,221.1499938964844,215.69000244140625,220.3500061035156,23310400,0.029672925717362686,215.0357164655413,207.39666675385973
2023-04-14,217.8800048828125,222.1100006103516,217.5500030517578,221.4900054931641,21591200,0.005173584561249944,216.00285993303572,208.52714320591517
2023-04-17,219.7899932861328,220.97999572753903,217.1300048828125,218.8600006103516,15481900,-0.011874146993479884,217.05714634486608,209.1904769170852
2023-04-18,219.91000366210935,220.44000244140625,216.2100067138672,217.88999938964844,12281000,-0.004432062587946817,217.31285967145647,210.25142923990884
2023-04-19,213.47000122070312,217.3300018310547,212.92999267578125,215.6999969482422,15898100,-0.01005095436936465,217.44857352120536,211.10333397274925
2023-04-20,213.47999572753903,216.75,212.7700042724609,213.07000732421875,16475400,-0.012192812523101337,217.33714512416296,211.62285795665923
2023-04-21,210.2100067138672,213.41000366210935,209.5800018310547,212.88999938964844,17717200,-0.000844830001326291,217.17857360839844,212.24571518670945
2023-04-24,213.67999267578125,213.9199981689453,210.7100067138672,212.7899932861328,15750900,-0.00046975482081046405,216.09857177734375,212.6509530203683
2023-04-25,210.82000732421875,211.25999450683597,207.1300048828125,207.5500030517578,19198200,-0.024625172234151727,214.10714285714286,212.72428676060267
2023-04-26,212.5,214.1100006103516,208.8800048828125,209.3999938964844,41992700,0.008913470573475468,212.7557133265904,213.0366675967262
2023-04-27,239.88999938964844,241.69000244140625,236.7700042724609,238.55999755859372,71196500,0.1392550358741862,215.7085702078683,214.8404773530506
2023-04-28,239.00999450683597,240.42999267578125,235.75,240.32000732421875,39554000,0.007377639938115577,219.22571454729353,216.5057155064174
2023-05-01,238.6199951171875,244.0,236.4600067138672,243.17999267578125,29143900,0.011900737618171231,223.52714102608817,218.1885724748884
2023-05-02,243.17999267578125,244.9199981689453,238.9900054931641,239.2400054931641,24350100,-0.016201938075843803,227.2914276123047,219.4885726202102
2023-05-03,239.47000122070312,241.75,232.75,237.02999877929688,34463900,-0.009237613539222034,230.75428553989954,220.62952459426154
2023-05-04,236.05999755859372,238.1999969482422,232.92999267578125,233.5200042724609,17889400,-0.014808229021273323,234.46428571428572,221.52476283482142
2023-05-05,232.2400054931641,234.67999267578125,229.8500061035156,232.77999877929688,27000500,-0.003168916921997944,237.80428641183036,222.53904869442894
2023-05-08,231.4199981689453,235.6199951171875,230.2700042724609,233.2700042724609,16400500,0.0021050154469182125,237.04857308523995,223.3566676548549
2023-05-09,231.4600067138672,235.8800048828125,231.0800018310547,233.3699951171875,16865600,0.00042864853129520597,236.0557141985212,224.2433340890067
2023-05-10,236.1699981689453,236.75,230.72000122070312,233.0800018310547,19119000,-0.0012426331242249011,234.61285836356026,225.15904817127046
2023-05-11,233.0500030517578,238.2100067138672,232.3000030517578,235.7899932861328,20449000,0.011626872463483373,234.1199994768415,226.19666689918154
2023-05-12,236.7400054931641,236.9600067138672,231.4499969482422,233.80999755859372,16161400,-0.008397284803924432,233.65999930245536,226.83761887323288
2023-05-15,236.9199981689453,240.25999450683597,235.3300018310547,238.8600006103516,20653200,0.02159874729262734,234.422855922154,227.66476149786087
2023-05-16,235.7899932861328,239.63999938964844,235.5200042724609,238.82000732421875,18163800,-0.00016743400331009628,235.28571428571428,228.61523800804503
2023-05-17,238.4499969482422,243.83999633789065,238.13999938964844,242.4900054931641,21193100,0.015367214037318888,236.6028573172433,229.7866668701172
2023-05-18,241.3000030517578,247.08999633789065,241.19000244140625,246.8500061035156,22943300,0.017980125001376246,238.52857317243303,231.2700006394159
2023-05-19,247.47000122070312,248.69000244140625,243.41000366210935,245.63999938964844,21733600,-0.00490178928073326,240.32285853794642,232.8209526425316
2023-05-22,245.41000366210935,253.57000732421875,245.1199951171875,248.32000732421875,27738500,0.010910307528209762,242.11286054338728,234.50809587751115
2023-05-23,246.80999755859372,251.6100006103516,246.6499938964844,246.7400054931641,17748100,-0.006362764918058872,243.96000453404017,236.12476312546502
2023-05-24,245.27999877929688,249.58999633789065,244.9499969482422,249.2100067138672,17724300,0.010010542132258937,245.4385768345424,238.10857282366072
2023-05-25,253.3999938964844,255.6199951171875,249.1699981689453,252.69000244140625,22371400,0.013964109119962709,247.42000470842635,240.17000180199034
2023-05-26,252.92999267578125,262.3099975585937,252.7100067138672,262.0400085449219,25727200,0.03700188378320868,250.2128622872489,241.28809756324404
2023-05-30,265.25,268.6499938964844,261.2900085449219,262.5199890136719,23816500,0.0018317068123119284,252.45143127441406,242.3452395484561
2023-05-31,260.0,265.0,258.45001220703125,264.7200012207031,25473700,0.008380360730994463,255.1771458217076,243.37095424107142
2023-06-01,265.8999938964844,274.0,265.8900146484375,272.6099853515625,25609500,0.029805016978227128,258.6471426827567,244.96000090099517
2023-06-02,272.6600036621094,275.3500061035156,271.1199951171875,272.6099853515625,19416900,0.0,262.34285409109935,246.65428597586495
2023-06-05,270.29998779296875,275.57000732421875,269.5599975585937,271.3900146484375,20742900,-0.00447515046652347,265.5114266531808,248.4576198032924
2023-06-06,270.1400146484375,276.57000732421875,269.69000244140625,271.1199951171875,19419000,-0.000994950133297201,268.14428274972096,250.28333391462053
2023-06-07,271.6700134277344,274.25,262.79998779296875,263.6000061035156,26163600,-0.027736755492421272,268.3671395438058,251.72761971609933
2023-06-08,260.6199951171875,267.6499938964844,258.8800048828125,264.5799865722656,20899400,0.0037176799926368354,268.6614249093192,253.21380978538878
2023-06-09,262.4800109863281,267.95001220703125,261.70001220703125,264.95001220703125,16949800,0.001398539774528862,268.6942836216518,254.73142932710192
2023-06-12,267.1700134277344,271.75,265.3299865722656,271.04998779296875,15442500,0.023023118720111535,268.471426827567,256.4104766845703
2023-06-13,274.8800048828125,275.7200012207031,269.0899963378906,271.32000732421875,16164000,0.0009961982785855472,268.28714425223217,258.19666762579055
2023-06-14,271.8900146484375,274.989990234375,268.32000732421875,273.3500061035156,19175100,0.007481935443378829,268.56714303152904,259.8390488397507
2023-06-15,272.29998779296875,283.989990234375,271.4200134277344,281.8299865722656,25973500,0.03102242648400999,270.0971418108259,261.88714308965774
2023-06-16,284.75,287.8500061035156,280.1300048828125,281.0,43127700,-0.002944990284249993,272.5828552246094,263.720952351888
2023-06-20,278.7300109863281,284.79998779296875,276.2200012207031,284.3299865722656,20701600,0.011850486022297657,275.40428379603793,265.5057133265904
2023-06-21,283.5299987792969,284.0,278.3599853515625,281.6400146484375,20556200,-0.009460739460712575,277.78856985909596,267.2199997674851
2023-06-22,279.0799865722656,285.260009765625,277.7900085449219,284.8800048828125,17563100,0.01150401244801591,279.76428658621654,268.96095203218005
2023-06-23,281.510009765625,289.6700134277344,278.95001220703125,288.7300109863281,51092000,0.01351448342293926,282.25142996651783,270.9604761032831
2023-06-26,288.70001220703125,289.7900085449219,277.6000061035156,278.4700012207031,24232700,-0.03553496129680411,282.9828578404018,272.3538091750372
2023-06-27,282.010009765625,289.3500061035156,280.6499938964844,287.04998779296875,26108300,0.030811170088894002,283.7285723005022,273.989998953683
2023-06-28,284.82000732421875,289.54998779296875,284.0599975585937,285.2900085449219,16722100,-0.006131263971055234,284.3414306640625,275.0971418108259
2023-06-29,284.5,286.57000732421875,280.69000244140625,281.5299987792969,15395700,-0.013179605499689107,283.9414324079241,276.00238037109375
2023-06-30,284.760009765625,289.04998779296875,284.4200134277344,286.9800109863281,19694900,0.019358548753817706,284.7042890276228,277.0623808361235
2023-07-03,286.70001220703125,289.3999938964844,284.8500061035156,286.0199890136719,8629300,-0.0033452572858880814,284.8671439034598,277.7009524390811
2023-07-05,287.6499938964844,298.1199951171875,286.3599853515625,294.3699951171875,33865500,0.02919378513477433,285.67285592215404,278.73714338030135
2023-07-06,295.8900146484375,298.1199951171875,291.3099975585937,291.989990234375,47600500,-0.008085079737372824,287.60428292410717,279.71809459867933
2023-07-07,292.17999267578125,296.20001220703125,288.6600036621094,290.5299987792969,25586000,-0.005000142141537878,288.10142735072543,280.6423804873512
2023-07-10,295.54998779296875,298.1300048828125,287.04998779296875,294.1000061035156,37058300,0.012287912915081467,289.35999843052457,282.09476143973217
2023-07-11,293.8999938964844,300.17999267578125,291.8999938964844,298.2900085449219,27585900,0.01424686281690013,291.75428553989957,283.7000005812872
2023-07-12,301.75,309.45001220703125,300.1000061035156,309.3399963378906,36677100,0.03704444492415715,294.94856916155135,285.81380934942337
2023-07-13,313.6199951171875,316.239990234375,310.2900085449219,313.4100036621094,30281000,0.01315706786190396,298.8614283970424,287.83095296223956
2023-07-14,311.7900085449219,314.8800048828125,307.3599853515625,308.8699951171875,23054100,-0.014485844395115466,300.93285696847096,289.6190476190476
2023-07-17,307.5400085449219,311.7099914550781,304.7099914550781,310.6199951171875,25323100,0.005665814186114337,303.5942862374442,291.39380900065106
2023-07-18,310.8800048828125,314.20001220703125,307.6199951171875,312.04998779296875,20731900,0.00460367232715253,306.6685703822545,292.8328566778274
2023-07-19,313.0299987792969,318.67999267578125,310.5199890136719,316.010009765625,21763700,0.012690344904879636,309.79857090541293,294.5
2023-07-20,313.5,315.5400085449219,302.2200012207031,302.5199890136719,23836900,-0.04268858686456878,310.4028538295201,295.36619059244794
2023-07-21,304.57000732421875,305.4599914550781,291.20001220703125,294.260009765625,42139300,-0.027303912296762545,308.24857003348217,295.96714274088544
2023-07-24,295.7799987792969,297.5199890136719,288.29998779296875,291.6099853515625,24915700,-0.00900572393840815,305.13428170340404,296.28761800130206
2023-07-25,295.19000244140625,298.29998779296875,291.8599853515625,294.4700012207031,19585600,0.00980767467784971,303.077139718192,296.5609508696057
2023-07-26,301.19000244140625,301.7699890136719,291.8999938964844,298.57000732421875,47256900,0.01392334053220834,301.355712890625,297.5180940173921
2023-07-27,325.1199951171875,325.3500061035156,309.8399963378906,311.7099914550781,64229200,0.044009725721011916,301.30714198521207,298.692379906064
2023-07-28,316.8800048828125,326.20001220703125,314.25,325.4800109863281,39220300,0.04417573997859625,302.65999930245533,300.60618954613096
2023-07-31,323.69000244140625,325.6600036621094,317.5899963378906,318.6000061035156,25799600,-0.02113802584055302,304.9571446010045,302.37142799014134
2023-08-01,317.5400085449219,324.1400146484375,314.6600036621094,322.7099914550781,22817900,0.012900142099266487,309.0214276994978,304.07285563151044
2023-08-02,318.0,318.3900146484375,310.6499938964844,314.3099975585937,20461100,-0.026029543921492482,312.26428658621654,305.41999889555433
2023-08-03,309.92999267578125,315.95001220703125,309.92999267578125,313.19000244140625,15180200,-0.003563345505669613,314.9385724748884,306.3161897205171
2023-08-04,314.9599914550781,318.4100036621094,310.20001220703125,310.7300109863281,17612800,-0.00785462957278904,316.6757158551897,307.2085716610863
2023-08-07,313.2300109863281,317.07000732421875,310.4599914550781,316.5599975585937,16236500,0.018762225617538153,317.3685738699777,308.4480954124814
2023-08-08,314.3999938964844,317.8900146484375,310.1099853515625,312.6400146484375,15183500,-0.012383064633523788,315.53428867885043,309.33095296223956
2023-08-09,312.8800048828125,313.6300048828125,302.8500061035156,305.2099914550781,19955800,-0.023765426193810835,313.6214294433594,309.6604759579613
2023-08-10,307.94000244140625,312.3399963378906,303.8699951171875,305.739990234375,14358900,0.0017365053377516038,311.1971435546875,309.48904709588913
2023-08-11,302.57000732421875,304.7200012207031,300.3599853515625,301.6400146484375,14046300,-0.013410007577989824,309.38714599609375,308.92857142857144
2023-08-14,300.9800109863281,306.2099914550781,298.25,306.19000244140625,15641900,0.015084165137280614,308.38714599609375,308.8009527297247
2023-08-15,306.1400146484375,307.2300109863281,300.0299987792969,301.95001220703125,11623600,-0.01384757895609734,307.1328604561942,308.38809640066967
2023-08-16,300.20001220703125,301.0799865722656,294.2799987792969,294.2900085449219,18547700,-0.02536844958581197,303.95143345424106,307.5423831031436
2023-08-17,293.04998779296875,296.04998779296875,284.95001220703125,285.0899963378906,23950100,-0.03126172122702875,300.0157165527344,306.07000151134673
2023-08-18,279.0299987792969,285.69000244140625,274.3800048828125,283.25,35347900,-0.0064540894507917335,296.87857491629467,305.15238298688615
2023-08-21,283.45001220703125,290.5,281.8500061035156,289.8999938964844,20181500,0.023477471832248353,294.61571829659596,304.94476318359375
2023-08-22,292.54998779296875,292.8999938964844,286.75,287.6000061035156,12980200,-0.007933728324913347,292.61000279017856,304.7538117908296
2023-08-23,288.5,297.3999938964844,287.6700134277344,294.239990234375,18287000,0.02308756602901263,290.9028581891741,304.74285888671875
2023-08-24,298.5,299.4599914550781,286.6400146484375,286.75,18360900,-0.025455378204739976,288.73142787388394,304.1800013950893
2023-08-25,286.1300048828125,288.3900146484375,276.0299987792969,285.5,23701400,-0.0043591979075849885,287.47571236746654,302.9319065638951
2023-08-28,288.0,291.45001220703125,285.79998779296875,290.260009765625,14239300,0.016672538583625274,288.2142857142857,301.2547636486235
2023-08-29,288.5799865722656,299.1499938964844,288.17999267578125,297.989990234375,20844500,0.026631227894575282,290.3199986049107,300.2733343215216
2023-08-30,297.1700134277344,298.2900085449219,293.42999267578125,295.1000061035156,17717000,-0.009698259087784655,291.0628574916295,298.95857311430433
2023-08-31,295.79998779296875,301.1000061035156,295.6600036621094,295.8900146484375,17229900,0.002677087524846522,292.2471444266183,298.08143107096356
2023-09-01,299.3699951171875,301.739990234375,294.4700012207031,296.3800048828125,12842300,0.0016559877323241157,292.55286080496654,297.2809549967448
2023-09-05,297.0199890136719,301.3900146484375,295.510009765625,300.1499938964844,14956000,0.012720119277825459,294.46714564732144,296.77714465913317
2023-09-06,301.7099914550781,303.29998779296875,295.6600036621094,299.1700134277344,15418100,-0.003264969144353813,296.42000470842635,295.9490501767113
2023-09-07,298.0,307.04998779296875,292.2200012207031,298.6700134277344,33748700,-0.0016712904955655805,297.6214338030134,295.28381202334447
2023-09-08,299.2200012207031,305.25,296.7799987792969,297.8900146484375,17548000,-0.002611573791238997,297.6071515764509,294.93524169921875
2023-09-11,301.4100036621094,309.0400085449219,301.2799987792969,307.5599975585937,19489300,0.032461587950735726,299.3871503557478,295.02190871465774
2023-09-12,306.3299865722656,308.6600036621094,300.2300109863281,301.6600036621094,13480400,-0.019183229104299593,300.211434500558,295.02286057245163
2023-09-13,302.3599853515625,307.17999267578125,301.32000732421875,305.0599975585937,13210900,0.011270946944271332,301.45143345424106,294.9690508161272
2023-09-14,306.739990234375,312.8699951171875,305.0299987792969,311.7200012207031,19343100,0.021831782978462222,303.1042916434152,295.4342883882068
2023-09-15,311.6099853515625,312.0,298.75,300.3099975585937,28131100,-0.03660337359626453,303.2671465192522,295.72095453171505
2023-09-18,298.19000244140625,303.6000061035156,297.79998779296875,302.54998779296875,14234200,0.00745892661777936,303.82142857142856,296.55238269624255
2023-09-19,302.4800109863281,306.1700134277344,299.8099975585937,305.07000732421875,15924400,0.0083292666763366,304.8471418108259,297.5914306640625
2023-09-20,305.04998779296875,308.0599975585937,299.42999267578125,299.6700134277344,19379500,-0.017700835109448976,303.7200012207031,298.0566696893601
2023-09-21,295.70001220703125,300.260009765625,293.2699890136719,295.7300109863281,21319600,-0.013147803466683428,302.8728594098772,298.44381277901783
2023-09-22,299.29998779296875,305.3800048828125,298.2699890136719,299.0799865722656,25369600,0.011327817473663071,302.01857212611606,298.6742887951079
2023-09-25,295.6400146484375,300.95001220703125,293.70001220703125,300.8299865722656,18987000,0.005851277512937569,300.46285574776783,299.3447643461682
2023-09-26,297.6600036621094,300.29998779296875,296.010009765625,298.9599914550781,19417200,-0.006216119405165421,300.2699977329799,299.98571632021947
2023-09-27,300.45001220703125,301.29998779296875,286.7900085449219,297.739990234375,36429800,-0.0040808176865579915,299.5828552246094,300.34190586635043
2023-09-28,298.94000244140625,306.3299865722656,296.70001220703125,303.9599914550781,22167100,0.020890714800544163,299.42428152901783,300.6261916387649
2023-09-29,307.3800048828125,310.6400146484375,299.3599853515625,300.2099914550781,25373700,-0.012337149971772599,299.5014212472098,300.86952427455356
2023-10-02,302.739990234375,307.17999267578125,301.6300048828125,306.82000732421875,16265600,0.02201797427561547,301.08570643833707,301.39000011625745
2023-10-03,304.260009765625,306.7699890136719,299.6400146484375,300.94000244140625,17362300,-0.01916434633481723,301.35142299107144,301.60714285714283
2023-10-04,298.7300109863281,306.8999938964844,298.5,305.5799865722656,16880500,0.015418302961444308,302.02999441964283,301.865713936942
2023-10-05,304.6300048828125,306.2099914550781,299.5,304.7900085449219,19130000,-0.002585175934474826,302.86285400390625,302.13333275204616
2023-10-06,301.44000244140625,316.3099975585937,300.9100036621094,315.42999267578125,21803900,0.03490922875607061,305.38999720982144,302.9314270019531
2023-10-09,312.5,320.3299865722656,311.82000732421875,318.3599853515625,22503700,0.00928888420193097,307.44713919503346,303.9061875116257
2023-10-10,319.1199951171875,324.6600036621094,318.1600036621094,321.8399963378906,19038000,0.010931056497207603,310.5371398925781,304.586187453497
2023-10-11,323.010009765625,328.8399963378906,322.95001220703125,327.82000732421875,22036300,0.01858069554552788,313.5371398925781,305.83190191359745
2023-10-12,328.0,330.5400085449219,322.69000244140625,324.1600036621094,20530500,-0.011164674456521473,316.85428292410717,306.7414260137649
2023-10-13,323.5299987792969,325.04998779296875,312.3699951171875,314.69000244140625,21341000,-0.029213971846367093,318.1557137625558,306.88285464332216
2023-10-16,318.6400146484375,321.82000732421875,315.5199890136719,321.1499938964844,16536100,0.02052811149054845,320.4928545270647,307.875235421317
2023-10-17,318.17999267578125,324.3999938964844,317.29998779296875,324.0,16387800,0.00887437695058546,321.7171412876674,308.89666457403274
2023-10-18,321.3900146484375,325.94000244140625,315.5599975585937,316.9700012207031,16851000,-0.021697527096595337,321.51857212611606,309.4633309500558
2023-10-19,319.8800048828125,321.8900146484375,311.75,312.8099975585937,18709200,-0.013124281938633242,320.2285723005022,310.08904448009673
2023-10-20,314.1400146484375,315.29998779296875,306.4700012207031,308.6499938964844,22312300,-0.01329881939380817,317.489998953683,310.70428176153274
2023-10-23,309.5,317.3599853515625,307.260009765625,314.010009765625,17796800,0.017366000243428825,316.03999982561385,311.4152352469308
2023-10-24,316.7799987792969,318.3500061035156,310.6300048828125,312.54998779296875,19525500,-0.004649603284130999,315.7342834472656,311.97333054315476
2023-10-25,310.0,310.8800048828125,298.8399963378906,299.5299987792969,42192500,-0.04165730130277989,312.64571271623885,312.00047374906995
2023-10-26,295.0,295.0,279.3999938964844,288.3500061035156,66684100,-0.03732511842334374,307.5528564453125,311.55333164760043
2023-10-27,294.4800109863281,299.3099975585937,292.9700012207031,296.7300109863281,29596300,0.02906192025466492,304.6614292689732,311.2090468633743
2023-10-30,299.0899963378906,309.3999938964844,299.04998779296875,302.6600036621094,28435100,0.019984472268477438,303.21143014090404,311.3257141113281
2023-10-31,303.3099975585937,303.67999267578125,296.8599853515625,301.2699890136719,19434200,-0.0045926605154915645,302.15714372907365,311.0614275251116
2023-11-01,301.8500061035156,312.739990234375,301.8500061035156,311.8500061035156,20434600,0.035118058471345526,301.84857177734375,311.5809515090216
2023-11-02,317.29998779296875,318.82000732421875,308.3299865722656,310.8699951171875,21631800,-0.003142571643890979,301.6085728236607,311.8328566778274
2023-11-03,312.54998779296875,315.54998779296875,311.0199890136719,314.6000061035156,16764300,0.011998620146412176,303.7614310128348,312.2999994187128
2023-11-06,315.9800109863281,318.3299865722656,314.45001220703125,315.79998779296875,12887700,0.0038143091741018598,307.68285696847096,312.317618233817
2023-11-07,317.0599975585937,321.0,315.1199951171875,318.82000732421875,14055600,0.009563076782731939,310.8385707310268,312.3395240420387
2023-11-08,318.1400146484375,321.3299865722656,314.8800048828125,319.7799987792969,13609700,0.0030110765730642086,313.28428431919644,312.2414289202009
2023-11-09,319.4200134277344,324.17999267578125,318.79998779296875,320.54998779296875,16103100,0.002407871088283109,316.03856985909596,311.8952375139509
2023-11-10,319.94000244140625,329.1000061035156,319.4599914550781,328.7699890136719,19096200,0.02564343014735071,318.4557102748326,312.11476062593005
2023-11-13,326.20001220703125,332.3299865722656,325.70001220703125,329.19000244140625,16908900,0.0012775297069980152,321.0728541782924,312.80523681640625
2023-11-14,334.5400085449219,338.1000061035156,333.3299865722656,336.3099975585937,17179400,0.02162883156955764,324.17428152901783,313.52714175269716
2023-11-15,337.92999267578125,338.3999938964844,330.0199890136719,332.7099914550781,14531200,-0.01070442784826331,326.5899963378906,313.941903250558
2023-11-16,329.3699951171875,334.5799865722656,326.3800048828125,334.19000244140625,18932600,0.004448351490303759,328.7857099260603,314.7619033086868
2023-11-17,330.260009765625,335.5,329.3500061035156,335.0400085449219,14494400,0.0025434815443488024,330.96571132114957,315.8204752604167
2023-11-20,334.8900146484375,341.8699951171875,334.19000244140625,339.9700012207031,16960500,0.014714638699993454,333.739998953683,317.31190418061755
2023-11-21,338.3299865722656,339.8999938964844,335.8999938964844,336.9800109863281,12027900,-0.008794864910548261,334.91285923549106,318.4057137625558
2023-11-22,339.2099914550781,342.9200134277344,338.5799865722656,341.489990234375,10702700,0.013383521576981083,336.6700003487723,319.78380911690846
2023-11-24,340.1300048828125,341.8599853515625,336.7699890136719,338.2300109863281,5467500,-0.009546339105897195,336.9442879813058,321.62666684105284
2023-11-27,336.17999267578125,339.8999938964844,334.20001220703125,334.70001220703125,15684500,-0.01043668114784635,337.22857666015625,323.8338099888393
2023-11-28,333.3999938964844,339.3800048828125,333.3999938964844,338.989990234375,12637200,0.01281738234503016,337.91428920200894,325.84618995303197
2023-11-29,339.69000244140625,339.8999938964844,330.7799987792969,332.20001220703125,16024500,-0.020030025142185548,337.5085754394531,327.2528570265997
2023-11-30,331.8900146484375,333.5,322.3999938964844,327.1499938964844,23146400,-0.015201740291928778,335.6771458217076,328.4852382114955
2023-12-01,325.4800109863281,326.8599853515625,320.760009765625,324.82000732421875,15276400,-0.0071220743259523545,333.94000244140625,329.1028573172433
2023-12-04,317.2900085449219,320.8599853515625,313.6600036621094,320.0199890136719,19037100,-0.014777471221948946,330.8728594098772,329.538571312314
2023-12-05,318.9800109863281,321.8800048828125,315.3900146484375,318.2900085449219,16952100,-0.005405851284733587,328.02428763253346,329.7142857142857
2023-12-06,321.92999267578125,322.25,317.0400085449219,317.45001220703125,11294300,-0.0026390911286555685,325.5600019182478,329.79285830543154
2023-12-07,317.7699890136719,328.239990234375,317.7699890136719,326.5899963378906,15905100,0.028791884641347965,323.78857421875,330.1628577822731
2023-12-08,323.0899963378906,333.1700134277344,323.0,332.75,14087400,0.018861580976706316,323.8671439034598,330.7804768880208
2023-12-11,329.3999938964844,329.8900146484375,320.0,325.2799987792969,25802500,-0.022449289919468485,323.6000017438616,331.0057155064174
2023-12-12,324.6000061035156,334.4700012207031,324.5599975585937,334.2200012207031,18485500,0.027484021381444013,324.94285801478793,331.2652398972284
2023-12-13,333.92999267578125,338.3699951171875,332.6400146484375,334.739990234375,16353300,0.0015558285314243303,327.04571533203125,331.5295250302269
2023-12-14,333.8500061035156,334.70001220703125,328.6400146484375,333.1700134277344,19607300,-0.004690138174233027,329.1714303152902,331.3800019763765
2023-12-15,331.989990234375,338.6600036621094,331.2200012207031,334.9200134277344,31776900,0.005252573549448636,331.6671447753906,331.48524111793154
2023-12-18,337.4800109863281,347.5599975585937,337.0199890136719,344.6199951171875,18993900,0.0289620843800249,334.24285888671875,331.9819074358259
2023-12-19,345.5799865722656,353.6000061035156,345.1199951171875,350.3599853515625,17729400,0.016655998826832885,336.7585710797991,332.71143014090404
2023-12-20,348.6499938964844,354.9599914550781,347.7900085449219,349.2799987792969,16369900,-0.0030825054727123824,340.1871425083705,333.1547633579799
2023-12-21,352.9800109863281,356.4100036621094,349.2099914550781,354.0899963378906,15289600,0.013771179498981434,343.0257132393973,333.96952456519716
2023-12-22,355.5799865722656,357.20001220703125,351.2200012207031,353.3900146484375,11772800,-0.0019768468375062076,345.69000244140625,334.5361923944382
2023-12-26,354.989990234375,356.9800109863281,353.45001220703125,354.8299865722656,9898600,0.004074738572510839,348.78428431919644,335.32666742234005
2023-12-27,356.07000732421875,359.0,355.3099975585937,357.8299865722656,13207900,0.00845475330025125,352.057137625558,336.4280947730655
2023-12-28,359.70001220703125,361.8999938964844,357.8099975585937,358.32000732421875,11798800,0.001369423386360591,354.0142822265625,337.34857177734375
2023-12-29,358.989990234375,360.0,351.82000732421875,353.9599914550781,14987100,-0.012167938658238397,354.52856881277904,338.38476126534596
2024-01-02,351.32000732421875,353.1600036621094,340.010009765625,346.2900085449219,19042200,-0.021669067395515662,354.10142735072543,339.2961905343192
2024-01-03,344.9800109863281,347.95001220703125,343.17999267578125,344.4700012207031,15451100,-0.005255731552481824,352.7271423339844,340.2319045293899
2024-01-04,344.5,348.1499938964844,343.3999938964844,347.1199951171875,12099900,0.007692959871958616,351.83142525809154,341.52238101050966
2024-01-05,346.989990234375,353.5,346.260009765625,351.95001220703125,13920700,0.013914545856723581,351.4200003487723,343.125238327753
2024-01-08,354.70001220703125,358.9800109863281,352.04998779296875,358.6600036621094,13890200,0.01906518318610262,351.53857421875,345.0876188732329
2024-01-09,356.3999938964844,360.6400146484375,355.3599853515625,357.42999267578125,13463900,-0.0034294623704038685,351.4114292689732,346.5561901274182
2024-01-10,360.1700134277344,372.9400024414063,359.0799865722656,370.4700012207031,22117200,0.036482692589119736,353.77000209263394,348.35238066173736
2024-01-11,372.1300048828125,372.7799987792969,362.9299926757813,369.6700134277344,17205400,-0.002159386159021781,357.11000279017856,350.46619088309154
2024-01-12,370.1600036621094,377.05999755859375,369.5400085449219,374.489990234375,19310000,0.013038592884361266,361.39857264927457,352.38380940755206
2024-01-16,373.6499938964844,375.6099853515625,367.2300109863281,367.4599914550781,15306900,-0.01877219408427211,364.30428641183033,353.94190470377606
2024-01-17,366.2999877929688,368.5400085449219,358.6099853515625,368.3699951171875,12724800,0.002476470046455681,366.6499982561384,355.6180943080357
2024-01-18,371.489990234375,376.8500061035156,370.9500122070313,376.1300048828125,16354300,0.021065803047168208,369.14571271623885,357.5804748535156
2024-01-19,379.0,384.3599853515625,377.9700012207031,383.4500122070313,21670800,0.019461375665840386,372.8628583635603,359.42952328636534
2024-01-22,387.9500122070313,390.3500061035156,381.1600036621094,381.7799987792969,17680500,-0.00435523112418823,374.4785723005022,360.92571440197173
2024-01-23,384.6199951171875,388.3800048828125,382.0799865722656,385.2000122070313,15506100,0.008958073861044635,376.6971435546875,362.63619123186385
2024-01-24,390.0,396.1499938964844,387.80999755859375,390.7000122070313,15698500,0.01427829653609658,379.0128609793527,364.3795253208705
2024-01-25,390.1700134277344,395.489990234375,385.6600036621094,393.1799926757813,15091100,0.006347531075673096,382.68714686802457,366.2742861793155
2024-01-26,394.3500061035156,396.7900085449219,391.5899963378906,394.1400146484375,13163700,0.0024416857178382045,386.3685782296317,368.1461922781808
2024-01-29,394.989990234375,402.9299926757813,393.1000061035156,401.0199890136719,18742400,0.01745566070314153,389.9242902483259,370.2028590611049
2024-01-30,403.5899963378906,406.3599853515625,399.5700073242188,400.05999755859375,18614700,-0.0023938743239190208,392.2971452985491,372.1904776436942
2024-01-31,389.0,398.0,387.1000061035156,390.1400146484375,20180800,-0.02479623799103614,393.4914332798549,373.913335890997
2024-02-01,393.9400024414063,400.5,393.0499877929688,394.7799987792969,29727100,0.011893125433546148,394.86000279017856,376.2223830450149
2024-02-02,459.6000061035156,485.9599914550781,453.010009765625,474.989990234375,84707600,0.20317643169131228,406.90142822265625,382.43762061709447
2024-02-05,469.8800048828125,471.8999938964844,459.2200012207031,459.4100036621094,40832400,-0.03280066294571382,416.3628583635603,387.7847638811384
2024-02-06,464.0,467.1199951171875,453.0,454.7200012207031,21655200,-0.01020875123314835,425.0171421595982,392.6785728817894
2024-02-07,458.0,471.5199890136719,456.1799926757813,469.5899963378906,23066000,0.03270143182017238,434.8128574916295,397.9609534853981
2024-02-08,468.3200073242188,470.5899963378906,465.0299987792969,470.0,18815100,0.0008731098730951903,444.80428641183033,403.3214300246466
2024-02-09,472.9500122070313,473.5899963378906,467.4700012207031,468.1099853515625,18413100,-0.004021307762632986,455.94285365513394,407.970953078497
2024-02-12,468.1900024414063,479.1499938964844,466.5799865722656,468.8999938964844,19382000,0.0016876558279963483,466.5314243861607,412.6961902436756
2024-02-13,456.8699951171875,467.8900146484375,455.0899963378906,460.1199951171875,20916600,-0.018724672411139287,464.40713936941967,416.7738095238095
2024-02-14,467.9299926757813,474.1099853515625,466.0899963378906,473.2799987792969,16858400,0.028601242723124143,466.38856724330356,421.8128574916295
2024-02-15,475.2799987792969,488.6199951171875,472.2200012207031,484.0299987792969,24212300,0.022713826968658868,470.5757097516741,427.32047671363466
2024-02-16,478.1099853515625,478.9599914550781,469.2099914550781,473.3200073242188,23324600,-0.02212671008426792,471.10856846400674,431.94857206798736
2024-02-20,469.7200012207031,476.1799926757813,466.55999755859375,471.75,18015500,-0.003317010267734899,471.3585684640067,436.15333339146207
2024-02-21,466.5,469.0,461.7900085449219,468.0299987792969,12921800,-0.007885535179020908,471.3471418108259,440.2604762486049
2024-02-22,480.239990234375,489.989990234375,476.05999755859375,486.1300048828125,21625800,0.0386727477954909,473.8085719517299,445.0666663760231
2024-02-23,488.0499877929688,494.3599853515625,482.3500061035156,484.0299987792969,18374300,-0.004319844655591321,477.2242867606027,449.51095145089283
2024-02-26,483.4700012207031,486.1400146484375,480.6000061035156,481.739990234375,12101400,-0.004731129373586773,478.43285696847096,453.72809419177827
2024-02-27,479.9800109863281,487.2699890136719,479.9200134277344,487.0499877929688,10809600,0.01102253843616019,478.8642839704241,458.15237862723217
2024-02-28,485.0,491.0499877929688,482.75,484.0199890136719,12715500,-0.006221124843934667,480.3928527832031,462.1047595796131
2024-02-29,488.4400024414063,491.7000122070313,482.6099853515625,490.1300048828125,17732000,0.012623478384831799,483.01856776646207,466.393807547433
2024-03-01,492.1099853515625,504.25,491.8500061035156,502.2999877929688,16273600,0.024830111988483727,487.9142804827009,471.73475864955356
2024-03-04,503.0,504.4200134277344,496.4200134277344,498.1900024414063,12324100,-0.00818233217488451,489.6371372767857,476.65904453822543
2024-03-05,495.0,495.5799865722656,487.8900146484375,490.2200012207031,15325300,-0.01599791481492152,490.52142333984375,477.384283156622
2024-03-06,497.6300048828125,502.9700012207031,494.2900085449219,496.0899963378906,11757900,0.01197420566800722,492.57142421177457,479.13094947451634
2024-03-07,503.2799987792969,519.8499755859375,501.3800048828125,512.1900024414062,18586400,0.032453801169878504,496.16285487583707,481.8676161993118
2024-03-08,514.1900024414062,523.5700073242188,499.3500061035156,505.9500122070313,18597100,-0.012182959848164532,499.29571533203125,483.5990455264137
2024-03-11,497.010009765625,497.3200073242188,476.0,483.5899963378906,20428300,-0.044194120623898936,498.3614283970424,484.2461882091704
2024-03-12,493.260009765625,502.30999755859375,484.7300109863281,499.75,15448200,0.033416745144616566,497.9971444266183,485.7528555733817
2024-03-13,495.3900146484375,500.9800109863281,491.0299987792969,495.5700073242188,12090700,-0.008364167435280012,497.6228594098772,487.0228562127976
2024-03-14,500.260009765625,501.3500061035156,488.1600036621094,491.8299865722656,12620000,-0.007546906989280955,497.8528573172433,488.5328558058966
2024-03-15,489.010009765625,491.8299865722656,481.2999877929688,484.1000061035156,29153600,-0.015716773437550846,496.14000156947543,489.04809424990697
2024-03-18,491.9100036621094,497.4200134277344,486.80999755859375,496.9800109863281,11755300,0.02660608287631039,493.96714564732144,489.66476149786087
2024-03-19,488.1700134277344,496.6300048828125,481.2799987792969,496.239990234375,10903100,-0.0014890352440622978,492.5799996512277,490.75618925548736
2024-03-20,499.5,508.2000122070313,495.1700134277344,505.5199890136719,11711100,0.018700626636144246,495.71285574776783,492.3642839704241
2024-03-21,514.7100219726562,515.0399780273438,506.010009765625,507.760009765625,9712500,0.004431122014232569,496.85714285714283,494.25618925548736
2024-03-22,507.0,509.9700012207031,504.3399963378906,509.5799865722656,8120600,0.003584324822036855,498.8585684640067,495.3728550502232
2024-03-25,505.7900085449219,507.2200012207031,500.239990234375,503.0199890136719,8380600,-0.012873342225859674,500.45714024135043,496.2771402994792
2024-03-26,505.1300048828125,510.0,495.2099914550781,495.8900146484375,11205400,-0.014174336052161562,502.1414271763393,496.9509509858631
2024-03-27,499.2999877929688,499.8900146484375,488.0700073242188,493.8599853515625,9989700,-0.004093708759822845,501.6957092285156,497.27523658389134
2024-03-28,492.8399963378906,492.8900146484375,485.1499938964844,485.5799865722656,15212800,-0.016765883094178258,500.1728515625,497.34952218191967
2024-04-01,487.2000122070313,497.4299926757813,481.7799987792969,491.3500061035156,9247000,0.0118827375320405,498.1485682896205,497.4076174781436
2024-04-02,485.1000061035156,497.5299987792969,484.6499938964844,497.3699951171875,11081000,0.012251936377107864,496.6642804827009,497.17285592215404
2024-04-03,498.9299926757813,507.239990234375,498.75,506.739990234375,12099200,0.01883908400019152,496.2585667201451,497.57999819800966
2024-04-04,516.4199829101562,530.0,510.5799865722656,510.9200134277344,26476300,0.008248852022564979,497.3871416364397,498.56571306501115
2024-04-05,516.8599853515625,530.7000122070312,514.4099731445312,527.3400268554688,19263300,0.03213812924957349,501.88000052315846,500.0538097563244
2024-04-08,529.280029296875,531.489990234375,518.8900146484375,519.25,13260600,-0.015341196274649582,505.5071454729353,500.39000011625745
2024-04-09,522.22998046875,525.8699951171875,506.739990234375,516.9000244140625,10863800,-0.004525711287313383,509.981436593192,500.9114292689732
2024-04-10,509.2900085449219,522.5599975585938,505.7999877929688,519.8300170898438,11418500,0.005668393378589265,514.0500095912388,502.6371445428757
2024-04-11,521.1099853515625,523.8599853515625,517.2899780273438,523.1599731445312,10369500,0.0064058556551418455,517.7342921665737,503.7519051688058
2024-04-12,517.75,520.1900024414062,509.3299865722656,511.8999938964844,11984500,-0.021523013659411117,518.471435546875,504.52952357700894
2024-04-15,516.719970703125,518.530029296875,497.2799987792969,500.2300109863281,13512900,-0.022797388258059104,516.9442923409598,504.9295247395833
2024-04-16,498.1099853515625,504.7699890136719,497.1099853515625,499.760009765625,9847900,-0.0009395702184609167,513.0042898995536,505.6752391996838
2024-04-17,503.1000061035156,503.1600036621094,487.1400146484375,494.1700134277344,12193700,-0.011185361430803953,509.4214346749442,505.5414297921317
2024-04-18,499.8200073242188,512.2100219726562,499.0400085449219,501.7999877929688,14808700,0.015439978464719673,507.26428658621654,505.80619158063615
2024-04-19,502.7999877929688,502.7999877929688,475.7300109863281,481.0700073242188,25215400,-0.04131124147675891,501.7271423339844,504.64190673828125
2024-04-22,489.7200012207031,492.010009765625,473.3999938964844,481.7300109863281,17271100,0.0013719493048014453,495.80857631138394,503.40238298688615
2024-04-23,491.25,498.760009765625,488.9700012207031,496.1000061035156,15079200,0.02982997693617917,493.5514351981027,502.7604791550409
2024-04-24,508.05999755859375,510.0,484.5799865722656,493.5,37772700,-0.005240891093585498,492.59000505719865,502.30714634486606
2024-04-25,421.3999938964844,445.7699890136719,414.5,441.3800048828125,82890700,-0.1056129586974417,484.25000435965404,499.711431594122
2024-04-26,441.4599914550781,446.4400024414063,431.9599914550781,443.2900085449219,32691400,0.004327345237617797,476.98143223353793,497.30333746047245
2024-04-29,439.55999755859375,439.760009765625,428.55999755859375,432.6199951171875,21502600,-0.024070051708943718,467.0985761369978,494.78143310546875
2024-04-30,431.0499877929688,439.6199951171875,429.7200012207031,430.1700134277344,18429500,-0.005663126339755742,459.8271484375,491.86810012090774
2024-05-01,428.6000061035156,449.9599914550781,427.1099853515625,439.1900024414063,20344900,0.020968428137976725,453.7500043596541,489.09762427920384
2024-05-02,438.8399963378906,443.9599914550781,432.2799987792969,441.6799926757813,15221300,0.005669505727665447,445.9757167271205,485.99952915736606
2024-05-03,445.9299926757813,454.1700134277344,443.8500061035156,451.9599914550781,16489100,0.023274766685759563,440.0414297921317,483.19190906343005
2024-05-06,455.5799865722656,466.1600036621094,453.3399963378906,465.6799926757813,15094600,0.030356672006590424,443.51285661969865,480.25571695963544
2024-05-07,466.2900085449219,471.5299987792969,461.30999755859375,468.239990234375,13406800,0.005497332071073169,447.077139718192,477.826668875558
2024-05-08,463.5,475.5799865722656,463.0,472.6000061035156,11683900,0.009311498291630915,452.78856985909596,475.7171441941034
2024-05-09,470.0,476.0799865722656,467.6300048828125,475.4200134277344,9437700,0.005967006533641683,459.2528555733817,473.60238211495533
2024-05-10,477.0899963378906,477.5,469.6000061035156,476.2000122070313,10750000,0.0016406519651397389,464.53999982561385,471.36619349888394
2024-05-13,472.75,473.3500061035156,462.8500061035156,468.010009765625,14668800,-0.017198660712855363,468.30143083844865,469.2761942545573
2024-05-14,463.3699951171875,472.5400085449219,460.0799865722656,471.8500061035156,10478600,0.008204944889562693,471.14286150251115,467.92476545061385
2024-05-15,474.9800109863281,482.5,471.2000122070313,481.5400085449219,13100500,0.02053619225614778,473.4085780552455,467.05714634486606
2024-05-16,475.0,477.6900024414063,472.75,473.2300109863281,16608200,-0.017257127987566845,474.1214381626674,466.06000337146577
2024-05-17,470.8299865722656,472.7999877929688,468.4200134277344,471.9100036621094,10807300,-0.0027893567474038816,474.02286638532365,464.6366707938058
2024-05-20,469.9500122070313,473.2000122070313,467.0400085449219,468.8399963378906,11745100,-0.006505493209287616,473.0828639439174,464.05428931826634
2024-05-21,467.1199951171875,470.7000122070313,462.2699890136719,464.6300048828125,11742200,-0.008979591092829864,471.4300057547433,463.24000331333707
2024-05-22,467.8699951171875,473.7200012207031,465.6499938964844,467.7799987792969,10078600,0.006779574851776715,471.3971470424107,461.8914315359933
2024-05-23,472.8800048828125,474.3599853515625,461.5400085449219,465.7799987792969,11747900,-0.00427551414173144,470.5300031389509,460.57143147786456
2024-05-24,467.6199951171875,479.8500061035156,466.2999877929688,478.2200012207031,12024300,0.026707893155585527,470.0557163783482,462.32571701776413
2024-05-28,476.5799865722656,480.8599853515625,474.8399963378906,479.9200134277344,10175800,0.0035548747494704713,471.0114310128348,464.0700029645647
2024-05-29,474.6600036621094,479.8500061035156,473.7000122070313,474.3599853515625,9226200,-0.011585322388329766,471.3614283970424,466.05762154715404
2024-05-30,471.6700134277344,471.7300109863281,464.7099914550781,467.0499877929688,10719600,-0.015410232279976177,471.105712890625,467.81381080264134
2024-05-31,465.7999877929688,469.1199951171875,454.4599914550781,466.8299865722656,16919800,-0.0004710442703206308,471.4199959891183,469.13000052315846
2024-06-03,470.8599853515625,479.6000061035156,468.239990234375,477.489990234375,11279400,0.022834873441573977,472.807137625558,470.83523850213913
2024-06-04,477.0,478.8900146484375,473.2300109863281,476.989990234375,7088700,-0.0010471423699469629,474.40856497628346,472.0271432059152
2024-06-05,484.4500122070313,496.6499938964844,483.9100036621094,495.05999755859375,15690500,0.03788340991252204,476.8142787388393,473.4261910574777
2024-06-06,492.9800109863281,502.8200073242188,490.8900146484375,493.760009765625,10667300,-0.0026259196852496114,478.79142107282365,474.6414300827753
2024-06-07,495.9100036621094,498.9100036621094,490.1700134277344,492.9599914550781,9380700,-0.001620257401822811,481.4485648018973,475.6109531947545
2024-06-10,493.8599853515625,502.6600036621094,493.4100036621094,502.6000061035156,11220900,0.019555369229829145,486.52713884626115,476.90523856026783
2024-06-11,500.1600036621094,507.6000061035156,498.2699890136719,507.4700012207031,9673700,0.009689604174386801,492.3328552246094,478.39428565615697
2024-06-12,513.989990234375,514.010009765625,504.4700012207031,508.8399963378906,11983200,0.0026996573470194907,496.8114275251116,480.3385707310268
2024-06-13,505.7099914550781,509.3599853515625,501.3599853515625,504.1000061035156,9954600,-0.009315286275624168,500.68428693498885,481.87428501674106
2024-06-14,502.6499938964844,507.1499938964844,500.75,504.1600036621094,10243300,0.00011901915863377077,501.98428780691967,482.95142764136904
2024-06-17,501.6700134277344,510.75,496.010009765625,506.6300048828125,11266600,0.004899240722710196,503.82285853794644,484.54190354120163
2024-06-18,504.55999755859375,506.0,495.0199890136719,499.489990234375,13060400,-0.014093153938028236,504.7557155064174,485.85523623511904
2024-06-20,502.0,503.6700134277344,496.7699890136719,501.7000122070313,11801200,0.0044245570799512635,504.6271449497768,487.41999889555433
2024-06-21,503.4500122070313,503.4500122070313,492.3900146484375,494.7799987792969,22359200,-0.013793129877140209,502.8142874581473,488.855712890625
2024-06-24,499.2000122070313,507.7999877929688,494.2900085449219,498.9100036621094,13525300,0.008347154074542118,501.39571707589283,490.3380940755208
2024-06-25,497.0499877929688,510.7099914550781,495.5,510.6000061035156,12063200,0.02343108447535447,502.3242885044643,492.47238013857884
2024-06-26,506.6499938964844,513.8099975585938,504.6799926757813,513.1199951171875,8882300,0.004935348577259857,503.60428728376115,494.13428460984005
2024-06-27,514.25,522.8800048828125,513.9000244140625,519.5599975585938,10121200,0.01255067528587639,505.45142909458707,496.0219029017857
2024-06-28,517.1500244140625,521.8800048828125,503.8399963378906,504.2200012207031,15855100,-0.029524975767905692,506.1271449497768,497.44380841936385
2024-07-01,504.9500122070313,506.5799865722656,493.1700134277344,504.6799926757813,10328200,0.0009122832374053313,506.5528564453125,499.23571341378346
2024-07-02,500.760009765625,510.5,499.4500122070313,509.5,7739500,0.009550620976003676,508.6557137625558,501.2676188151042
2024-07-03,506.3699951171875,511.2799987792969,506.0199890136719,509.9599914550781,6005600,0.000902829156188556,510.2342834472656,502.81380934942337
2024-07-05,511.6000061035156,540.8699951171875,511.6000061035156,539.9099731445312,21354100,0.0587300615563906,514.4214215959821,505.8099990118118
2024-07-08,542.3499755859375,542.8099975585938,526.6500244140625,529.3200073242188,14917500,-0.019614317843833606,516.7357090541294,507.4414280482701
2024-07-09,533.75,537.47998046875,528.1900024414062,530.0,8753200,0.0012846532652690534,518.2271379743304,509.1671418689546
2024-07-10,530.7899780273438,538.8800048828125,528.3599853515625,534.6900024414062,10983300,0.00884906121020057,522.5799952915737,511.15428524925596
2024-07-11,530.8900146484375,535.4600219726562,508.3699951171875,512.7000122070312,16458300,-0.04112661567257336,523.7257123674665,511.6352379208519
2024-07-12,497.760009765625,508.0899963378906,494.2300109863281,498.8699951171875,19750500,-0.026974871777961096,522.2071402413504,511.2257138206845
2024-07-15,498.6300048828125,506.6799926757813,493.3699951171875,496.1600036621094,12539200,-0.00543225987051299,520.2357134137835,510.6219046456473
2024-07-16,501.5,503.9500122070313,485.7900085449219,489.7900085449219,14075800,-0.012838590515501402,513.0757184709821,509.9404761904762
2024-07-17,479.1700134277344,479.1700134277344,459.1199951171875,461.989990234375,28076600,-0.05675905556574279,503.4571446010045,507.93238031296505
2024-07-18,475.0,479.239990234375,464.5400085449219,475.8500061035156,19267200,0.03000068434839731,495.72143118722096,506.4666660853795
2024-07-19,476.05999755859375,486.7099914550781,475.7099914550781,476.7900085449219,15149400,0.001975417525163836,487.4500034877232,505.3857145763579
2024-07-22,486.5799865722656,492.05999755859375,483.8999938964844,487.3999938964844,12023100,0.02225295237193059,483.8357151576451,504.7047613234747
2024-07-23,489.8399963378906,495.2200012207031,487.7200012207031,488.6900024414063,9455500,0.002646714323094379,482.3814304896764,504.4147614978609
2024-07-24,472.30999755859375,476.2999877929688,460.5799865722656,461.2699890136719,17649700,-0.056109217071658946,477.3971426827567,502.62237984793535
2024-07-25,463.260009765625,463.5499877929688,442.6499938964844,453.4100036621094,18240500,-0.01703988019764613,472.1999991280692,499.8990463983446
2024-07-26,464.2000122070313,469.7699890136719,459.4200134277344,465.7000122070313,14222400,0.02710572869071659,472.7300022670201,497.6409519740514
2024-07-29,469.8800048828125,473.9599914550781,465.0199890136719,465.7099914550781,11339600,2.1428489983321697e-05,471.2814287458147,495.07666596912213
2024-07-30,467.0,472.7300109863281,456.7000122070313,463.1900024414063,11390400,-0.005411069248908107,469.3385707310268,493.1228565034413
2024-07-31,471.0199890136719,476.5,466.75,474.8299865722656,24285800,0.025130041817627014,467.5428553989955,491.70142764136915
2024-08-01,521.0,527.1699829101562,492.1000061035156,497.739990234375,43083100,0.04824885603264795,468.83571079799106,491.1414271763394
2024-08-02,489.0,501.1499938964844,476.1499938964844,488.1400146484375,24044700,-0.019287129373344314,472.6742858886719,490.1023806617374
2024-08-05,451.3500061035156,483.4800109863281,450.7999877929688,475.7300109863281,21396200,-0.025423041114642442,475.8628583635603,487.0461919875372
2024-08-06,479.0,502.55999755859375,478.6499938964844,494.0899963378906,20955000,0.03859328805743578,479.9185703822545,485.36857241675966
2024-08-07,503.1300048828125,510.1499938964844,486.8599853515625,488.9200134277344,20105300,-0.010463646194975085,483.23428780691967,483.4123825799851
2024-08-08,497.5,509.9599914550781,494.7200012207031,509.6300048828125,16156800,0.04235864944428003,489.8685738699777,482.21904936290923
2024-08-09,507.7099914550781,518.3400268554688,505.7000122070313,517.77001953125,13696600,0.015972400703347933,496.0028642926897,482.4604782831101
2024-08-12,516.8599853515625,518.02001953125,509.1000061035156,515.9500122070312,9767400,-0.0035150882738758105,498.6042960030692,483.2738124302455
2024-08-13,520.010009765625,531.5,518.1500244140625,528.5399780273438,13743800,0.024401522477841553,504.37571934291293,484.81571597144716
2024-08-14,528.0599975585938,534.0,523.1300048828125,526.760009765625,11444200,-0.0033677079042574443,511.6657191685268,486.57619222005206
2024-08-15,531.7899780273438,539.77001953125,526.7000122070312,537.3300170898438,13482100,0.020066077774054447,517.8428649902344,490.163812546503
2024-08-16,531.9000244140625,533.6599731445312,524.6599731445312,527.4199829101562,14776700,-0.018443105474285293,523.3428606305804,492.6195257277716
2024-08-19,526.8699951171875,531.6599731445312,522.760009765625,529.280029296875,9879700,0.0035266892552221485,526.1500069754464,495.11905052548366
2024-08-20,528.3499755859375,531.0900268554688,525.8800048828125,526.72998046875,7944400,-0.004817957767106029,527.4300013950893,496.99190702892486
2024-08-21,527.1500244140625,539.4000244140625,526.9299926757812,535.1599731445312,13423300,0.016004391222005587,530.1742815290179,499.2047627766927
2024-08-22,537.0,544.22998046875,528.5900268554688,531.9299926757812,15708300,-0.006035541951635581,530.6585693359375,502.56952485584077
2024-08-23,536.9199829101562,539.8699951171875,525.0599975585938,528.0,11323900,-0.0073881765079876205,530.835710797991,506.1214294433594
2024-08-26,527.5999755859375,528.0,514.9500122070312,521.1199951171875,9584000,-0.013030312278053957,528.5199933733259,508.7604762486049
2024-08-27,518.97998046875,524.010009765625,515.3099975585938,519.0999755859375,6282700,-0.0038763040186085007,527.3314208984375,511.3028564453125
2024-08-28,517.6699829101562,521.0900268554688,512.4500122070312,516.780029296875,9106100,-0.004469170483862639,525.5457066127232,513.8547624860491
2024-08-29,519.0499877929688,527.2000122070312,515.6799926757812,518.219970703125,8317400,0.002786372004756288,524.3299909319196,515.9209522065662
2024-08-30,521.3499755859375,523.5399780273438,515.2000122070312,521.3099975585938,9157500,0.005962770696150921,522.3514229910714,517.0433335077195
2024-09-03,519.6400146484375,525.489990234375,508.6199951171875,511.760009765625,12459100,-0.018319210906549643,519.4699968610491,518.1680951799665
2024-09-04,506.0700073242188,516.5900268554688,504.0700073242188,512.739990234375,8335200,0.0019149219361607184,517.2899954659598,519.9304751441592
2024-09-05,511.7200012207031,521.6300048828125,511.1499938964844,516.8599853515625,8640900,0.008035252166120666,516.6814226422991,521.0147603352865
2024-09-06,521.8800048828125,524.5800170898438,498.25,500.2699890136719,14744500,-0.032097660503949244,513.9914245605469,521.5552353631882
2024-09-09,506.1600036621094,511.3299865722656,502.0799865722656,504.7900085449219,11047800,0.00903516027447826,512.278564453125,521.3247593470982
2024-09-10,508.1600036621094,514.1799926757812,500.0299987792969,504.7900085449219,9899000,0.0,510.35999843052457,520.7066635858445
2024-09-11,507.010009765625,513.1199951171875,495.6000061035156,511.8299865722656,10782500,0.013946349785402434,509.0057111467634,520.5104718889509
2024-09-12,517.0499877929688,526.7100219726562,515.219970703125,525.5999755859375,11970500,0.026903443281800943,510.98284912109375,520.3704717726935
2024-09-13,520.3400268554688,527.5800170898438,517.1099853515625,524.6199951171875,10321400,-0.0018644986953386677,512.6799926757812,520.268566313244
2024-09-16,524.5399780273438,534.0999755859375,517.4000244140625,533.280029296875,9527600,0.016507251458749872,515.0257132393973,520.0757097516741
2024-09-17,537.5999755859375,542.0999755859375,530.5700073242188,536.3200073242188,11690800,0.005700528540984351,520.1757158551898,520.4995204380581
2024-09-18,537.0700073242188,544.2000122070312,533.9000244140625,537.9500122070312,10323500,0.0030392393730467315,524.912859235491,520.9123767671131
2024-09-19,550.0,562.0700073242188,546.52001953125,559.0999755859375,15647000,0.03931585258662773,532.6714259556362,522.4538051060268
2024-09-20,560.0,564.5,556.2999877929688,561.3499755859375,22066800,0.004024324983455729,539.7457101004464,523.7009480794271
2024-09-23,569.5,573.97998046875,562.4099731445312,564.4099731445312,12830700,0.0054511404501260685,545.2899954659598,525.2476138160342
2024-09-24,566.6799926757812,567.75,554.1900024414062,563.3300170898438,12993000,-0.0019134248260544995,550.8199986049107,526.9299955822173
2024-09-25,564.0499877929688,576.8800048828125,563.719970703125,568.3099975585938,16543400,0.008840254056541319,555.8242797851562,529.1771385556176
2024-09-26,575.72998046875,577.4000244140625,562.3499755859375,567.8400268554688,14400800,-0.0008269618784535471,560.3271397181919,531.4980933779761
2024-09-27,570.0999755859375,570.8400268554688,564.510009765625,567.3599853515625,9398400,-0.0008453815884811311,564.528564453125,533.9066627139136
2024-09-30,567.7000122070312,574.6799926757812,564.7999877929688,572.4400024414062,12792300,0.0089537810578868,566.4342825753348,536.4885689871652
2024-10-01,577.97998046875,583.0399780273438,570.0999755859375,576.469970703125,15259300,0.007039983656857096,568.5942818777902,539.115234375
2024-10-02,574.8599853515625,576.0,569.3400268554688,572.8099975585938,6524700,-0.006348939806989695,569.7942853655134,542.0223766508557
2024-10-03,570.1500244140625,583.3599853515625,568.72998046875,582.77001953125,11581000,0.01738800302911514,572.5714285714286,545.3571399507068
2024-10-04,583.72998046875,596.8499755859375,581.4299926757812,595.9400024414062,14169500,0.022598936919832502,576.518572126116,549.1228550502232
2024-10-07,598.219970703125,602.9500122070312,584.0399780273438,584.780029296875,12014200,-0.01872667231401115,578.9385724748884,553.1471426827567
2024-10-08,589.6900024414062,593.5599975585938,585.969970703125,592.8900146484375,7857400,0.013868437609461104,582.5857195172991,557.3423810686384
2024-10-09,593.989990234375,594.3900146484375,581.6099853515625,590.510009765625,9529700,-0.004014243492064473,585.1671491350446,561.4242858886719
2024-10-10,587.5700073242188,590.22998046875,582.52001953125,583.8300170898438,7740400,-0.011312242917664639,586.2185843331473,564.8528587704614
2024-10-11,584.8300170898438,591.2100219726562,582.7100219726562,589.9500122070312,8587100,0.01048249479821739,588.6671578543527,567.9171462286087
2024-10-14,594.219970703125,600.0999755859375,589.9600219726562,590.4199829101562,8252000,0.0007966280081372901,589.760009765625,571.0504789806548
2024-10-15,590.1599731445312,590.6099853515625,580.1400146484375,586.27001953125,9564200,-0.007028832863093859,588.3785836356027,573.5738118489584
2024-10-16,581.4000244140625,582.0800170898438,574.030029296875,576.7899780273438,11268400,-0.016170094304815308,587.2371477399554,575.5009533110119
2024-10-17,583.3300170898438,584.969970703125,575.2000122070312,576.9299926757812,8701200,0.00024274806042279273,584.9571446010044,577.3571428571429
2024-10-18,581.0999755859375,583.969970703125,575.25,576.469970703125,7694300,-0.0007973618610512823,582.9514247349331,578.1842854817709
2024-10-21,576.030029296875,577.239990234375,569.1099853515625,575.1599731445312,8171900,-0.0022724471788112544,581.7128470284598,578.8419044131324
2024-10-22,574.2899780273438,583.530029296875,572.1199951171875,582.010009765625,8544500,0.011909793693818838,580.5785609654018,579.6800013950893
2024-10-23,579.969970703125,585.0,562.5,563.6900024414062,14248400,-0.031477134442406296,576.759992327009,579.6971435546875
2024-10-24,567.1300048828125,568.8800048828125,561.52001953125,567.780029296875,7184700,0.007255808756150284,574.1185651506696,579.6719069707962
2024-10-25,573.9299926757812,581.2899780273438,571.719970703125,573.25,11337900,0.009633961078023168,573.6128540039062,579.9295247395834
2024-10-28,582.0,583.75,574.1199951171875,578.1599731445312,10925100,0.008565151582261121,573.7885654994419,580.4438098725818
2024-10-29,580.1500244140625,593.6699829101562,575.4000244140625,593.280029296875,13019100,0.026152028598776633,576.1900024414062,581.4361921037946
2024-10-30,600.97998046875,601.2000122070312,589.3800048828125,591.7999877929688,26864900,-0.002494676090244119,578.5671473911831,582.1661929175967
2024-10-31,585.0,589.9000244140625,563.010009765625,567.5800170898438,26838400,-0.04092593984911996,576.5057198660714,581.9171462286087
2024-11-01,567.6099853515625,573.6699829101562,562.5599975585938,567.1599731445312,15303200,-0.0007400611943073621,577.0014299665179,581.173810686384
2024-11-04,564.0999755859375,568.6900024414062,557.8900146484375,560.6799926757812,12064600,-0.011425313448730767,575.9871390206473,579.4947626023065
2024-11-05,567.2999877929688,573.47998046875,566.6699829101562,572.4299926757812,9775400,0.020956695715009355,575.8699951171875,578.9066656203497
2024-11-06,562.75,573.0,555.1699829101562,572.0499877929688,18305400,-0.0006638451647793531,574.9971400669643,577.9142833891369
2024-11-07,576.8900146484375,594.7999877929688,575.2100219726562,591.7000122070312,14653700,0.034350187629361706,574.7714233398438,577.9709501720611
2024-11-08,591.5399780273438,593.0999755859375,584.52001953125,589.3400268554688,9415700,-0.003988482850895703,574.4200003487723,578.2333315894717
2024-11-11,586.3599853515625,587.0,576.510009765625,583.1699829101562,10209100,-0.010469412672059475,576.6471383231027,577.9104730515253
2024-11-12,588.5399780273438,599.6599731445312,580.3800048828125,584.8200073242188,16287700,0.002829405597710055,579.1700003487723,577.6438075474331
2024-11-13,582.6099853515625,585.6400146484375,575.1699829101562,580.0,10757600,-0.008241864614502825,581.9300013950893,577.3452351888021
2024-11-14,577.0,580.760009765625,573.010009765625,577.1599731445312,11053700,-0.004896598026670307,582.605712890625,577.3628540039062
2024-11-15,571.219970703125,572.5700073242188,551.5,554.0800170898438,17712900,-0.03998883694054767,580.03857421875,576.2747599283854
2024-11-18,557.0399780273438,559.9000244140625,550.0900268554688,554.4000244140625,14327300,0.0005775471310074387,574.7100045340402,575.2238101050967
2024-11-19,551.8599853515625,561.4299926757812,550.5999755859375,561.0900268554688,9522400,0.012067103439392657,570.6742902483259,574.5538126627604
2024-11-20,562.9299926757812,566.3499755859375,554.2000122070312,565.52001953125,9797300,0.007895333126144433,568.1528669084821,573.7685750325521
2024-11-21,569.52001953125,570.0,549.0499877929688,563.0900268554688,11154700,-0.004296917159175795,565.048583984375,573.7400047665551
2024-11-22,563.5499877929688,563.8300170898438,554.5900268554688,559.1400146484375,9164000,-0.00701488575297593,562.068586077009,573.3285754975818
2024-11-25,562.0999755859375,572.5900268554688,556.3900146484375,565.1099853515625,13599800,0.010677058602000855,560.3471592494419,572.9409557524182
2024-11-26,566.0,577.5,565.2000122070312,573.5399780273438,10356600,0.014917437126043431,563.1271536690848,572.7209559849331
2024-11-27,574.8900146484375,574.97998046875,564.0999755859375,569.2000122070312,7200200,-0.007566980483626584,565.241437639509,571.5742885044643
2024-11-29,569.0,578.4600219726562,566.9000244140625,574.3200073242188,7130500,0.008995072043893826,567.1314348493304,570.7419084821429
2024-12-02,577.5,594.5,575.5700073242188,592.8300170898438,12522400,0.032229435731943035,571.0328630719866,571.9442894345239
2024-12-03,595.0,614.2000122070312,591.25,613.6500244140625,14907200,0.03511969152038308,578.2557198660714,574.1581013997396
2024-12-04,612.9600219726562,617.780029296875,605.0999755859375,613.780029296875,14697000,0.00021185509270793546,586.0614362444196,576.6866745721726
2024-12-05,617.0800170898438,619.9000244140625,607.0499877929688,608.9299926757812,8081200,-0.007901913372205693,592.3214372907366,578.4247698102679
2024-12-06,610.0999755859375,629.7899780273438,608.530029296875,623.77001953125,16935500,0.02437066170818447,599.4971575055804,580.8876284644717
2024-12-09,623.9199829101562,626.4000244140625,606.1699829101562,613.5700073242188,11426000,-0.016352200150139273,605.8357282366071,581.9290568033854
2024-12-10,617.5599975585938,625.5900268554688,612.739990234375,619.3200073242188,10938900,0.009371383756314522,612.2642996651786,583.3566749209449
2024-12-11,623.3699951171875,638.4000244140625,621.530029296875,632.6799926757812,10837200,0.021572022853394435,617.9571533203125,585.7142944335938
2024-12-12,631.5,636.6599731445312,627.2100219726562,630.7899780273438,7474700,-0.0029873153415901355,620.4057181222098,587.9033406575521
2024-12-13,627.219970703125,631.0800170898438,616.8900146484375,620.3499755859375,8453300,-0.016550678997873547,621.3442818777902,589.8247680664062
2024-12-16,629.97998046875,631.1500244140625,618.5800170898438,624.239990234375,10885600,0.00627067752322108,623.5314243861607,592.0666736421131
2024-12-17,626.1699829101562,632.3699951171875,616.5399780273438,619.4400024414062,12897800,-0.007689330815166984,622.9128505161831,595.1790538969494
2024-12-18,621.0,627.3599853515625,596.3200073242188,597.1900024414062,17075500,-0.035919540088314994,620.5728498186384,597.2166718982514
2024-12-19,610.3900146484375,611.52001953125,595.0,595.5700073242188,14958100,-0.0027126963120024383,617.1799926757812,598.8585757300967
2024-12-20,590.5800170898438,603.1099853515625,580.0,585.25,48989400,-0.017327950026537642,610.404279436384,599.7980986095611
2024-12-23,589.5999755859375,601.0900268554688,586.25,599.8499755859375,10205800,0.024946562299765107,605.9842790876116,601.548572358631
2024-12-24,602.719970703125,607.989990234375,599.280029296875,607.75,4726100,0.01317000039275773,604.1842825753348,603.8633335658482
2024-12-26,605.47998046875,606.2999877929688,598.9400024414062,603.3499755859375,6081400,-0.007239859175750762,601.1999947684152,605.6842854817709
2024-12-27,599.4099731445312,601.8499755859375,589.7999877929688,599.8099975585938,8084200,-0.0058672050560802935,598.3957083565848,606.9352387927827
2024-12-30,588.75,596.9400024414062,585.5800170898438,591.239990234375,7025900,-0.01428787009069743,597.5457066127232,607.9847615559896
2024-12-31,592.27001953125,593.969970703125,583.8499755859375,585.510009765625,6019500,-0.009691462964943498,596.1085641043527,608.5176188151041
2025-01-02,589.719970703125,604.9099731445312,587.8200073242188,599.239990234375,12682300,0.02344960844349364,598.1071341378348,608.8228556315104
2025-01-03,604.760009765625,609.5,596.4099731445312,604.6300048828125,11436800,0.008994751245372301,598.7899954659598,608.3933308919271
2025-01-06,611.8300170898438,630.989990234375,605.6199951171875,630.2000122070312,14560800,0.042290338087297874,601.9971400669643,609.1752348400298
2025-01-07,631.7000122070312,632.0999755859375,608.22998046875,617.8900146484375,12071500,-0.01953347718208187,604.0742885044643,609.6019025530134
2025-01-08,613.4000244140625,616.4400024414062,602.7899780273438,610.719970703125,10085800,-0.011604078032223963,605.6328560965402,608.9804716564361
2025-01-10,610.030029296875,629.9099731445312,597.3400268554688,615.8599853515625,19256600,0.008416319909302805,609.1499982561384,609.0895182291666
2025-01-13,607.0999755859375,608.969970703125,598.4500122070312,608.3300170898438,10785000,-0.012226753549218317,612.4099993024554,608.5661853608631
2025-01-14,605.0700073242188,605.489990234375,588.5499877929688,594.25,13598000,-0.023145359746014726,611.6971435546875,606.7361857096354
2025-01-15,610.2100219726562,622.4600219726562,606.5,617.1199951171875,15524300,0.03848547768984023,613.481427873884,606.0852341424851
2025-01-16,611.5,616.25,609.7100219726562,611.2999877929688,8355300,-0.009430916791334232,610.7814243861607,605.6542823428199
2025-01-17,624.0499877929688,624.969970703125,603.6699829101562,612.77001953125,17280600,0.002404763238403884,610.0499965122768,605.1080932617188
2025-01-21,617.8300170898438,621.5,609.010009765625,616.4600219726562,11674000,0.006021839064889178,610.8700038364956,604.9661894298736
2025-01-22,623.2999877929688,633.7000122070312,619.4299926757812,623.5,12274000,0.01142000742370275,611.9614345005581,606.2190464564732
2025-01-23,627.3599853515625,636.5999755859375,621.1500244140625,636.4500122070312,9910200,0.020769867212560245,615.9785766601562,608.1657133556548
2025-01-24,636.4000244140625,652.0,634.2000122070312,647.489990234375,19065300,0.017346182442608882,623.5842895507812,611.1295224144345
2025-01-27,626.6099853515625,663.8699951171875,625.0999755859375,659.8800048828125,28399200,0.01913545357504698,629.6928623744419,613.9880952380952
2025-01-28,666.0,682.5800170898438,659.469970703125,674.3300170898438,20950100,0.021897939170921532,638.6971522739956,617.1585722423736
2025-01-29,675.0,681.0499877929688,665.6699829101562,676.489990234375,21377800,0.003203139545608469,647.8000052315848,620.6414300827753
2025-01-30,696.8200073242188,710.7899780273438,676.0999755859375,687.0,29322900,0.015536090581301565,657.8771449497768,624.7933349609375
2025-01-31,691.0,705.2999877929688,685.5800170898438,689.1799926757812,19303900,0.003173206223844538,667.2600010463169,629.4571446010044
2025-02-03,675.9099731445312,704.0,675.25,697.4600219726562,21415700,0.0120143204748695,675.9757167271206,634.788097563244
2025-02-04,702.5,707.7100219726562,691.6099853515625,704.1900024414062,13826300,0.009649270577136937,684.0757184709821,639.7857171921503
2025-02-05,703.5499877929688,718.1400146484375,699.010009765625,704.8699951171875,17778200,0.0009656380712927959,690.5028599330357,644.5590500604538
2025-02-06,705.8800048828125,718.9000244140625,703.5,711.989990234375,13080700,0.010101146546894535,695.8828560965402,648.4538109188989
2025-02-07,716.7999877929688,725.010009765625,711.75,714.52001953125,16427100,0.003553461890724252,701.3157174246652,653.0552397228423
2025-02-10,718.5599975585938,721.2000122070312,711.3300170898438,717.4000244140625,12904300,0.004030684661154638,705.6585780552456,658.135242280506
2025-02-11,713.3200073242188,723.6599731445312,710.0399780273438,719.7999877929688,12998000,0.0033453628341684194,710.0328630719866,663.0847662062872
2025-02-12,715.2999877929688,727.0999755859375,712.5999755859375,725.3800048828125,12016500,0.007752177249895631,714.0214320591518,668.6585751488095
2025-02-13,721.52001953125,729.0,718.0399780273438,728.5599975585938,12569100,0.004383898996905833,717.5028599330357,675.0542893182663
2025-02-14,726.1400146484375,740.9099731445312,725.6199951171875,736.6699829101562,16901200,0.011131527092812066,722.0457153320312,680.7471458798364
2025-02-18,736.0,737.0,706.4400024414062,716.3699951171875,21938700,-0.027556420464935005,722.6714303152902,685.7504795619419
2025-02-19,704.0999755859375,707.0,695.3900146484375,703.77001953125,17535500,-0.01758864228236745,721.1357160295759,690.0838128952753
2025-02-20,697.280029296875,705.6300048828125,693.6400146484375,694.8400268554688,12587400,-0.012688793821778788,717.912859235491,693.8161940801712
2025-02-21,696.5800170898438,703.8699951171875,682.3599853515625,683.5499877929688,15660400,-0.01624840053270049,712.7342878069196,696.6757173084077
2025-02-24,686.280029296875,687.27001953125,662.4500122070312,668.1300048828125,15677000,-0.022558676300973857,704.5557163783482,698.1842883882068
2025-02-25,665.969970703125,668.0,641.8599853515625,657.5,20579700,-0.015910084572054117,694.4042881556919,698.6609555199033
2025-02-26,659.6500244140625,683.010009765625,658.0,673.7000122070312,14488700,0.024638801835789037,685.4085780552456,699.3190511067709
2025-02-27,682.4500122070312,688.6500244140625,657.5700073242188,658.239990234375,12500000,-0.022947931857696502,677.1042916434152,698.5528593517486
2025-02-28,658.0399780273438,669.6300048828125,642.5999755859375,668.2000122070312,17534200,0.015131292720622858,672.0228620256696,698.1580984933036
2025-03-03,673.6799926757812,681.25,650.8400268554688,655.0499877929688,10843800,-0.01967977278334465,666.3385707310268,696.6366693405878
2025-03-04,645.510009765625,649.75,623.6500244140625,640.0,21495200,-0.022975327186366412,660.1171439034598,694.2947649274554
2025-03-05,641.0,659.5,637.6599731445312,656.469970703125,13770000,0.025734329223632724,658.4514247349331,692.3428577241443
2025-03-06,648.0,650.5599975585938,624.1099853515625,627.9299926757812,13446500,-0.04347491781958501,654.2271379743304,688.7114286876861
2025-03-07,625.3699951171875,634.7899780273438,600.6099853515625,625.6599731445312,21375700,-0.00361508377960551,647.364275251116,684.9395228794643
2025-03-10,608.0700073242188,610.1099853515625,586.8699951171875,597.989990234375,21999900,-0.044225272668616644,638.7571323939732,679.5109514508929
2025-03-11,595.0499877929688,614.9299926757812,593.3300170898438,605.7100219726562,17401500,0.012909968167285735,629.8299909319196,674.3295229957217
2025-03-12,629.9000244140625,633.3300170898438,609.3499755859375,619.5599975585938,15747000,0.022865686687552733,624.759992327009,669.6704740978423
2025-03-13,620.25,620.5,586.510009765625,590.6400146484375,16480300,-0.046678260417258755,617.7085658482143,663.5199991861979
2025-03-14,602.7999877929688,608.8599853515625,594.780029296875,607.5999755859375,12364500,0.028714547807254354,610.7271379743304,657.9114263625372
2025-03-17,607.4600219726562,613.0999755859375,598.0,604.9000244140625,15473900,-0.004443632785322782,607.4371425083706,652.0228562127976
2025-03-18,600.0499877929688,600.25,574.6599731445312,582.3599853515625,20297700,-0.037262420487308545,601.2514299665179,644.6747610909598
2025-03-19,584.280029296875,592.3200073242188,574.77001953125,584.0599975585938,20537500,0.002919177570218867,599.2614310128348,638.374285016741
2025-03-20,582.760009765625,610.2000122070312,579.510009765625,586.0,24336500,0.003321580744299446,596.4457135881696,632.7661888485864
2025-03-21,583.4199829101562,597.5399780273438,580.9500122070312,596.25,25015900,0.017491467576791875,593.1157139369419,628.0714256649926
2025-03-24,614.969970703125,622.5399780273438,612.2000122070312,618.8499755859375,15741300,0.0379035229952831,597.1457083565848,624.990472702753
2025-03-25,626.760009765625,633.8800048828125,621.1799926757812,626.3099975585938,15312500,0.012054653416755823,599.8185686383929,622.9990437825521
2025-03-26,624.8900146484375,626.75,606.6099853515625,610.97998046875,12609800,-0.024476724225385826,600.6871337890625,620.7838047572544
2025-03-27,602.0,614.25,600.0999755859375,602.5800170898438,10436500,-0.013748344704292426,603.5757097516741,617.3971383231027
2025-03-28,600.3099975585938,601.75,573.9199829101562,576.739990234375,17602800,-0.042882316244509666,602.5299944196429,613.5161859421503
2025-03-31,563.5,578.7000122070312,553.2999877929688,576.3599853515625,21124700,-0.0006588842272894357,601.152849469866,609.1428513299851
2025-04-01,570.8400268554688,589.9099731445312,570.0,586.0,12836600,0.016725683415647508,599.6885637555804,605.8547566731771
2025-04-02,574.9099731445312,592.6599731445312,573.3599853515625,583.9299926757812,13470800,-0.003532435706857906,594.6999947684152,603.1847563244048
2025-04-03,546.219970703125,552.5599975585938,530.2999877929688,531.6199951171875,34777500,-0.08958265239791874,581.1728515625,597.239519391741
2025-04-04,506.6199951171875,518.0,494.2000122070313,504.7300109863281,38589800,-0.05058121285474204,565.9942844935825,591.3728535970052
2025-04-07,485.1000061035156,539.3699951171875,481.8999938964844,516.25,36606100,0.022824061900261983,553.6614249093192,586.1628548758371
2025-04-08,543.25,547.4299926757812,502.8599853515625,510.4500122070313,28034200,-0.011234843182505894,544.19142804827,581.9942844935825
2025-04-09,509.2699890136719,587.8900146484375,502.1099853515625,585.77001953125,39216600,0.14755608879027693,545.5357186453683,581.0447605678013
2025-04-10,575.489990234375,581.2999877929688,535.2999877929688,546.2899780273438,28173500,-0.0673985355814204,539.8628583635602,577.5557120186942
2025-04-11,535.510009765625,547.4000244140625,528.5900268554688,543.5700073242188,17642300,-0.004978987007865032,534.09714617048,575.3142830984933
2025-04-14,556.1699829101562,557.77001953125,528.280029296875,531.47998046875,14130900,-0.022241894682495822,534.077144077846,571.6895214262463
2025-04-15,532.1099853515625,537.9400024414062,517.5,521.52001953125,15558700,-0.018740049114767454,536.4757167271206,567.7190450032552
2025-04-16,508.510009765625,513.3699951171875,495.6300048828125,502.30999755859375,18735100,-0.0368346779667682,534.4842878069196,563.9071408226376
2025-04-17,505.25,507.2999877929688,498.010009765625,501.4800109863281,14593500,-0.0016523393448262258,533.202859061105,559.9747605096726
2025-04-21,491.3299865722656,493.5,479.7999877929688,484.6600036621094,16166000,-0.03354073334076979,518.7585710797991,555.1490463983445
2025-04-22,491.8699951171875,506.8800048828125,486.3599853515625,500.2799987792969,17399400,0.03222876861957302,512.1857169015067,550.5790463402158
2025-04-23,528.530029296875,535.3400268554688,516.52001953125,520.27001953125,18173900,0.039957665308886225,508.8571472167969,545.8847627185639
2025-04-24,518.72998046875,533.9000244140625,517.5,533.1500244140625,13910000,0.02475638495260024,509.0957249232701,541.4485735212054
2025-04-25,546.7999877929688,549.8599853515625,536.25,547.27001953125,17098900,0.02648409353953518,512.7742963518415,538.4147658575149
2025-04-28,555.6400146484375,558.489990234375,540.5900268554688,549.739990234375,15179000,0.004513257834296569,519.5500095912388,535.8985741024926
2025-04-29,546.0,556.5700073242188,544.1199951171875,554.4400024414062,11835000,0.008549518482414697,527.11572265625,534.836669921875
2025-04-30,538.4000244140625,549.0999755859375,529.5,549.0,29244000,-0.009811706257578656,536.30715070452,533.5338134765625
2025-05-01,592.0800170898438,592.9500122070312,570.5,572.2100219726562,31159000,0.042276907054018764,546.5828683035714,532.8771478562128
2025-05-02,583.4600219726562,604.3400268554688,578.3300170898438,597.02001953125,24739300,0.04335820171947158,557.5471540178571,533.500482468378
2025-05-05,591.219970703125,603.2100219726562,588.0499877929688,599.27001953125,13887700,0.0037687178426053514,566.9928676060268,536.721912202381
2025-05-06,592.530029296875,596.030029296875,586.5800170898438,587.3099975585938,10600700,-0.019957651113618913,572.7128644670759,540.654292515346
2025-05-07,590.3599853515625,603.0800170898438,586.6699829101562,596.8099975585938,13139100,0.01617544404061033,579.4371512276786,544.490482875279
2025-05-08,606.2899780273438,611.2999877929688,596.6199951171875,598.010009765625,14622800,0.0020107106314239953,585.6614379882812,548.6600065685454
2025-05-09,603.719970703125,606.969970703125,591.7100219726562,592.489990234375,10427300,-0.009230647382329704,591.8742937360491,548.9800051734561
2025-05-12,630.9199829101562,640.3900146484375,621.030029296875,639.4299926757812,21965100,0.07922497124860772,601.4771466936384,553.4152439662388
2025-05-13,645.5399780273438,660.9199829101562,642.8300170898438,656.030029296875,18570800,0.025960678747064536,609.9071480887277,558.7704831077939
2025-05-14,661.2100219726562,662.6699829101562,654.3099975585938,659.3599853515625,12348200,0.005075920165204195,618.4914289202009,564.8600071498325
2025-05-15,654.280029296875,657.3099975585938,638.5800170898438,643.8800048828125,14341800,-0.023477282232248653,626.5728585379464,570.6866731189546
2025-05-16,637.9600219726562,640.4400024414062,626.1500244140625,640.3400268554688,18519000,-0.005497884699786626,632.7914341517857,577.259531656901
2025-05-19,628.25,643.0,627.7999877929688,640.4299926757812,9592400,0.00014049694933837564,638.8514317103794,583.8761974516369
2025-05-20,636.010009765625,639.3499755859375,632.260009765625,637.0999755859375,6743500,-0.0051996582420048565,645.2242867606027,591.135243733724
2025-05-21,631.7899780273438,646.6099853515625,630.1699829101562,635.5,11464600,-0.00251134146484,644.662859235491,597.5742914109003
2025-05-22,634.0499877929688,643.25,630.7100219726562,636.5700073242188,8228400,0.0016837251364574257,641.8828560965402,603.1123860677084
2025-05-23,624.0,632.4500122070312,622.6500244140625,627.0599975585938,8454100,-0.014939456236085835,637.268572126116,607.5842895507812
2025-05-27,635.4099731445312,643.0800170898438,632.75,642.3200073242188,9508400,0.024335804907087866,637.0457153320312,612.1104794456845
2025-05-28,642.5999755859375,650.8800048828125,642.5499877929688,643.5800170898438,9042900,0.0019616542397207226,637.5085710797991,616.5790521530878
2025-05-29,651.6500244140625,653.3200073242188,639.5,645.0499877929688,8858800,0.0022840527426131185,638.1685703822544,620.8938133603051
2025-05-30,642.5,649.4099731445312,632.780029296875,647.489990234375,16241000,0.003782656363973791,639.6528581891741,625.5838128952753
2025-06-02,644.3900146484375,673.260009765625,644.260009765625,670.9000244140625,15766300,0.03615505186607382,644.7100045340402,630.2833368210565
2025-06-03,671.4500122070312,675.5800170898438,665.030029296875,666.8499755859375,11585000,-0.006036739723868867,649.0357142857143,633.6085728236607
2025-06-04,669.3200073242188,689.0,668.5700073242188,687.9500122070312,14031900,0.03164135471783425,657.7342878069196,637.8314296177456
2025-06-05,691.6599731445312,694.3800048828125,682.25,684.6199951171875,13083100,-0.0048404928130760805,663.7771432059152,642.4652390252976
2025-06-06,696.1699829101562,702.8099975585938,691.8699951171875,697.7100219726562,11728000,0.019120135182771225,671.5100010463169,647.270002092634
2025-06-09,698.4600219726562,705.1900024414062,693.9400024414062,694.0599975585938,12773200,-0.005231434692227421,678.5114310128348,651.8438110351562
2025-06-10,701.3499755859375,703.22998046875,691.5599975585938,702.4000244140625,10850100,0.012016290932780116,686.3557216099331,657.0776221865699
2025-06-11,703.7100219726562,708.8699951171875,691.989990234375,694.1400146484375,9582500,-0.011759694587874514,689.6757202148438,659.682861328125
2025-06-12,693.2999877929688,695.3800048828125,687.0,693.3599853515625,7322700,-0.001123734809136523,693.4628644670759,661.4604782831101
2025-06-13,687.9500122070312,694.5700073242188,681.010009765625,682.8699951171875,9274400,-0.015129212034144301,692.7371477399554,662.5800025576636
2025-06-16,699.3300170898438,707.1500244140625,693.510009765625,702.1199951171875,13720300,0.028189845999451846,695.2371477399554,665.3533354259673
2025-06-17,702.0,705.969970703125,696.0599975585938,697.22998046875,10066100,-0.006964642343822325,695.1685703822544,668.0623808361236
2025-06-18,698.1799926757812,701.5900268554688,694.9000244140625,695.77001953125,10068300,-0.002093944578399287,695.412859235491,670.6976202101935
2025-06-20,700.75,701.8200073242188,678.6699829101562,682.3499755859375,22538600,-0.019288045717108848,692.548566545759,672.8523821149554
2025-06-23,683.6900024414062,699.0499877929688,678.75,698.530029296875,11080100,0.02371225073620553,693.1757114955357,675.8538120814732
2025-06-24,704.8900146484375,713.1900024414062,702.1099853515625,712.2000122070312,13823200,0.019569642444600577,695.8671439034598,679.4552408854166
2025-06-25,713.3200073242188,716.5800170898438,705.3800048828125,708.6799926757812,9320400,-0.004942459240265706,699.5542864118304,683.3419073195685
2025-06-26,714.3599853515625,728.219970703125,711.0499877929688,726.0900268554688,13964800,0.024566848732319846,702.9785766601562,687.3309558686756
2025-06-27,726.52001953125,735.4299926757812,725.8599853515625,733.6300048828125,18775700,0.010384356964655783,708.1785801478794,691.6190505254837
2025-06-30,744.5499877929688,747.9000244140625,734.25,738.0900268554688,15402100,0.00607938871498126,714.2242954799107,696.0495285760788
2025-07-01,736.8800048828125,737.75,715.3699951171875,719.219970703125,13431200,-0.02556606303534137,719.491437639509,699.4652419317337
2025-07-02,715.3300170898438,720.2999877929688,712.7999877929688,713.5700073242188,9336700,-0.007855682001408737,721.6400059291294,701.4971458798364
2025-07-03,726.6099853515625,729.030029296875,714.4199829101562,719.010009765625,8601700,0.0076236422293103345,722.6128627232143,703.98095703125
2025-07-07,717.5999755859375,727.0,713.510009765625,718.3499755859375,9457100,-0.0009179763434763455,723.9942888532366,705.4285743350074
2025-07-08,721.5700073242188,722.9099731445312,714.8099975585938,720.6699829101562,7770700,0.0032296337482664583,723.2199968610491,707.1452404203869
2025-07-09,722.719970703125,737.530029296875,722.719970703125,732.780029296875,11418000,0.016803872332543657,723.0985717773438,708.8152407691592
2025-07-10,731.5499877929688,735.7999877929688,719.5999755859375,727.239990234375,9913600,-0.007560303011827196,721.548566545759,710.3952404203869
2025-07-11,722.5,725.1599731445312,709.7000122070312,717.510009765625,10873900,-0.013379325393828023,721.3042864118304,711.114763532366
2025-07-14,717.5999755859375,728.0,716.5499877929688,720.9199829101562,8939400,0.004752509509442504,722.3542829241071,712.3900001162574
2025-07-15,723.9000244140625,724.469970703125,709.8200073242188,710.3900146484375,11529500,-0.014606292669558374,721.1228550502232,713.2009538922991
2025-07-16,713.3699951171875,713.969970703125,699.27001953125,702.9099731445312,13067600,-0.01052948570456469,718.9171404157366,714.1552385602679
2025-07-17,704.3900146484375,705.9000244140625,697.1099853515625,701.4099731445312,11803300,-0.002133985940318328,716.1657104492188,714.1214279901413
2025-07-18,702.1900024414062,704.7100219726562,691.6500244140625,704.280029296875,12779800,0.004091838243298396,712.0942818777902,714.4571446010044
2025-07-21,706.7999877929688,717.0,705.760009765625,712.969970703125,9404400,0.012338758795880755,710.0557076590402,715.2761898949033
2025-07-22,716.1900024414062,716.5999755859375,701.4099731445312,704.8099975585938,8921100,-0.011445044644003644,708.2414202008929,716.345714750744
2025-07-23,706.3699951171875,714.6300048828125,704.9299926757812,713.5800170898438,8771600,0.01244309751795325,707.192853655134,717.0623808361236
2025-07-24,717.0499877929688,723.6199951171875,714.0,714.7999877929688,10920800,0.0017096480757692323,707.8228498186384,717.1861891973587
2025-07-25,716.9199829101562,720.6500244140625,711.9000244140625,712.6799926757812,8271700,-0.0029658577971346523,709.2185668945312,717.3766653878348
2025-07-28,715.2000122070312,724.739990234375,712.6799926757812,717.6300048828125,8715700,0.006945630939415359,711.5357142857143,716.9738071986607
2025-07-29,720.0,724.469970703125,699.9099731445312,700.0,13267000,-0.024566984048683183,710.9242815290179,715.3723783947173
2025-07-30,708.0900268554688,708.5,691.2000122070312,695.2100219726562,27077300,-0.0068428257533482695,708.3871459960938,713.3304734002976
2025-07-31,775.2000122070312,784.75,765.510009765625,773.4400024414062,38831100,0.11252711841922625,718.1914324079241,715.9123796735491
2025-08-01,760.72998046875,766.0,745.3099975585938,750.010009765625,19028700,-0.03029322585051608,723.3957170758929,717.6476178850446
2025-08-04,760.0,776.8499755859375,758.4099731445312,776.3699951171875,15801700,0.03514617806207654,732.1914324079241,720.3790457589286
2025-08-05,776.4500122070312,783.1300048828125,763.0,763.4600219726562,11640300,-0.016628634833553257,739.4457223074777,722.5271432059152
2025-08-06,770.0,773.6400146484375,760.4600219726562,771.989990234375,9733900,0.011172776591076294,747.2114345005581,724.970953078497
2025-08-07,773.489990234375,775.0,759.5499877929688,761.8300170898438,9019700,-0.01316075761739699,756.0442940848214,726.3542858305432
2025-08-08,762.75,769.9000244140625,758.5800170898438,769.2999877929688,7320800,0.009805298472827184,766.6285749162946,728.3571428571429
2025-08-11,770.0800170898438,773.4600219726562,764.6699829101562,765.8699951171875,7612000,-0.00445858927623477,765.5471452985491,730.6599993024554
2025-08-12,773.0,793.6699829101562,772.4299926757812,790.0,14563100,0.031506659141438575,771.2600010463169,733.9495239257812
2025-08-13,791.1500244140625,795.4600219726562,778.22998046875,780.0800170898438,8811800,-0.0125569403926028,771.7900041852679,737.2680954706101
2025-08-14,777.8800048828125,787.8099975585938,772.510009765625,782.1300048828125,8116200,0.0026279198903420564,774.4571446010044,741.0404779343378
2025-08-15,784.1500244140625,796.25,780.8200073242188,785.22998046875,13375400,0.00396350423405889,776.3485717773438,745.0319068545386
2025-08-18,775.0900268554688,775.8099975585938,756.5599975585938,767.3699951171875,16513700,-0.022744910148362885,777.1399972098214,748.0361909412202
2025-08-19,767.1199951171875,767.1699829101562,749.3599853515625,751.47998046875,12286700,-0.020707109672708612,774.5942818777902,749.8700009300595
2025-08-20,747.5700073242188,750.2000122070312,731.0,747.719970703125,11898200,-0.005003472964482225,772.0014212472098,751.9133329845611
2025-08-21,744.7100219726562,745.5,733.1099853515625,739.0999755859375,8876300,-0.01152837352877123,764.7299891880581,753.1285691034226
2025-08-22,739.22998046875,756.9000244140625,734.3900146484375,754.7899780273438,10612700,0.02122852517884022,761.1171264648438,755.0328543526786
2025-08-25,754.8200073242188,758.8800048828125,750.1300048828125,753.2999877929688,6861200,-0.0019740461290558287,756.998552594866,756.9671398344494
2025-08-26,750.7999877929688,754.8699951171875,747.9400024414062,754.0999755859375,7601800,0.0010619777060034696,752.5514090401786,758.7038051060268
2025-08-27,752.2999877929688,754.1500244140625,742.8400268554688,747.3800048828125,8315400,-0.008911246413850549,749.6956961495536,760.9599958147321
2025-08-28,744.0,753.0499877929688,740.7999877929688,751.1099853515625,7468000,0.004990741583105196,749.642839704241,763.6218988327753
2025-08-29,745.280029296875,747.1400146484375,735.3499755859375,738.7000122070312,9070500,-0.016522178358103767,748.3542742047991,761.9676135835193
2025-09-02,726.0399780273438,736.0,721.72998046875,735.1099853515625,9350900,-0.0048599252689095485,747.7842755998884,761.2580886114212
2025-09-03,736.0,740.25,733.989990234375,737.0499877929688,7699300,0.0026390641945619464,745.2499912806919,759.3857073102679
2025-09-04,748.5700073242188,761.1599731445312,745.8200073242188,748.6500244140625,11439100,0.015738466607711388,744.585710797991,758.6804693312872
2025-09-05,752.6199951171875,757.9500122070312,745.030029296875,752.4500122070312,9663400,0.005075786641351998,744.3500017438616,757.749994187128
2025-09-08,756.0,766.510009765625,752.02001953125,752.2999877929688,13087800,-0.0001993812367979686,745.0528564453125,757.2961832682291
2025-09-09,757.489990234375,766.2999877929688,753.4299926757812,765.7000122070312,10999000,0.01781207580951083,747.1371459960938,757.124755859375
2025-09-10,765.1300048828125,765.7000122070312,751.0,751.97998046875,12478300,-0.017918285907734366,749.0342843191964,756.4633265904018
2025-09-11,754.6500244140625,757.0999755859375,748.3699951171875,750.9000244140625,7923300,-0.001436150007629644,751.2900041852679,754.6014229910714
2025-09-12,748.72998046875,757.5700073242188,743.760009765625,755.5900268554688,8248600,0.0062458413755759334,753.9385811941964,753.4352329799107
2025-09-15,757.469970703125,774.0700073242188,751.989990234375,764.7000122070312,10533800,0.012056783477510269,756.2314365931919,752.6052333286831
2025-09-16,767.0,781.3599853515625,765.0999755859375,779.0,11782500,0.018700127585583592,760.0242919921875,752.3085675920759
2025-09-17,779.989990234375,783.2899780273438,766.3099975585938,775.719970703125,9400900,-0.0042105639241014625,763.3700038364956,752.7061854771206
2025-09-18,780.75,788.780029296875,773.3599853515625,780.25,10955000,0.005839773975096829,765.4485735212054,754.0761864071801
2025-09-19,786.4199829101562,790.7999877929688,769.1900024414062,778.3800048828125,23696800,-0.002396661476690154,769.2200055803571,755.5361880347842
2025-09-22,781.8499755859375,785.72998046875,764.469970703125,765.1599731445312,11706900,-0.016984033062709014,771.2571411132812,756.7771402994791
2025-09-23,769.25,770.5999755859375,751.0700073242188,755.4000244140625,10872600,-0.012755435559911543,771.229997907366,756.8061901274182
2025-09-24,757.5,761.1099853515625,752.530029296875,760.6599731445312,8828200,0.006963130209783452,770.652849469866,757.1566656203497
2025-09-25,753.4500122070312,756.77001953125,744.5499877929688,748.9099731445312,10591100,-0.015447112264138307,766.3542742047991,756.9095226469494
2025-09-26,750.0,751.9299926757812,737.3499755859375,743.75,9696300,-0.0068899778739298645,761.7871355329241,756.7366652715774
2025-09-29,748.719970703125,750.780029296875,739.1500244140625,743.4000244140625,9246800,-0.00047055540966389753,756.5228533063616,756.3695242745536
2025-09-30,742.25,742.969970703125,726.2999877929688,734.3800048828125,16226800,-0.012133466821391936,750.2371390206473,756.1638096400669
2025-10-01,721.489990234375,721.8499755859375,710.2000122070312,717.3400268554688,20419600,-0.023203216201485355,743.4057181222098,755.317621140253
2025-10-02,722.5800170898438,727.77001953125,718.1400146484375,727.0499877929688,11415300,0.013536064591382901,739.355712890625,754.8414306640625
2025-10-03,729.6300048828125,731.0,710.1799926757812,710.5599975585938,16154300,-0.02268068291209524,732.1985735212054,753.0276198614212
2025-10-06,705.1900024414062,716.8800048828125,690.510009765625,715.6599731445312,21654700,0.0071774031798306215,727.4485735212054,751.2757132393973
2025-10-07,717.719970703125,718.5,705.75,713.0800170898438,12062900,-0.003605002587124484,723.0671473911831,749.4080955868676
2025-10-08,713.4500122070312,719.6500244140625,707.8099975585938,717.8400268554688,10790600,0.006675281387145127,719.4157191685268,747.1290486653646
2025-10-09,718.280029296875,733.510009765625,712.4400024414062,733.510009765625,12717200,0.02182935239596384,719.2914341517857,746.2495262509301
2025-10-10,730.9199829101562,735.27001953125,704.510009765625,705.2999877929688,16980100,-0.038458946158989815,717.5714285714286,744.0780959356399
2025-10-13,713.010009765625,719.9400024414062,707.6400146484375,715.7000122070312,9251800,0.014745533239843622,715.9500034877232,742.1785714285714
2025-10-14,707.780029296875,715.5499877929688,699.3300170898438,708.6500244140625,8829800,-0.00985047879380141,715.6771501813616,739.5095243908111
2025-10-15,717.0599975585938,723.9000244140625,709.510009765625,717.5499877929688,10246800,0.012559039119860449,715.9471522739956,736.5833333333334
2025-10-16,717.5499877929688,725.489990234375,703.8800048828125,712.0700073242188,9017000,-0.007637071370602655,715.8028651646206,733.5523826962426
2025-10-17,707.0800170898438,718.5399780273438,706.1199951171875,716.9199829101562,12232400,0.006811093763326115,715.6714303152902,730.5366675967261
2025-10-20,721.1900024414062,733.77001953125,720.1799926757812,732.1699829101562,8900200,0.02127155102874445,715.479997907366,728.3361903599331
2025-10-21,736.02001953125,738.5,728.75,733.27001953125,7647300,0.001502433378546053,719.4757167271206,726.817621140253
2025-10-22,733.8300170898438,740.5999755859375,724.030029296875,733.4099731445312,8734500,0.00019086231477283278,722.0057111467634,725.7704758417038
2025-10-23,734.7000122070312,742.4099731445312,733.0999755859375,734.0,9856000,0.0008044979984918044,725.6271362304688,724.5009533110119
2025-10-24,736.7899780273438,741.2100219726562,731.1500244140625,738.3599853515625,9151300,0.005940034538913563,728.5999930245536,723.9985729399182
2025-10-27,749.72998046875,755.75,748.010009765625,750.8200073242188,11321100,0.016875267105277203,734.1357073102679,724.3352399553571
2025-10-28,752.6300048828125,758.4000244140625,745.52001953125,751.4400024414062,12193800,0.0008257573201826407,739.067138671875,724.7180960518973
2025-10-29,754.75,759.1599731445312,742.510009765625,751.6699829101562,26818600,0.0003060530022394037,741.8528529575893,725.5414283389136
2025-10-30,669.1500244140625,680.9600219726562,650.1699829101562,666.469970703125,88440100,-0.1133476314661016,732.3099888392857,723.1190447126116
2025-10-31,674.510009765625,674.8900146484375,645.5700073242188,648.3499755859375,56953200,-0.027188014334795785,720.1585606166294,719.3714250837054
2025-11-03,656.0,659.3300170898438,636.1799926757812,637.7100219726562,33003600,-0.016410818252388326,706.402849469866,715.9023786272321
2025-11-04,628.0399780273438,641.739990234375,626.010009765625,627.3200073242188,27356600,-0.016292694626779736,690.5399954659598,711.6957135881696
2025-11-05,632.3099975585938,642.22998046875,626.5399780273438,635.9500122070312,20219900,0.013756941883016127,674.1299961635044,708.0228562127976
2025-11-06,635.8499755859375,636.0,618.0,618.9400024414062,23628800,-0.02674740064331893,655.2014247349331,703.3133312406994
2025-11-07,616.489990234375,622.1300048828125,601.2000122070312,621.7100219726562,29946800,0.004475424952860907,636.6357160295759,697.9895222981771
2025-11-10,631.0900268554688,635.0,618.1099853515625,631.760009765625,19245000,0.0161650728438969,631.6771501813616,694.4876185825893
2025-11-11,628.0,629.5599975585938,619.3900146484375,627.0800170898438,13302200,-0.00740786470089716,628.6385846819196,690.2676188151041
2025-11-12,628.1300048828125,628.989990234375,607.77001953125,609.010009765625,24493300,-0.02881611091368874,624.5385829380581,685.5228562127976
2025-11-13,613.0700073242188,617.6500244140625,603.0,609.8900146484375,20973800,0.0014449760573740367,622.048583984375,680.3961908249628
2025-11-14,601.7899780273438,613.6799926757812,595.2000122070312,609.4600219726562,20724100,-0.0007050331460650705,618.2642996651786,675.5100010463169
2025-11-17,609.0399780273438,611.6900024414062,595.4000244140625,602.010009765625,16501300,-0.01222395553184541,615.8457292829241,670.038097563244
2025-11-18,591.5999755859375,603.6599731445312,583.780029296875,597.6900024414062,25500600,-0.0071759725820848,612.4142979213169,663.634288969494
2025-11-19,593.719970703125,595.3300170898438,581.25,590.3200073242188,24744700,-0.012330798720211145,606.4942975725446,656.8271455310639
2025-11-20,603.5,606.719970703125,583.3499755859375,589.1500244140625,20603000,-0.001981946902764653,601.0757271902902,649.9576241629464
2025-11-21,588.5,598.1199951171875,581.8599853515625,594.25,21052600,0.008656497283539455,598.9671543666294,643.3028622581845
2025-11-24,598.719970703125,616.7000122070312,597.6300048828125,613.0499877929688,23554900,0.031636496075673204,599.4185791015625,637.3357195172991
2025-11-25,624.0,637.0499877929688,618.2999877929688,636.219970703125,25213000,0.03779460626623643,603.2414289202009,631.8785749162946
2025-11-26,637.6900024414062,638.3599853515625,631.6300048828125,633.6099853515625,15209500,-0.0041023316961869005,607.7557111467634,626.2676217215402
2025-11-28,636.0800170898438,648.0499877929688,635.5,647.9500122070312,11033200,0.022632261465248327,614.9357125418527,621.3285754975818
2025-12-01,639.5499877929688,645.3200073242188,637.760009765625,640.8699951171875,13029900,-0.010926795210216889,622.1571393694196,620.1095290411087
2025-12-02,642.3400268554688,647.8699951171875,638.0700073242188,647.0999755859375,11640900,0.009721129895636338,630.4357038225446,620.0500052315848
2025-12-03,644.4099731445312,648.8499755859375,637.5499877929688,639.5999755859375,11134300,-0.011590171971817664,636.9142717633929,620.1400030226935
2025-12-04,676.0,676.0999755859375,660.0499877929688,661.530029296875,29874600,0.03428713969359887,643.8399919782366,621.7690516880581
2025-12-05,664.0,674.6900024414062,662.3900146484375,673.4199829101562,21207900,0.017973414791039533,649.154279436384,623.5533360072544
2025-12-08,669.3400268554688,676.7100219726562,665.0700073242188,666.7999877929688,13161000,-0.009830410865711903,653.8957083565848,625.8323829287574
2025-12-09,663.77001953125,664.47998046875,653.3400268554688,656.9600219726562,12997100,-0.014756997601157229,655.1828526088169,627.5109543573288
2025-12-10,649.9500122070312,654.510009765625,643.4000244140625,650.1300048828125,16910900,-0.010396396829955079,656.5057111467634,628.3857160295759
2025-12-11,643.2899780273438,655.280029296875,640.7999877929688,652.7100219726562,13056700,0.0039684633388190615,657.307146344866,629.6061924525669
2025-12-12,649.7999877929688,711.0,638.6099853515625,644.22998046875,14016900,-0.012992050402838018,657.9685756138393,631.2833339146206
2025-12-15,645.7000122070312,653.0,638.7000122070312,647.510009765625,15549100,0.005091394992962517,655.9657156808036,633.0747622535342
2025-12-16,643.5,662.5399780273438,643.2000122070312,657.1500244140625,14309100,0.014887823358787688,653.6414358956473,635.345714750744
2025-12-17,655.6099853515625,661.22998046875,649.2000122070312,649.5,15598500,-0.011641214532227329,651.1700090680804,637.6071428571429
2025-12-18,657.030029296875,670.5599975585938,656.4600219726562,664.4500122070312,20260300,0.02301772472214214,652.240007672991,640.7861909412202
2025-12-19,666.4199829101562,671.0,658.1799926757812,658.77001953125,49977100,-0.008548412328136856,653.4742954799107,644.0457153320312
2025-12-22,661.6500244140625,673.5800170898438,656.6500244140625,661.5,15659400,0.0041440569361255175,654.7300066266741,647.4909522646949
2025-12-23,660.0499877929688,666.0,658.25,664.9400024414062,8486800,0.005200306033871893,657.6885811941964,650.8571428571429
2025-12-24,662.530029296875,668.1799926757812,662.2000122070312,667.5499877929688,5627500,0.003925144136282421,660.5514351981027,653.452380952381
2025-12-26,668.0599975585938,668.9500122070312,661.3200073242188,663.2899780273438,7133800,-0.006381559199348241,661.4285714285714,654.7414289202009
2025-12-29,658.010009765625,660.25,654.3900146484375,658.6900024414062,8506500,-0.0069350898375067915,662.7414289202009,655.9357154482886
2025-12-30,658.6900024414062,672.219970703125,657.8400268554688,665.9500122070312,9187500,0.011021891540354378,662.9557146344866,656.7928583054315
2025-12-31,664.75,665.0,659.4400024414062,660.0900268554688,7940400,-0.008799437261277077,663.144287109375,657.7080979120163
2026-01-02,662.72998046875,664.3900146484375,643.5,650.4099731445312,13726500,-0.014664747711840564,661.5599975585938,657.865716843378
2026-01-05,651.010009765625,664.5399780273438,647.75,658.7899780273438,12213700,0.012884188786801198,660.6814226422991,658.7795264834449
2026-01-06,659.5700073242188,665.52001953125,651.9000244140625,660.6199951171875,11074400,0.0027778459765332997,659.691423688616,658.7361915225074
2026-01-07,655.6400146484375,659.1500244140625,644.8099975585938,648.6900024414062,12846300,-0.018058782301412113,657.605712890625,657.5585734049479
2026-01-08,645.8800048828125,647.0999755859375,635.719970703125,646.0599975585938,11921700,-0.004054332382053438,655.8014264787946,656.5709548223587
2026-01-09,645.4400024414062,654.9500122070312,642.8499755859375,653.0599975585938,11634900,0.010834907015528694,653.9599958147321,656.3852393740699
2026-01-12,652.530029296875,653.969970703125,641.22998046875,641.969970703125,14797200,-0.01698163552648735,651.3714163643973,655.9966663178943
2026-01-13,642.27001953125,642.27001953125,624.0999755859375,631.0900268554688,18030400,-0.01694774575785818,648.6114240373884,654.9671427408854
2026-01-14,626.5,628.4500122070312,614.8200073242188,615.52001953125,15527900,-0.024671610486065476,642.4300013950893,653.6000017438616
2026-01-15,618.47998046875,624.1699829101562,614.22998046875,620.7999877929688,13076100,0.008578060979624436,636.7414289202009,652.3280959356399
2026-01-16,624.1799926757812,629.0800170898438,620.0800170898438,620.25,17012500,-0.0008859339622798723,632.6785714285714,650.5709519159226
2026-01-20,607.8800048828125,611.4000244140625,600.0,604.1199951171875,15169600,-0.026005650758262777,626.6871425083706,648.4099993024554
2026-01-21,606.739990234375,618.27001953125,600.0800170898438,612.9600219726562,14494700,0.014632898971923547,620.9585745675223,645.9580950055804
2026-01-22,629.3499755859375,660.5700073242188,626.5499877929688,647.6300048828125,21394700,0.05656157280629781,621.7671508789062,645.4276181175595
2026-01-23,644.77001953125,666.489990234375,644.4500122070312,658.760009765625,22797700,0.01718574618053159,625.7200055803571,645.2971423921131
2026-01-26,665.1300048828125,675.280029296875,661.2899780273438,672.3599853515625,16327400,0.020644810529370394,633.8400006975446,645.6504749116443
2026-01-27,674.5900268554688,676.8200073242188,664.6599731445312,672.969970703125,13297400,0.0009072303005115412,641.2928553989956,645.9085693359375
2026-01-28,674.5,677.6799926757812,666.0999755859375,668.72998046875,25709600,-0.0063004152026947535,648.2185668945312,646.1676170712426
2026-01-29,737.4299926757812,744.0,712.5499877929688,738.3099975585938,59852900,0.10404800012266713,667.3885672433036,649.9590454101562
2026-01-30,727.5,732.1699829101562,713.5900268554688,716.5,23744600,-0.02954043373476445,682.1799926757812,652.3661876860119
2026-02-02,714.5999755859375,721.2999877929688,703.52001953125,706.4099731445312,14365200,-0.014082382212796563,690.577130998884,654.5718994140625
2026-02-03,707.3699951171875,717.0,686.4099731445312,691.7000122070312,13760700,-0.02082354651933882,695.2828456333706,656.538091750372
2026-02-04,687.72998046875,688.8300170898438,667.4600219726562,668.989990234375,16882800,-0.03283218385408815,694.8014177594866,657.0238066173736
2026-02-05,663.5800170898438,681.5,653.5,670.2100219726562,17131800,0.0018236920672816126,694.4071393694196,657.480474562872
2026-02-06,665.489990234375,671.989990234375,646.5,661.4600219726562,18159300,-0.013055609007823765,693.3685738699777,658.0885707310268
2026-02-09,663.1799926757812,683.3099975585938,658.780029296875,677.219970703125,14837500,0.0238260033969524,684.6414271763393,659.5723789760044
2026-02-10,677.5999755859375,680.6500244140625,669.7899780273438,670.719970703125,10455800,-0.009598063083183117,678.1014229910714,660.413330078125
2026-02-11,674.0,679.27001953125,657.0999755859375,668.6900024414062,14323800,-0.0030265510949236685,672.7128557477679,661.6857125418527
2026-02-12,669.969970703125,676.0,645.280029296875,649.8099975585938,14960100,-0.028234316071544474,666.7285679408482,662.5771397181919
2026-02-13,645.0999755859375,651.4299926757812,634.5700073242188,639.77001953125,12336400,-0.015450636439982457,662.5542864118304,663.7319016229538
2026-02-17,639.5,642.5999755859375,628.7999877929688,639.2899780273438,12674700,-0.0007503344784083321,658.1371372767857,664.6123773484003
2026-02-18,633.7999877929688,645.0,628.1500244140625,643.219970703125,14649200,0.006147433576087158,655.5314156668527,665.7061854771206
2026-02-19,638.5700073242188,647.1900024414062,636.719970703125,644.780029296875,10035700,0.002425388925727301,650.8971383231027,667.6423775809152
2026-02-20,639.6900024414062,663.3499755859375,638.780029296875,655.6599731445312,14183500,0.016873884663457517,648.7457101004464,669.6757085890997
2026-02-23,652.5399780273438,657.7000122070312,636.0,637.25,8605900,-0.02807853750204914,644.2542811802456,669.1814226422991
2026-02-24,633.0800170898438,641.1099853515625,628.97998046875,639.2999877929688,10135600,0.0032169286668790598,642.7528512137277,668.2547549293155
2026-02-25,642.530029296875,653.8800048828125,642.1400146484375,653.6900024414062,11330700,0.02250901755546031,644.7414202008929,667.3657081240699
2026-02-26,650.5499877929688,661.0,647.5,657.010009765625,10637700,0.005078871195550061,647.2728533063616,666.6057099841889
2026-02-27,643.4500122070312,649.4400024414062,638.1199951171875,648.1799926757812,15703000,-0.013439699484934287,647.981427873884,665.6271391369048
2026-03-02,637.1599731445312,659.9400024414062,634.5,653.5599975585938,9816100,0.008300171161721659,649.2357090541294,661.5914248511905
2026-03-03,648.2899780273438,659.0399780273438,638.8400268554688,655.0800170898438,12263800,0.0023257536215925967,649.1528581891741,658.6666637602307
2026-03-04,657.9600219726562,672.77001953125,657.6699829101562,667.72998046875,10810100,0.019310562143389776,653.5071411132812,656.8247593470982
2026-03-05,661.9299926757812,670.7000122070312,650.3099975585938,660.5700073242188,13341400,-0.010722857073910186,656.5457153320312,655.3423781622024
2026-03-06,647.9000244140625,649.469970703125,636.1099853515625,644.8599853515625,13159400,-0.02378252387857127,655.2842843191964,654.1933303106399
2026-03-09,634.780029296875,647.75,626.780029296875,647.3900146484375,13489700,0.003923377716630538,653.9099993024554,653.1066632952009
2026-03-10,653.5599975585938,660.2999877929688,649.0,654.0700073242188,9859300,0.010318343694888155,654.7514299665179,652.7547578357514
2026-03-11,654.760009765625,659.1199951171875,648.3599853515625,654.8599853515625,8977200,0.0012077881855117045,654.9371425083706,651.6899966285342
2026-03-12,648.75,653.5,636.9000244140625,638.1799926757812,11617500,-0.025471082443412008,652.5228533063616,650.1404738653274
2026-03-13,623.8900146484375,629.1699829101562,609.5499877929688,613.7100219726562,18957600,-0.03834336861694232,644.8057163783482,647.5223795572916
2026-03-16,632.0,634.75,623.0999755859375,627.4500122070312,15134900,0.022388407786156694,640.0742885044643,646.4576183500744
2026-03-17,627.989990234375,636.5499877929688,621.7000122070312,622.6599731445312,10348800,-0.007634136535675906,636.9028581891741,645.6428542364212
2026-03-18,616.3400268554688,622.6500244140625,614.6099853515625,615.6799926757812,11726300,-0.011209939244207434,632.3728550502232,644.5185692196801
2026-03-19,612.1500244140625,613.0,602.260009765625,606.7000122070312,13247700,-0.014585467410955566,625.605712890625,642.779523577009
2026-03-20,603.530029296875,603.9600219726562,587.25,593.6599731445312,21214900,-0.021493388495351096,616.8628540039062,640.3452351888021
2026-03-23,605.7899780273438,608.6400146484375,599.010009765625,604.0599975585938,13638000,0.017518486818262513,611.9885689871652,637.8880934942337
2026-03-24,599.0999755859375,601.0,591.0,592.9199829101562,10739700,-0.018441900959278335,609.0185634068081,635.7771402994791
2026-03-25,598.739990234375,603.6699829101562,593.4000244140625,594.8900146484375,12585000,0.0033225929215809913,604.3671351841518,633.6623796735491
2026-03-26,582.489990234375,583.0,543.3499755859375,547.5399780273438,35780100,-0.07959460649053962,593.6357073102679,628.6076166062128
2026-03-27,540.0999755859375,543.5999755859375,520.260009765625,525.719970703125,30133000,-0.03985098476796356,580.7842755998884,622.3557099841889
2026-03-30,536.3800048828125,539.5499877929688,528.5399780273438,536.3800048828125,22795200,0.02027701965635864,570.7385602678571,617.0319010416666
2026-03-31,549.97998046875,573.6900024414062,546.77001953125,572.1300048828125,32898300,0.06665050836078534,567.6628505161831,613.1542823428199
2026-04-01,580.1300048828125,592.5499877929688,573.8200073242188,579.22998046875,23608100,0.01240972423285469,564.115705217634,609.5423758370536
2026-04-02,566.0399780273438,578.5,559.7000122070312,574.4600219726562,13518500,-0.008234999321398373,561.4785679408482,605.1009492420014
2026-04-06,577.6900024414062,582.7899780273438,572.0,573.02001953125,9515700,-0.002506706100211087,558.3542829241071,600.931902204241
2026-04-07,572.47998046875,575.22998046875,564.760009765625,575.0499877929688,9580800,0.0035425782564793007,562.2842843191964,597.6076166062128
2026-04-08,606.0,629.9500122070312,591.8300170898438,612.4199829101562,32036600,0.06498564630983283,574.6700003487723,595.942376999628
2026-04-09,626.969970703125,637.5,623.0,628.3900146484375,19012900,0.026076927899042923,587.8142874581473,594.7195202055432
2026-04-10,634.469970703125,638.5800170898438,624.3300170898438,629.8599853515625,13294800,0.00233926489737013,596.0614275251116,593.5290440150669
2026-04-13,629.5,635.0,624.4000244140625,634.530029296875,9538900,0.007414415987556211,603.9614345005581,593.355236235119
2026-04-14,643.219970703125,666.260009765625,639.3699951171875,662.489990234375,17818000,0.04406404684815701,616.5371442522321,595.6780918666294
2026-04-15,667.0,678.5,664.219970703125,671.5800170898438,14952600,0.013721002565265872,630.6171439034598,597.7795206705729
2026-04-16,675.989990234375,677.5800170898438,667.75,676.8699951171875,9544800,0.007876913983037692,645.162859235491,600.3609502883185
2026-04-17,678.5999755859375,691.52001953125,675.1300048828125,688.5499877929688,16283500,0.017255887777621215,656.03857421875,603.8309500558036
2026-04-20,681.3599853515625,683.3800048828125,668.0,670.9099731445312,12534000,-0.02561907626340909,662.1128540039062,606.8885672433036
2026-04-21,671.0,676.2000122070312,667.3300170898438,668.8400268554688,8660100,-0.003085281739606205,667.6814313616071,610.4685698009673
2026-04-22,674.3599853515625,678.3800048828125,669.75,674.719970703125,9215600,0.008791255923035424,673.4228515625,613.8333304268973
2026-04-23,663.7000122070312,669.5599975585938,653.0499877929688,659.1500244140625,11667000,-0.023076160429692183,672.9457135881696,616.9871419270834
2026-04-24,660.3200073242188,680.6699829101562,653.8400268554688,675.030029296875,13348300,0.024091639679341137,673.4385724748884,620.8033331008185
2026-04-27,671.0,682.5,670.8400268554688,678.6199951171875,12805200,0.005318231285283526,673.6885724748884,627.0452386765253
2026-04-28,674.239990234375,678.1799926757812,665.6300048828125,671.3400268554688,10606800,-0.010727606486840457,671.2300066266741,633.9795270647321
2026-04-29,668.9099731445312,674.25,663.8099975585938,669.1199951171875,18947500,-0.003306866341159176,670.9742954799107,640.3004789806548
2026-04-30,619.3200073242188,620.8499755859375,600.0,611.9099731445312,52765000,-0.0855003921421249,662.8414306640625,642.1947631835938
2026-05-01,614.6900024414062,618.8800048828125,606.1099853515625,608.75,21404000,-0.005164114466532643,653.4171491350446,643.6004783993676
2026-05-04,607.9400024414062,614.0,602.75,610.4099731445312,16203900,0.0027268552682238045,646.4542846679688,645.3123808361236
2026-05-05,613.3099975585938,614.3499755859375,600.3599853515625,604.9600219726562,17171300,-0.00892834555733013,636.4442836216518,646.8333333333334
2026-05-06,601.0499877929688,619.9500122070312,598.0999755859375,612.8800048828125,19915500,0.013091745937741095,627.0528564453125,648.6347627185639
2026-05-07,614.719970703125,624.97998046875,613.5399780273438,616.8099975585938,12307400,0.006412336255826601,619.2628522600446,648.8438110351562
2026-05-08,615.2000122070312,616.77001953125,606.0599975585938,609.6300048828125,13557000,-0.011640525776495991,610.7642822265625,647.9504772367932
2026-05-11,604.5700073242188,604.9099731445312,598.0800170898438,598.8599853515625,15940600,-0.017666485318944103,608.8999982561384,646.4742867606027
2026-05-12,594.8200073242188,603.75,592.5999755859375,603.0,11351600,0.006913159586054318,608.0785696847098,644.9728567940848
2026-05-13,598.8300170898438,619.9000244140625,596.6599731445312,616.6300048828125,14634400,0.022603656522077076,608.9671456473214,642.7890479678199
2026-05-14,616.0,623.72998046875,615.0,618.4299926757812,10651200,0.0029190726671026734,610.8914271763393,640.2580944242932
2026-05-15,613.989990234375,621.2000122070312,609.3099975585938,614.22998046875,13272600,-0.006791410922453722,611.0842808314732,637.2752365838913
2026-05-18,609.1099853515625,615.5900268554688,603.6900024414062,611.2100219726562,13772400,-0.004916657591003681,610.2842843191964,633.5923810686384
2026-05-19,608.9199829101562,613.9299926757812,600.5499877929688,602.6099853515625,11749900,-0.014070509827927014,609.2814243861607,630.3400006975446
2026-05-20,600.760009765625,608.0,597.8099975585938,605.0599975585938,11329700,0.004065668121317145,610.1671404157366,627.3028564453125
2026-05-21,600.0,609.5999755859375,594.8099975585938,607.3800048828125,13476100,0.003834342600039564,610.7928553989956,624.09619140625
2026-05-22,607.8800048828125,614.8099975585938,606.9500122070312,610.260009765625,11688600,0.004741685369389348,609.8828560965402,621.7680954706101
2026-05-26,608.8900146484375,614.469970703125,605.2999877929688,612.3400268554688,12234200,0.003408411261689226,609.0128609793527,618.7828572591146
2026-05-27,609.4000244140625,638.5,609.0,635.260009765625,23143600,0.03743015629381041,612.0171508789062,616.7180960518973
2026-05-28,639.5,643.0,629.3099975585938,635.2899780273438,16772400,4.717479655269585e-05,615.4571446010044,615.0014270600818
2026-05-29,633.5,634.5,623.3499755859375,632.510009765625,19806500,-0.004375904481211723,619.7285766601562,613.2580944242932
2026-06-01,630.4000244140625,635.75,599.530029296875,600.469970703125,29138800,-0.05065538658332436,619.0728585379464,612.7133324032739
2026-06-02,603.239990234375,608.8800048828125,596.6799926757812,597.6300048828125,18252000,-0.004729571766906249,617.6800013950893,612.1838088262649
2026-06-03,603.0,624.1500244140625,600.27001953125,622.97998046875,23020100,0.042417508121782355,619.4971400669643,612.7823806036087
2026-06-04,623.6699829101562,642.4000244140625,622.4299926757812,627.5700073242188,21469200,0.007367856109942839,621.6728515625,613.8590465727307
2026-06-05,623.4600219726562,629.1500244140625,582.9099731445312,593.0,30091600,-0.05508549949927577,615.6357073102679,612.9123796735491
2026-06-08,592.0,592.0,579.219970703125,585.3900146484375,19512400,-0.012833027574304379,608.5071411132812,611.4161900111607
2026-06-09,591.0,597.6300048828125,581.010009765625,584.5900268554688,16977400,-0.0013665894069770923,601.6614292689732,610.2238101050967
2026-06-10,580.72998046875,591.3200073242188,570.5999755859375,570.97998046875,17064000,-0.02328135233494777,597.4485735212054,608.8961908249628
2026-06-11,565.8300170898438,572.1699829101562,557.010009765625,568.4299926757812,17628000,-0.004465984588242988,593.2771432059152,607.25
2026-06-12,572.9500122070312,576.0700073242188,560.9000244140625,566.97998046875,14326400,-0.002550907280957415,585.2771432059152,604.8857131231399
2026-06-15,579.9000244140625,601.27001953125,579.2999877929688,593.47998046875,17653300,0.04673886365104307,580.4071393694196,603.6976173037574
2026-06-16,593.6500244140625,605.8099975585938,592.0,600.2100219726562,11344400,0.011339963815781395,581.4371425083706,603.0300002325149
2026-06-17,592.0,593.8099975585938,566.1900024414062,567.5800170898438,20478300,-0.05436431197128366,578.8928571428571,600.952380952381
2026-06-18,572.8200073242188,580.219970703125,563.0999755859375,577.219970703125,28824600,0.016984307627157635,577.8399919782366,599.7433326357886
2026-06-22,572.02001953125,575.8099975585938,559.8099975585938,563.8499755859375,15405500,-0.02316273829005122,576.8214198521206,597.7809506370908
2026-06-23,562.25,572.2000122070312,561.02001953125,562.2000122070312,13103300,-0.002926245367292357,575.9314226422991,595.6295224144345
2026-06-24,561.8900146484375,569.0399780273438,555.5499877929688,557.6699829101562,13963600,-0.00805768267256246,574.6014229910714,593.1252354213169
2026-06-25,555.5499877929688,556.3400268554688,540.1799926757812,542.8699951171875,16968600,-0.026538971518130117,567.3714250837054,589.817138671875
2026-06-26,543.3400268554688,556.8499755859375,540.4000244140625,550.25,18867700,0.013594423985837434,560.2342790876116,585.76904296875
2026-06-29,560.0,570.9000244140625,558.0,562.5999755859375,15011400,0.022444299111199495,559.5228445870536,582.3076142810639
2026-06-30,560.9400024414062,565.5399780273438,551.4299926757812,563.2899780273438,18111100,0.001226453024082641,557.5328456333706,579.0114222935268
2026-07-01,607.9099731445312,628.280029296875,595.0999755859375,612.9099731445312,45536300,0.08808961112881497,564.5414167131696,579.6038033621652
2026-07-02,607.9000244140625,610.0,580.4199829101562,582.9000244140625,21705900,-0.04896306153496388,567.4985613141741,578.9023757207962
2026-07-06,594.8400268554688,603.5800170898438,581.760009765625,600.2899780273438,17674100,0.02983350983860711,573.5871320452009,577.8218994140625
2026-07-07,607.5900268554688,625.3699951171875,603.6599731445312,615.5800170898438,18560800,0.025471088344246162,583.9742780412946,577.2509474981399
2026-07-08,614.3900146484375,616.0,598.010009765625,603.1199951171875,13606500,-0.02024110859147288,591.5271344866071,577.7328520275298
2026-07-09,583.989990234375,633.27001953125,577.0700073242188,631.47998046875,26579700,0.04702212757189739,601.3671351841518,579.9276123046875
2026-07-10,660.3400268554688,677.8599853515625,658.010009765625,669.2100219726562,40608900,0.05974859484207107,616.4985700334821,583.9571358816964
2026-07-13,661.3800048828125,676.6199951171875,654.2000122070312,656.72998046875,19840700,-0.018648916026568707,622.7585710797991,588.0404692150298
2026-07-14,652.0,666.5,649.0499877929688,661.0399780273438,16748200,0.00656281529208913,633.9214215959821,592.4504685174851
2026-07-15,663.5999755859375,686.0800170898438,656.6599731445312,681.3099975585938,19003400,0.030663833058537815,645.4957101004464,597.8947550455729
2026-07-16,677.280029296875,681.9000244140625,660.1599731445312,664.5399780273438,15816000,-0.02461437464787497,652.489990234375,601.278564453125
2026-07-17,647.7000122070312,652.2000122070312,626.0,646.010009765625,22267900,-0.02788390296205223,658.6171351841518,603.4595162527902
2026-07-20,646.7000122070312,653.2999877929688,636.010009765625,645.8499755859375,10225200,-0.0002477270897792705,660.6699916294643,607.1866571335565
2026-07-21,654.1799926757812,655.8800048828125,643.2000122070312,643.8099975585938,9140500,-0.0031585942625343977,657.0414167131696,610.3576107933408
2026-07-22,647.7000122070312,649.0,624.0,627.1699829101562,11019600,-0.025846157579935802,652.8185599190848,613.3728492373511
2026-07-23,608.4099731445312,614.6500244140625,597.219970703125,606.0999755859375,15494800,-0.033595369514419327,644.969988141741,615.4633236839658
2026-07-24,605.2999877929688,609.97998046875,594.4500122070312,595.1900024414062,11503500,-0.01800028639497009,632.6671316964286,617.2499912806919
2026-07-27,607.219970703125,611.260009765625,593.1300048828125,593.8699951171875,11195300,-0.002217791493143717,622.5714198521206,619.6785627092634
2026-07-28,596.8200073242188,601.0,587.0,593.4099731445312,12009300,-0.0007746173008209567,615.05712890625,621.7337995256696
2026-07-29,593.25,599.969970703125,582.219970703125,585.6099853515625,22371100,-0.0131443490099028,606.451416015625,622.8295142764136
2026-07-30,526.0,539.8800048828125,524.489990234375,539.030029296875,42271500,-0.07954091839250976,591.4828491210938,621.6742786225818
2026-07-31,543.5999755859375,558.3300170898438,540.219970703125,556.7100219726562,24261500,0.03279964327561391,581.4171404157366,618.9980904715402
2026-08-03,562.239990234375,597.52001953125,559.3599853515625,590.239990234375,25938100,0.060228785073615176,579.1514282226562,619.3476126534598
2026-08-04,581.5,592.7899780273438,578.25,587.9400024414062,17959200,-0.0038966993613147594,578.1157139369419,618.7595185779389
2026-08-05,600.4600219726562,601.0,580.1199951171875,588.77001953125,14897200,0.001411737739220209,577.3871459960938,617.4828520275298
2026-08-06,586.9500122070312,595.3099975585938,586.0,589.9000244140625,11811500,0.0019192636264193652,576.885724748884,616.8533296130952
2026-08-07,585.6400146484375,598.739990234375,585.6199951171875,592.0999755859375,11250300,0.003729362740847675,577.8128662109375,614.9780912853423
2026-08-10,599.1300048828125,608.2100219726562,592.030029296875,594.9199829101562,14967300,0.0047627215681407264,585.7971452985491,611.4404703776041
2026-08-11,598.0,612.4299926757812,593.4000244140625,599.1199951171875,13146900,0.007059793464132991,591.855712890625,608.6971377418155
2026-08-12,601.0700073242188,604.5,578.2100219726562,578.8499755859375,16129000,-0.03383298787630218,590.2285679408482,604.7833281017486
2026-08-13,580.375,591.0,579.4299926757812,588.8599853515625,6189778,0.01729292595286447,590.3599940708706,600.3809465680804
