Date,Open,High,Low,Close,Volume,daily_return,MA7,MA21
2021-08-13,289.4800109863281,292.8999938964844,289.29998779296875,292.8500061035156,18249000,,,
2021-08-16,293.19000244140625,294.82000732421875,290.0199890136719,294.6000061035156,22507600,0.005975755381686376,,
2021-08-17,292.3900146484375,293.42999267578125,291.0799865722656,293.0799865722656,20075300,-0.005159604547719909,,
2021-08-18,292.0400085449219,294.82000732421875,290.2699890136719,290.7300109863281,21813000,-0.00801820558756594,,
2021-08-19,288.69000244140625,297.4700012207031,288.6400146484375,296.7699890136719,29850500,0.020775213425172634,,
2021-08-20,299.7200012207031,305.8399963378906,298.0599975585937,304.3599853515625,40817600,0.025575349997876584,,
2021-08-23,303.25,305.3999938964844,301.8500061035156,304.6499938964844,22830200,0.000952847151004077,296.7199968610491,
2021-08-24,305.0199890136719,305.6499938964844,302.0,302.6199951171875,18175800,-0.006663380337984304,298.11570957728793,
2021-08-25,304.29998779296875,304.5899963378906,300.4200134277344,302.010009765625,20006100,-0.002015680924607355,299.17428152901783,
2021-08-26,300.989990234375,302.42999267578125,298.95001220703125,299.0899963378906,17666100,-0.009668598169976117,300.03285435267856,
2021-08-27,298.989990234375,300.8699951171875,296.8299865722656,299.7200012207031,22605700,0.0021064057324764462,301.317138671875,
2021-08-30,301.1199951171875,304.2200012207031,301.0599975585937,303.5899963378906,16348100,0.012912034903996172,302.2914254324777,
2021-08-31,304.4200134277344,304.5,301.5,301.8800048828125,26285300,-0.0056325685157785355,301.9371425083705,
2021-09-01,302.8699951171875,305.19000244140625,301.489990234375,301.8299865722656,18983800,-0.0001656893790176195,301.53428431919644,
2021-09-02,302.20001220703125,303.3599853515625,300.17999267578125,301.1499938964844,16285600,-0.0022528996654824773,301.3242841448103,
2021-09-03,300.989990234375,302.6000061035156,300.260009765625,301.1400146484375,14747900,-3.3137135145744345e-05,301.1999991280692,
2021-09-07,301.010009765625,301.0899963378906,298.20001220703125,300.17999267578125,17180400,-0.0031879588429223338,301.355712890625,
2021-09-08,299.7799987792969,300.6099853515625,297.4700012207031,300.2099914550781,15046800,9.993597184632108e-05,301.4257114955357,
2021-09-09,300.82000732421875,302.1400146484375,297.0,297.25,19927000,-0.009859736648775153,300.5199977329799,
2021-09-10,298.4200134277344,299.9200134277344,295.3800048828125,295.7099914550781,19633400,-0.005180852968618588,299.63856724330356,
2021-09-13,297.54998779296875,298.5400085449219,294.0799865722656,296.989990234375,23652900,0.004328561145325205,298.94713919503346,299.06714012509303
2021-09-14,299.5599975585937,301.3900146484375,298.1000061035156,299.7900085449219,21853400,0.009427988829984413,298.7528555733817,299.39761643182663
2021-09-15,303.260009765625,305.32000732421875,301.82000732421875,304.82000732421875,28356300,0.016778407004658824,299.27856881277904,299.884283156622
2021-09-16,303.760009765625,305.3099975585937,300.760009765625,305.2200012207031,19550800,0.0013122297974978991,299.99857003348217,300.4623790922619
2021-09-17,304.1700134277344,304.5,299.5299987792969,299.8699951171875,41372500,-0.01752836014061565,299.9499991280692,300.89761643182663
2021-09-20,296.3299865722656,298.7200012207031,289.5199890136719,294.29998779296875,38278700,-0.018574740437241832,299.52856881277904,300.77999732607884
2021-09-21,295.69000244140625,297.5400085449219,294.07000732421875,294.79998779296875,22364100,0.0016989467235444256,299.3985682896205,300.3247593470982
2021-09-22,296.7300109863281,300.2200012207031,294.510009765625,298.5799865722656,26626300,0.01282224876464877,299.6257106236049,300.03571137927827
2021-09-23,298.8500061035156,300.8999938964844,297.5299987792969,299.5599975585937,18604600,0.003282239367677464,299.5928519112723,299.88999720982144
2021-09-24,298.2300109863281,299.79998779296875,296.92999267578125,299.3500061035156,14999000,-0.0007009996554596665,298.8114231654576,299.7633303687686
2021-09-27,296.1400146484375,296.4700012207031,292.94000244140625,294.1700134277344,23571700,-0.017304134191298504,297.2328534807478,299.52904546828495
2021-09-28,289.79998779296875,290.7799987792969,282.75,283.5199890136719,43186200,-0.03620363710755581,294.8971383231027,298.7576163155692
2021-09-29,285.1000061035156,286.7699890136719,283.010009765625,284.0,26353700,0.00169304107268764,293.4257114955357,297.8247593470982
2021-09-30,285.7099914550781,287.8299865722656,281.6199951171875,281.9200134277344,32343600,-0.007323896381216999,291.5857151576451,296.8742835635231
2021-10-01,282.1199951171875,289.9800109863281,281.2900085449219,289.1000061035156,30086300,0.025468190741349206,290.23143223353793,296.2680940173921
2021-10-04,287.3999938964844,287.75,280.25,283.1099853515625,31350700,-0.020719545574164888,287.88143048967635,295.40904599144346
2021-10-05,284.04998779296875,290.3999938964844,284.04998779296875,288.760009765625,24993000,0.019956994477063006,286.3685738699777,294.81952194940476
2021-10-06,285.7799987792969,293.6300048828125,285.510009765625,293.1099853515625,28002600,0.015064328296249263,286.2171412876674,294.48285493396577
2021-10-07,295.17999267578125,296.6400146484375,293.9200134277344,294.8500061035156,20430500,0.005936408989499542,287.8357151576451,294.2276175362723
2021-10-08,296.2200012207031,296.6400146484375,293.760009765625,294.8500061035156,17685700,0.0,289.3857160295759,294.1133321126302
2021-10-11,292.9200134277344,297.9700012207031,292.75,294.2300109863281,19298600,-0.0021027475134928197,291.144287109375,294.04285685221356
2021-10-12,295.3399963378906,295.44000244140625,292.3500061035156,292.8800048828125,17974100,-0.004588267862241868,291.68428693498885,293.8471432640439
2021-10-13,294.9100036621094,297.2799987792969,293.489990234375,296.3099975585937,23416300,0.011711255867923098,293.5700029645647,293.68142845517116
2021-10-14,299.2099914550781,303.2699890136719,297.8299865722656,302.75,27262900,0.02173400322117991,295.5685729980469,293.5828566778274
2021-10-15,302.3399963378906,304.45001220703125,300.5199890136719,304.2099914550781,25384800,0.004822432551868205,297.154288155692,293.5347609747024
2021-10-18,303.57000732421875,308.2099914550781,302.69000244140625,307.2900085449219,22729300,0.010124641452805783,298.93143136160717,293.88809494745163
2021-10-19,308.3500061035156,309.29998779296875,307.2200012207031,308.2300109863281,17682100,0.0030590075019274465,300.84286063058033,294.5514293852307
2021-10-20,309.2099914550781,309.70001220703125,306.1099853515625,307.4100036621094,16537100,-0.002660374703925661,302.7257167271205,295.1519063313802
2021-10-21,307.1700134277344,311.0199890136719,306.3599853515625,310.760009765625,16918100,0.010897518179654897,305.2800031389509,295.7319074358259
2021-10-22,310.3999938964844,311.0899963378906,307.79998779296875,309.1600036621094,17449300,-0.005148687261022911,307.11571829659596,296.18905058361236
2021-10-25,309.3599853515625,309.3999938964844,306.4599914550781,308.1300048828125,17554500,-0.0033316042408337854,307.88429042271207,296.60714576357884
2021-10-26,311.0,312.3999938964844,308.6000061035156,310.1099853515625,28107300,0.006425795727043937,308.7271466936384,297.3661920456659
2021-10-27,316.0,326.1000061035156,316.0,323.1700134277344,52588700,0.042114181074711654,310.9957188197545,299.2542884463356
2021-10-28,324.3299865722656,324.8699951171875,321.3599853515625,324.3500061035156,26297900,0.0036513062064933433,313.298575265067,301.17571730840774
2021-10-29,324.1300048828125,332.0,323.8999938964844,331.6199951171875,34766000,0.022414024593394588,316.7571454729353,303.5423831031436
2021-11-01,331.3599853515625,331.489990234375,326.3699951171875,329.3699951171875,27073200,-0.006784874353565118,319.4157148088728,305.4600016276042
2021-11-02,330.3099975585937,333.45001220703125,330.0,333.1300048828125,26487100,0.011415762884798397,322.84000069754467,307.84190731956846
2021-11-03,333.8999938964844,334.8999938964844,330.6499938964844,334.0,21500100,0.0026115783761164746,326.5357142857143,309.9961925688244
2021-11-04,332.8900146484375,336.5400085449219,329.510009765625,336.44000244140625,23992200,0.007305396531156472,330.2971452985491,312.0595267159598
2021-11-05,338.510009765625,338.7900085449219,334.4200134277344,336.0599975585937,22570100,-0.0011294878137410036,332.1385716029576,314.0219072614397
2021-11-08,337.29998779296875,337.6499938964844,334.44000244140625,336.989990234375,20897000,0.002767341196624251,333.9442836216518,316.028573172433
2021-11-09,337.1099853515625,338.7200012207031,334.5299987792969,335.95001220703125,21307400,-0.003086079876201797,334.5628574916295,318.0152398972284
2021-11-10,334.57000732421875,334.6300048828125,329.9200134277344,330.79998779296875,25500900,-0.015329734266801509,334.7671421595982,319.8209533691406
2021-11-11,331.25,333.7699890136719,330.510009765625,332.42999267578125,16849800,0.004927463551881006,334.6671404157366,321.5409531366257
2021-11-12,333.9200134277344,337.2300109863281,333.7900085449219,336.7200012207031,23831000,0.012904998464160489,335.0557120186942,323.1585722423735
2021-11-15,337.5400085449219,337.8800048828125,334.0299987792969,336.07000732421875,16723000,-0.0019303691320027294,335.0028555733817,324.6757158551897
2021-11-16,335.67999267578125,340.6700134277344,335.510009765625,339.510009765625,20886800,0.010235969787353083,335.49571446010043,326.2100016276042
2021-11-17,338.94000244140625,342.19000244140625,338.0,339.1199951171875,19053400,-0.0011487574363616693,335.8000008719308,327.68095325288317
2021-11-18,338.17999267578125,342.45001220703125,337.1199951171875,341.2699890136719,22463500,0.0063399207579648564,336.55999755859375,329.29333350771947
2021-11-19,342.6400146484375,345.1000061035156,342.20001220703125,343.1099853515625,21963400,0.0053916148419863585,338.31856863839283,330.8338085356213
2021-11-22,344.6199951171875,349.6700134277344,339.54998779296875,339.8299865722656,31031100,-0.009559613299904623,339.3757106236049,332.2942839122954
2021-11-23,337.04998779296875,339.45001220703125,333.5599975585937,337.67999267578125,30427600,-0.006326675047633512,339.51285226004467,333.70142618815106
2021-11-24,336.2799987792969,338.1600036621094,333.9100036621094,337.9100036621094,21661300,0.0006811507679371775,339.7757088797433,335.02523658389134
2021-11-26,334.3500061035156,337.92999267578125,328.1199951171875,329.67999267578125,24217200,-0.024355629892974906,338.37142072405135,335.3352355957031
2021-11-29,334.94000244140625,339.0299987792969,334.739990234375,336.6300048828125,28563500,0.02108108578449941,338.01570783342635,335.9199974423363
2021-11-30,335.32000732421875,337.7799987792969,328.989990234375,330.5899963378906,42885600,-0.017942573321782507,336.48999459402904,335.8709498814174
2021-12-01,335.1300048828125,339.2799987792969,329.3900146484375,330.0799865722656,33337600,-0.001542725948379009,334.6285661969866,335.9047589983259
2021-12-02,330.29998779296875,333.489990234375,327.79998779296875,329.489990234375,30766000,-0.0017874344458671532,333.1514238630022,335.73142496744794
2021-12-03,331.989990234375,332.70001220703125,318.0299987792969,323.010009765625,41779300,-0.019666699022148237,331.0557120186942,335.2080920991443
2021-12-06,323.95001220703125,327.45001220703125,319.2300109863281,326.19000244140625,30032600,0.009844873470294724,329.3814261300223,334.7199968610491
2021-12-07,331.6400146484375,335.79998779296875,330.1000061035156,334.9200134277344,31021900,0.02676357620094838,330.13000052315846,334.6657119024368
2021-12-08,335.3099975585937,335.5,330.79998779296875,334.9700012207031,24761000,0.00014925292895195952,329.89285714285717,334.56952194940476
2021-12-09,334.4100036621094,336.489990234375,332.1199951171875,333.1000061035156,22214200,-0.005582574888416403,330.25142996651783,334.4338073730469
2021-12-10,334.9800109863281,343.0,334.7900085449219,342.5400085449219,38095700,0.028339844696588345,332.03143310546875,334.99285598028274
2021-12-13,340.67999267578125,343.7900085449219,339.0799865722656,339.3999938964844,28899400,-0.009166855170512744,333.44714791434154,335.3247608003162
2021-12-14,333.2200012207031,334.6400146484375,324.1099853515625,328.3399963378906,44438700,-0.032586911483466374,334.2085745675223,334.9257129487537
2021-12-15,328.6099853515625,335.19000244140625,324.5,334.6499938964844,35381100,0.019217876679575197,335.4171447753906,334.85809326171875
2021-12-16,335.7099914550781,336.760009765625,323.0199890136719,324.8999938964844,35034800,-0.029134917608921063,333.98571341378346,334.1623782203311
2021-12-17,320.8800048828125,324.9200134277344,317.25,323.79998779296875,47750300,-0.0033856759747004084,332.38999720982144,333.43285406203495
2021-12-20,320.04998779296875,322.79998779296875,317.57000732421875,319.9100036621094,28326500,-0.012013540078780194,330.5057111467634,332.4157119024368
2021-12-21,323.2900085449219,327.7300109863281,319.79998779296875,327.2900085449219,24740600,0.02306900315192184,328.327139718192,331.6623796735491
2021-12-22,328.29998779296875,333.6099853515625,325.75,333.20001220703125,24831500,0.01805739102267223,327.4414280482701,331.34666660853793
2021-12-23,332.75,336.3900146484375,332.7300109863281,334.69000244140625,19617800,0.004471759243061424,328.34857177734375,331.2042861211868
2021-12-27,335.4599914550781,342.4800109863281,335.42999267578125,342.45001220703125,19947000,0.02318566347670803,329.4628601074219,331.42047700427827
2021-12-28,343.1499938964844,343.8099975585937,340.32000732421875,341.25,15661500,-0.0035041967126745455,331.798575265067,331.971429734003
2021-12-29,341.29998779296875,344.29998779296875,339.67999267578125,341.95001220703125,15042000,0.002051317822802101,334.3914358956473,332.22476341610866
2021-12-30,341.9100036621094,343.1300048828125,338.82000732421875,339.32000732421875,15994500,-0.007691196926234323,337.16429356166293,332.6404782249814
2021-12-31,338.510009765625,339.3599853515625,335.8500061035156,336.32000732421875,18000800,-0.008841211644598168,338.4542933872768,332.9376220703125
2022-01-03,335.3500061035156,338.0,329.7799987792969,334.75,28865100,-0.004668194844278828,338.67572021484375,333.18809872581846
2022-01-04,334.8299865722656,335.20001220703125,326.1199951171875,329.010009765625,32674300,-0.017147095547050073,337.86429268973217,333.47381301153274
2022-01-05,325.8599853515625,326.07000732421875,315.9800109863281,316.3800048828125,40054300,-0.03838790464706432,334.1400059291295,333.0066702706473
2022-01-06,313.1499938964844,318.70001220703125,311.489990234375,313.8800048828125,39646100,-0.007901890010166723,330.2300066266741,332.00476510184154
2022-01-07,314.1499938964844,316.5,310.0899963378906,314.0400085449219,32720000,0.0005097606079402794,326.2428632463728,331.00809878394716
2022-01-10,309.489990234375,314.7200012207031,304.69000244140625,314.2699890136719,44289500,0.0007323285648079825,322.66428920200894,330.1114313034784
2022-01-11,313.3800048828125,316.6099853515625,309.8900146484375,314.9800109863281,29386800,0.0022592738647575494,319.61571829659596,328.7990504673549
2022-01-12,319.6700134277344,323.4100036621094,317.0799865722656,318.2699890136719,34372200,0.010445037502670562,317.2614310128348,327.79285975864957
2022-01-13,320.4700012207031,320.8800048828125,304.0,304.79998779296875,45366000,-0.04232256161646608,313.8028564453125,326.67190697079616
2022-01-14,304.25,310.82000732421875,303.75,310.20001220703125,39846400,0.017716616241239436,312.9200003487723,325.5076221284412
2022-01-18,304.07000732421875,309.79998779296875,301.739990234375,302.6499938964844,42333200,-0.024339194111662077,311.31571306501115,324.4480983189174
2022-01-19,306.2900085449219,313.9100036621094,302.70001220703125,303.3299865722656,45933900,0.0022467956038150216,309.7857099260603,323.4733363560268
2022-01-20,309.07000732421875,311.6499938964844,301.1400146484375,301.6000061035156,35380700,-0.005703295240603756,307.97571236746654,322.6014317103795
2022-01-21,302.69000244140625,304.1099853515625,295.6099853515625,296.0299987792969,57984400,-0.018468193672075084,305.26856776646207,321.11285981677827
2022-01-24,292.20001220703125,297.1099853515625,276.04998779296875,296.3699951171875,85731500,0.0011485198773524274,302.13999720982144,319.3590494791667
2022-01-25,291.5199890136719,294.989990234375,285.1700134277344,288.489990234375,72848600,-0.026588403052396292,299.80999755859375,317.1590488978795
2022-01-26,307.989990234375,308.5,293.0299987792969,296.7099914550781,90428900,0.028493193867922484,297.88285173688615,314.98095267159596
2022-01-27,302.6600036621094,307.29998779296875,297.92999267578125,299.8399963378906,53481300,0.010549037689842722,297.4814235142299,313.00904773530505
2022-01-28,300.2300109863281,308.4800109863281,294.45001220703125,308.260009765625,49743700,0.0280816886691988,298.1857125418527,311.4047619047619
2022-01-31,308.95001220703125,312.3800048828125,306.3699951171875,310.9800109863281,46444500,0.008823723916609127,299.5257132393973,310.0552382696243
2022-02-01,310.4100036621094,310.6300048828125,305.1300048828125,308.760009765625,40950400,-0.007138726420588881,301.3442862374442,308.7428574335007
2022-02-02,309.6300048828125,315.1199951171875,308.8800048828125,313.4599914550781,36636000,0.015222119253788025,303.7857142857143,307.7290475027902
2022-02-03,309.489990234375,311.2300109863281,299.9599914550781,301.25,43730000,-0.03895231221821793,305.6085728236607,306.4071422758557
2022-02-04,300.2099914550781,308.79998779296875,299.9700012207031,305.94000244140625,35096500,0.015568472834543545,306.9271458217076,305.90999930245533
2022-02-07,306.1700134277344,307.8399963378906,299.8999938964844,300.95001220703125,28533300,-0.016310355607487725,307.0857195172991,305.2942853655134
2022-02-08,301.25,305.5599975585937,299.95001220703125,304.5599975585937,32421200,0.01199529890392248,306.55714634486606,304.84285627092635
2022-02-09,309.8699951171875,311.92999267578125,307.3900146484375,311.2099914550781,31284700,0.021834758175045765,306.59000069754467,304.69714210146947
2022-02-10,304.0400085449219,309.1199951171875,300.70001220703125,302.3800048828125,45386200,-0.028373081889114693,305.67857142857144,304.0971418108259
2022-02-11,303.19000244140625,304.2900085449219,294.2200012207031,295.0400085449219,39175600,-0.02427407969893791,303.0471452985491,302.99095226469495
2022-02-14,293.7699890136719,296.760009765625,291.3500061035156,295.0,36359500,-0.0001356037952926492,302.154288155692,302.5242861793155
2022-02-15,300.010009765625,300.79998779296875,297.0199890136719,300.4700012207031,27058300,0.0185423770193327,301.3728594098772,302.06095232282365
2022-02-16,298.3699951171875,300.8699951171875,293.67999267578125,299.5,29982100,-0.0032282797509314287,301.1657148088728,301.91095261346726
2022-02-17,296.3599853515625,296.79998779296875,290.0,290.7300109863281,32461600,-0.02928210021259392,299.19000244140625,301.3109537760417
2022-02-18,293.04998779296875,293.8599853515625,286.3099975585937,287.92999267578125,34264000,-0.009630991658025057,295.8642883300781,300.66000075567337
2022-02-22,285.0,291.5400085449219,284.5,287.7200012207031,41736100,-0.0007293142792337282,293.77000209263394,300.26428658621654
2022-02-23,290.17999267578125,291.70001220703125,280.1000061035156,280.2699890136719,37811200,-0.025893271845625065,291.65999930245533,299.49761962890625
2022-02-24,272.510009765625,295.1600036621094,271.5199890136719,294.5899963378906,56989700,0.05109361646109112,291.60142735072543,299.78809611002606
2022-02-25,295.1400146484375,297.6300048828125,291.6499938964844,297.3099975585937,32546700,0.009233175785043457,291.1499982561384,299.81666782924106
2022-02-28,294.3099975585937,299.1400146484375,293.0,298.7900085449219,34627500,0.004978006116449274,291.04857090541293,299.76666841052827
2022-03-01,296.3999938964844,299.9700012207031,292.1499938964844,294.95001220703125,31217800,-0.012851823113466998,291.65142822265625,299.1328590029762
2022-03-02,295.3599853515625,301.4700012207031,293.70001220703125,300.19000244140625,31873000,0.01776568915920884,293.4028581891741,298.6190490722656
2022-03-03,302.8900146484375,303.1300048828125,294.04998779296875,295.9200134277344,27314500,-0.014224287880824193,294.5742885044643,298.0076206752232
2022-03-04,294.2900085449219,295.6600036621094,287.1700134277344,289.8599853515625,32356500,-0.02047860165311788,295.9442879813058,296.8838108607701
2022-03-07,288.5299987792969,289.69000244140625,278.5299987792969,278.9100036621094,43157200,-0.03777679653220234,293.7042890276228,295.82000151134673
2022-03-08,277.79998779296875,283.9599914550781,270.0,275.8500061035156,48159500,-0.010971272160968604,290.6385759626116,294.3871445428757
2022-03-09,283.44000244140625,289.6000061035156,280.7799987792969,288.5,35204500,0.045858233157831885,289.16857474190846,293.7942868187314
2022-03-10,283.0199890136719,286.6000061035156,280.5799865722656,285.5899963378906,30628000,-0.010086667806271654,287.8314296177455,292.8909534272693
2022-03-11,287.9599914550781,289.510009765625,279.42999267578125,280.07000732421875,27209300,-0.019328369636382514,284.9571446010045,291.4080970400856
2022-03-14,280.3399963378906,285.3999938964844,275.82000732421875,276.44000244140625,30660700,-0.012961062548230262,282.1742858886719,290.17285882859005
2022-03-15,280.3500061035156,287.82000732421875,278.7300109863281,287.1499938964844,34245100,0.03874255303317842,281.78714425223217,289.7971438453311
2022-03-16,289.1099853515625,294.57000732421875,283.20001220703125,294.3900146484375,37826300,0.0252133759562716,283.99857439313615,289.7680969238281
2022-03-17,293.2900085449219,295.6099853515625,289.3699951171875,295.2200012207031,30816600,0.002819343493211779,286.7657165527344,289.5180969238281
2022-03-18,295.3699951171875,301.0,292.7300109863281,300.42999267578125,43390600,0.017647826819102264,288.4700012207031,289.56238228934154
2022-03-21,298.8900146484375,300.1400146484375,294.8999938964844,299.1600036621094,28351200,-0.004227237774633297,290.40857369559154,289.9638105119978
2022-03-22,299.79998779296875,305.0,298.7699890136719,304.0599975585937,27599700,0.016379174476875313,293.8357151576451,290.7319059826079
2022-03-23,300.510009765625,303.2300109863281,297.7200012207031,299.489990234375,25715400,-0.0150299525123756,297.1285705566406,291.2923816499256
2022-03-24,299.1400146484375,304.20001220703125,298.32000732421875,304.1000061035156,24484500,0.01539288797442917,299.5500008719308,292.42714436848956
2022-03-25,305.2300109863281,305.5,299.2900085449219,303.67999267578125,22566500,-0.001381168757988771,300.8771405901228,292.8600013369606
2022-03-28,304.3299865722656,310.79998779296875,304.3299865722656,310.70001220703125,29578200,0.023116503228926222,303.0885707310268,293.4976210821243
2022-03-29,313.9100036621094,315.82000732421875,309.04998779296875,315.4100036621094,30393400,0.01515928957202517,305.2285723005022,294.28904942103793
2022-03-30,313.760009765625,315.95001220703125,311.5799865722656,313.8599853515625,28163600,-0.004914296606163937,307.3285696847098,295.1895243326823
2022-03-31,313.8999938964844,315.1400146484375,307.8900146484375,308.3099975585937,33422100,-0.017683005327207013,307.9357125418527,295.5761907668341
2022-04-01,309.3699951171875,310.1300048828125,305.5400085449219,309.4200134277344,27110500,0.0036003239529387443,309.35428728376115,296.2190479096912
2022-04-04,310.0899963378906,315.1099853515625,309.7099914550781,314.9700012207031,24289600,0.017936744722768072,310.90714372907365,297.41476295107884
2022-04-05,313.2699890136719,314.8699951171875,309.8699951171875,310.8800048828125,23156700,-0.012985352008252793,311.9357169015067,298.93714396158856
2022-04-06,305.19000244140625,307.0,296.7099914550781,299.5,40110400,-0.036605779413514394,310.3357151576451,300.06333414713544
2022-04-07,296.6600036621094,303.6499938964844,296.3500061035156,301.3699951171875,31411200,0.006243723262729484,308.3299996512277,300.6761910574777
2022-04-08,300.44000244140625,301.1199951171875,296.2799987792969,296.9700012207031,24361900,-0.01459997334762353,305.9171447753906,301.2180960518973
2022-04-11,291.7900085449219,292.6099853515625,285.0,285.260009765625,34569300,-0.039431563480970766,302.6242893763951,301.4652390252976
2022-04-12,289.239990234375,290.739990234375,280.489990234375,282.0599975585937,30966700,-0.011217878768427836,298.71571568080356,301.7328578404018
2022-04-13,282.7300109863281,288.5799865722656,281.29998779296875,287.6199951171875,21907200,0.01971210950407376,294.8085719517299,301.75523885091144
2022-04-14,288.0899963378906,288.3099975585937,279.32000732421875,279.8299865722656,28221600,-0.02708437757169113,290.3728550502232,301.06190418061755
2022-04-18,278.9100036621094,282.4599914550781,278.3399963378906,280.5199890136719,20778000,0.0024657916396249036,287.6614249093192,300.36190359933033
2022-04-19,279.3800048828125,286.1700134277344,278.4100036621094,285.29998779296875,22297700,0.017039779575436675,285.36570957728793,299.6414271763393
2022-04-20,289.3999938964844,289.70001220703125,285.3699951171875,286.3599853515625,22906700,0.0037153789132404746,283.84999302455356,299.03190249488466
2022-04-21,288.5799865722656,293.29998779296875,280.0599975585937,280.8099975585937,29454600,-0.01938115685456232,283.2142769949777,297.9247596377418
2022-04-22,281.67999267578125,283.20001220703125,273.3800048828125,274.0299987792969,29405800,-0.024144435163431455,282.06713431222096,296.71237909226187
2022-04-25,273.2900085449219,281.1099853515625,270.7699890136719,280.7200012207031,35678900,0.024413394413778544,281.0814208984375,295.59904552641365
2022-04-26,277.5,278.3599853515625,270.0,270.2200012207031,46518400,-0.037403818589131665,279.7085658482143,294.00571259998134
2022-04-27,282.1000061035156,290.9700012207031,279.1600036621094,283.2200012207031,63477700,0.048108948047047795,280.0942818777902,292.69714064825143
2022-04-28,285.19000244140625,290.9800109863281,281.4599914550781,289.6300048828125,33646600,0.0226325952774582,280.71285574776783,291.4695216587611
2022-04-29,288.6099853515625,289.8800048828125,276.5,277.5199890136719,37073900,-0.041812021078549755,279.4499991280692,289.7390456426711
2022-05-02,277.7099914550781,284.94000244140625,276.2200012207031,284.4700012207031,35151100,0.025043285104370927,279.9728567940848,288.6038077218192
2022-05-03,283.9599914550781,284.1300048828125,280.1499938964844,281.7799987792969,25978600,-0.009456190212897897,281.0799996512277,287.28761654808403
2022-05-04,282.5899963378906,290.8800048828125,276.7300109863281,289.9800109863281,33599300,0.029100760318527374,282.4028581891741,286.0976170131138
2022-05-05,285.5400085449219,286.3500061035156,274.3399963378906,277.3500061035156,43260400,-0.04355474310057872,283.4214303152902,284.50095040457586
2022-05-06,274.8099975585937,279.25,271.2699890136719,274.7300109863281,37780300,-0.009446529870309917,282.2085745675223,283.3214271182105
2022-05-09,270.0599975585937,272.3599853515625,263.32000732421875,264.5799865722656,47726000,-0.03694545192795706,278.63000052315846,281.5695219494047
2022-05-10,271.69000244140625,273.75,265.07000732421875,269.5,39336400,0.01859556155956854,277.48428780691967,280.26142665318076
2022-05-11,265.67999267578125,271.3599853515625,259.29998779296875,260.54998779296875,48975900,-0.03320969279046848,274.06714303152904,279.0847589401971
2022-05-12,257.69000244140625,259.8800048828125,250.0200042724609,255.3500061035156,51033800,-0.019957712274333406,270.2914297921317,277.81285458519346
2022-05-13,257.3500061035156,263.0400085449219,255.3500061035156,261.1199951171875,34925100,0.022596392699253842,266.1685703822545,276.5509498232887
2022-05-16,259.9599914550781,265.82000732421875,255.77999877929688,261.5,32550900,0.0014552883345526624,263.90428379603793,275.67809331984745
2022-05-17,266.1099853515625,268.3299865722656,262.4599914550781,266.82000732421875,28828800,0.020344196268522907,262.7742832728795,275.0257132393973
2022-05-18,263.0,263.6000061035156,252.7700042724609,254.0800018310547,31356000,-0.047747564438387124,261.27428545270647,273.53904724121094
2022-05-19,253.8999938964844,257.6700134277344,251.8800048828125,253.13999938964844,32692300,-0.003699631748394272,258.9371425083705,271.95714314778644
2022-05-20,257.239990234375,258.5400085449219,246.44000244140625,252.55999755859372,39199300,-0.002291229487450308,257.7957153320312,270.61190505254837
2022-05-23,255.4900054931641,261.5,253.42999267578125,260.6499938964844,33175400,0.03203197820752979,258.5528564453125,269.9747619628906
2022-05-24,257.8900146484375,261.3299865722656,253.5,259.6199951171875,29043900,-0.003951654722485598,258.3385707310268,268.9699997674851
2022-05-25,258.1400146484375,264.5799865722656,257.1300048828125,262.5199890136719,28547900,0.011170148490201592,258.4842834472656,268.60333251953125
2022-05-26,262.2699890136719,267.1099853515625,261.42999267578125,265.8999938964844,25002100,0.012875228646442194,258.3528529575893,267.778570265997
2022-05-27,268.4800109863281,273.3399963378906,267.5599975585937,273.239990234375,26910800,0.027604349403438144,261.08999415806363,266.9980933779762
2022-05-31,272.5299987792969,274.7699890136719,268.92999267578125,271.8699951171875,37827700,-0.005013889496967017,263.76570783342635,266.72904604957216
2022-06-01,275.20001220703125,277.69000244140625,270.0400085449219,272.4200134277344,25292200,0.0020230930975291272,266.6028529575893,266.15523710704986
2022-06-02,264.45001220703125,274.6499938964844,261.6000061035156,274.5799865722656,44008200,0.007928834292874942,268.5928519112723,265.81237938290553
2022-06-03,270.3099975585937,273.45001220703125,268.4100036621094,270.0199890136719,28059000,-0.016607173798493968,270.0785653250558,264.86190214611236
2022-06-06,272.0599975585937,274.17999267578125,267.2200012207031,268.75,22400300,-0.004703314811288162,270.96856689453125,264.45237804594495
2022-06-07,266.6400146484375,273.1300048828125,265.94000244140625,272.5,22860700,0.013953488372093092,271.9114249093192,264.34618704659596
2022-06-08,271.7099914550781,273.0,269.6099853515625,270.4100036621094,17372300,-0.007669711331708684,271.50714111328125,264.6238069080171
2022-06-09,267.7799987792969,272.7099914550781,264.6300048828125,264.7900085449219,26439700,-0.020783236718601383,270.49571446010043,264.39952160063245
2022-06-10,260.5799865722656,260.5799865722656,252.52999877929688,252.9900054931641,31422800,-0.044563626537879375,267.71999904087613,264.03952244349887
2022-06-13,245.1100006103516,249.0200042724609,241.52999877929688,242.25999450683597,46135800,-0.04241278609173382,263.1028573172433,263.4161885579427
2022-06-14,243.8600006103516,245.7400054931641,241.50999450683597,244.4900054931641,28651500,0.00920503193631994,259.45571681431363,262.6242842901321
2022-06-15,248.30999755859372,255.3000030517578,246.4199981689453,251.75999450683597,33111700,0.029735321895909328,257.028573172433,262.1604745047433
2022-06-16,245.97999572753903,247.4199981689453,243.0200042724609,244.97000122070312,33169200,-0.026970104203543288,253.09571620396204,261.1199980236235
2022-06-17,244.6999969482422,250.5,244.02999877929688,247.6499938964844,43084800,0.010940085163190005,249.8442862374442,260.8138071695964
2022-06-21,250.25999450683597,254.75,249.50999450683597,253.7400054931641,29928300,0.024591204307581105,248.26571437290735,260.8423788888114
2022-06-22,251.88999938964844,257.1700134277344,250.3699951171875,253.1300048828125,25939900,-0.0024040379803965672,248.28571428571428,260.8695220947266
2022-06-23,255.57000732421875,259.3699951171875,253.6300048828125,258.8599853515625,25861400,0.022636512298898515,250.65714154924666,260.7842835925875
2022-06-24,261.8099975585937,267.9800109863281,261.7200012207031,267.70001220703125,33923200,0.034149839124277825,253.97285679408483,261.1690463111515
2022-06-27,268.2099914550781,268.29998779296875,263.2799987792969,264.8900146484375,24615100,-0.010496815205299992,255.84857395717077,261.2819046747117
2022-06-28,263.9800109863281,266.9100036621094,256.32000732421875,256.4800109863281,27295500,-0.03174903996766787,257.49286106654574,260.8333340599424
2022-06-29,257.5899963378906,261.9700012207031,255.75999450683597,260.260009765625,20069800,0.014737985875625803,259.2942919049944,260.21523975190667
2022-06-30,257.04998779296875,259.5299987792969,252.8999938964844,256.8299865722656,31730900,-0.013179217185338099,259.7357177734375,259.4990488688151
2022-07-01,256.3900146484375,259.7699890136719,254.6100006103516,259.5799865722656,22837700,0.010707472428365339,260.65714372907365,258.88761901855474
2022-07-05,256.1600036621094,262.9800109863281,254.7400054931641,262.8500061035156,22941000,0.012597348410524178,261.2271466936384,258.3290485200428
2022-07-06,263.75,267.989990234375,262.3999938964844,266.2099914550781,23824400,0.012782900032497047,261.01428658621654,258.1476200648717
2022-07-07,265.1199951171875,269.0599975585937,265.0199890136719,268.3999938964844,20859900,0.00822659746704435,261.51571219308033,258.1309531075614
2022-07-08,264.7900085449219,268.1000061035156,263.2900085449219,267.6600036621094,19658800,-0.0027570426646894575,263.11285400390625,257.9004770914714
2022-07-11,265.6499938964844,266.5299987792969,262.17999267578125,264.510009765625,19455200,-0.011768638770777606,263.7199968610491,257.61952500116263
2022-07-12,265.8800048828125,265.94000244140625,252.0399932861328,253.6699981689453,35868500,-0.04098147970386723,263.26856994628906,257.09000069754467
2022-07-13,250.19000244140625,253.5500030517578,248.1100006103516,252.72000122070312,29497400,-0.0037450110580655727,262.288572038923,257.077143351237
2022-07-14,250.57000732421875,255.13999938964844,245.94000244140625,254.0800018310547,25102800,0.005381452215030169,261.0357142857143,257.64000084286647
2022-07-15,255.72000122070312,260.3699951171875,254.7700042724609,256.7200012207031,29774100,0.010390425734504882,259.6800013950893,258.22238159179693
2022-07-18,259.75,260.8399963378906,253.3000030517578,254.25,20975000,-0.009621382085378105,257.65857369559154,258.3409532819475
2022-07-19,257.5799865722656,259.7200012207031,253.67999267578125,259.5299987792969,25012600,0.02076695685072516,256.4971444266183,259.03428649902344
2022-07-20,259.8999938964844,264.8699951171875,258.9100036621094,262.2699890136719,22788300,0.010557508755298262,256.17714146205356,259.730476742699
2022-07-21,259.7900085449219,264.8900146484375,257.0299987792969,264.8399963378906,22404700,0.009799090372039299,257.77285548618863,260.25904773530505
2022-07-22,265.239990234375,265.3299865722656,259.07000732421875,260.3599853515625,21881300,-0.016915915451880648,258.8642817905971,260.60333251953125
2022-07-25,261.0,261.5,256.8099975585937,258.8299865722656,21056000,-0.005876474363873285,259.54285103934154,260.6019040062314
2022-07-26,259.8599853515625,259.8800048828125,249.57000732421875,251.8999938964844,39348000,-0.026774303733336446,258.8542785644531,259.84952218191967
2022-07-27,261.1600036621094,270.04998779296875,258.8500061035156,268.739990234375,45994000,0.06685191244907607,260.92427716936385,260.03285435267856
2022-07-28,269.75,277.8399963378906,267.8699951171875,276.4100036621094,33459300,0.028540647862066004,263.33570643833707,260.98190162295384
2022-07-29,277.70001220703125,282.0,276.6300048828125,280.739990234375,32152800,0.015665086338766177,265.97427804129467,261.95713878813245
2022-08-01,277.82000732421875,281.2799987792969,275.8399963378906,278.010009765625,21539600,-0.009724230831777425,267.85570853097096,262.96571132114957
2022-08-02,276.0,277.8900146484375,272.3800048828125,274.82000732421875,22754200,-0.011474415774077928,269.92142595563615,263.69142659505206
2022-08-03,276.760009765625,283.5,276.6099853515625,282.4700012207031,23518900,0.02783637905758196,273.29857090541293,264.62571207682294
2022-08-04,281.79998779296875,283.79998779296875,280.1700134277344,283.6499938964844,18098700,0.004177408824589834,277.8342851911272,265.45618838355654
2022-08-05,279.1499938964844,283.6499938964844,278.67999267578125,282.9100036621094,16774600,-0.002608814561247841,279.8585728236607,266.1471412295387
2022-08-08,284.04998779296875,285.9200134277344,279.32000732421875,280.32000732421875,18739200,-0.009154841837915262,280.4171447753906,266.74999854678197
2022-08-09,279.6400146484375,283.0799865722656,277.6099853515625,282.29998779296875,23405200,0.007063286304997751,280.64000156947543,267.5971403576079
2022-08-10,288.1700134277344,289.8099975585937,286.94000244140625,289.1600036621094,24687800,0.024300446920924257,282.2328578404018,269.28714061918714
2022-08-11,290.8500061035156,291.2099914550781,286.510009765625,287.0199890136719,20065900,-0.007400797556145311,283.97571236746654,270.92047337123324
2022-08-12,288.4800109863281,291.9100036621094,286.94000244140625,291.9100036621094,22619700,0.01703719195740261,285.3242841448103,272.7219020298549
2022-08-15,291.0,294.17999267578125,290.1099853515625,293.4700012207031,18085700,0.00534410448091216,286.7271423339844,274.4719020298549
2022-08-16,291.989990234375,294.0400085449219,290.4200134277344,292.7099914550781,18102900,-0.0025897357905874108,288.1271405901228,276.30333019438245
2022-08-17,289.739990234375,293.3500061035156,289.4700012207031,291.32000732421875,18253400,-0.0047486733334577425,289.69856916155135,277.81714012509303
2022-08-18,290.19000244140625,291.9100036621094,289.0799865722656,290.1700134277344,17186200,-0.003947528036426617,290.82285853794644,279.14571271623885
2022-08-19,288.8999938964844,289.25,285.5599975585937,286.1499938964844,20570000,-0.013854014354419686,290.39285714285717,280.1604745047433
2022-08-22,282.0799865722656,282.4599914550781,277.2200012207031,277.75,25061100,-0.029355212565627675,289.0685729980469,280.98857044038317
2022-08-23,276.44000244140625,278.8599853515625,275.3999938964844,276.44000244140625,17527400,-0.004716462857223269,286.8585728236607,281.827142624628
2022-08-24,275.4100036621094,277.2300109863281,275.1099853515625,275.7900085449219,18137000,-0.0023513018765153326,284.3328595842634,282.9647623697917
2022-08-25,277.3299865722656,279.0199890136719,274.5199890136719,278.8500061035156,16583400,0.01109538947671962,282.3528616768973,283.4461916968936
2022-08-26,279.0799865722656,280.3399963378906,267.9800109863281,268.0899963378906,27549300,-0.03858708814813738,279.03428867885043,283.0500008719308
2022-08-29,265.8500061035156,267.3999938964844,263.8500061035156,265.2300109863281,20338500,-0.010668004739564751,275.47143118722096,282.3114304315476
2022-08-30,266.6700134277344,267.04998779296875,260.6600036621094,262.9700012207031,22767100,-0.00852094284964422,272.1600036621094,281.5952395484561
2022-08-31,265.3900146484375,267.1099853515625,261.3299865722656,261.4700012207031,24791800,-0.005704072681435246,269.83428955078125,280.9595249720982
2022-09-01,258.8699951171875,260.8900146484375,255.41000366210935,260.3999938964844,23263400,-0.004092275669190681,267.54285975864957,279.9085722423735
2022-09-02,261.70001220703125,264.739990234375,254.47000122070312,256.0599975585937,22855400,-0.016666652993916453,264.7242867606027,278.59476289295014
2022-09-06,256.20001220703125,257.8299865722656,251.94000244140625,253.25,21328200,-0.01097398104110614,261.06714303152904,277.182381766183
2022-09-07,254.6999969482422,258.8299865722656,253.22000122070312,258.0899963378906,24126700,0.019111535391473256,259.6385716029576,276.1238098144531
2022-09-08,257.510009765625,260.42999267578125,254.7899932861328,258.5199890136719,20319900,0.0016660571191542406,258.6799970354353,274.9914289202009
2022-09-09,260.5,265.2300109863281,260.2900085449219,264.4599914550781,22084700,0.02297695611108863,258.8928527832031,273.8152378627232
2022-09-12,265.7799987792969,267.45001220703125,265.1600036621094,266.6499938964844,18747700,0.008281034985128333,259.63285173688615,272.8452380952381
2022-09-13,258.8399963378906,260.3999938964844,251.58999633789065,251.9900054931641,33353300,-0.054978393920426694,258.43142482212613,270.94428580147877
2022-09-14,253.52999877929688,254.22999572753903,249.8600006103516,252.22000122070312,23913000,0.0009127176575471907,257.88285391671315,268.9800000871931
2022-09-15,249.7700042724609,251.3999938964844,244.0200042724609,245.3800048828125,31530900,-0.027119167016042223,256.7585688999721,266.7261912027995
2022-09-16,244.25999450683597,245.3000030517578,242.05999755859372,244.7400054931641,39791800,-0.0026081969879903077,254.85142735072546,264.50809587751115
2022-09-19,242.47000122070312,245.13999938964844,240.8500061035156,244.5200042724609,26826900,-0.0008989180998826285,252.85142953055245,262.3342859177362
2022-09-20,242.07000732421875,243.50999450683597,239.63999938964844,242.4499969482422,26660300,-0.008465594994478187,249.70714460100447,260.2533336821057
2022-09-21,244.2700042724609,247.66000366210935,238.8999938964844,238.9499969482422,28625600,-0.014435966360301422,245.75000217982702,258.4057144891648
2022-09-22,237.8699951171875,243.8600006103516,237.57000732421875,240.97999572753903,31061200,0.00849549615075551,244.17714364188058,256.71714274088544
2022-09-23,239.5399932861328,241.1300048828125,235.1999969482422,237.9199981689453,34176000,-0.012698139317976698,242.13428606305803,254.91380891345796
2022-09-26,237.0500030517578,241.4499969482422,236.8999938964844,237.4499969482422,27694200,-0.0019754590800281635,241.00142778669084,252.942379906064
2022-09-27,239.97999572753903,241.8000030517578,234.5,236.41000366210935,27018700,-0.004379841227622916,239.8114275251116,251.43380882626488
2022-09-28,236.80999755859372,242.3300018310547,234.72999572753903,241.07000732421875,29029700,0.019711533310450502,239.31857081821985,250.28333246140252
2022-09-29,238.88999938964844,239.9499969482422,234.41000366210935,237.5,27484200,-0.014809006577982897,238.6114283970424,249.07047526041666
2022-09-30,238.2899932861328,240.5399932861328,232.72999572753903,232.8999938964844,35694800,-0.01936844675164462,237.7471422467913,247.70999872116815
2022-10-03,235.41000366210935,241.6100006103516,234.66000366210935,240.7400054931641,28880400,0.03366256677603996,237.71285792759485,246.77380879720053
2022-10-04,245.08999633789065,250.3600006103516,244.97999572753903,248.8800048828125,34888400,0.033812408423657514,239.27857317243303,246.43190438406808
2022-10-05,245.9900054931641,250.5800018310547,244.1000061035156,249.1999969482422,20347100,0.0012857282993881114,240.95714460100447,246.23904709588913
2022-10-06,247.92999267578125,250.33999633789065,246.0800018310547,246.7899932861328,20239900,-0.009670961844393311,242.44000026157923,245.7009517124721
2022-10-07,240.8999938964844,241.32000732421875,233.1699981689453,234.2400054931641,37769600,-0.050852903822636075,241.46428571428572,244.54476202101935
2022-10-10,233.0500030517578,234.55999755859372,226.72999572753903,229.25,29743600,-0.02130296010990196,240.28571428571428,242.86809576125373
2022-10-11,227.6199951171875,229.05999755859372,224.1100006103516,225.41000366210935,30474000,-0.016750256653830564,239.21571568080358,240.90428670247397
2022-10-12,225.3999938964844,227.8600006103516,223.9600067138672,225.75,21903900,0.0015083462684304383,237.07428632463728,239.65476263137091
2022-10-13,219.8500061035156,236.1000061035156,219.1300048828125,234.2400054931641,42551800,0.037607997754879774,234.98285784040178,238.79857235863096
2022-10-14,235.5399932861328,237.2400054931641,228.33999633789065,228.55999755859372,30198600,-0.024248667184803896,232.03428649902344,237.99761962890625
2022-10-17,235.82000732421875,238.9600067138672,235.13999938964844,237.52999877929688,28142300,0.03924571804566801,230.711430140904,237.65428597586495
2022-10-18,243.2400054931641,243.92999267578125,235.3699951171875,238.5,26329600,0.004083699851337164,231.32000078473772,237.36761910574776
2022-10-19,237.0399932861328,239.6100006103516,234.2899932861328,236.47999572753903,19985700,-0.008469619591031319,232.3528573172433,237.08333333333334
2022-10-20,235.7700042724609,241.30999755859372,234.8699951171875,236.1499938964844,21811000,-0.0013954746152602393,233.88714163643974,236.9499998546782
2022-10-21,234.7400054931641,243.0,234.5,242.1199951171875,26299700,0.025280547850956125,236.2257123674665,237.00428553989954
2022-10-24,243.75999450683597,247.83999633789065,241.3000030517578,247.25,24911200,0.021187861334333702,238.08428301130022,237.44857134137834
2022-10-25,247.25999450683597,251.0399932861328,245.8300018310547,250.66000366210935,34775500,0.01379172360812686,241.2414267403739,238.07761928013392
2022-10-26,231.1699981689453,238.3000030517578,230.05999755859372,231.32000732421875,82543200,-0.07715629161148896,240.35428510393416,237.83523850213913
2022-10-27,231.0399932861328,233.69000244140625,225.77999877929688,226.75,40424600,-0.019756212949679774,238.67571367536272,237.15333339146204
2022-10-28,226.2400054931641,236.6000061035156,226.0500030517578,235.8699951171875,40647700,0.04022048563257985,238.58857073102678,237.07571411132812
2022-10-31,233.75999450683597,234.9199981689453,231.1499938964844,232.1300048828125,28357300,-0.015856150895822374,238.0142865862165,237.03904796781995
2022-11-01,234.6000061035156,235.7400054931641,227.3300018310547,228.1699981689453,30592300,-0.017059434931155693,236.02142987932478,236.4404761904762
2022-11-02,229.4600067138672,231.3000030517578,220.0399932861328,220.1000061035156,38407000,-0.03536833120125815,232.14285932268416,235.07000005812873
2022-11-03,220.08999633789065,220.41000366210935,213.97999572753903,214.25,36633900,-0.026578854799141904,226.9414302280971,233.4057144891648
2022-11-04,217.5500030517578,221.58999633789065,213.42999267578125,221.38999938964844,36789100,0.033325551410261056,225.52285766601562,232.1961909702846
2022-11-07,221.9900054931641,228.41000366210935,221.27999877929688,227.8699951171875,33498000,0.029269595489425093,225.682856968471,231.89285714285714
2022-11-08,228.6999969482422,231.6499938964844,225.83999633789065,228.8699951171875,28192500,0.004388467202475432,224.682856968471,231.87476167224702
2022-11-09,227.3699951171875,228.6300048828125,224.3300018310547,224.50999450683597,27852900,-0.019050118859482157,223.5942840576172,231.83190409342447
2022-11-10,235.42999267578125,243.3300018310547,235.0,242.97999572753903,46268000,0.08226805787098579,225.70999799455916,232.65238008045014
2022-11-11,242.9900054931641,247.9900054931641,241.92999267578125,247.1100006103516,34620200,0.016997304121462165,229.56856863839286,233.2652369907924
2022-11-14,241.9900054931641,243.91000366210935,239.2100067138672,241.5500030517578,31123300,-0.022500091234109565,233.46856907435827,233.88380868094308
2022-11-15,245.66000366210935,247.0,240.02999877929688,241.97000122070312,31390100,0.0017387628384972764,236.4085693359375,234.09523736862909
2022-11-16,242.7899932861328,243.8000030517578,240.4199981689453,241.72999572753903,24093300,-0.000991881191690247,238.38856942313058,234.2490466889881
2022-11-17,237.77999877929688,243.25,237.6300048828125,241.67999267578125,23123500,-0.00020685497307559864,240.21856907435827,234.49666559128534
2022-11-18,243.50999450683597,243.7400054931641,239.02999877929688,241.22000122070312,27613500,-0.001903307965153811,242.605712890625,234.73809451148622
2022-11-21,241.42999267578125,244.6699981689453,241.19000244140625,242.0500030517578,26394700,0.003440849957940584,242.47285679408483,234.7347615559896
2022-11-22,243.58999633789065,245.30999755859372,240.7100067138672,245.02999877929688,19665700,0.01231148808084015,242.17571367536272,234.6290472121466
2022-11-23,245.1100006103516,248.27999877929688,244.2700042724609,247.5800018310547,19508500,0.01040690145884815,243.03714207240515,234.48238045828683
2022-11-25,247.30999755859372,248.6999969482422,246.72999572753903,247.4900054931641,9200800,-0.00036350406828100645,243.82571411132812,235.25238037109375
2022-11-28,246.0800018310547,246.6499938964844,240.8000030517578,241.75999450683597,24778200,-0.02315249448118173,243.82999965122767,235.96714201427642
2022-11-29,241.3999938964844,242.7899932861328,238.2100067138672,240.3300018310547,17956300,-0.005914926821115718,243.63714381626673,236.17952328636534
2022-11-30,240.57000732421875,255.3300018310547,239.8600006103516,255.13999938964844,47594200,0.06162359025405717,245.62571498325892,237.27523731050036
2022-12-01,253.8699951171875,256.1199951171875,250.9199981689453,254.69000244140625,26041500,-0.0017637255989600975,247.43142918178015,238.53809465680803
2022-12-02,249.82000732421875,256.0599975585937,249.69000244140625,255.0200042724609,21528500,0.0012956999799416113,248.85857282366072,240.2009517124721
2022-12-05,252.00999450683597,253.82000732421875,248.05999755859372,250.1999969482422,23435300,-0.01890050679737687,249.23285784040178,241.91285632905505
2022-12-06,250.82000732421875,251.8600006103516,243.77999877929688,245.1199951171875,22463700,-0.020303764560419157,248.89428492954798,243.04285612560454
2022-12-07,244.8300018310547,246.16000366210935,242.2100067138672,244.3699951171875,20481500,-0.0030597259095139773,249.26714215959822,243.82857041131882
2022-12-08,244.83999633789065,248.7400054931641,243.05999755859372,247.3999938964844,22611800,0.012399225927241408,250.27714102608817,244.71095130557106
2022-12-09,244.6999969482422,248.30999755859372,244.16000366210935,245.4199981689453,20609700,-0.008003216557747939,248.88856942313058,245.70666576567152
2022-12-12,247.4499969482422,252.5399932861328,247.1699981689453,252.50999450683597,30665100,0.02888923637351648,248.57713971819197,246.1604752313523
2022-12-13,261.69000244140625,263.9200134277344,253.07000732421875,256.9200134277344,42196900,0.017464730176369292,248.84856959751673,246.62761869884673
2022-12-14,257.1300048828125,262.5899963378906,254.30999755859372,257.2200012207031,35410900,0.0011676310808426127,249.85142735072546,247.3738090878441
2022-12-15,253.72000122070312,254.1999969482422,247.33999633789065,249.00999450683597,35560400,-0.03191822826725943,250.4071415492467,247.70904686337425
2022-12-16,248.5500030517578,249.83999633789065,243.50999450683597,244.69000244140625,86102000,-0.017348669373634773,250.45285688127794,247.8499995640346
2022-12-19,244.8600006103516,245.2100067138672,238.7100067138672,240.4499969482422,29696400,-0.017328070010458996,249.46000017438618,247.7914283389137
2022-12-20,239.3999938964844,242.91000366210935,238.4199981689453,241.8000030517578,25150800,0.005614498318360139,248.942858014788,247.81904747372582
2022-12-21,241.69000244140625,245.6199951171875,240.1100006103516,244.42999267578125,23690600,0.010876714602275905,247.78857203892298,247.93238031296502
2022-12-22,241.25999450683597,241.9900054931641,233.8699951171875,238.19000244140625,28651700,-0.025528742058475218,245.11285618373327,247.6066662016369
2022-12-23,236.1100006103516,238.8699951171875,233.94000244140625,238.72999572753903,21207000,0.002267069484856332,242.47142682756697,247.18523733956474
2022-12-27,238.6999969482422,238.92999267578125,235.8300018310547,236.9600067138672,16688600,-0.007414187765880542,240.75,246.68380882626488
2022-12-28,236.88999938964844,239.72000122070312,234.1699981689453,234.52999877929688,17457100,-0.010254928535280539,239.29857090541296,246.3395233154297
2022-12-29,235.6499938964844,241.9199981689453,235.6499938964844,241.00999450683597,19770700,0.027629709466877372,239.37857055664062,246.37190391903832
2022-12-30,238.2100067138672,239.9600067138672,236.66000366210935,239.82000732421875,21938500,-0.00493750138890392,239.09571402413505,245.6423804873512
2023-01-03,243.0800018310547,245.75,237.3999938964844,239.5800018310547,25740000,-0.0010007734377206479,238.4028581891741,244.92285664876303
2023-01-04,232.27999877929688,232.8699951171875,225.9600067138672,229.1000061035156,50623400,-0.04374319912948865,237.10428728376115,243.68857102167038
2023-01-05,227.1999969482422,227.5500030517578,221.75999450683597,222.30999755859372,39585600,-0.02963774929736973,234.75857325962608,242.36047581263952
2023-01-06,223.0,225.75999450683597,219.3500061035156,224.92999267578125,43613600,0.011785322954254385,233.03999982561385,241.39904712495348
2023-01-09,226.4499969482422,231.2400054931641,226.41000366210935,227.1199951171875,27369800,0.009736373594974257,231.98142787388392,240.57761855352493
2023-01-10,227.75999450683597,231.30999755859372,227.3300018310547,228.8500061035156,27033900,0.007617167239878819,230.24428667340956,239.6942858014788
2023-01-11,231.2899932861328,235.9499969482422,231.1100006103516,235.7700042724609,28669300,0.030238138450453755,229.66571480887274,239.23476228259858
2023-01-12,235.25999450683597,239.8999938964844,233.55999755859372,238.50999450683597,27269500,0.011621453894570255,229.51285661969862,238.56809561593192
2023-01-13,237.0,239.3699951171875,234.9199981689453,239.22999572753903,21333300,0.003018746540126349,230.95999799455916,237.72571382068452
2023-01-17,237.97000122070312,240.91000366210935,237.08999633789065,240.3500061035156,29831300,0.004681730535380568,233.53714207240515,236.92238071986608
2023-01-18,241.57000732421875,242.3800048828125,235.5200042724609,235.80999755859372,30028700,-0.01888915510560274,235.09142848423548,236.2938094366164
2023-01-19,233.77999877929688,235.5200042724609,230.67999267578125,231.92999267578125,28623000,-0.0164539456468481,235.77857099260603,235.6861899239676
2023-01-20,234.8600006103516,240.7400054931641,234.50999450683597,240.22000122070312,35389800,0.03574358128192001,237.4028560093471,235.67523774646574
2023-01-23,241.1000061035156,245.1699981689453,239.6499938964844,242.5800018310547,31934000,0.009824330190487673,238.37571280343192,235.71238054547987
2023-01-24,242.5,243.9499969482422,240.44000244140625,242.0399932861328,40234400,-0.0022261049585529102,238.87999834333147,235.5985710507347
2023-01-25,234.47999572753903,243.3000030517578,230.8999938964844,240.6100006103516,66526600,-0.005908084264779845,239.07714189801897,235.71380905877976
2023-01-26,243.6499938964844,248.30999755859372,242.0,248.0,33454500,0.03071360031130177,240.1699981689453,236.15523783365884
2023-01-27,248.9900054931641,249.8300018310547,246.8300018310547,248.16000366210935,26498900,0.0006451760568926268,241.93428475516183,236.68857102167036
2023-01-30,244.50999450683597,245.6000061035156,242.1999969482422,242.7100067138672,25867400,-0.021961625031497012,243.47428676060267,237.07809520903083
2023-01-31,243.4499969482422,247.9499969482422,242.9499969482422,247.80999755859372,26541100,0.02101269294075281,244.5585719517299,237.40190487816216
2023-02-01,248.0,255.17999267578125,245.47000122070312,252.75,31259900,0.019934637383781206,246.0114288330078,238.01761881510413
2023-02-02,258.82000732421875,264.69000244140625,257.25,264.6000061035156,39940400,0.046884297145462384,249.23428780691964,239.20904758998321
2023-02-03,259.5400085449219,264.20001220703125,257.1000061035156,258.3500061035156,29077300,-0.023620558789990698,251.76857430594308,240.60190473284035
2023-02-06,257.44000244140625,258.29998779296875,254.77999877929688,256.7699890136719,22518000,-0.006115800474224331,253.02142987932478,242.2428567068917
2023-02-07,260.5299987792969,268.7699890136719,260.0799865722656,267.5599975585937,50841400,0.042022078150057096,255.79285757882255,244.27285693940658
2023-02-08,273.20001220703125,276.760009765625,266.2099914550781,266.7300109863281,54686000,-0.0031020577808302807,259.2242867606027,246.15904817127043
2023-02-09,273.79998779296875,273.9800109863281,262.79998779296875,263.6199951171875,42375100,-0.01165978982882443,261.4828578404018,247.81476193382622
2023-02-10,261.5299987792969,264.0899963378906,260.6600036621094,263.1000061035156,25818500,-0.0019724945880554845,262.96143014090404,249.11619059244788
2023-02-13,267.6400146484375,274.6000061035156,267.1499938964844,271.32000732421875,44630900,0.031242877347060993,263.9214303152902,250.67857215518038
2023-02-14,272.6700134277344,274.9700012207031,269.2799987792969,272.1700134277344,37047900,0.0031328544912645473,265.89571707589283,252.24714442661826
2023-02-15,268.32000732421875,270.7300109863281,266.17999267578125,269.32000732421875,28922400,-0.010471418462388193,267.6885768345424,253.62666829427084
2023-02-16,264.0199890136719,266.739990234375,261.8999938964844,262.1499938964844,29603600,-0.026622654213367847,266.9157191685268,254.88095383417038
2023-02-17,259.3900146484375,260.0899963378906,256.0,258.0599975585937,30000100,-0.015601741114309231,265.67714582170754,256.12523978097096
2023-02-21,254.47999572753903,255.4900054931641,251.58999633789065,252.6699981689453,28397400,-0.020886613348217842,264.1128605433873,256.7180967785063
2023-02-22,254.08999633789065,254.33999633789065,250.33999633789065,251.50999450683597,22491100,-0.004590982983795788,262.4571446010045,257.1433345249721
2023-02-23,255.55999755859372,256.8399963378906,250.47999572753903,254.7700042724609,29219100,0.01296175037503855,260.09285845075334,257.74952552432103
2023-02-24,249.9600067138672,251.0,248.1000061035156,249.22000122070312,24990900,-0.021784366128998478,256.8142852783203,258.15952555338544
2023-02-27,252.4600067138672,252.82000732421875,249.38999938964844,250.16000366210935,21190000,0.003771777693612144,254.07714189801897,258.2623828706287
2023-02-28,249.07000732421875,251.4900054931641,248.72999572753903,249.4199981689453,22491000,-0.0029581287269389023,252.2585710797991,258.3223826090495
2023-03-01,250.75999450683597,250.92999267578125,245.7899932861328,246.2700042724609,27565300,-0.012629275597824119,250.57428632463728,258.49190630231584
2023-03-02,246.5500030517578,251.3999938964844,245.6100006103516,251.1100006103516,24808200,0.019653210922658593,250.35142953055245,258.64904930478053
2023-03-03,252.19000244140625,255.6199951171875,251.38999938964844,255.2899932861328,30760100,0.016646062146554286,250.8914293561663,258.7700013660249
2023-03-06,256.42999267578125,260.1199951171875,255.97999572753903,256.8699951171875,24109800,0.00618904725060565,251.1914280482701,258.40190560477123
2023-03-07,256.29998779296875,257.69000244140625,253.38999938964844,254.1499938964844,21473200,-0.010589018851587584,251.89571271623885,258.201905023484
2023-03-08,254.0399932861328,254.5399932861328,250.80999755859372,253.6999969482422,17340200,-0.0017705959435336815,252.40142604282923,258.0557149251302
2023-03-09,255.82000732421875,259.5599975585937,251.5800018310547,252.32000732421875,26653400,-0.005439454633911489,252.81571306501115,257.33000110444567
2023-03-10,251.0800018310547,252.7899932861328,247.6000061035156,248.58999633789065,28333900,-0.014782858584556191,253.1471405029297,256.46619088309154
2023-03-13,247.3999938964844,257.9100036621094,245.72999572753903,253.9199981689453,33339700,0.021440934508925258,253.54856872558594,256.00428626650853
2023-03-14,256.75,261.07000732421875,255.8600006103516,260.7900085449219,33620300,0.0270558066537383,254.33428519112724,255.89428638276598
2023-03-15,259.9800109863281,266.4800109863281,259.2099914550781,265.44000244140625,46028000,0.01783041429550547,255.5585719517299,255.6142861502511
2023-03-16,265.2099914550781,276.5599975585937,263.2799987792969,276.20001220703125,54768800,0.040536504169149,258.7085745675223,255.80619085402716
2023-03-17,278.260009765625,283.3299865722656,276.32000732421875,279.42999267578125,69527400,0.011694353099191312,262.384288242885,256.2876187279111
2023-03-20,276.9800109863281,277.4800109863281,269.8500061035156,272.2300109863281,43466600,-0.025766674581018112,265.22857448032926,256.76761954171315
2023-03-21,274.8800048828125,275.0,269.5199890136719,273.7799987792969,34558700,0.005693669802799839,268.827146257673,257.51619102841335
2023-03-22,273.3999938964844,281.0400085449219,272.17999267578125,272.2900085449219,34873300,-0.005442290309805031,271.45143345424106,258.4504772367932
2023-03-23,277.94000244140625,281.0599975585937,275.20001220703125,277.6600036621094,36610900,0.019721601779969733,273.86143275669644,259.69571576799666
2023-03-24,277.239990234375,280.6300048828125,275.2799987792969,280.57000732421875,28172000,0.010480456759089485,276.02286202566967,260.9242873418899
2023-03-27,280.5,281.4599914550781,275.5199890136719,276.3800048828125,26840200,-0.014933892903828516,276.048575265067,262.2176208496094
2023-03-28,275.7900085449219,276.1400146484375,272.04998779296875,275.2300109863281,21878600,-0.0041609156819140125,275.4485778808594,263.4114307221912
2023-03-29,278.9599914550781,281.1400146484375,278.4100036621094,280.510009765625,25087000,0.019183950036463004,276.63143484933033,264.89190746489027
2023-03-30,284.2300109863281,284.4599914550781,281.4800109863281,284.04998779296875,25053400,0.012619792178901301,278.0985761369978,266.69095429920014
2023-03-31,283.7300109863281,289.2699890136719,283.0,288.29998779296875,32766000,0.014962155193252835,280.3857160295759,268.461906069801
2023-04-03,286.5199890136719,288.2699890136719,283.95001220703125,287.2300109863281,24883300,-0.0037113314323447,281.7528599330357,269.9828592936198
2023-04-04,287.2300109863281,290.45001220703125,285.6700134277344,287.17999267578125,25824300,-0.00017414026610629296,282.6971435546875,271.42619251069567
2023-04-05,285.8500061035156,287.1499938964844,282.9200134277344,284.3399963378906,22064800,-0.009889255555128096,283.8342851911272,272.86381167457216
2023-04-06,283.2099914550781,292.0799865722656,282.0299987792969,291.6000061035156,29770300,0.025532847503443312,286.17285592215404,274.6685740152995
2023-04-10,289.2099914550781,289.6000061035156,284.7099914550781,289.3900146484375,23103000,-0.0075788457092610395,287.4414280482701,276.4338124593099
2023-04-11,285.75,285.9800109863281,281.6400146484375,282.8299865722656,27276600,-0.02266846727293359,287.2671421595982,278.0642881847563
2023-04-12,284.7900085449219,287.010009765625,281.9599914550781,283.489990234375,27403400,0.0023335703194284907,286.5799996512277,279.4723830450149
2023-04-13,283.5899963378906,289.8999938964844,283.1700134277344,289.8399963378906,24222700,0.022399401468340185,286.9528547014509,280.855715797061
2023-04-14,287.0,288.4800109863281,283.69000244140625,286.1400146484375,20987900,-0.012765600801139088,286.80428641183033,281.8414306640625
2023-04-17,289.92999267578125,291.6000061035156,286.1600036621094,288.79998779296875,23836200,0.009296054408186816,287.4414280482701,282.4414295014881
2023-04-18,291.57000732421875,291.760009765625,287.010009765625,288.3699951171875,20161800,-0.001488894369654492,286.97999790736606,282.8671439034598
2023-04-19,285.989990234375,289.04998779296875,284.5400085449219,288.45001220703125,17150300,0.00027748063667720757,286.845711844308,283.63952491396947
2023-04-20,285.25,289.0299987792969,285.0799865722656,286.1099853515625,23244400,-0.008112417252349569,287.3142830984933,284.22666713169644
2023-04-21,285.010009765625,286.2699890136719,283.0599975585937,285.760009765625,21676400,-0.0012232204531675839,287.6385716029576,284.8680957612537
2023-04-24,282.0899963378906,284.95001220703125,278.7200012207031,281.7699890136719,26611000,-0.013962838100494368,286.48571341378346,285.06380934942337
2023-04-25,279.510009765625,281.6000061035156,275.3699951171875,275.4200134277344,45772200,-0.02253602524585896,284.95428466796875,284.81857154482884
2023-04-26,296.70001220703125,299.57000732421875,292.7300109863281,295.3699951171875,64599200,0.0724347567962329,285.89285714285717,285.7228567940848
2023-04-27,295.9700012207031,305.20001220703125,295.25,304.8299865722656,46462600,0.03202759796683097,288.2442844935826,287.13237944103423
2023-04-28,304.010009765625,308.92999267578125,303.3099975585937,307.260009765625,36469600,0.007971732770402085,290.9314270019531,288.40618896484375
2023-05-01,306.9700012207031,308.6000061035156,305.1499938964844,305.5599975585937,21294100,-0.00553281309965481,293.71000017438615,289.43047514415923
2023-05-02,307.760009765625,309.17999267578125,303.9100036621094,305.4100036621094,26404400,-0.0004908819795874653,296.5171421595982,290.24523780459447
2023-05-03,306.6199951171875,308.6099853515625,304.0899963378906,304.3999938964844,22360800,-0.003307061830045477,299.75,291.06285603841144
2023-05-04,306.239990234375,307.760009765625,303.3999938964844,305.4100036621094,22519900,0.003318034776204515,304.03428431919644,291.9309517996652
2023-05-05,305.7200012207031,311.9700012207031,304.2699890136719,310.6499938964844,28197100,0.017157231824574737,306.2171412876674,293.1838088262649
2023-05-08,310.1300048828125,310.20001220703125,306.0899963378906,308.6499938964844,21318600,-0.0064381137591988935,306.76285661969865,293.99571300688245
2023-05-09,308.0,310.0400085449219,306.3099975585937,307.0,21340800,-0.00534584133845073,306.72571236746654,294.83428373790923
2023-05-10,308.6199951171875,313.0,307.6700134277344,312.3099975585937,30078000,0.017296408985647105,307.6899980817522,296.2380937848772
2023-05-11,310.1000061035156,311.1199951171875,306.260009765625,310.1099853515625,31680200,-0.007044322065349329,308.3614240373884,297.5057125999814
2023-05-12,310.54998779296875,310.6499938964844,306.6000061035156,308.9700012207031,19774700,-0.0036760639279866947,309.0142822265625,298.41666521344865
2023-05-15,309.1000061035156,309.8999938964844,307.5899963378906,309.4599914550781,16336500,0.0015858828767811861,309.5928519112723,299.5271402994792
2023-05-16,309.8299865722656,313.7099914550781,309.8299865722656,311.739990234375,26730300,0.007367668979037845,309.7485656738281,300.61952136811755
2023-05-17,312.2900085449219,314.42999267578125,310.739990234375,314.0,24315000,0.0072496626561315836,310.51285226004467,301.83999779110866
2023-05-18,314.5299987792969,319.0400085449219,313.7200012207031,318.5199890136719,27276000,0.01439486947029267,312.15856497628346,303.2719014485677
2023-05-19,316.739990234375,318.75,316.3699951171875,318.3399963378906,27546700,-0.0005650906755918506,313.0199933733259,304.8066638764881
2023-05-22,318.6000061035156,322.5899963378906,318.010009765625,321.17999267578125,24115700,0.008921267734376181,314.60142299107144,306.4933297293527
2023-05-23,320.0299987792969,322.7200012207031,315.25,315.260009765625,30797200,-0.018431979093206596,315.49999564034596,308.08809262230284
2023-05-24,314.7300109863281,316.5,312.6099853515625,313.8500061035156,23384900,-0.004472510367419025,316.1271405901228,309.91809227353053
2023-05-25,323.239990234375,326.8999938964844,320.0,325.9200134277344,43301700,0.03845788462479027,318.1528581891741,311.3728550502232
2023-05-26,324.0199890136719,333.3999938964844,323.8800048828125,332.8900146484375,36630600,0.021385618966441866,320.8514317103795,312.7090468633743
2023-05-30,335.2300109863281,335.739990234375,330.5199890136719,331.2099914550781,29503100,-0.005046781577794146,322.66428920200894,313.84952218191967
2023-05-31,332.2900085449219,335.94000244140625,327.3299865722656,328.3900146484375,45950600,-0.008514165874803026,324.1000061035156,314.93666585286456
2023-06-01,325.92999267578125,333.5299987792969,324.7200012207031,332.5799865722656,26773900,0.012759133155475944,325.72857666015625,316.230474562872
2023-06-02,334.25,337.5,332.54998779296875,335.3999938964844,25873800,0.00847918527294178,328.60571725027904,317.7066650390625
2023-06-05,335.2200012207031,338.5599975585937,334.6600036621094,335.94000244140625,21307100,0.0016100433951962145,331.7614310128348,319.1604745047433
2023-06-06,335.3299865722656,335.3699951171875,332.1700134277344,333.67999267578125,20396200,-0.006727420816814433,332.86999947684154,320.25714111328125
2023-06-07,331.6499938964844,334.489990234375,322.5,323.3800048828125,40717100,-0.030867861481214676,331.5114266531808,320.9585702078683
2023-06-08,323.94000244140625,326.6400146484375,323.3500061035156,325.260009765625,23277700,0.005813608925801628,330.6614292689732,321.8280944824219
2023-06-09,324.989990234375,329.989990234375,324.4100036621094,326.7900085449219,22529000,0.004703925270122644,330.43285696847096,322.5176188151042
2023-06-12,328.5799865722656,332.1000061035156,325.1600036621094,331.8500061035156,24260300,0.015483942061521594,330.32857404436385,323.55285789853053
2023-06-13,334.4700012207031,336.9800109863281,330.3900146484375,334.2900085449219,22951300,0.0073527268239528265,330.17000470842635,324.7585725330171
2023-06-14,334.3399963378906,339.0400085449219,332.8099975585937,337.3399963378906,26003800,0.009123777902440233,330.3700038364955,326.08619181315106
2023-06-15,337.4800109863281,349.8399963378906,337.20001220703125,348.1000061035156,38899100,0.03189663212910987,332.4300057547433,327.817621140253
2023-06-16,351.32000732421875,351.4700012207031,341.95001220703125,342.3299865722656,46552000,-0.016575752456419512,335.13714599609375,329.16666811988466
2023-06-20,339.3099975585937,342.0799865722656,335.8599853515625,338.04998779296875,26375400,-0.012502552937743827,336.9642857142857,330.09666806175596
2023-06-21,336.3699951171875,337.7300109863281,332.07000732421875,333.5599975585937,25117800,-0.013282030458539373,337.9314270019531,330.8214300246466
2023-06-22,334.1199951171875,340.1199951171875,333.3399963378906,339.7099914550781,23556800,0.01843744436232675,339.05428205217635,331.7038109188988
2023-06-23,334.3599853515625,337.9599914550781,333.45001220703125,335.0199890136719,23146900,-0.013805900795904158,339.15856497628346,332.64476231166293
2023-06-26,333.7200012207031,336.1099853515625,328.489990234375,328.6000061035156,21520600,-0.019162984659683246,337.90999494280135,333.3471432640439
2023-06-27,331.8599853515625,336.1499938964844,329.29998779296875,334.57000732421875,24354100,0.018167988769977272,335.97713797433033,333.75904773530505
2023-06-28,334.6600036621094,337.9800109863281,333.8099975585937,335.8500061035156,20259500,0.0038258025264543694,335.05142647879467,333.8999997093564
2023-06-29,334.7099914550781,336.1099853515625,332.6199951171875,335.04998779296875,16997000,-0.002382070257578861,334.6228550502232,334.0828566778274
2023-06-30,337.75,342.7300109863281,337.20001220703125,340.5400085449219,26832800,0.016385676621321066,335.61999947684154,334.6614278157552
2023-07-03,339.19000244140625,340.8999938964844,336.57000732421875,337.989990234375,12508700,-0.007488160705236169,335.37428501674106,334.91904703776044
2023-07-05,335.0899963378906,341.6499938964844,334.7300109863281,338.1499938964844,18172400,0.00047339763523290834,335.82142857142856,335.0499994187128
2023-07-06,337.29998779296875,342.989990234375,335.5,341.2699890136719,28161200,0.009226660279469279,337.6314261300223,335.3038083031064
2023-07-07,339.32000732421875,341.7900085449219,337.0,337.2200012207031,21214800,-0.011867400953344598,338.00999668666293,335.47238013857884
2023-07-10,334.6000061035156,335.2300109863281,327.5899963378906,331.8299865722656,32791400,-0.015983674245080848,337.43570818219865,335.87476021902904
2023-07-11,331.0599975585937,332.8599853515625,327.0,332.4700012207031,26698200,0.0019287426523706408,337.067138671875,336.2180931454613
2023-07-12,336.6000061035156,341.6499938964844,335.6700134277344,337.20001220703125,29995300,0.014226880527450136,336.5899963378906,336.7138076055618
2023-07-13,339.5599975585937,343.739990234375,339.0199890136719,342.6600036621094,20567200,0.016192144891518767,337.25714111328125,337.2285693940662
2023-07-14,347.5899963378906,351.42999267578125,344.3099975585937,345.239990234375,28352700,0.00752929009715908,338.2699977329799,337.749997093564
2023-07-17,345.67999267578125,346.989990234375,342.20001220703125,345.7300109863281,20363900,0.0014193626631158196,338.90714372907365,338.14952160063245
2023-07-18,345.8299865722656,366.7799987792969,342.1700134277344,359.489990234375,64738600,0.039799782520444804,342.0885707310268,338.69190179734005
2023-07-19,361.75,362.4599914550781,352.44000244140625,355.0799865722656,39732900,-0.012267389306818255,345.40999930245533,339.2990446544829
2023-07-20,353.57000732421875,357.9700012207031,345.3699951171875,346.8699951171875,33778400,-0.023121526882809107,347.4671412876674,339.7190450032552
2023-07-21,349.1499938964844,350.29998779296875,339.8299865722656,343.7699890136719,69405400,-0.00893708348128619,348.4057094029018,340.20523507254467
2023-07-24,345.8500061035156,346.9200134277344,342.3099975585937,345.1099853515625,26678100,0.0038979444998537005,348.7557067871094,340.4623776390439
2023-07-25,347.1099853515625,351.8900146484375,345.07000732421875,350.9800109863281,41637700,0.017009144573970625,349.5757097516741,341.22237868536087
2023-07-26,341.44000244140625,344.6700134277344,333.1099853515625,337.7699890136719,58383700,-0.03763753364624178,348.43856375558033,341.65904453822543
2023-07-27,340.4800109863281,341.3299865722656,329.04998779296875,330.7200012207031,39635300,-0.02087215567479972,344.3285653250558,341.4757109142485
2023-07-28,333.6700134277344,340.010009765625,333.1700134277344,338.3699951171875,28484900,0.02313133124167832,341.94142368861606,341.59571039109005
2023-07-31,336.9200134277344,337.70001220703125,333.3599853515625,335.9200134277344,25446000,-0.007240540605867318,340.3771405901228,341.63714018322173
2023-08-01,335.19000244140625,338.5400085449219,333.70001220703125,336.3399963378906,18311900,0.0012502467652069083,339.31571306501115,341.4371396019345
2023-08-02,333.6300048828125,333.6300048828125,326.3599853515625,327.5,27761300,-0.02628291738758859,336.8000008719308,340.9376162574405
2023-08-03,326.0,329.8800048828125,325.95001220703125,326.6600036621094,18253700,-0.0025648743141698516,333.3257141113281,340.3904738653274
2023-08-04,331.8800048828125,335.1400146484375,327.239990234375,327.7799987792969,23741500,0.003428626414717195,331.89857264927457,339.7480933779762
2023-08-07,328.3699951171875,331.1099853515625,327.5199890136719,330.1099853515625,17741500,0.007108385444331011,331.8114275251116,339.4095211937314
2023-08-08,326.9599914550781,328.75,323.0,326.04998779296875,22327600,-0.012298923809499152,330.05142647879467,339.134283156622
2023-08-09,326.4700012207031,327.1099853515625,321.04998779296875,322.2300109863281,22373300,-0.0117159237836445,328.095711844308,338.64666457403274
2023-08-10,326.0199890136719,328.260009765625,321.17999267578125,322.92999267578125,20113700,0.0021723044582673268,326.1799970354353,337.9671398344494
2023-08-11,320.260009765625,322.4100036621094,319.2099914550781,321.010009765625,24355500,-0.0059455081711282665,325.2528555733817,336.9361877441406
2023-08-14,321.3900146484375,324.0599975585937,320.0799865722656,324.0400085449219,18836100,0.009438954198061067,324.8785705566406,335.9266648065476
2023-08-15,323.0,325.0899963378906,320.8999938964844,321.8599853515625,16966300,-0.006727635896408679,324.03285435267856,334.78999691917784
2023-08-16,320.79998779296875,324.4200134277344,319.79998779296875,320.3999938964844,20698900,-0.004536107380615828,322.64571271623885,332.92856852213544
2023-08-17,320.5400085449219,321.8699951171875,316.2099914550781,316.8800048828125,21257200,-0.010986233085912955,321.3357151576451,331.1095217750186
2023-08-18,314.489990234375,318.3800048828125,311.54998779296875,316.4800109863281,24755000,-0.001262288217372065,320.51428658621654,329.6623796735491
2023-08-21,317.92999267578125,322.7699890136719,317.0400085449219,321.8800048828125,24040000,0.017062669707495814,320.3642883300781,328.61999947684154
2023-08-22,325.5,326.0799865722656,321.4599914550781,322.4599914550781,16084600,0.00180187201276083,320.57142857142856,327.5414283389137
2023-08-23,323.82000732421875,329.20001220703125,323.4599914550781,327.0,21166400,0.01407929251760942,320.9942844935826,326.39952305385043
2023-08-24,332.8500061035156,332.9800109863281,319.9599914550781,319.9700012207031,23281400,-0.02149846721497517,320.7242867606027,325.5519045875186
2023-08-25,321.4700012207031,325.3599853515625,318.79998779296875,322.9800109863281,21684100,0.009407162403167968,321.09286063058033,325.1833336239769
2023-08-28,325.6600036621094,326.1499938964844,321.7200012207031,323.70001220703125,14808500,0.0022292439043034573,322.067147391183,324.4847630092076
2023-08-29,321.8800048828125,328.9800109863281,321.8800048828125,328.4100036621094,19284600,0.014550482784862373,323.7714320591518,324.1271434965588
2023-08-30,328.6700134277344,329.8099975585937,326.45001220703125,328.7900085449219,15222100,0.0011571050777230418,324.7585754394531,323.76762026832216
2023-08-31,329.20001220703125,330.9100036621094,326.7799987792969,327.760009765625,26411000,-0.0031326948889207618,325.5157209123884,323.7800016857329
2023-09-01,331.3099975585937,331.989990234375,326.7799987792969,328.6600036621094,14942000,0.002745892938946115,325.7528642926897,323.87523978097096
2023-09-05,329.0,334.8500061035156,328.6600036621094,333.54998779296875,18553900,0.014878549493009485,327.692862374442,324.1500011625744
2023-09-06,333.3800048828125,334.4599914550781,330.17999267578125,332.8800048828125,17535800,-0.0020086431859566156,329.1071472167969,324.2819068545387
2023-09-07,331.2900085449219,333.0799865722656,329.0299987792969,329.9100036621094,18381000,-0.0089221376386025,329.9942888532366,324.4657171340216
2023-09-08,330.0899963378906,336.1600036621094,329.4599914550781,334.2699890136719,19530100,0.013215680952881836,330.8314296177455,325.03904942103793
2023-09-11,337.239990234375,338.4200134277344,335.42999267578125,337.94000244140625,16583300,0.010979189123628608,332.1385716029576,325.7538117908296
2023-09-12,335.82000732421875,336.7900085449219,331.4800109863281,331.7699890136719,17565500,-0.01825771848008484,332.71142578125,326.2661917550223
2023-09-13,331.3099975585937,336.8500061035156,331.1700134277344,336.0599975585937,16544400,0.012930670907503439,333.76856776646207,326.8385721842448
2023-09-14,339.1499938964844,340.8599853515625,336.57000732421875,338.70001220703125,20267000,0.007855783692247487,334.50428553989957,327.6404782249814
2023-09-15,336.9200134277344,337.3999938964844,329.6499938964844,330.2200012207031,37679800,-0.025036937350757182,334.12428501674106,328.1080976213728
2023-09-18,327.79998779296875,330.3999938964844,326.3599853515625,329.0599975585937,16834200,-0.0035128207189791816,334.0028555733817,328.68809727260043
2023-09-19,326.1700134277344,329.3900146484375,324.510009765625,328.6499938964844,16505900,-0.0012459845169612294,333.1999991280692,329.26762026832216
2023-09-20,329.510009765625,329.5899963378906,320.510009765625,320.7699890136719,21436500,-0.02397689039755313,330.7471400669643,329.2147623697917
2023-09-21,319.260009765625,325.3500061035156,315.0,319.5299987792969,35560400,-0.00386566785187048,328.99857003348217,329.0752389090402
2023-09-22,321.32000732421875,321.45001220703125,316.1499938964844,317.010009765625,21447900,-0.007886549066751236,326.2771432059152,328.5995250883557
2023-09-25,316.5899963378906,317.6700134277344,315.0,317.5400085449219,17836000,0.001671867647613734,323.25428553989957,328.4838111514137
2023-09-26,315.1300048828125,315.8800048828125,310.0199890136719,312.1400146484375,26297600,-0.01700571188250899,320.6714303152902,327.9676208496094
2023-09-27,312.29998779296875,314.29998779296875,309.69000244140625,312.7900085449219,19410100,0.0020823792720598977,318.3471461704799,327.4480968656994
2023-09-28,310.989990234375,315.4800109863281,309.45001220703125,313.6400146484375,19683600,0.0027174976191528533,316.20286342075894,326.74476405552457
2023-09-29,317.75,319.4700012207031,314.9800109863281,315.75,24147300,0.006727411213545587,315.48572213309154,326.12381126767116
2023-10-02,316.2799987792969,321.8900146484375,315.17999267578125,321.79998779296875,20570000,0.019160689763954908,315.8100062779018,325.84000069754467
2023-10-03,320.8299865722656,321.3900146484375,311.2099914550781,313.3900146484375,21033500,-0.02613416241004285,315.29286411830356,325.1128583635603
2023-10-04,314.0299987792969,320.0400085449219,314.0,318.9599914550781,20720100,0.01777330657101195,315.4957188197545,324.4180966331845
2023-10-05,319.0899963378906,319.9800109863281,314.8999938964844,319.3599853515625,16965600,0.0012540566440939482,316.5271432059152,323.7742861793155
2023-10-06,316.54998779296875,329.19000244140625,316.29998779296875,327.260009765625,25673600,0.02473705152937633,318.5942862374442,323.6480959937686
2023-10-09,324.75,330.29998779296875,323.17999267578125,329.82000732421875,19891200,0.00782251873801254,320.9057137625558,323.43619210379467
2023-10-10,330.9599914550781,331.1000061035156,327.6700134277344,328.3900146484375,20557100,-0.004335675956660623,322.71143014090404,322.98143078031995
2023-10-11,331.2099914550781,332.82000732421875,329.1400146484375,332.4200134277344,20063200,0.01227198940141716,324.22857666015625,323.01238432384673
2023-10-12,330.57000732421875,333.6300048828125,328.7200012207031,331.1600036621094,19313100,-0.00379041488095877,326.7671465192522,322.77905128115697
2023-10-13,332.3800048828125,333.8299865722656,326.3599853515625,327.7300109863281,21072400,-0.010357508871394194,328.02000645228793,322.2566702706473
2023-10-16,331.04998779296875,336.1400146484375,330.6000061035156,332.6400146484375,22158000,0.01498185548321418,329.91715349469865,322.37190900530135
2023-10-17,329.5899963378906,333.4599914550781,327.4100036621094,332.0599975585937,18338500,-0.0017436780432348309,330.60286603655135,322.51476614815846
2023-10-18,332.489990234375,335.5899963378906,328.29998779296875,330.1099853515625,23153600,-0.005872469497585575,330.64429146902904,322.58428955078125
2023-10-19,332.1499938964844,336.8800048828125,330.9100036621094,331.32000732421875,25052100,0.0036655115759907098,331.06286185128346,323.08667137509303
2023-10-20,331.7200012207031,331.9200134277344,325.45001220703125,326.6700134277344,25027700,-0.014034751278796276,330.2414332798549,323.42667207263764
2023-10-23,325.4700012207031,332.7300109863281,324.3900146484375,329.32000732421875,24374700,0.008112143103305103,329.97857666015625,324.01286243257067
2023-10-24,331.29998779296875,331.8399963378906,327.6000061035156,330.5299987792969,31153600,0.0036742117945081088,330.37857491629467,324.63143339611236
2023-10-25,345.0199890136719,346.20001220703125,337.6199951171875,340.6700134277344,55053800,0.030678046428119332,331.52571759905135,325.99000476655505
2023-10-26,340.5400085449219,341.6300048828125,326.94000244140625,327.8900146484375,37828500,-0.03751430497421182,330.9300057547433,326.7090526762463
2023-10-27,330.42999267578125,336.7200012207031,328.3999938964844,329.8099975585937,29856500,0.005855569930102389,330.8871503557478,327.4790518624442
2023-10-30,333.4100036621094,339.45001220703125,331.8299865722656,337.3099975585937,22828100,0.022740365833414655,331.7428632463728,328.5057184128534
2023-10-31,338.8500061035156,339.0,334.69000244140625,338.1099853515625,20265300,0.0023716693805668765,333.3771449497768,329.28238496326264
2023-11-01,339.7900085449219,347.4200134277344,339.6499938964844,346.07000732421875,28158800,0.023542700060690258,335.77000209263394,330.8385750906808
2023-11-02,347.239990234375,348.8299865722656,344.7699890136719,348.32000732421875,24348100,0.006501574688303036,338.3114318847656,332.2366710844494
2023-11-03,349.6300048828125,354.3900146484375,347.3299865722656,352.79998779296875,23637700,0.012861679991238661,340.0442853655134,333.8290521530878
2023-11-06,353.45001220703125,357.5400085449219,353.3500061035156,356.5299987792969,23828300,0.01057259386447873,344.1357116699219,335.22286115373885
2023-11-07,359.3999938964844,362.4599914550781,357.6300048828125,360.5299987792969,25833900,0.011219252275251446,348.5242832728795,336.68524169921875
2023-11-08,361.6799926757813,363.8699951171875,360.5499877929688,363.2000122070313,26767800,0.00740580100622612,352.2228567940848,338.34286063058033
2023-11-09,362.2999877929688,364.7900085449219,360.3599853515625,360.6900024414063,24847300,-0.006910819607005569,355.44857352120533,339.68905058361236
2023-11-10,361.489990234375,370.1000061035156,361.0700073242188,369.6700134277344,28042100,0.024896756010826415,358.8200029645647,341.52286057245163
2023-11-13,368.2200012207031,368.4700012207031,365.8999938964844,366.6799926757813,19986500,-0.00808835080840975,361.44285801478793,343.37762160528274
2023-11-14,371.010009765625,371.9500122070313,367.3500061035156,370.2699890136719,27683900,0.009790543279149855,363.9385724748884,345.1695251464844
2023-11-15,371.2799987792969,373.1300048828125,367.1099853515625,369.6700134277344,26860100,-0.001620373251247642,365.8157174246652,346.9604782831101
2023-11-16,370.9599914550781,376.3500061035156,370.1799926757813,376.1700134277344,27182300,0.01758324928692301,368.0500052315848,349.15381295340404
2023-11-17,373.6099853515625,374.3699951171875,367.0,369.8500061035156,40157000,-0.016800933350932468,369.00000435965404,350.9885748000372
2023-11-20,371.2200012207031,378.8699951171875,371.0,377.4400024414063,52465100,0.020521822935339662,371.39286150251115,353.4061933244978
2023-11-21,375.6700134277344,376.2200012207031,371.1199951171875,373.0700073242188,28423100,-0.0115779861406341,371.87857491629467,355.4895266578311
2023-11-22,378.0,379.7900085449219,374.9700012207031,377.8500061035156,23345300,0.012812605370183805,373.4742911202567,357.7428603399368
2023-11-24,377.3299865722656,377.9700012207031,375.1400146484375,377.4299926757813,10176600,-0.0011115877225081894,374.4971487862723,359.4933355422247
2023-11-27,376.7799987792969,380.6400146484375,376.2000122070313,378.6099853515625,22179200,0.0031263882009366917,375.77428763253346,361.9085722423735
2023-11-28,378.3500061035156,383.0,378.1600036621094,382.7000122070313,20453100,0.010802744284916121,376.7071446010045,364.42714436848956
2023-11-29,383.760009765625,384.2999877929688,377.4400024414063,378.8500061035156,28963400,-0.010060114922162411,377.99285888671875,366.40524001348587
2023-11-30,378.489990234375,380.0899963378906,375.4700012207031,378.9100036621094,30554400,0.00015836757985265848,378.2028590611049,368.3480980282738
2023-12-01,376.760009765625,378.1600036621094,371.30999755859375,374.510009765625,33040500,-0.01161223998827976,378.40857369559154,369.702383858817
2023-12-04,369.1000061035156,369.5199890136719,362.8999938964844,369.1400146484375,32063300,-0.014338722536543558,377.16428920200894,370.69381277901783
2023-12-05,366.4500122070313,373.0799865722656,365.6199951171875,372.5199890136719,23065000,0.009156347811421606,376.4628601074219,371.6328604561942
2023-12-06,373.5400085449219,374.1799926757813,368.0299987792969,368.7999877929688,21182100,-0.009986044589318732,375.0614318847657,372.21714564732144
2023-12-07,368.2300109863281,371.4500122070313,366.3200073242188,370.9500122070313,23118900,0.005829784395951387,373.3828604561942,372.71333676292784
2023-12-08,369.2000122070313,374.4599914550781,368.2300109863281,374.2300109863281,20154400,0.008842158434722469,372.72286115373885,373.2385748000372
2023-12-11,368.4800109863281,371.6000061035156,366.1000061035156,371.2999877929688,27708800,-0.007829471467659443,371.6357160295759,373.7438121977307
2023-12-12,370.8500061035156,374.4200134277344,370.4599914550781,374.3800048828125,24838300,0.008295225400225537,371.6171439034598,373.96809750511534
2023-12-13,376.0199890136719,377.6400146484375,370.7699890136719,374.3699951171875,30955500,-2.6736913014691055e-05,372.3642839704241,374.3342880975632
2023-12-14,373.30999755859375,373.760009765625,364.1300048828125,365.9299926757813,43277500,-0.022544548311795753,371.42285592215404,374.12762160528274
2023-12-15,366.8500061035156,372.3999938964844,366.2799987792969,370.7300109863281,78502300,0.013117313165416533,371.69857352120533,374.1780976795015
2023-12-18,369.4500122070313,373.0,368.6799926757813,372.6499938964844,21802900,0.005178924967655485,371.9414280482701,374.01047770182294
2023-12-19,371.489990234375,373.260009765625,369.8399963378906,373.260009765625,20603700,0.0016369673396803286,371.8028564453125,374.17285882859005
2023-12-20,375.0,376.0299987792969,370.5299987792969,370.6199951171875,26316700,-0.007072856934487004,371.7057146344866,373.8480965750558
2023-12-21,372.55999755859375,374.4100036621094,370.0400085449219,373.5400085449219,17708000,0.007878726097363176,371.5857151576451,373.8704775855655
2023-12-22,373.6799926757813,375.1799926757813,372.7099914550781,374.5799865722656,17107500,0.0027841141606086417,371.615713936942,373.7147623697917
2023-12-26,375.0,376.9400024414063,373.5,374.6600036621094,12673100,0.00021361816624532182,372.8628583635603,373.5828581310454
2023-12-27,373.6900024414063,375.05999755859375,372.80999755859375,374.0700073242188,14905400,-0.0015747513268661306,373.34000069754467,373.36666870117193
2023-12-28,375.3699951171875,376.4599914550781,374.1600036621094,375.2799987792969,14327000,0.0032346657881858754,373.71571568080356,373.01333472842265
2023-12-29,376.0,377.1600036621094,373.4800109863281,376.0400085449219,18730800,0.0020251805800926004,374.1128583635603,372.8795253208706
2024-01-02,373.8599853515625,375.8999938964844,366.7699890136719,370.8699951171875,25258600,-0.013748572785485358,374.14857264927457,372.4966677711124
2024-01-03,369.010009765625,373.260009765625,368.510009765625,370.6000061035156,23083500,-0.0007279882903079571,373.7285723005022,372.3104771205358
2024-01-04,370.6700134277344,373.1000061035156,367.1700134277344,367.9400024414063,20901500,-0.007177559682409518,372.7800031389509,372.2533336821057
2024-01-05,368.9700012207031,372.05999755859375,366.5,367.75,21004600,-0.0005163951735217553,371.79285975864957,372.0261913481213
2024-01-08,369.2999877929688,375.2000122070313,369.010009765625,374.6900024414063,23134000,0.018871522614293257,371.88143048967635,372.3066682361422
2024-01-09,372.010009765625,375.989990234375,371.1900024414063,375.7900085449219,20830000,0.0029357764988340307,371.9542890276228,372.53714425223217
2024-01-10,376.3699951171875,384.1700134277344,376.3200073242188,382.7699890136719,25514200,0.018574151281394835,372.9157148088728,372.9438098725819
2024-01-11,386.0,390.6799926757813,380.3800048828125,384.6300048828125,27850800,0.0048593565914965,374.88143048967635,373.57857259114587
2024-01-12,385.489990234375,388.6799926757813,384.6499938964844,388.4700012207031,21661200,0.00998361097455347,377.43428693498885,374.24952479771207
2024-01-16,393.6600036621094,394.0299987792969,387.6199951171875,390.2699890136719,27202300,0.004633530999337276,380.62428501674106,375.00666736421135
2024-01-17,387.9800109863281,390.1099853515625,384.80999755859375,389.4700012207031,22234100,-0.0020498316946956363,383.7271423339844,376.1276201520647
2024-01-18,391.7200012207031,393.989990234375,390.1199951171875,393.8699951171875,23392100,0.011297388457887969,386.4671412876674,377.22952415829616
2024-01-19,395.760009765625,398.6700134277344,393.5,398.6700134277344,29331100,0.012186808769524937,389.73571341378346,378.46857270740327
2024-01-22,400.0199890136719,400.6199951171875,393.5899963378906,396.510009765625,27016900,-0.00541802390287105,391.69857352120533,379.57571556454616
2024-01-23,395.75,399.3800048828125,393.9299926757813,398.8999938964844,20525900,0.006027550558615369,393.73714338030135,380.9223821730841
2024-01-24,401.5400085449219,405.6300048828125,400.4500122070313,402.55999755859375,24867000,0.009175241208600138,395.75,382.30428641183033
2024-01-25,404.3200073242188,407.010009765625,402.5299987792969,404.8699951171875,21021200,0.005738269009845087,397.8357151576451,383.74666777111236
2024-01-26,404.3699951171875,406.1700134277344,402.4299926757813,403.9299926757813,17803300,-0.002321738960018749,399.90142822265625,385.1404767717634
2024-01-29,406.05999755859375,409.9800109863281,404.3299865722656,409.7200012207031,24510200,0.01433418822545618,402.1657148088728,386.83809552873885
2024-01-30,412.260009765625,413.0499877929688,406.4500122070313,408.5899963378906,33477600,-0.0027579929694567795,403.5828552246094,388.4242858886719
2024-01-31,406.9599914550781,415.3200073242188,397.2099914550781,397.5799865722656,47871100,-0.026946351756786724,403.7357090541295,389.4499991280692
2024-02-01,401.8299865722656,408.0,401.7999877929688,403.7799987792969,30657700,0.015594377022054351,404.432852608817,391.0171421595982
2024-02-02,403.80999755859375,412.6499938964844,403.55999755859375,411.2200012207031,28256700,0.018425881578826964,405.6699959891183,392.95142764136904
2024-02-05,409.8999938964844,411.1600036621094,403.989990234375,405.6499938964844,25352300,-0.013545078808628541,405.7814243861607,394.7471415201823
2024-02-06,405.8800048828125,407.9700012207031,402.9100036621094,405.489990234375,18382600,-0.00039443772837877145,406.0042811802455,396.5442839122954
2024-02-07,407.4400024414063,414.2999877929688,407.3999938964844,414.0499877929688,22340500,0.02111025614626416,406.62285069056924,398.41856892903644
2024-02-08,414.0499877929688,415.55999755859375,412.5299987792969,414.1099853515625,21225300,0.00014490414288736986,407.4114205496652,400.2433297293527
2024-02-09,415.25,420.8200073242188,415.0899963378906,420.5499877929688,22032800,0.015551429980465326,410.6928492954799,402.0423772902716
2024-02-12,420.55999755859375,420.739990234375,414.75,415.260009765625,21202900,-0.01257871401948063,412.33285086495533,403.5009489513579
2024-02-13,404.9400024414063,410.0700073242188,403.3900146484375,406.3200073242188,27824900,-0.02152868619940551,411.63285173688615,404.3509492420015
2024-02-14,408.0700073242188,409.8399963378906,404.5700073242188,409.489990234375,20401200,0.0078016904238404905,412.1814226422991,405.2661873953683
2024-02-15,408.1400146484375,409.1300048828125,404.2900085449219,406.55999755859375,21825500,-0.0071552241706915876,412.3342808314732,406.0799967447917
2024-02-16,407.9599914550781,408.2900085449219,403.4400024414063,404.05999755859375,22296500,-0.0061491539133524675,410.90713936941967,406.5652349562872
2024-02-20,403.239990234375,404.489990234375,398.010009765625,402.7900085449219,24307900,-0.003143070388915925,409.28999982561385,406.7614251999628
2024-02-21,400.1700134277344,402.2900085449219,397.2200012207031,402.1799926757813,18518900,-0.0015144761692184039,406.6657148088728,407.0314243861607
2024-02-22,410.1900024414063,412.8299865722656,408.5700073242188,411.6499938964844,27009900,0.023546674109016008,406.1499982561384,407.63856724330356
2024-02-23,415.6700134277344,415.8599853515625,408.9700012207031,410.3399963378906,16295900,-0.003182309189887045,406.72428240094865,408.00904337565106
2024-02-26,411.4599914550781,412.1600036621094,407.3599853515625,407.5400085449219,16193500,-0.006823580001845908,406.44571358816967,408.1361868722098
2024-02-27,407.989990234375,408.3200073242188,403.8500061035156,407.4800109863281,14835800,-0.00014721881860868535,406.57714407784596,408.3052353631882
2024-02-28,408.1799926757813,409.2999877929688,405.3200073242188,407.7200012207031,13183100,0.0005889619807217805,407.1000017438616,408.20999726795014
2024-02-29,408.6400146484375,414.2000122070313,405.9200134277344,413.6400146484375,31947300,0.014519801358800155,408.6500026157924,408.45047433035717
2024-03-01,411.2699890136719,415.8699951171875,410.8800048828125,415.5,17823400,0.004496628192858232,410.55286080496654,409.3038083031064
2024-03-04,413.4400024414063,417.3500061035156,412.3200073242188,414.9200134277344,17596000,-0.001395876226872761,411.02000645228793,409.8342851911272
2024-03-05,413.9599914550781,414.25,400.6400146484375,402.6499938964844,26919200,-0.02957201179544222,409.9214346749442,409.42618960425966
2024-03-06,402.9700012207031,405.1600036621094,398.3900146484375,402.0899963378906,22344100,-0.00139078000020465,409.14286150251115,409.2566659109933
2024-03-07,406.1199951171875,409.7799987792969,402.239990234375,409.1400146484375,18718500,0.017533433745569926,409.3800048828125,409.4304765973772
2024-03-08,407.9599914550781,410.4200134277344,404.3299865722656,406.2200012207031,18002200,-0.007136953911104138,409.1657191685268,409.057620093936
2024-03-11,403.760009765625,405.6799926757813,401.260009765625,404.5199890136719,16120800,-0.004184954462908452,407.8628583635603,408.60095360165553
2024-03-12,407.6199951171875,415.5700073242188,406.7900085449219,415.2799987792969,22457000,0.02659945134444608,407.8314296177455,408.3500017438616
2024-03-13,418.1000061035156,418.1799926757813,411.4500122070313,415.1000061035156,17115900,-0.00043342486108244316,407.85714285714283,408.3423825218564
2024-03-14,420.239990234375,427.8200073242188,417.989990234375,425.2200012207031,34157300,0.024379655428537372,411.0814296177455,409.2423822312128
2024-03-15,419.2900085449219,422.6000061035156,412.7900085449219,416.4200134277344,45079900,-0.020695140792310163,413.12857491629467,409.57238333565846
2024-03-18,414.25,420.7300109863281,413.7799987792969,417.3200073242188,20106000,0.00216126475064482,414.2971452985491,410.0847647530692
2024-03-19,417.8299865722656,421.6700134277344,415.5499877929688,421.4100036621094,19837900,0.009800623660760621,416.46714564732144,410.91095551990327
2024-03-20,422.0,425.9599914550781,420.6600036621094,425.2300109863281,17860100,0.009064823547192402,419.42572021484375,411.97952706473217
2024-03-21,429.8299865722656,430.8200073242188,427.1600036621094,429.3699951171875,21296200,0.00973587005596488,421.4385768345424,413.2742890857515
2024-03-22,429.7000122070313,429.8599853515625,426.0700073242188,428.739990234375,17648500,-0.0014672773830890495,423.38714599609375,414.08809843517486
2024-03-25,425.239990234375,427.4100036621094,421.6099853515625,422.8599853515625,18060500,-0.01371461728960277,423.0500008719308,414.6842883882068
2024-03-26,425.6099853515625,425.989990234375,421.3500061035156,421.6499938964844,16725600,-0.0028614470439243256,423.7971409388951,415.356192452567
2024-03-27,424.4400024414063,424.4500122070313,419.010009765625,421.4299926757813,16705000,-0.0005217626559650412,424.38428170340404,416.0204772949219
2024-03-28,420.9599914550781,421.8699951171875,419.1199951171875,420.7200012207031,21871200,-0.001684719804991186,424.2857099260603,416.63952491396947
2024-04-01,423.9500122070313,427.8900146484375,422.2200012207031,424.5700073242188,16316000,0.00915099375438544,424.19142368861606,417.16000075567337
2024-04-02,420.1099853515625,422.3800048828125,417.8399963378906,421.4400024414063,17912000,-0.007372176151911547,423.0585675920759,417.44285801478793
2024-04-03,419.7300109863281,423.260009765625,419.0899963378906,420.4500122070313,16502300,-0.0023490656526194975,421.8742850167411,417.70619128999255
2024-04-04,424.989990234375,428.6700134277344,417.5700073242188,417.8800048828125,19370900,-0.00611251575598315,421.1628592354911,418.43142990838913
2024-04-05,420.010009765625,426.510009765625,418.3200073242188,425.5199890136719,16554800,0.018282722412147567,421.7157156808036,419.5471438453311
2024-04-08,425.1700134277344,427.2799987792969,423.2999877929688,424.5899963378906,14272400,-0.0021855440397451353,422.1671447753907,420.28285725911456
2024-04-09,426.4400024414063,427.739990234375,421.6199951171875,426.2799987792969,12496900,0.003980316201471101,422.9614301409041,421.23809523809524
2024-04-10,422.1900024414063,424.0299987792969,419.7000122070313,423.260009765625,16216600,-0.0070845196169653235,422.77428763253357,422.1304771786644
2024-04-11,425.8200073242188,429.3699951171875,422.3599853515625,427.9299926757813,17966400,0.011033366730635041,423.70142909458707,422.7328578404018
2024-04-12,424.0499877929688,425.1799926757813,419.7699890136719,421.8999938964844,19253800,-0.01409108705279638,423.9085693359375,423.0566667829241
2024-04-15,426.6000061035156,426.8200073242188,413.4299926757813,413.6400146484375,20273500,-0.01957805017194081,423.3028564453125,422.50523885091144
2024-04-16,414.5700073242188,418.3999938964844,413.7300109863281,414.5799865722656,16765600,0.002272439538101745,421.739998953683,422.4176185244606
2024-04-17,417.25,418.8800048828125,410.3299865722656,411.8399963378906,15855500,-0.0066090750232039586,419.9185703822545,422.1566656203497
2024-04-18,410.6300048828125,411.8900146484375,403.9500122070313,404.2699890136719,21029900,-0.018380942578505644,416.7742832728795,421.34047444661456
2024-04-19,404.0299987792969,405.4800109863281,397.7699890136719,399.1199951171875,30565800,-0.012738996305536321,413.3257097516741,420.0971403576079
2024-04-22,400.0799865722656,402.8500061035156,395.75,400.9599914550781,20286900,0.004610133194029364,409.4728524344308,418.74428304036456
2024-04-23,404.239990234375,408.2000122070313,403.05999755859375,407.5700073242188,15734500,0.016485474885294726,407.4257114955357,417.73618861607144
2024-04-24,409.55999755859375,412.4700012207031,406.7799987792969,409.05999755859375,15065300,0.003655789698945311,406.77142333984375,417.07904634021577
2024-04-25,394.0299987792969,399.8900146484375,388.0299987792969,399.0400085449219,40586500,-0.024495157369272214,404.55142647879467,416.00238037109375
2024-04-26,412.1700134277344,413.0,405.760009765625,406.3200073242188,29694700,0.01824378163443585,403.76285661969865,415.28285725911456
2024-04-29,405.25,406.3200073242188,399.1900024414063,402.25,19582100,-0.010016753423050528,403.4742867606027,414.40333339146207
2024-04-30,401.489990234375,402.1600036621094,389.1700134277344,389.3299865722656,28781400,-0.03211936215720168,402.0757141113281,412.72523716517856
2024-05-01,392.6099853515625,401.7200012207031,390.30999755859375,394.9400024414063,23562500,0.01440941120033501,401.21571568080356,411.4633324032738
2024-05-02,397.6600036621094,399.9299926757813,394.6499938964844,397.8399963378906,17709400,0.0073428720275419135,399.8257141113281,410.3866649809338
2024-05-03,402.2799987792969,407.1499938964844,401.8599853515625,406.6600036621094,17446700,0.022169735082964825,399.4828578404018,409.8523792085193
2024-05-06,408.760009765625,413.9299926757813,406.3699951171875,413.5400085449219,16996600,0.016918321990989416,401.55428641183033,409.2819039481027
2024-05-07,414.6600036621094,414.6700134277344,409.0899963378906,409.3399963378906,20018200,-0.010156241524996279,401.98571341378346,408.5557134719122
2024-05-08,408.1700134277344,412.2300109863281,406.7099914550781,410.5400085449219,11792300,0.0029315781935970175,403.1700003487723,407.8061901274182
2024-05-09,410.5700073242188,412.7200012207031,409.1000061035156,412.3200073242188,14689700,0.004335749847148351,406.4542890276228,407.2852376302083
2024-05-10,412.9400024414063,415.3800048828125,411.7999877929688,414.739990234375,13402300,0.005869186231977519,409.2828587123326,406.6571422758557
2024-05-13,418.010009765625,418.3500061035156,410.8200073242188,413.7200012207031,15440200,-0.0024593457049932876,411.55143083844865,406.2676188151042
2024-05-14,412.0199890136719,417.489990234375,411.5499877929688,416.55999755859375,15109300,0.0068645371978899306,412.96571568080356,406.4066656203497
2024-05-15,417.8999938964844,423.80999755859375,417.2699890136719,423.0799865722656,22239500,0.01565198063156492,414.3285696847098,406.8114275251116
2024-05-16,421.7999877929688,425.4200134277344,420.3500061035156,420.989990234375,17530100,-0.004939955573941224,415.9928545270647,407.2471415201823
2024-05-17,422.5400085449219,422.9200134277344,418.0299987792969,420.2099914550781,15352200,-0.0018527727437477326,417.37428065708707,408.00618925548736
2024-05-20,420.2099914550781,426.7699890136719,419.989990234375,425.3399963378906,16272100,0.012208193491660246,419.2342790876116,409.2547607421875
2024-05-21,426.8299865722656,432.9700012207031,424.8500061035156,429.0400085449219,21453300,0.008698951988733272,421.27713884626115,410.59190441313245
2024-05-22,430.0899963378906,432.4100036621094,427.1300048828125,430.5199890136719,18073700,0.00344951622057188,423.67713710239957,411.6847606840588
2024-05-23,432.9700012207031,433.6000061035156,425.4200134277344,427.0,17211700,-0.008176133753362347,425.16856602260043,412.5390465146019
2024-05-24,427.1900024414063,431.05999755859375,424.4100036621094,430.1600036621094,11855300,0.007400476960443436,426.1799970354353,414.02095104399183
2024-05-28,429.6300048828125,430.8200073242188,426.6000061035156,430.3200073242188,15718000,0.00037196313173537554,427.51285661969865,415.16380818684894
2024-05-29,425.6900024414063,430.9400024414063,425.6900024414063,429.1700134277344,15517100,-0.0026724155905165636,428.79285975864957,416.44571358816967
2024-05-30,424.2999877929688,424.2999877929688,414.239990234375,414.6700134277344,28394500,-0.03378614429323723,427.2685764857701,417.6523815336682
2024-05-31,416.75,416.75,404.510009765625,415.1300048828125,47995300,0.0011092951990325783,425.28143310546875,418.6138102213542
2024-06-03,415.5299987792969,416.4299926757813,408.9200134277344,413.5199890136719,17484700,-0.003878341363436566,422.8528616768973,419.3604765392485
2024-06-04,412.4299926757813,416.4400024414063,409.6799926757813,416.0700073242188,14348900,0.006166614379704338,421.2914341517857,419.8085719517299
2024-06-05,417.80999755859375,424.0799865722656,416.2999877929688,424.010009765625,16988000,0.019083332856576263,420.4128635951451,420.30714343843005
2024-06-06,424.010009765625,425.30999755859375,420.5799865722656,424.5199890136719,14861300,0.0012027528508791185,419.58428955078125,421.0300002325149
2024-06-07,426.2000122070313,426.2799987792969,423.0,423.8500061035156,13621700,-0.0015782128698177411,418.8242885044643,421.663809640067
2024-06-10,424.7000122070313,428.0799865722656,423.8900146484375,427.8699951171875,13982900,0.009484461379694054,420.71000017438615,422.40428524925596
2024-06-11,425.4800109863281,432.8200073242188,425.25,432.6799926757813,14551100,0.01124172672420376,423.21714128766746,423.2585710797991
2024-06-12,435.3200073242188,443.3999938964844,433.25,441.05999755859375,22366200,0.019367673626387916,427.1514282226563,424.5604756673177
2024-06-13,440.8500061035156,443.3900146484375,439.3699951171875,441.5799865722656,15960600,0.0011789530144428184,430.7957109723772,425.7519037155878
2024-06-14,438.2799987792969,443.1400146484375,436.7200012207031,442.5700073242188,13582000,0.002241996426600279,433.44713919503346,426.6799999418713
2024-06-17,442.5899963378906,450.9400024414063,440.7200012207031,448.3699951171875,20790000,0.013105243683446677,436.85428292410717,427.98380969819567
2024-06-18,449.7099914550781,450.1400146484375,444.8900146484375,446.3399963378906,17112500,-0.004527508087971643,440.067138671875,429.2280956449963
2024-06-20,446.2999877929688,446.5299987792969,441.2699890136719,445.7000122070313,19877400,-0.0014338489405166799,442.6142839704241,430.19762021019346
2024-06-21,447.3800048828125,450.5799865722656,446.510009765625,449.7799987792969,34187100,0.009154109177745173,445.05714198521207,431.18523879278274
2024-06-24,449.7999877929688,452.75,446.4100036621094,447.6700134277344,15913700,-0.004691149800544747,446.00142996651783,432.0019066220238
2024-06-25,448.25,451.4200134277344,446.75,450.9500122070313,16413400,0.007326822616914974,447.34000505719865,433.1423833937872
2024-06-26,449.0,453.6000061035156,448.1900024414063,452.1600036621094,16507000,0.002683205282900669,448.7100045340402,434.19000244140625
2024-06-27,452.1799926757813,456.1700134277344,451.7699890136719,452.8500061035156,14806300,0.0015260138796395761,449.3500061035156,435.26285952613466
2024-06-28,453.0700073242188,455.3800048828125,446.4100036621094,446.9500122070313,28362300,-0.013028583011955752,449.43715122767856,436.1095261346727
2024-07-01,448.6600036621094,457.3699951171875,445.6600036621094,456.7300109863281,17662800,0.021881638913048285,451.0128653390067,438.1123831612724
2024-07-02,453.2000122070313,459.5899963378906,453.1099853515625,459.2799987792969,13979800,0.005583140436648648,452.37000819614957,440.2147638230098
2024-07-03,458.1900024414063,461.0199890136719,457.8800048828125,460.7699890136719,9932800,0.003244187071797633,454.2414332798549,442.4647638230098
2024-07-05,459.6099853515625,468.3500061035156,458.9700012207031,467.55999755859375,16000300,0.014736221339971767,456.6142883300781,444.9166681198848
2024-07-08,466.5499877929688,467.7000122070313,464.4599914550781,466.239990234375,12962300,-0.0028231827596699732,458.62571498325894,446.9276195707776
2024-07-09,467.0,467.3299865722656,458.0,459.5400085449219,17207200,-0.014370242428336288,459.5814296177455,448.59523954845616
2024-07-10,461.2200012207031,466.4599914550781,458.8599853515625,466.25,18196100,0.014601539213798809,462.3385707310268,450.6142868768602
2024-07-11,462.9800109863281,464.7799987792969,451.5499877929688,454.7000122070313,23111200,-0.024772091781166128,462.04857090541293,451.89190673828136
2024-07-12,454.3299865722656,456.3599853515625,450.6499938964844,453.5499877929688,16324300,-0.0025291937171509904,461.22999790736606,452.885716029576
2024-07-15,453.2999877929688,457.260009765625,451.4299926757813,453.9599914550781,14429400,0.0009039878142307334,460.25714111328125,453.5000014532181
2024-07-16,454.2200012207031,454.2999877929688,446.6600036621094,449.5199890136719,17175700,-0.009780602971585006,457.6799970354353,453.8780968075708
2024-07-17,442.5899963378906,444.8500061035156,439.1799926757813,443.5199890136719,21778000,-0.01334757106834128,454.4342825753348,453.92333403087804
2024-07-18,444.3399963378906,444.6499938964844,434.3999938964844,440.3699951171875,20794800,-0.007102259141666956,451.6957092285156,453.5423816499257
2024-07-19,433.1000061035156,441.1400146484375,432.0,437.1099853515625,20940400,-0.007402888030001886,447.53284999302457,453.1028573172434
2024-07-22,441.7900085449219,444.6000061035156,438.9100036621094,442.9400024414063,15808800,0.013337643351146067,445.8528485979353,452.97142828078506
2024-07-23,443.8999938964844,448.3900146484375,443.1000061035156,444.8500061035156,13107100,0.0043121046904359694,444.6099940708705,452.7366667247955
2024-07-24,440.4500122070313,441.4800109863281,427.5899963378906,428.8999938964844,26805800,-0.035854809459797354,441.02999441964283,451.8428562709264
2024-07-25,428.7999877929688,429.7999877929688,417.510009765625,418.3999938964844,29943800,-0.024481231404573478,436.5842808314732,450.2928553989955
2024-07-26,418.2000122070313,428.9200134277344,417.2699890136719,425.2699890136719,23583800,0.016419682641982014,433.97713797433033,449.0123785109747
2024-07-29,431.5799865722656,432.1499938964844,424.7000122070313,426.7300109863281,15125800,0.0034331648373364665,432.02856881277904,447.76856921968005
2024-07-30,427.7200012207031,429.0499877929688,417.3599853515625,422.9200134277344,32687600,-0.00892835624517585,430.00142996651783,446.6242835635231
2024-07-31,420.5,421.7799987792969,412.2099914550781,418.3500061035156,42891400,-0.010805843136103221,426.4885733468192,444.79666428338913
2024-08-01,420.7900085449219,427.4599914550781,413.0899963378906,417.1099853515625,30296400,-0.002964074898677782,422.5257132393973,442.788568405878
2024-08-02,412.489990234375,415.0,404.3399963378906,408.489990234375,29437900,-0.020666000383381178,419.60999843052457,440.2990446544829
2024-08-05,389.1700134277344,401.0400085449219,385.5799865722656,395.1499938964844,40709200,-0.03265685000074703,416.28856985909596,436.8509492420015
2024-08-06,400.0,405.6700134277344,398.5,399.6099853515625,24946500,0.011286831643597228,412.6228550502232,433.6780918666295
2024-08-07,408.6400146484375,410.0799865722656,397.4700012207031,398.4299926757813,20650900,-0.002952860836905935,408.5799952915737,430.7680911109561
2024-08-08,402.4400024414063,405.8599853515625,399.9400024414063,402.6900024414063,20203000,0.010691990673231233,405.6899937220982,427.7414245605469
2024-08-09,404.0299987792969,408.0499877929688,402.260009765625,406.0199890136719,19276700,0.008269354968031717,403.9285627092634,425.42332821800596
2024-08-12,407.05999755859375,408.760009765625,404.239990234375,406.80999755859375,16762900,0.0019457380579734895,402.45713588169644,423.19761439732144
2024-08-13,409.5899963378906,414.9500122070313,409.5700073242188,414.010009765625,19414300,0.017698710086381908,403.24571010044644,421.2952343168713
2024-08-14,414.7999877929688,417.7200012207031,412.4500122070313,416.8599853515625,18267000,0.00688383256132119,406.3471374511719,419.739996047247
2024-08-15,419.7999877929688,421.1099853515625,417.6600036621094,421.0299987792969,20752100,0.010003391004818063,409.40713936941967,418.6690441313244
2024-08-16,420.6000061035156,421.3399963378906,417.2999877929688,418.4700012207031,22775600,-0.006080321036543768,412.2699977329799,417.62618727911087
2024-08-19,418.9599914550781,421.75,416.4599914550781,421.5299987792969,15234000,0.007312346284482851,414.96142578125,416.884283156622
2024-08-20,421.7000122070313,425.8599853515625,421.6400146484375,424.7999877929688,16387600,0.007757428944894729,417.64428274972096,416.02047293526783
2024-08-21,424.0799865722656,426.3999938964844,421.7200012207031,424.1400146484375,16067300,-0.0015536091419403597,420.11999947684154,415.0342828659784
2024-08-22,424.3599853515625,426.7900085449219,414.6099853515625,415.5499877929688,19361900,-0.02025280935256446,420.3399963378906,414.3985682896205
2024-08-23,416.9800109863281,419.260009765625,412.0899963378906,416.7900085449219,18493800,0.0029840471384416922,420.3299996512277,414.3219023204985
2024-08-26,416.3699951171875,417.2799987792969,411.3399963378906,413.489990234375,13152800,-0.007917700143695305,419.2528555733817,413.76094999767486
2024-08-27,412.8599853515625,414.3599853515625,410.25,413.8399963378906,13492900,0.0008464681413864472,418.59142630440846,413.14713977632067
2024-08-28,414.8800048828125,415.0,407.30999755859375,410.6000061035156,14882700,-0.007829089172254888,417.0299987792969,412.5604727608817
2024-08-29,414.9400024414063,422.0499877929688,410.6000061035156,413.1199951171875,17045200,0.006137333113035881,415.3614283970424,412.3114246186756
2024-08-30,415.6000061035156,417.489990234375,412.1300048828125,417.1400146484375,24308300,0.00973087620731028,414.3614283970424,412.31285458519346
2024-09-03,417.9100036621094,419.8800048828125,407.0299987792969,409.4400024414063,20313600,-0.018459059156721525,413.4885733468192,412.35809326171875
2024-09-04,405.9100036621094,411.239990234375,404.3699951171875,408.8999938964844,15135800,-0.0013188954222889127,412.3614283970424,413.0128551664807
2024-09-05,407.6199951171875,413.1000061035156,406.1300048828125,408.3900146484375,14195500,-0.001247197984003856,411.6328604561942,413.4309517996652
2024-09-06,409.05999755859375,410.6499938964844,400.7999877929688,401.7000122070313,19609500,-0.016381405522770343,409.89857700892856,413.586667015439
2024-09-09,407.239990234375,408.6499938964844,402.1499938964844,405.7200012207031,15295100,0.01000744060620029,409.20143345424106,413.73095267159596
2024-09-10,408.2000122070313,416.3299865722656,407.7000122070313,414.2000122070313,19594300,0.020901141084526564,409.355721609933,414.1204775855655
2024-09-11,415.5,423.989990234375,409.5799865722656,423.0400085449219,19266900,0.02134233722202805,410.1985778808594,414.8933352515811
2024-09-12,423.30999755859375,427.3699951171875,419.75,427.0,17395700,0.009360796556096007,412.70714896065846,415.5119062151228
2024-09-13,425.8299865722656,431.8299865722656,425.4599914550781,430.5899963378906,15874600,0.00840748556883053,415.8057207380022,416.16571626209077
2024-09-16,430.6000061035156,433.5299987792969,428.2200012207031,431.3399963378906,13834700,0.0017417961549934802,419.08428955078125,416.6566685267857
2024-09-17,440.2300109863281,441.8500061035156,432.2699890136719,435.1499938964844,18874200,0.008832933627627604,423.8628583635603,417.4509538922991
2024-09-18,435.0,436.0299987792969,430.4100036621094,430.80999755859375,18898000,-0.009973564055531292,427.4471435546875,417.89285859607514
2024-09-19,441.2300109863281,441.5,436.8999938964844,438.6900024414063,21706600,0.018291137456114326,430.94571358816967,418.55428786504837
2024-09-20,437.2200012207031,439.239990234375,434.2200012207031,435.2699890136719,55167100,-0.007795968471360881,432.69285365513394,419.08428664434524
2024-09-23,434.2799987792969,436.4599914550781,430.3900146484375,433.510009765625,15128900,-0.0040434196991964155,433.6228550502232,419.9395257859003
2024-09-24,433.0,433.3500061035156,426.1000061035156,429.1700134277344,17015800,-0.010011294411026439,433.4200003487723,420.529049827939
2024-09-25,429.8299865722656,433.1199951171875,428.5700073242188,432.1099853515625,13396400,0.006850366595622326,433.5299987792969,421.41571626209077
2024-09-26,435.0899963378906,435.2999877929688,429.1300048828125,431.30999755859375,14492000,-0.001851352248474103,432.98142787388394,422.2476210821243
2024-09-27,431.5199890136719,431.8500061035156,427.4700012207031,428.0199890136719,14896100,-0.007627944085564442,432.5828552246094,423.07714407784596
2024-09-30,428.2099914550781,430.4200134277344,425.3699951171875,430.2999877929688,16807300,0.005326851170084357,431.3842817034041,423.8952389671689
2024-10-01,428.4500122070313,428.4800109863281,418.80999755859375,420.6900024414063,19092900,-0.022333222459179236,429.30142647879467,424.06428600492933
2024-10-02,422.5799865722656,422.8200073242188,416.7099914550781,417.1300048828125,16582300,-0.008462282293218104,426.96142578125,424.4304765973772
2024-10-03,417.6300048828125,419.5499877929688,414.2900085449219,416.5400085449219,13686400,-0.0014144183611446426,425.15713936941967,424.7942868187314
2024-10-04,418.239990234375,419.75,414.9700012207031,416.05999755859375,19169700,-0.0011523766660612722,422.8642839704241,425.1595241001674
2024-10-07,416.0,417.1099853515625,409.0,409.5400085449219,20919800,-0.015670790395449274,419.75428553989957,425.53285725911456
2024-10-08,410.8999938964844,415.6600036621094,408.1700134277344,414.7099914550781,19229300,0.012623877526703575,417.8528573172433,425.96095203218005
2024-10-09,415.8599853515625,420.3800048828125,414.2999877929688,417.4599914550781,14974300,0.006631139969285993,416.01857212611606,426.1161891392299
2024-10-10,415.2300109863281,417.3500061035156,413.1499938964844,415.8399963378906,13848400,-0.0038805996990056713,415.3257141113281,425.7733314150856
2024-10-11,416.1400146484375,417.1300048828125,413.25,416.3200073242188,14144900,0.0011543165413510081,415.21000017438615,425.26476033528644
2024-10-14,417.7699890136719,424.0400085449219,417.5199890136719,419.1400146484375,16653100,0.006773653138467894,415.5814296177455,424.7195231119792
2024-10-15,422.1799926757813,422.4800109863281,415.260009765625,418.739990234375,18900200,-0.0009543932816771239,415.9642857142857,424.1195228213356
2024-10-16,415.1700134277344,416.3599853515625,410.4800109863281,416.1199951171875,15508900,-0.0062568543207947025,416.90428379603793,423.2133324032738
2024-10-17,422.3599853515625,422.5,415.5899963378906,416.7200012207031,14820000,0.0014419064465927,417.1914280482701,422.5423801967076
2024-10-18,417.1400146484375,419.6499938964844,416.260009765625,418.1600036621094,17145300,0.003455563537118511,417.2914297921317,421.56476120721726
2024-10-21,416.1199951171875,418.9599914550781,413.75,418.7799987792969,14206100,0.001482674363300518,417.71143014090404,420.77952357700894
2024-10-22,418.489990234375,430.5799865722656,418.0400085449219,427.510009765625,25482200,0.020846294024966072,419.3100019182478,420.49380929129467
2024-10-23,430.8599853515625,431.0799865722656,422.5299987792969,424.6000061035156,19654400,-0.006806866729751504,420.09000069754467,420.27618989490327
2024-10-24,425.3299865722656,425.9800109863281,422.3999938964844,424.7300109863281,13581600,0.0003061820088170464,420.94571794782365,419.92476254417784
2024-10-25,426.760009765625,432.5199890136719,426.5700073242188,428.1499938964844,16899100,0.008052133877269885,422.66428920200894,419.7742861793155
2024-10-28,431.6600036621094,431.9400024414063,426.2999877929688,426.5899963378906,14882400,-0.0036435772061950145,424.0742885044643,419.70619128999255
2024-10-29,428.0,433.1700134277344,425.7999877929688,431.9500122070313,17644100,0.01256479503775143,426.0442897251674,419.7847638811384
2024-10-30,437.4400024414063,438.5,432.1000061035156,432.5299987792969,29749100,0.0013427168789790223,428.0085754394531,420.3485732305618
2024-10-31,415.3599853515625,416.1600036621094,406.2999877929688,406.3500061035156,53971000,-0.06052757669911324,424.9857177734375,419.83523995535717
2024-11-01,409.010009765625,415.5,407.5,410.3699951171875,24230400,0.009892922242624058,422.9528590611049,419.5414297921317
2024-11-04,409.7999877929688,410.4200134277344,405.5700073242188,408.4599914550781,19672300,-0.004654345309929253,420.6285705566406,419.1795247395833
2024-11-05,408.3699951171875,414.8999938964844,408.0799865722656,411.4599914550781,17626000,0.007344660585515195,418.2442844935826,419.2709524972098
2024-11-06,412.4200134277344,420.4500122070313,410.5199890136719,420.1799926757813,26681800,0.021192828954927023,417.3285696847098,419.5314287458147
2024-11-07,421.2799987792969,426.8500061035156,419.8800048828125,425.4299926757813,19901800,0.01249464536987377,416.3971383231027,419.91095261346726
2024-11-08,425.3200073242188,426.5,421.7799987792969,422.5400085449219,16891400,-0.006793089769441485,414.9699968610491,420.23000081380206
2024-11-11,422.5199890136719,424.80999755859375,416.0,418.010009765625,24503300,-0.010720875390940132,416.6357116699219,420.3104771205357
2024-11-12,418.25,424.4400024414063,417.2000122070313,423.0299987792969,19401200,0.012009255511576278,418.4442836216518,420.49571446010043
2024-11-13,421.6400146484375,429.3299865722656,418.2099914550781,425.2000122070313,21502200,0.005129691591604146,420.8357151576451,420.80333455403644
2024-11-14,425.0,428.1700134277344,420.0,426.8900146484375,30246900,0.003974605815823207,423.04000418526783,421.3161926269531
2024-11-15,419.8200073242188,422.7999877929688,413.6400146484375,415.0,28247600,-0.027852641758860153,422.3000052315848,421.23428780691967
2024-11-18,414.8699951171875,418.3999938964844,412.1000061035156,415.760009765625,24727000,0.0018313488328314254,420.9185791015625,421.12000238327755
2024-11-19,413.1099853515625,417.9400024414063,411.5499877929688,417.7900085449219,18133500,0.004882621540347909,420.24000767299106,421.0728599911644
2024-11-20,416.8699951171875,417.2900085449219,410.5799865722656,415.489990234375,19191700,-0.005505201808337579,419.8800048828125,420.50047810872394
2024-11-21,419.5,419.7799987792969,410.2900085449219,412.8699951171875,20780200,-0.00630579599693748,418.42857578822543,419.94190615699404
2024-11-22,411.3699951171875,417.3999938964844,411.05999755859375,417.0,24814600,0.010003160635686958,417.2571454729353,419.57381039574034
2024-11-25,418.3800048828125,421.0799865722656,414.8500061035156,418.7900085449219,27691100,0.004292586438661594,416.1000017438616,419.12809680757067
2024-11-26,419.5899963378906,429.0400085449219,418.8500061035156,427.989990234375,23458900,0.021968006642322457,417.9557146344866,419.19476318359375
2024-11-27,425.1099853515625,427.2300109863281,422.0199890136719,422.989990234375,18332400,-0.011682516213199046,418.9885689871652,418.7680954706101
2024-11-29,420.0899963378906,424.8800048828125,417.7999877929688,423.4599914550781,16271900,0.0011111402906784917,419.79856654575894,418.336190359933
2024-12-02,421.5700073242188,433.0,421.30999755859375,430.9800109863281,20207200,0.017758512452168196,422.0114266531808,419.50904773530505
2024-12-03,429.8399963378906,432.4700012207031,427.739990234375,431.2000122070313,18302000,0.0005104673420925909,424.63000052315846,420.5009533110119
2024-12-04,433.0299987792969,439.6700134277344,432.6300048828125,437.4200134277344,26009400,0.014424863276016442,427.5471452985491,421.8800019763765
2024-12-05,437.9200134277344,444.6600036621094,436.1700134277344,442.6199951171875,21697800,0.011887845845700351,430.95142909458707,423.36381167457216
2024-12-06,442.2999877929688,446.1000061035156,441.7699890136719,443.5700073242188,18821000,0.00214633820774357,433.17714582170765,424.47762189592635
2024-12-09,442.6000061035156,448.3299865722656,440.5,446.0199890136719,19144400,0.005523325853865169,436.4671456473215,425.45809791201634
2024-12-10,444.3900146484375,449.6199951171875,441.6000061035156,443.3299865722656,18469500,-0.0060311253030496115,439.3057163783483,426.4480968656994
2024-12-11,444.0499877929688,450.3500061035156,444.0499877929688,448.989990234375,19200200,0.012767021932965417,441.8785705566407,427.923334030878
2024-12-12,449.1099853515625,456.1600036621094,449.1099853515625,449.55999755859375,20834800,0.0012695323651228385,444.50142560686385,429.1866673060826
2024-12-13,448.4400024414063,451.4299926757813,445.5799865722656,447.2699890136719,20177800,-0.005093888596312213,445.90856497628346,430.2376185825893
2024-12-16,447.2699890136719,452.1799926757813,445.2799987792969,451.5899963378906,23598800,0.009658612091871577,447.1899937220982,431.41380818684894
2024-12-17,451.010009765625,455.2900085449219,449.5700073242188,454.4599914550781,22733500,0.006355311544678388,448.7457057407924,433.2928553989955
2024-12-18,451.3200073242188,452.6499938964844,437.0199890136719,437.3900146484375,24444500,-0.037561011150808676,447.51285226004467,434.32285563151044
2024-12-19,441.6199951171875,443.1799926757813,436.3200073242188,437.0299987792969,22963700,-0.0008231003385616997,446.61285400390625,435.23904564267116
2024-12-20,433.1099853515625,443.739990234375,428.6300048828125,436.6000061035156,64263700,-0.0009838973914428895,444.84285627092635,436.2442844935826
2024-12-23,436.739990234375,437.6499938964844,432.8299865722656,435.25,19152500,-0.0030920890623981068,442.79857090541293,437.3099990118118
2024-12-24,434.6499938964844,439.6000061035156,434.1900024414063,439.3299865722656,7164500,0.009373892182115151,441.6642848423549,438.3733317057292
2024-12-26,439.0799865722656,440.9400024414063,436.6300048828125,438.1099853515625,8194200,-0.0027769586825197035,439.7385689871652,439.29333060128346
2024-12-27,434.6000061035156,435.2200012207031,426.3500061035156,430.5299987792969,18117700,-0.01730156085390988,436.3199986049107,439.4142833891369
2024-12-30,426.05999755859375,427.5499877929688,421.8999938964844,424.8299865722656,13158700,-0.013239523896575789,434.5257088797433,439.5019022623698
2024-12-31,426.1000061035156,426.7300109863281,420.6600036621094,421.5,13246500,-0.007838398129881519,432.307137625558,439.4085693359375
2025-01-02,425.5299987792969,426.0700073242188,414.8500061035156,418.5799865722656,16896500,-0.006927671240176458,429.73284912109375,438.8180919828869
2025-01-03,421.0799865722656,424.0299987792969,419.5400085449219,423.3500061035156,16662900,0.011395718104707964,428.03284999302457,438.4442821684338
2025-01-06,428.0,434.3200073242188,425.4800109863281,427.8500061035156,20573600,0.010629502622233833,426.3928527832031,437.98856753394716
2025-01-07,429.0,430.6499938964844,420.7999877929688,422.3699951171875,18139100,-0.012808252677697252,424.14428274972096,437.02428181966144
2025-01-08,423.4599914550781,426.9700012207031,421.5400085449219,424.55999755859375,15054600,0.005185033185888699,423.2914254324777,436.1190432593936
2025-01-10,424.6300048828125,424.7099914550781,415.0199890136719,418.9500122070313,20201100,-0.013213645618575298,422.45142909458707,434.8299967447917
2025-01-13,415.239990234375,418.5,412.2900085449219,417.1900024414063,17604800,-0.004201001824425954,421.8357151576451,433.5852355957031
2025-01-14,417.80999755859375,419.739990234375,410.7200012207031,415.6700134277344,16935900,-0.003643397504199286,421.42000470842635,431.99857003348217
2025-01-15,419.1300048828125,428.1499938964844,418.2699890136719,426.30999755859375,19637800,0.02559718956659629,421.84286063058033,430.8914271763393
2025-01-16,428.7000122070313,429.489990234375,424.3900146484375,424.5799865722656,15300000,-0.004058105595073136,421.37571498325894,429.8109508696057
2025-01-17,434.0899963378906,434.4800109863281,428.1700134277344,429.0299987792969,26197500,0.010480974958233968,422.32714407784596,428.7366652715774
2025-01-21,430.2000122070313,430.8999938964844,425.6000061035156,428.5,26085700,-0.0012353420059316722,422.89000156947543,427.50047520228793
2025-01-22,437.55999755859375,447.2699890136719,436.0,446.2000122070313,27803800,0.04130691296856792,426.7828587123326,427.91999889555433
2025-01-23,442.0,446.75,441.5,446.7099914550781,18389300,0.001142938668971194,431.0,428.3809509277344
2025-01-24,445.1600036621094,446.6499938964844,441.3999938964844,444.05999755859375,15549500,-0.005932246753318604,435.0557120186942,428.73618861607144
2025-01-27,424.010009765625,435.2000122070313,423.5,434.55999755859375,35647800,-0.021393505499775367,436.2342834472656,428.7033313569568
2025-01-28,434.6000061035156,448.3800048828125,431.3800048828125,447.2000122070313,23491700,0.02908692636103316,439.46571568080356,429.0780944824219
2025-01-29,446.6900024414063,446.8800048828125,440.3999938964844,442.3299865722656,23581400,-0.010890039136472796,441.365713936942,429.279046921503
2025-01-30,418.7699890136719,422.8599853515625,413.1600036621094,414.989990234375,54586300,-0.0618090501839037,439.4357125418527,428.5390465146019
2025-01-31,418.9800109863281,420.6900024414063,414.9100036621094,415.05999755859375,34161900,0.00016869641645866906,434.9871390206473,428.0738089425223
2025-02-03,411.6000061035156,415.4100036621094,408.6600036621094,410.9200134277344,25679100,-0.009974423348939943,429.87428501674106,427.5700000581287
2025-02-04,412.6900024414063,413.9200134277344,409.739990234375,412.3699951171875,20532100,0.003528622705323947,425.3471418108259,427.2742861793155
2025-02-05,412.3500061035156,413.8299865722656,410.3999938964844,413.2900085449219,16316700,0.0022310387240296325,422.3085719517299,426.7952386765253
2025-02-06,414.0,418.2000122070313,414.0,415.8200073242188,16309800,0.006121606443389105,417.8257141113281,426.2223815917969
2025-02-07,416.4800109863281,418.6499938964844,408.1000061035156,409.75,22886800,-0.01459767980689286,413.1714303152902,425.6214294433594
2025-02-10,413.7099914550781,415.4599914550781,410.9200134277344,412.2200012207031,20817900,0.00602806887297902,412.77571759905135,425.0338105701265
2025-02-11,409.6400146484375,412.489990234375,409.2999877929688,411.4400024414063,18140600,-0.001892190522019832,412.2585754394531,424.6761910574777
2025-02-12,407.2099914550781,410.75,404.3699951171875,409.0400085449219,19121700,-0.005833156431662712,411.99000331333707,424.28809611002606
2025-02-13,407.0,411.0,406.3599853515625,410.5400085449219,23891700,0.003667122943146639,411.72857666015625,424.04381016322543
2025-02-14,407.7900085449219,408.9100036621094,405.8800048828125,408.4299926757813,22758500,-0.005139610818003071,411.03428867885043,423.19238135928197
2025-02-18,408.0,410.6000061035156,406.5,409.6400146484375,21423100,0.002962617815427393,410.1514325823103,422.480954124814
2025-02-19,407.8800048828125,415.489990234375,407.6499938964844,414.7699890136719,24114200,0.012523128068035572,410.8685738699777,421.8019060407366
2025-02-20,415.2900085449219,419.30999755859375,412.5400085449219,416.1300048828125,23508700,0.003278964016598218,411.4271458217076,421.21285865420384
2025-02-21,417.3399963378906,418.0499877929688,407.8900146484375,408.2099914550781,27524800,-0.019032545922673227,410.96571568080356,419.40381004696803
2025-02-24,408.510009765625,409.3699951171875,399.3200073242188,404.0,26443700,-0.01031329840818318,410.24571446010043,417.3700009300595
2025-02-25,401.1000061035156,401.9200134277344,396.7000122070313,397.8999938964844,29387400,-0.015099025008702083,408.4399980817522,415.1719055175781
2025-02-26,398.010009765625,403.6000061035156,394.25,399.7300109863281,19619000,0.0045991885345939565,407.1971435546875,413.5133347284226
2025-02-27,401.2699890136719,405.739990234375,392.1700134277344,392.5299987792969,21127400,-0.01801218824992734,404.7528555733817,410.91000075567337
2025-02-28,392.6600036621094,397.6300048828125,386.5700073242188,396.989990234375,32845700,0.011362167143780022,402.21285574776783,408.7509533110119
2025-03-03,398.8200073242188,398.8200073242188,386.1600036621094,388.489990234375,23007700,-0.021411119194672312,398.2642822265625,407.48904854910717
2025-03-04,383.3999938964844,392.5799865722656,381.0,388.6099853515625,29342900,0.0003088756987408292,395.4642813546317,406.22952415829616
2025-03-05,389.3399963378906,401.6700134277344,388.80999755859375,401.0199890136719,23433100,0.03193434067547818,395.038565499442,405.7580944242932
2025-03-06,394.2799987792969,402.1499938964844,392.6799926757813,396.8900146484375,23304600,-0.010298674575779265,394.89428274972096,405.0209524972098
2025-03-07,392.3200073242188,394.7999877929688,385.5400085449219,393.30999755859375,22034100,-0.009020174249067203,393.97713797433033,404.0695234026228
2025-03-10,385.8399963378906,386.3999938964844,377.2200012207031,380.1600036621094,32840100,-0.03343417146299554,392.20999581473217,402.37142799014134
2025-03-11,379.0,386.0,376.9100036621094,380.4500122070313,30380200,0.0007628591701605014,389.847141810826,400.9761904761905
2025-03-12,382.9500122070313,385.2200012207031,378.9500122070313,383.2699890136719,24253600,0.0074122137367840235,389.10142735072543,399.5976184663318
2025-03-13,383.1600036621094,385.3200073242188,377.4500122070313,378.7699890136719,20473000,-0.011741070600337244,387.69571358816967,398.04190354120163
2025-03-14,379.7799987792969,390.2300109863281,379.510009765625,388.55999755859375,19952800,0.025846843279256015,385.9157148088728,397.06666492280505
2025-03-17,386.7000122070313,392.7099914550781,385.5700073242188,388.7000122070313,22474300,0.0003603424164022595,384.74571446010043,396.0266650971912
2025-03-18,387.0700073242188,387.3699951171875,381.1000061035156,383.5199890136719,19486900,-0.0133265321087781,383.3471418108259,394.84047444661456
2025-03-19,385.5299987792969,389.6799926757813,384.0,387.8200073242188,19185500,0.011211979645717074,384.4414280482701,393.80142647879467
2025-03-20,385.739990234375,391.7900085449219,383.2799987792969,386.8399963378906,18470500,-0.0025269737708732976,385.35428292410717,392.471426827567
2025-03-21,383.2200012207031,391.739990234375,382.7999877929688,391.260009765625,39675900,0.011425947341478171,386.49571446010043,391.28714134579616
2025-03-24,395.3999938964844,395.3999938964844,389.80999755859375,393.0799865722656,21004500,0.004651578902047371,388.53999982561385,390.56666492280505
2025-03-25,393.9200134277344,396.3599853515625,392.6400146484375,395.1600036621094,15775000,0.005291587363635442,389.4828578404018,390.14571271623885
2025-03-26,395.0,395.30999755859375,388.5700073242188,389.9700012207031,16108400,-0.013133926493846482,389.6642848423549,389.7680940173921
2025-03-27,390.1300048828125,392.239990234375,387.3999938964844,390.5799865722656,13766800,0.0015641853210581758,390.67285592215404,389.3323785691034
2025-03-28,388.0799865722656,389.1300048828125,376.9299926757813,378.7999877929688,21632000,-0.030160272375136854,389.38428170340404,388.67856852213544
2025-03-31,372.5400085449219,377.0700073242188,367.239990234375,375.3900146484375,35184700,-0.009002041326345078,387.74857003348217,387.6499982561384
2025-04-01,374.6499938964844,382.8500061035156,373.2300109863281,382.1900024414063,19689500,0.018114461034178575,386.4528547014509,387.3499988374256
2025-04-02,377.9700012207031,385.0799865722656,376.6199951171875,382.1400146484375,16092600,-0.00013079304181029539,384.89000156947543,387.04190499441967
2025-04-03,374.7900085449219,377.4800109863281,369.3500061035156,373.1099853515625,30198000,-0.02363015897506171,381.739998953683,385.71285720098587
2025-04-04,364.1300048828125,374.5899963378906,359.4800109863281,359.8399963378906,49209900,-0.035565890848963,377.4357125418527,383.9485706147693
2025-04-07,350.8800048828125,371.0,344.7900085449219,357.8599853515625,50425000,-0.005502476118493749,372.7614266531808,382.2604747953869
2025-04-08,368.260009765625,373.6499938964844,350.25,354.5599975585937,35868900,-0.009221449527884173,369.29857090541293,381.04142688569567
2025-04-09,353.5400085449219,393.2300109863281,353.1000061035156,390.489990234375,50199700,0.10133684827162037,371.4557102748326,381.51952107747394
2025-04-10,382.05999755859375,383.8999938964844,367.7999877929688,381.3500061035156,38024400,-0.023406449229014803,371.33571079799106,381.42809331984745
2025-04-11,380.6400146484375,390.0499877929688,378.8900146484375,388.4500122070313,23839200,0.01861808309919999,372.2371390206473,381.8890468052455
2025-04-14,393.2200012207031,394.6499938964844,384.2099914550781,387.80999755859375,19251200,-0.001647611348500777,374.33714076450894,381.85333251953125
2025-04-15,388.510009765625,391.8900146484375,384.1600036621094,385.7300109863281,17199900,-0.005363416583790803,378.0357142857143,381.71190388997394
2025-04-16,380.6700134277344,381.6099853515625,368.0,371.6099853515625,21967800,-0.03660598147045935,380.0,381.14476085844495
2025-04-17,373.75,374.3200073242188,366.8900146484375,367.7799987792969,21120200,-0.010306468403001201,381.8885716029576,380.19047473725817
2025-04-21,362.8200073242188,364.4800109863281,355.6700134277344,359.1199951171875,20807300,-0.02354669555400757,377.40714372907365,378.8704746791295
2025-04-22,363.3800048828125,367.7699890136719,359.8599853515625,366.8200073242188,19485000,0.021441335240937054,375.3314296177455,377.7066650390625
2025-04-23,376.05999755859375,380.3900146484375,373.0199890136719,374.3900146484375,20545500,0.020636844155362155,373.32285853794644,376.8166663760231
2025-04-24,375.7000122070313,388.4500122070313,375.1900024414063,387.2999877929688,22232300,0.034482685540249136,373.25,376.442379906064
2025-04-25,387.0,392.1600036621094,384.6000061035156,391.8500061035156,18973200,0.011748046614912466,374.12428501674106,376.5319039481027
2025-04-28,391.9599914550781,392.739990234375,386.6400146484375,391.1600036621094,16579400,-0.001760884089979986,376.9171447753906,376.5595238095238
2025-04-29,391.2999877929688,395.1000061035156,390.3800048828125,394.0400085449219,14974000,0.007362728438105481,380.66857474190846,377.28523908342635
2025-04-30,390.2999877929688,396.6600036621094,384.4400024414063,395.260009765625,36461100,0.003096135403123812,385.83143397739957,378.2314293271019
2025-05-01,431.1099853515625,436.989990234375,424.8999938964844,425.3999938964844,58938100,0.07625356318928223,394.2000034877232,380.28904796781995
2025-05-02,431.739990234375,439.4400024414063,429.989990234375,435.2799987792969,30757400,0.023225211623337794,402.89857264927457,382.8195234026228
2025-05-05,432.8699951171875,439.5,432.1099853515625,436.1700134277344,20136100,0.0020446945665628657,409.8800048828125,385.8223818824405
2025-05-06,432.2000122070313,437.7300109863281,431.1700134277344,433.30999755859375,15104200,-0.006557112550366728,415.80286080496654,389.3209533691406
2025-05-07,433.8399963378906,438.1199951171875,431.1099853515625,433.3500061035156,23295300,9.233238362216234e-05,421.8300040108817,392.91571626209077
2025-05-08,437.9299926757813,443.6700134277344,435.6600036621094,438.1700134277344,23491300,0.011122665873615656,428.13429042271207,396.8971455891927
2025-05-09,440.0,440.739990234375,435.8800048828125,438.7300109863281,15324200,0.0012780371577985061,434.3442905970982,399.1942894345238
2025-05-12,445.9400024414063,449.3699951171875,439.7799987792969,449.260009765625,22821900,0.024001090683593684,437.7528642926897,402.42809913271947
2025-05-13,447.7799987792969,450.6700134277344,445.3599853515625,449.1400146484375,23618800,-0.00026709503311928007,439.7328665597098,405.3180992489769
2025-05-14,448.1400146484375,453.8999938964844,448.1400146484375,452.9400024414063,19902800,0.008460586162520434,442.12857927594865,408.4195280529204
2025-05-15,450.7699890136719,456.1900024414063,450.4299926757813,453.1300048828125,21992300,0.00041948699691363167,444.9600088936942,411.6290515718006
2025-05-16,452.0499877929688,454.3599853515625,448.7300109863281,454.2699890136719,23849800,0.0025157992597604206,447.9485778808594,415.5652422223772
2025-05-19,450.8800048828125,459.5899963378906,450.7999877929688,458.8699951171875,21336500,0.010126150119454946,450.9057181222098,419.9028610956101
2025-05-20,455.5899963378906,458.3399963378906,454.3200073242188,458.1700134277344,15441800,-0.0015254466339085226,453.682861328125,424.6195286342076
2025-05-21,454.5700073242188,457.7799987792969,451.80999755859375,452.5700073242188,19216900,-0.01222255044938425,454.15571812220986,428.7028619675409
2025-05-22,454.9500122070313,460.25,453.8999938964844,454.8599853515625,18025600,0.005059942086933722,454.97285679408486,432.5347653343564
2025-05-23,449.9800109863281,453.6900024414063,448.9100036621094,450.1799926757813,16883500,-0.010288864324180969,454.5785696847098,435.52905128115697
2025-05-27,456.4800109863281,460.9500122070313,456.1199951171875,460.6900024414063,20974300,0.023346239141272207,455.6585693359375,438.80714634486606
2025-05-28,461.2200012207031,462.5199890136719,456.9299926757813,457.3599853515625,17086300,-0.007228325060662288,456.0999973842076,441.9595264253162
2025-05-29,461.5499877929688,461.7200012207031,455.30999755859375,458.6799926757813,13974800,0.002886145195242884,456.0728541782924,445.0376209077381
2025-05-30,459.7200012207031,461.6799926757813,455.5400085449219,460.3599853515625,34770500,0.0036626683147453765,456.38570731026783,448.1376197451637
2025-06-02,457.1400146484375,462.1099853515625,456.8900146484375,461.9700012207031,16626500,0.003497297593992865,457.7285635811942,449.87904866536456
2025-06-03,461.4700012207031,464.1400146484375,460.8599853515625,462.9700012207031,15743800,0.0021646427199983886,458.8871372767857,451.19762021019346
2025-06-04,464.0,465.6900024414063,463.0199890136719,463.8699951171875,14162700,0.001943957263130125,460.8428519112723,452.5166669573103
2025-06-05,464.9599914550781,469.6499938964844,464.0299987792969,467.6799926757813,20131700,0.008213502918271942,461.8414219447545,454.15333339146207
2025-06-06,470.0899963378906,473.3399963378906,468.7799987792969,470.3800048828125,15285600,0.005773204433192403,463.701424734933,455.9166666666667
2025-06-09,469.7000122070313,473.4299926757813,468.6199951171875,472.75,16469900,0.005038469094318598,465.71142578125,457.5633326939174
2025-06-10,471.1900024414063,472.7999877929688,466.9599914550781,470.9200134277344,15375900,-0.003870939338478263,467.2200012207031,459.09618995303197
2025-06-11,470.0199890136719,475.4700012207031,469.6600036621094,472.6199951171875,16399200,0.003609915996305446,468.7414289202009,460.2085702078683
2025-06-12,475.0199890136719,480.4200134277344,473.5199890136719,478.8699951171875,18950600,0.013224154848654468,471.01285661969865,461.6242835635231
2025-06-13,476.4100036621094,479.1799926757813,472.760009765625,474.9599914550781,16814500,-0.008165062964850311,472.5971418108259,462.672854468936
2025-06-16,475.2099914550781,480.6900024414063,475.0,479.1400146484375,15626100,0.008800790105611966,474.23428780691967,463.9114263625372
2025-06-17,475.3999938964844,478.739990234375,474.0799865722656,478.0400085449219,15414100,-0.0022957926073503554,475.32857404436385,465.0433320545015
2025-06-18,478.0,481.0,474.4599914550781,480.239990234375,17526500,0.004602086959519358,476.39857264927457,466.0609508696057
2025-06-20,482.2300109863281,483.4599914550781,476.8699951171875,477.3999938964844,37576200,-0.00591370230643351,477.3242841448103,466.97666422526044
2025-06-23,478.2099914550781,487.75,472.510009765625,486.0,24864000,0.018014256835915177,479.23571341378346,468.56856863839283
2025-06-24,488.9500122070313,491.8500061035156,486.7999877929688,490.1099853515625,22305600,0.00845675998263884,480.84142630440846,470.2471400669643
2025-06-25,492.0400085449219,494.55999755859375,489.3900146484375,492.2699890136719,17495100,0.004407181503474078,483.3142830984933,472.25142560686385
2025-06-26,492.9800109863281,498.0400085449219,492.80999755859375,497.4500122070313,21578900,0.010522727992698266,485.9299970354353,474.0019022623698
2025-06-27,497.5499877929688,499.2999877929688,493.0299987792969,495.9400024414063,34539200,-0.003035500509740774,488.4871390206473,475.8390459333147
2025-06-30,497.0400085449219,500.760009765625,495.3299865722656,497.4100036621094,28369000,0.0029640706808617967,490.9399980817522,477.68333217075894
2025-07-01,496.4700012207031,498.0499877929688,490.9800109863281,492.0499877929688,19945400,-0.010775850565284628,493.03285435267856,479.192379906064
2025-07-02,489.989990234375,493.5,488.7000122070313,491.0899963378906,16319600,-0.001951003920118155,493.75999668666293,480.57904634021577
2025-07-03,493.80999755859375,500.1300048828125,493.4400024414063,498.8399963378906,13984800,0.015781221482401575,495.00714111328125,482.28714134579616
2025-07-07,497.3800048828125,498.75,495.2300109863281,497.7200012207031,13981600,-0.0022451991127608872,495.7857142857143,483.89904639834447
2025-07-08,497.239990234375,498.2000122070313,494.1099853515625,496.6199951171875,11846600,-0.002210090213006888,495.6671404157366,485.27714175269716
2025-07-09,500.2999877929688,506.7799987792969,499.739990234375,503.510009765625,18659500,0.013873816431438035,496.74857003348217,486.8547610328311
2025-07-10,503.0499877929688,504.4400024414063,497.75,501.4800109863281,16492100,-0.004031694981082468,497.3299996512277,488.2228567940848
2025-07-11,498.4700012207031,505.0299987792969,497.7999877929688,503.3200073242188,16459500,0.0036691319645456577,498.9400024414063,489.76571364629837
2025-07-14,501.5199890136719,503.9700012207031,501.0299987792969,503.0199890136719,12058800,-0.0005960786501254534,500.644287109375,491.2133324032738
2025-07-15,503.0199890136719,508.2999877929688,502.7900085449219,505.8200073242188,14927200,0.005566415593219798,501.6414315359933,492.4966663178943
2025-07-16,505.1799926757813,506.7200012207031,501.8900146484375,505.6199951171875,15154400,-0.00039542169968598273,502.77000209263394,493.95666649228053
2025-07-17,505.6799926757813,513.3699951171875,505.6199951171875,511.7000122070313,17503100,0.012024874705429012,504.9242902483259,495.5071425664993
2025-07-18,514.47998046875,514.6400146484375,507.4299926757813,510.0499877929688,21209700,-0.003224593266952902,505.8585728236607,497.03142729259673
2025-07-21,506.7099914550781,512.0900268554688,505.5499877929688,510.05999755859375,14066800,1.96250678650145e-05,507.0842851911272,498.45142764136904
2025-07-22,510.9700012207031,511.2000122070313,505.2699890136719,505.2699890136719,13868600,-0.009391068830822413,507.36285400390625,499.778570265997
2025-07-23,506.75,506.7900085449219,500.7000122070313,505.8699951171875,16396600,0.0011874960250199962,507.7699977329799,500.7247605096726
2025-07-24,508.7699890136719,513.6699829101562,507.2999877929688,510.8800048828125,16107000,0.009903749607573342,508.4928545270647,501.71380905877976
2025-07-25,512.469970703125,518.2899780273438,510.3599853515625,513.7100219726562,19125700,0.005539494720473437,509.64857264927457,502.7347630092076
2025-07-28,514.0800170898438,515.0,510.1199951171875,512.5,14308000,-0.0023554572052336686,509.76285661969865,503.45142909458707
2025-07-29,515.530029296875,517.6199951171875,511.55999755859375,512.5700073242188,16469200,0.0001365996570121819,510.1228594098772,504.2433340890067
2025-07-30,515.1699829101562,515.9500122070312,509.4400024414063,513.239990234375,26380400,0.0013071051770152664,510.57714407784596,504.9971429734003
2025-07-31,555.22998046875,555.4500122070312,531.9000244140625,533.5,51617300,0.03947472946598163,514.6100027901786,506.970953078497
2025-08-01,535.0,535.7999877929688,520.8599853515625,524.1099853515625,28977600,-0.01760077722293818,517.2157156808036,508.54333350771947
2025-08-04,528.27001953125,538.25,528.1300048828125,535.6400146484375,25349000,0.021999255154699693,520.7528599330357,510.29571533203125
2025-08-05,537.1799926757812,537.2999877929688,527.239990234375,527.75,19171600,-0.014730069510613508,522.7585710797991,511.72571527390255
2025-08-06,530.9000244140625,531.7000122070312,524.030029296875,524.9400024414062,21355700,-0.005324486136605855,524.5357142857143,513.0742870512463
2025-08-07,526.7999877929688,528.0900268554688,517.5499877929688,520.8400268554688,16079100,-0.007810369883928137,525.7171456473214,513.8995259602865
2025-08-08,522.5999755859375,524.6599731445312,519.4099731445312,522.0399780273438,15531000,0.0023038766415852674,526.9742867606027,514.8785720098587
2025-08-11,522.2999877929688,527.5900268554688,519.719970703125,521.77001953125,20194400,-0.0005171222654515306,525.2985752650669,515.7571440197173
2025-08-12,523.75,530.97998046875,522.7000122070312,529.239990234375,18667000,0.014316596246437996,526.0314331054688,517.0057155064175
2025-08-13,532.1099853515625,532.7000122070312,519.3699951171875,520.5800170898438,19619200,-0.01636303624882196,523.8800048828125,517.7085731143043
2025-08-14,522.5599975585938,525.9500122070312,520.1400146484375,522.47998046875,20269100,0.0036497047841510533,523.1271449497768,518.5114295596168
2025-08-15,522.77001953125,526.0999755859375,519.0800170898438,520.1699829101562,25213300,-0.0044212173574982305,522.4457135881696,518.9147614978608
2025-08-18,521.5900268554688,522.8200073242188,514.02001953125,517.0999755859375,23760600,-0.005901930955421908,521.9114205496652,519.2504752022879
2025-08-19,515.0,515.1599731445312,508.5499877929688,509.7699890136719,21481000,-0.014175182592031321,520.1585649762835,519.2366652715774
2025-08-20,509.8699951171875,511.0,504.4400024414063,505.7200012207031,27723000,-0.007944735626365218,517.865705217634,519.2580944242932
2025-08-21,503.6900024414063,507.6300048828125,502.7200012207031,504.239990234375,18443300,-0.00292654232135503,514.2942766462054,519.1804751441592
2025-08-22,504.25,510.7300109863281,502.4100036621094,507.2300109863281,24324200,0.005929757278004377,512.3871329171317,519.0066659109933
2025-08-25,506.6300048828125,508.1900024414063,504.1199951171875,504.260009765625,21638600,-0.0058553341804989945,509.7842799595424,518.5566653297061
2025-08-26,504.3599853515625,504.9800109863281,498.510009765625,502.0400085449219,30835700,-0.004402493114088024,507.1942836216518,518.0585704985119
2025-08-27,502.0,507.2900085449219,499.8999938964844,506.739990234375,17277900,0.00936176720870363,505.7142857142857,517.7809506370908
2025-08-28,507.0899963378906,511.0899963378906,505.5,509.6400146484375,18015600,0.005722904191400424,505.69571794782365,517.6095232282366
2025-08-29,508.6600036621094,509.6000061035156,504.489990234375,506.6900024414063,20961600,-0.005788423440545976,505.83428955078125,516.3328566778275
2025-09-02,500.4700012207031,506.0,496.80999755859375,505.1199951171875,18128000,-0.0030985559546349295,505.9600045340402,515.4285714285714
2025-09-03,503.7900085449219,507.7900085449219,502.3200073242188,505.3500061035156,16345100,0.0004553590999198942,505.6914324079241,513.9861900692895
2025-09-04,504.2999877929688,508.1499938964844,503.1499938964844,507.9700012207031,15509500,0.005184515851476723,506.22143118722096,513.0442853655134
2025-09-05,509.0700073242188,511.9700012207031,492.3699951171875,495.0,31994800,-0.025533006259296664,505.21571568080356,511.6185709635417
2025-09-08,498.1099853515625,501.2000122070313,495.0299987792969,498.2000122070313,16771000,0.006464671125315791,503.9957188197545,510.5404750279018
2025-09-09,501.4299926757813,502.25,497.7000122070313,498.4100036621094,14410500,0.00042150030094911806,502.3914315359933,509.41523815336683
2025-09-10,502.9800109863281,503.2300109863281,496.7200012207031,500.3699951171875,21611800,0.003932488193810091,501.4885733468192,508.3961893717448
2025-09-11,502.25,503.1700134277344,497.8800048828125,501.010009765625,18881600,0.0012790827881028477,500.9014325823103,507.0519045875186
2025-09-12,506.6499938964844,512.5499877929688,503.8500061035156,509.8999938964844,23624900,0.017744124783092063,501.55143083844865,506.5433320545015
2025-09-15,508.7900085449219,515.469970703125,507.0,515.3599853515625,17143800,0.010707965327386493,502.60714285714283,506.20428466796875
2025-09-16,516.8800048828125,517.22998046875,508.6000061035156,509.0400085449219,19711900,-0.012263227620067041,504.6128583635603,505.6742858886719
2025-09-17,510.6199951171875,511.2900085449219,505.9299926757813,510.0199890136719,15816600,0.001925154118143313,506.30142647879467,505.33714367094495
2025-09-18,511.489990234375,513.0700073242188,507.6600036621094,508.4500122070313,18913700,-0.0030782652454010018,507.73571341378346,505.27428763253346
2025-09-19,510.55999755859375,519.2999877929688,510.30999755859375,517.9299926757812,52474100,0.01864486230927631,510.2442844935826,505.855715797061
2025-09-22,515.5900268554688,517.739990234375,512.5399780273438,514.4500122070312,20009300,-0.0067190170833154594,512.164284842355,506.34190731956846
2025-09-23,513.7999877929688,514.5900268554688,507.30999755859375,509.2300109863281,19799600,-0.010146760806378219,512.0685729980469,506.43714541480654
2025-09-24,510.3800048828125,512.47998046875,506.9200134277344,510.1499938964844,13533700,0.0018066156556137969,511.3242885044643,506.7176208496094
2025-09-25,508.2999877929688,510.010009765625,505.0400085449219,507.0299987792969,15786500,-0.0061158387817614734,511.03714425223217,506.95523943219865
2025-09-26,510.05999755859375,513.9400024414062,506.6199951171875,511.4599914550781,16213100,0.00873714116807034,511.24285888671875,507.1800013950893
2025-09-29,511.5,516.8499755859375,508.8800048828125,514.5999755859375,17617800,0.006139256605245391,512.1214250837054,507.4161900111607
2025-09-30,513.239990234375,518.1599731445312,509.6600036621094,517.9500122070312,19728200,0.006509982083227506,512.124285016741,507.95238095238096
2025-10-01,514.7999877929688,520.510009765625,511.6900024414063,519.7100219726562,22632300,0.0033980301653540046,512.875714983259,508.6471441359747
2025-10-02,517.6400146484375,521.5999755859375,510.6799926757813,515.739990234375,21222900,-0.007638936272985952,513.8057120186942,509.1419052850632
2025-10-03,517.0999755859375,520.489990234375,515.0,517.3499755859375,15112300,0.003121699658835464,514.8342808314732,509.5885707310268
2025-10-06,518.6099853515625,531.030029296875,518.2000122070312,528.5700073242188,21388600,0.021687508007657064,517.9114249093192,511.1871425083705
2025-10-07,528.2899780273438,529.7999877929688,521.4400024414062,523.97998046875,14615200,-0.008683857940984696,519.6999947684152,512.4147600446429
2025-10-08,523.280029296875,526.9500122070312,523.0900268554688,524.8499755859375,13363400,0.0016603594595525628,521.1642804827009,513.67380632673
2025-10-09,522.3400268554688,524.3300170898438,517.4000244140625,522.4000244140625,18343600,-0.004667907565661822,521.7999965122768,514.7228553408668
2025-10-10,519.6400146484375,523.5800170898438,509.6300048828125,510.9599914550781,24133800,-0.021898990092536486,520.5499921526227,515.1966639927456
2025-10-13,516.4099731445312,516.4099731445312,511.6799926757813,514.0499877929688,14284200,0.0060474330467461535,520.3085632324219,515.394282749721
2025-10-14,510.2300109863281,515.280029296875,506.0,513.5700073242188,14684300,-0.00093372333459385,519.7685677664621,515.3090457007999
2025-10-15,514.9600219726562,517.1900024414062,510.0,513.4299926757812,14694700,-0.0002726301116511287,517.605708530971,515.5180925641741
2025-10-16,512.5800170898438,516.8499755859375,508.1300048828125,511.6099853515625,15559600,-0.0035448013364658415,515.8385663713727,515.5938066755023
2025-10-17,509.0400085449219,515.47998046875,507.30999755859375,513.5800170898438,19867800,0.003850651462417254,514.2285723005023,515.8380926223028
2025-10-20,514.6099853515625,518.7000122070312,513.4299926757812,516.7899780273438,14665600,0.006250167122328731,513.4271371023996,515.7838062104724
2025-10-21,517.5,518.6900024414062,513.0399780273438,517.6599731445312,15586200,0.0016834597306014665,514.38427734375,515.9366614932105
2025-10-22,521.1500244140625,525.22998046875,517.7100219726562,520.5399780273438,18962700,0.0055635069973014595,515.3114188058036,516.4752313523065
2025-10-23,522.4600219726562,523.9500122070312,518.6099853515625,520.5599975585938,14023500,3.8459161822324006e-05,516.3099888392857,516.970945812407
2025-10-24,522.7899780273438,525.3499755859375,520.7100219726562,523.6099853515625,15532400,0.00585905142014953,517.7642735072544,517.7604689825149
2025-10-27,531.780029296875,534.5800170898438,529.010009765625,531.52001953125,18734700,0.015106729055933688,520.6085641043527,518.7157084147135
2025-10-28,550.0,553.719970703125,540.77001953125,542.0700073242188,29986700,0.019848712005754443,524.6785627092634,520.0238051641555
2025-10-29,544.9400024414062,546.27001953125,536.72998046875,541.5499877929688,36023000,-0.0009593217190099201,528.2157069614956,521.1476135253906
2025-10-30,530.47998046875,534.969970703125,522.1199951171875,525.760009765625,41023100,-0.029157009294181968,529.3728550502232,521.4357081821987
2025-10-31,528.8800048828125,529.3200073242188,515.0999755859375,517.8099975585938,34006400,-0.015120990678951118,528.9828578404018,521.5342799595425
2025-11-03,519.8099975585938,524.9600219726562,514.5900268554688,517.030029296875,22374700,-0.0015062827396076228,528.4785766601562,521.519044421968
2025-11-04,511.760009765625,515.5499877929688,507.8399963378906,514.3300170898438,20958700,-0.005222157426142293,527.1528669084821,520.8409496489026
2025-11-05,513.2999877929688,514.8300170898438,506.5799865722656,507.1600036621094,23024300,-0.0139404918816588,523.6728646414621,520.0399983723959
2025-11-06,505.6600036621094,505.7000122070313,495.80999755859375,497.1000061035156,27406500,-0.019835944250241266,517.2485787527902,518.7185712541852
2025-11-07,496.9500122070313,499.3800048828125,493.25,496.8200073242188,24019800,-0.000563264485735071,510.8585815429688,517.5004752022879
2025-11-10,500.0400085449219,506.8500061035156,498.7999877929688,506.0,26101500,0.018477501993575007,508.0357230050223,517.2642851329986
2025-11-11,504.7999877929688,509.6000061035156,502.3500061035156,508.6799926757813,17980000,0.0052964282130065765,506.731436593192,517.0085710797991
2025-11-12,509.3599853515625,511.6700134277344,499.1199951171875,511.1400146484375,26574900,0.004836089502392005,505.8900059291295,516.8928571428571
2025-11-13,510.30999755859375,513.5,501.2900085449219,503.2900085449219,25273100,-0.015357839101904136,504.31286185128346,516.4100007556733
2025-11-14,498.2300109863281,511.6000061035156,497.4400024414063,510.1799926757813,28505700,0.013689888561029262,504.7442888532366,516.3419058663504
2025-11-17,508.4500122070313,512.1199951171875,504.9100036621094,507.489990234375,19092800,-0.005272653730103882,506.2285723005022,516.0519045875186
2025-11-18,495.3699951171875,502.9800109863281,486.7799987792969,493.7900085449219,33815100,-0.026995570263614543,505.79571533203125,514.9566679454986
2025-11-19,490.1000061035156,495.1900024414063,482.8299865722656,487.1199951171875,23245300,-0.013507793418885194,503.09857177734375,513.5023832775298
2025-11-20,492.7099914550781,493.5700073242188,475.5,478.4299926757813,26802500,-0.017839551914340168,498.7771432059152,511.4971458798363
2025-11-21,478.5,478.9200134277344,468.2699890136719,472.1199951171875,31769200,-0.013188967362399273,493.2028547014509,509.1904790969122
2025-11-24,475.0,476.8999938964844,468.0199890136719,474.0,34421000,0.003982048848293118,489.01856776646207,506.8280988420759
2025-11-25,474.0700073242188,479.1499938964844,464.8900146484375,476.989990234375,28019800,0.006307996275052741,484.27713884626115,504.23143078031995
2025-11-26,486.30999755859375,488.30999755859375,481.2000122070313,485.5,25709100,0.01784106572434263,481.1357116699219,501.5376209077381
2025-11-28,487.6000061035156,492.6300048828125,486.6499938964844,492.010009765625,14386700,0.013408876963182381,480.8814261300223,499.17857433500745
2025-12-01,488.4400024414063,489.8599853515625,484.6499938964844,486.739990234375,23964000,-0.010711203891482723,480.827139718192,497.3204781668527
2025-12-02,486.7200012207031,493.5,486.3200073242188,490.0,19562700,0.00669764110414528,482.47999790736606,495.9961925688244
2025-12-03,476.3200073242188,484.239990234375,475.2000122070313,477.7300109863281,34615100,-0.025040793905452774,483.2814287458147,494.12476312546505
2025-12-04,479.760009765625,481.3200073242188,476.489990234375,480.8399963378906,22318200,0.006509922508618482,484.2585710797991,492.5300002325149
2025-12-05,482.5199890136719,483.3999938964844,478.8800048828125,483.1600036621094,22608700,0.004824905045104577,485.14000156947543,491.38714308965774
2025-12-08,484.8900146484375,492.2999877929688,484.3800048828125,491.0199890136719,21965900,0.01626787253081341,485.92857142857144,491.0976184663318
2025-12-09,489.1000061035156,492.1199951171875,488.5,492.0199890136719,14696100,0.002036576967077819,485.9299970354353,490.8690461658296
2025-12-10,484.0299987792969,484.25,475.0799865722656,478.55999755859375,35756200,-0.027356594763681685,484.7614266531808,489.56237938290553
2025-12-11,476.6300048828125,486.0299987792969,475.8599853515625,483.4700012207031,24669200,0.010259954210878552,483.8285696847098,488.36190359933033
2025-12-12,479.8200073242188,482.4500122070313,476.3399963378906,478.5299987792969,21248100,-0.01021780550795981,483.94285365513394,486.80904570079986
2025-12-15,480.1000061035156,480.7200012207031,472.5199890136719,474.8200073242188,23727700,-0.0077528921165695985,483.0828552246094,485.4533313569568
2025-12-16,471.9100036621094,477.8900146484375,470.8800048828125,476.3900146484375,20705600,0.003306531527738743,482.115713936942,483.8442847842262
2025-12-17,476.9100036621094,480.0,475.0,476.1199951171875,24527200,-0.0005668035075194755,479.98714338030135,482.35047549293154
2025-12-18,478.1900024414063,489.6000061035156,477.8900146484375,483.9800109863281,28573500,0.016508476749030443,478.8385750906808,481.88333275204616
2025-12-19,487.3599853515625,487.8500061035156,482.489990234375,485.9200134277344,70836100,0.00400843505386228,479.8900059291295,481.8261907668341
2025-12-22,486.1199951171875,488.7300109863281,482.6900024414063,484.9200134277344,16963000,-0.002057951869374297,480.09715053013394,482.13523937406995
2025-12-23,484.9800109863281,487.8299865722656,484.739990234375,486.8500061035156,14683600,0.003980022730220467,481.2857230050223,482.83666846865697
2025-12-24,485.6799926757813,489.1600036621094,484.8299865722656,488.0199890136719,5855900,0.0024031691393415766,483.1714346749442,483.50428699311755
2025-12-26,486.7099914550781,488.1199951171875,485.9599914550781,487.7099914550781,8842200,-0.0006352148796615609,484.78857421875,484.01476324172245
2025-12-29,484.8599853515625,488.3500061035156,484.1799926757813,487.1000061035156,10893400,-0.0012507132563402967,486.3571472167969,484.09095400855654
2025-12-30,485.9299926757813,489.6799926757813,485.5,487.4800109863281,13944500,0.0007801372984006516,486.8571472167969,483.87523978097096
2025-12-31,487.8399963378906,488.1400146484375,483.2999877929688,483.6199951171875,15601600,-0.007918305945161852,486.528573172433,483.7266685849144
2026-01-02,484.3900146484375,484.6600036621094,470.1600036621094,472.9400024414063,25571600,-0.022083439029838448,484.81714303152904,482.9142877487909
2026-01-05,474.05999755859375,476.0700073242188,469.5,472.8500061035156,25250300,-0.00019029123657565705,482.81714303152904,482.6819065638951
2026-01-06,473.7999877929688,478.739990234375,469.75,478.510009765625,23037700,0.011969976925135795,481.4585745675223,482.57095482235866
2026-01-07,479.760009765625,489.7000122070313,477.9500122070313,483.4700012207031,25564200,0.010365491533829152,480.8528616768973,482.5857166108631
2026-01-08,481.239990234375,482.6600036621094,475.8599853515625,478.1099853515625,18162600,-0.011086553158639045,479.5685729980469,481.97095453171505
2026-01-09,474.05999755859375,479.8200073242188,472.2000122070313,479.2799987792969,18491000,0.0024471637564189574,478.3971426827567,481.3642883300781
2026-01-12,476.6700134277344,480.989990234375,475.6799926757813,477.1799926757813,23519900,-0.004381585104457075,477.4771423339844,481.29857381184894
2026-01-13,474.6799926757813,475.7799987792969,465.9500122070313,470.6700134277344,28545800,-0.013642607292779219,477.1528581891741,480.68905058361236
2026-01-14,466.4599914550781,468.2000122070313,457.1700134277344,459.3800048828125,28184300,-0.023987099714937177,475.2285723005022,479.7771461123512
2026-01-15,464.1199951171875,464.25,455.8999938964844,456.6600036621094,23225800,-0.005921026583203148,472.10714285714283,478.9123840332031
2026-01-16,457.8299865722656,463.1900024414063,456.4800109863281,459.8599853515625,34246700,0.007007361415038327,468.7342834472656,478.12523978097096
2026-01-20,451.2200012207031,456.7999877929688,449.2799987792969,454.5199890136719,26130000,-0.01161222221543845,465.3642839704241,477.09666806175596
2026-01-21,452.6000061035156,452.6900024414063,438.6799926757813,444.1099853515625,37980500,-0.022903291194518283,460.3399963378906,475.1980954124814
2026-01-22,447.6199951171875,452.8399963378906,444.7000122070313,451.1400146484375,25349400,0.01582947812197899,456.61999947684154,473.54190499441967
2026-01-23,451.8699951171875,471.1000061035156,450.5299987792969,465.9500122070313,38000200,0.03282794050120974,455.94571358816967,472.6385716029576
2026-01-26,465.30999755859375,474.25,462.0,470.2799987792969,29291200,0.009292813518248622,457.5028555733817,471.84952363513764
2026-01-27,473.7000122070313,482.8699951171875,473.1600036621094,480.5799865722656,29213900,0.021901819808846534,460.9199959891183,471.49523780459447
2026-01-28,483.2099914550781,483.739990234375,478.0,481.6300048828125,36875400,0.0021848981228622666,464.0299987792969,471.2057146344866
2026-01-29,439.989990234375,442.5,421.0199890136719,433.5,128855300,-0.09993149179840488,461.0271432059152,468.65333339146207
2026-01-30,439.1700134277344,439.6000061035156,426.4500122070313,430.2900085449219,58566800,-0.0074048245791883405,459.05286080496654,465.9299999418713
2026-02-02,430.239990234375,430.739990234375,422.25,423.3699951171875,42219900,-0.016082208023224243,455.0857151576451,463.06095232282365
2026-02-03,422.010009765625,422.0499877929688,408.55999755859375,411.2099914550781,61424100,-0.02872193070447404,447.26571219308033,460.12142799014134
2026-02-04,411.0,419.7999877929688,409.239990234375,414.1900024414063,45012400,0.007246932341753887,439.25285557338174,457.3280944824219
2026-02-05,407.4400024414063,408.2999877929688,392.3200073242188,393.6700134277344,66289200,-0.04954245368724175,426.83714512416293,453.288094656808
2026-02-06,399.1700134277344,401.7900085449219,392.9200134277344,401.1400146484375,53515300,0.01897528632079659,415.3385750906808,449.3676191057478
2026-02-09,404.8500061035156,414.8900146484375,400.8699951171875,413.6000061035156,45480500,0.03106145236096225,412.4957188197545,446.29571533203125
2026-02-10,419.6199951171875,423.6799926757813,412.7000122070313,413.2699890136719,44857900,-0.0007979136483889926,410.0642874581473,443.1523815336682
2026-02-11,416.1799926757813,416.4599914550781,401.010009765625,404.3699951171875,42491000,-0.021535543671403534,407.3500017438616,439.68523879278274
2026-02-12,405.0,406.2000122070313,398.010009765625,401.8399963378906,40802400,-0.006256643197682599,406.0114310128348,436.4076189313616
2026-02-13,404.4500122070313,405.5400085449219,398.0499877929688,401.3200073242188,34091600,-0.0012940200537793212,404.172860281808,433.64285714285717
2026-02-17,399.2200012207031,400.5199890136719,394.5299987792969,396.8599853515625,32078800,-0.01111338057226019,404.6285705566406,430.7952372233073
2026-02-18,398.1300048828125,402.55999755859375,396.3200073242188,399.6000061035156,23223400,0.006904250499142339,404.4085693359375,427.92571440197173
2026-02-19,400.6900024414063,404.4299926757813,396.6700134277344,398.4599914550781,28234000,-0.002852889467029107,402.24571010044644,425.25619070870533
2026-02-20,396.1099853515625,400.1199951171875,395.1600036621094,397.2300109863281,34015200,-0.0030868355547025716,399.95428466796875,423.02381097702755
2026-02-23,395.0,395.3599853515625,383.1000061035156,384.4700012207031,43238300,-0.032122471647954565,397.1114283970424,419.8490484328497
2026-02-24,384.1400146484375,389.3599853515625,381.7099914550781,389.0,33884700,0.01178245055508631,395.2771432059152,416.1847621372768
2026-02-25,390.5299987792969,401.4700012207031,390.1600036621094,400.6000061035156,43625500,0.029820067104153303,395.1742858886719,412.86666724795384
2026-02-26,404.7099914550781,407.489990234375,398.739990234375,401.7200012207031,34405900,0.002795794059219592,395.8685738699777,409.11142985026044
2026-02-27,390.8800048828125,396.8200073242188,389.8800048828125,392.739990234375,51367200,-0.022353905603506474,394.8885716029576,404.87857200985866
2026-03-02,392.8599853515625,401.1900024414063,390.6300048828125,398.5499877929688,35474900,0.014793496213936885,394.90142822265625,403.2142857142857
2026-03-03,393.1400146484375,406.7000122070313,392.6700134277344,403.9299926757813,38199200,0.013498946299321357,395.8585684640067,401.9590468633743
2026-03-04,401.2699890136719,411.0299987792969,400.30999755859375,405.2000122070313,35808000,0.0031441575378865494,398.8199986049107,401.0938095819382
2026-03-05,404.4200134277344,411.6099853515625,404.3999938964844,410.6799926757813,39001300,0.013524136978431578,401.9171404157366,401.06857154482884
2026-03-06,409.2000122070313,413.0499877929688,408.510009765625,408.9599914550781,31123900,-0.004188178755669458,403.1114240373884,400.8195234026228
2026-03-09,404.9200134277344,410.2099914550781,403.5,409.4100036621094,30131900,0.0011003819846291396,404.20999581473217,401.56904674711683
2026-03-10,410.0299987792969,410.2000122070313,402.9299926757813,405.760009765625,31706400,-0.008915253325116002,406.0699986049107,401.7890465146019
2026-03-11,405.5700073242188,409.010009765625,401.5899963378906,404.8800048828125,25512100,-0.002168781697636457,406.9742867606027,401.3738083612351
2026-03-12,404.6300048828125,406.1199951171875,401.7099914550781,401.8599853515625,27263900,-0.007459048347235875,406.67857142857144,400.8304748535156
2026-03-13,401.0,404.7999877929688,394.25,395.5499877929688,26848000,-0.01570198026328362,405.2999965122768,400.4104745047433
2026-03-16,398.0700073242188,400.6300048828125,394.7900085449219,399.9500122070313,27733700,0.011123813803188609,403.7671421595982,400.3204752604167
2026-03-17,400.2699890136719,404.3999938964844,397.75,399.4100036621094,26228300,-0.001350190094862147,402.4028581891741,400.2295227050781
2026-03-18,397.1300048828125,398.0,391.0,391.7900085449219,25908500,-0.019078127856892224,399.8857160295759,399.98809523809524
2026-03-19,390.1000061035156,392.489990234375,387.05999755859375,389.0199890136719,25138800,-0.007070163788856276,397.4942844935826,399.48428490048366
2026-03-20,386.7900085449219,387.0,380.1199951171875,381.8699951171875,50853200,-0.018379502592174246,394.20714024135043,398.6942850748698
2026-03-23,383.8999938964844,387.2099914550781,381.6799926757813,383.0,29680100,0.002959135038786531,391.51285661969865,398.01666550409226
2026-03-24,382.3599853515625,382.4700012207031,371.8500061035156,372.739990234375,42733600,-0.02678853724706265,388.25428553989957,397.45809355236236
2026-03-25,376.9200134277344,377.05999755859375,369.6300048828125,371.0400085449219,31181200,-0.004560770869753483,384.12428501674106,396.6028558640253
2026-03-26,370.8200073242188,374.7200012207031,365.1900024414063,365.9700012207031,36836600,-0.013664314379738696,379.3471418108259,394.9538080124628
2026-03-27,361.8999938964844,362.4500122070313,356.510009765625,356.7699890136719,37883400,-0.02513870584021738,374.3442818777902,392.8133312406994
2026-03-30,361.8999938964844,365.3599853515625,356.2799987792969,358.9599914550781,44797000,0.0061384155305796995,370.0499965122768,391.2047598702567
2026-03-31,364.5499877929688,372.8999938964844,363.0700073242188,370.1700134277344,45244400,0.031229168262500107,368.3785705566406,389.85333251953125
2026-04-01,373.489990234375,373.989990234375,368.2000122070313,369.3699951171875,29417200,-0.0021612185793732364,366.4314270019531,388.2076183500744
2026-04-02,367.2099914550781,373.6400146484375,364.1499938964844,373.4599914550781,24099100,0.011072898156205158,366.53428431919644,386.6961887904576
2026-04-06,373.489990234375,373.7300109863281,369.5,372.8800048828125,16146600,-0.0015530085833448393,366.7971409388951,384.8961893717448
2026-04-07,370.3399963378906,372.4500122070313,366.55999755859375,372.2900085449219,21443300,-0.0015822686391459007,367.6999991280692,383.1499997093564
2026-04-08,384.9800109863281,385.0,371.4100036621094,374.3299865722656,33064800,0.005479540091115842,370.2085702078683,381.4795227050781
2026-04-09,372.5,373.5,367.0499877929688,373.0700073242188,30435300,-0.0033659586280662124,372.22428676060275,379.92285592215404
2026-04-10,372.9800109863281,375.6400146484375,370.0299987792969,370.8699951171875,28111100,-0.005897049250382036,372.3242841448103,378.30333164760043
2026-04-13,373.6099853515625,384.5400085449219,371.0199890136719,384.3699951171875,35745800,0.036400895671633515,374.4671412876674,377.4704749697731
2026-04-14,387.9200134277344,394.6900024414063,386.5199890136719,393.1099853515625,37504500,0.022738482049594833,377.2742832728795,377.35428437732514
2026-04-15,398.0,414.3699951171875,396.7300109863281,411.2200012207031,45063400,0.04606857252161789,382.75142560686385,377.8909505208333
2026-04-16,419.8599853515625,420.8200073242188,412.1400146484375,420.260009765625,41642400,0.0219833872819577,389.60428292410717,378.8838079543341
2026-04-17,424.8200073242188,431.5799865722656,420.6900024414063,422.7900085449219,48568200,0.0060200797613549906,396.5271432059152,380.35999843052457
2026-04-20,421.1499938964844,423.3299865722656,416.2999877929688,418.0700073242188,27582200,-0.011163937475598074,402.9557146344866,381.7433326357887
2026-04-21,420.239990234375,427.1799926757813,417.2000122070313,424.1600036621094,32048500,0.01456692953620009,410.5685729980469,383.7571425664993
2026-04-22,426.1900024414063,433.7000122070313,423.6700134277344,432.9200134277344,29378200,0.02065260677572822,417.50428989955356,386.134286063058
2026-04-23,419.8900146484375,423.6600036621094,411.4100036621094,415.75,38308000,-0.03966093711350327,420.7385777064732,388.182381766183
2026-04-24,416.9700012207031,424.9500122070313,415.7999877929688,424.6199951171875,27457400,0.021334925116506254,422.6528625488281,390.73380969819567
2026-04-27,422.3800048828125,427.1099853515625,417.0700073242188,424.8200073242188,30867300,0.0004710381266339603,423.3042907714844,393.53619094122024
2026-04-28,424.5700073242188,429.9200134277344,421.8999938964844,429.25,30438100,0.010427928533036868,424.2271466936384,396.9876200358073
2026-04-29,424.5799865722656,426.8200073242188,420.2900085449219,424.4599914550781,38288300,-0.011159018159398681,425.14000156947543,400.1066676548549
2026-04-30,410.80999755859375,414.4200134277344,398.010009765625,407.7799987792969,70909400,-0.039296972651300055,422.8000008719308,401.89761933826264
2026-05-01,412.7999877929688,417.1099853515625,410.4400024414063,414.4400024414063,31372400,0.016332345093055922,420.15999930245533,404.04381016322543
2026-05-04,411.5400085449219,420.7799987792969,410.7999877929688,413.6199951171875,28066500,-0.001978591157678511,419.855712890625,405.95619128999255
2026-05-05,415.3200073242188,416.7799987792969,408.7999877929688,411.3800048828125,25700900,-0.005415575312649912,417.9642857142857,407.7895246233259
2026-05-06,408.0,418.4200134277344,405.1099853515625,413.9599914550781,30285900,0.006271541012307091,416.41285487583707,409.7738095238095
2026-05-07,420.1099853515625,427.9800109863281,418.760009765625,420.7699890136719,34942400,0.01645085925974743,415.201424734933,411.9852382114955
2026-05-08,417.3900146484375,418.6300048828125,414.0,415.1199951171875,33383800,-0.013427749231185726,413.8671395438058,413.9876185825893
2026-05-11,407.8699951171875,412.6900024414063,405.5,412.6600036621094,35657900,-0.005925976787467646,414.5642830984933,415.97761898949034
2026-05-12,414.4800109863281,415.5,406.6400146484375,407.7699890136719,38594200,-0.01184998450308139,413.6114240373884,417.09190441313245
2026-05-13,403.2000122070313,406.30999755859375,401.0299987792969,405.2099914550781,29667100,-0.006278043082047158,412.40999494280135,417.66809517996654
2026-05-14,404.4800109863281,411.8399963378906,400.8800048828125,409.4299926757813,27077500,0.010414356283638293,412.1314217703683,417.5828566778274
2026-05-15,414.2699890136719,428.1700134277344,412.9100036621094,421.9200134277344,50771200,0.03050587640227831,413.26856776646207,417.66190447126115
2026-05-18,416.6199951171875,425.1199951171875,415.6099853515625,423.5400085449219,32564100,0.003839578748650485,413.6642848423549,417.69761875697543
2026-05-19,429.8999938964844,432.7000122070313,416.489990234375,417.4200134277344,33018700,-0.014449626938935034,413.99285888671875,417.6666666666667
2026-05-20,414.1700134277344,422.1000061035156,411.2999877929688,421.05999755859375,27864000,0.008720195519541285,415.19285801478793,417.51904732840404
2026-05-21,424.75,426.3399963378906,415.7099914550781,419.0899963378906,31393500,-0.004678671049555105,416.8100019182478,416.86047508603053
2026-05-22,419.5400085449219,424.3999938964844,416.3299865722656,418.5700073242188,22390300,-0.001240757398686676,418.7185756138393,416.99476114908856
2026-05-26,416.4299926757813,419.7699890136719,413.0199890136719,416.0299987792969,30398000,-0.006068300404893701,419.6614336286272,416.58571370442706
2026-05-27,411.010009765625,415.9400024414063,409.5799865722656,412.6700134277344,28901500,-0.008076305462157207,418.34000505719865,416.0071425664993
2026-05-28,412.9800109863281,429.489990234375,412.6700134277344,426.989990234375,47250500,0.034700793226276616,418.8328595842634,415.89952305385043
2026-05-29,432.5499877929688,450.3299865722656,432.3599853515625,450.239990234375,79654400,0.05445092515456418,423.5214276994978,417.12714204334077
2026-06-01,464.8399963378906,466.3200073242188,458.2699890136719,460.5199890136719,53628900,0.022832265019252507,429.1585693359375,419.63857014973956
2026-06-02,446.8800048828125,453.5,440.4299926757813,441.30999755859375,37036800,-0.04171369737114239,432.3328552246094,420.9180937267485
2026-06-03,438.4500122070313,440.3900146484375,424.25,427.3399963378906,39037000,-0.03165575513355168,433.58571079799106,421.5714271182106
2026-06-04,435.80999755859375,436.1499938964844,426.4100036621094,428.0499877929688,26899500,0.0016614205577818453,435.30285208565846,422.36523582821803
2026-06-05,428.3399963378906,429.4700012207031,414.3999938964844,416.6700134277344,34782200,-0.026585620113925734,435.87428065708707,422.4942844935826
2026-06-08,414.1400146484375,417.1600036621094,408.55999755859375,411.739990234375,32086700,-0.011831960627074034,433.6957092285156,422.0642845517113
2026-06-09,409.0299987792969,411.9800109863281,398.4800109863281,403.4100036621094,35317300,-0.020231181740505533,427.0057111467634,421.5066659109933
2026-06-10,398.5499877929688,405.0400085449219,397.1600036621094,397.3599853515625,32576000,-0.014997194555478321,417.9828534807478,420.77809361049106
2026-06-11,395.2099914550781,396.8500061035156,384.0,390.3399963378906,47224100,-0.017666572560045224,410.701424734933,419.9480939592634
2026-06-12,391.4299926757813,391.739990234375,382.2699890136719,390.739990234375,34865800,0.0010247320290952544,405.4728524344308,419.25904628208707
2026-06-15,396.7999877929688,401.75,392.8500061035156,399.760009765625,32266400,0.023084454513702557,401.4314270019531,418.79857090541293
2026-06-16,395.7900085449219,396.8399963378906,390.6900024414063,393.8299865722656,31506800,-0.014833957996038927,398.16856602260043,417.46095057896207
2026-06-17,390.25,390.3699951171875,377.3200073242188,378.9100036621094,41987800,-0.03788432424867805,393.4785679408482,415.3357122512091
2026-06-18,377.8200073242188,381.3699951171875,373.2799987792969,379.3999938964844,59714200,0.0012931572923366996,390.04856654575894,413.52523513067337
2026-06-22,375.739990234375,381.6300048828125,367.0700073242188,367.3399963378906,45171100,-0.03178702623248908,385.75999668666293,410.9671398344494
2026-06-23,372.3800048828125,377.2200012207031,370.6700134277344,373.9400024414063,40647600,0.01796702283800533,383.4171404157366,408.81714012509303
2026-06-24,371.5700073242188,378.8800048828125,364.7799987792969,365.4599914550781,44509900,-0.022677464114465584,379.8057120186942,406.288091750372
2026-06-25,362.7699890136719,364.2300109863281,349.20001220703125,352.8299865722656,66179000,-0.03455919985256439,373.10142299107144,403.278567359561
2026-06-26,357.1499938964844,376.6099853515625,355.42999267578125,372.9700012207031,186201600,0.05708135763656941,370.12142508370533,401.3880905877976
2026-06-29,377.5,380.5,359.8999938964844,368.5700073242188,51229900,-0.011797179081651232,368.64428274972107,398.60618663969495
2026-06-30,371.0299987792969,374.1499938964844,367.4500122070313,373.0199890136719,44945700,0.012073640288203347,367.73285348074785,394.92904372442337
2026-07-01,380.8299865722656,388.8299865722656,374.8900146484375,384.2799987792969,48065800,0.030186076074363744,370.15285382952015,391.2985679989769
2026-07-02,384.4800109863281,392.2000122070313,383.7000122070313,390.489990234375,42128900,0.01616006941502235,372.5171377999442,388.8785676502046
2026-07-06,387.0400085449219,389.1499938964844,381.2200012207031,386.739990234375,34224500,-0.009603319147180267,375.557137625558,386.9452340262277
2026-07-07,392.489990234375,395.5700073242188,388.2200012207031,388.8399963378906,29297500,0.0054300205733650575,380.701424734933,385.07809157598587
2026-07-08,384.0299987792969,385.30999755859375,381.3299865722656,383.3399963378906,25908300,-0.014144635458798516,382.182852608817,383.4909479050409
2026-07-09,374.4500122070313,384.6499938964844,373.3500061035156,384.3599853515625,31083200,0.0026607946559606965,384.43856375558033,382.18713814871654
2026-07-10,387.7999877929688,391.9100036621094,381.5,385.1000061035156,24644600,0.0019253324491523838,386.1642804827009,381.3152335030692
2026-07-13,387.75,393.6499938964844,384.1499938964844,390.989990234375,28914900,0.015294687191659273,387.1228506905692,381.0119004022507
2026-07-14,382.8200073242188,388.1900024414063,378.6499938964844,384.9299926757813,27863900,-0.01549911176744212,386.3285653250558,380.7542811802455
2026-07-15,387.7999877929688,398.9599914550781,386.3999938964844,395.6300048828125,36253700,0.027797294081065793,387.5985674176897,380.9871390206473
2026-07-16,398.30999755859375,405.989990234375,392.0499877929688,401.1000061035156,37047400,0.013826052506617614,389.3499973842076,381.05094837007067
2026-07-17,394.8599853515625,398.3900146484375,389.3900146484375,393.8200073242188,33049800,-0.018150083940457473,390.8471418108259,381.05047316778274
2026-07-20,391.4100036621094,403.1799926757813,389.6499938964844,402.2900085449219,27915800,0.021507290292973824,393.40857369559154,382.16380673363096
2026-07-21,398.80999755859375,401.4700012207031,396.3200073242188,397.75,24126600,-0.011285412136739392,395.21571568080356,383.0376165480841
2026-07-22,399.5799865722656,401.0,386.9599914550781,390.3399963378906,28142500,-0.018629801790344125,395.1228594098772,384.13285464332216
2026-07-23,389.9700012207031,391.7799987792969,377.3900146484375,381.5799865722656,30351800,-0.022441998892785864,394.644287109375,384.4966634114583
2026-07-24,387.0499877929688,389.0299987792969,380.6499938964844,381.7000122070313,27659400,0.0003145490827332065,392.654288155692,385.2699977329799
2026-07-27,390.0799865722656,394.2000122070313,387.989990234375,389.1000061035156,27856200,0.019386936494177,390.94000244140625,386.9971415201823
2026-07-28,393.1600036621094,400.3200073242188,391.2999877929688,393.3500061035156,32367500,0.010922641823010837,390.8728594098772,387.96761794317337
2026-07-29,393.3999938964844,401.25,388.739990234375,390.5400085449219,47209000,-0.007143758777149345,389.1942879813058,389.01380847749255
2026-07-30,437.8999938964844,458.6900024414063,432.4400024414063,451.1000061035156,110160700,0.15506733300956488,396.8157174246652,392.7319045293899
2026-07-31,450.0,466.8399963378906,449.3299865722656,464.7200012207031,60846000,0.030192850660396786,407.4414324079241,396.5623808361235
2026-08-03,476.1300048828125,491.6499938964844,475.0,487.6499938964844,66762100,0.049341523101114504,422.5942905970982,401.18904767717635
2026-08-04,480.8999938964844,499.4400024414063,479.1700134277344,492.80999755859375,50455500,0.010581367223813976,438.46714564732144,406.24000040690106
2026-08-05,496.3599853515625,498.239990234375,485.6799926757813,487.4599914550781,33388900,-0.010856123313284671,452.51857212611606,410.93619065057663
2026-08-06,488.5499877929688,501.55999755859375,488.5199890136719,499.8599853515625,36441500,0.02543797258000624,467.7342834472656,416.48476155598956
2026-08-07,499.2099914550781,505.1799926757813,498.7300109863281,499.989990234375,28846200,0.0002600825963716691,483.3699951171875,421.99095226469495
2026-08-10,503.4400024414063,513.72998046875,502.2699890136719,506.05999755859375,31206100,0.012140257690705702,491.22142246791293,427.7509518577939
2026-08-11,504.3299865722656,505.3299865722656,499.5499877929688,503.80999755859375,23049800,-0.0044461131305670865,496.8057076590402,433.12333315894716
2026-08-12,499.989990234375,501.5,491.5199890136719,492.4299926757813,28557200,-0.022587890152951817,497.48856462751115,438.2423807779948
2026-08-13,493.2650146484375,501.3399963378906,493.25,494.1900024414063,11496942,0.0035741319411950467,497.68570818219865,442.93571399507067
