Date,Open,High,Low,Close,Volume,daily_return,MA7,MA21
2021-08-13,19.905000686645508,20.214000701904297,19.85099983215332,20.1879997253418,183063000,,,
2021-08-16,20.13500022888184,20.28700065612793,19.452999114990234,19.950000762939453,210876000,-0.0117891304557326,,
2021-08-17,19.684999465942383,19.770000457763672,19.267000198364254,19.45800018310547,204585000,-0.02466168225657217,,
2021-08-18,19.5,19.63400077819824,19.0,19.040000915527344,285913000,-0.021482128874736883,,
2021-08-19,19.49399948120117,20.4950008392334,18.761999130249023,19.79800033569336,766555000,0.03981089200199861,,
2021-08-20,19.99099922180176,20.864999771118164,19.933000564575195,20.81599998474121,675741000,0.05141931668788402,,
2021-08-23,20.97100067138672,21.996999740600582,20.950000762939453,21.95800018310547,575807000,0.05486165445817548,20.17257172720773,
2021-08-24,21.75300025939941,21.958999633789062,21.53499984741211,21.792999267578125,297299000,-0.007514387200629358,20.401857376098633,
2021-08-25,21.73699951171875,22.46999931335449,21.722000122070312,22.21299934387207,347701000,0.01927224752945267,20.725142887660436,
2021-08-26,22.200000762939453,22.34000015258789,21.790000915527344,22.06800079345703,237940000,-0.006527643933642802,21.098000117710658,
2021-08-27,22.18400001525879,22.722000122070312,22.16699981689453,22.63599967956543,304722000,0.02573857466403595,21.611714226858957,
2021-08-30,22.82999992370605,23.042999267578125,22.551000595092773,22.6879997253418,262580000,0.002297227713044858,22.02457128252302,
2021-08-31,22.69499969482422,22.69499969482422,22.1200008392334,22.38500022888184,259850000,-0.01335505554160954,22.248714174543107,
2021-09-01,22.48500061035156,22.69700050354004,22.35700035095215,22.44099998474121,201767000,0.0025016642969304392,22.317714146205358,
2021-09-02,22.51799964904785,22.593000411987305,22.295000076293945,22.395999908447266,187834000,-0.002005261633819533,22.40385709490095,
2021-09-03,22.325000762939453,22.98600006103516,22.200000762939453,22.843000411987305,280532000,0.019958943801006157,22.49385724748884,
2021-09-07,22.83300018310547,22.89900016784668,22.52199935913086,22.66200065612793,198107000,-0.007923641929472258,22.57871437072754,
2021-09-08,22.51300048828125,22.61000061035156,21.976999282836918,22.339000701904297,254434000,-0.014252931995052731,22.536285945347377,
2021-09-09,22.312000274658203,22.538000106811523,22.131000518798828,22.177000045776367,196856000,-0.007251920454710348,22.463285991123744,
2021-09-10,22.347999572753903,22.625999450683597,22.270000457763672,22.47800064086914,248376000,0.01357264708804018,22.476571764264786,
2021-09-13,22.68400001525879,22.964000701904297,21.857999801635746,22.152000427246094,297500000,-0.014503078758273502,22.435286113194056,21.641857328869047
2021-09-14,22.274999618530277,22.40999984741211,22.086000442504883,22.242000579833984,199755000,0.004062845379742441,22.413286209106445,21.739666893368675
2021-09-15,22.30900001525879,22.367000579833984,21.965999603271484,22.340999603271484,166538000,0.004450994553397258,22.341571807861328,21.853523981003534
2021-09-16,22.183000564575195,22.277000427246094,21.927000045776367,22.242000579833984,156033000,-0.004431270990354563,22.281571796962194,21.986095428466797
2021-09-17,22.299999237060547,22.32099914550781,21.82999992370605,21.899999618530277,294503000,-0.015376357898928772,22.21885735648019,22.122285842895508
2021-09-20,21.145999908447266,21.433000564575195,20.66200065612793,21.113000869750977,349440000,-0.03593601655195444,22.066857474190847,22.18490491594587
2021-09-21,21.41699981689453,21.424999237060547,20.950000762939453,21.246000289916992,204688000,0.006299408643352322,21.890857424054825,22.20538112095424
2021-09-22,21.36599922180176,21.959999084472656,21.19599914550781,21.94099998474121,268726000,0.03271202510309923,21.860714503696986,22.2045715876988
2021-09-23,22.13999938964844,22.53499984741211,21.88999938964844,22.48200035095215,248555000,0.024657051482939396,21.895000185285294,22.237381163097563
2021-09-24,22.06999969482422,22.14900016784668,21.86100006103516,22.08099937438965,217655000,-0.01783653457444756,21.857857295445033,22.231095450265066
2021-09-27,21.709999084472656,21.798999786376957,21.325000762939453,21.65999984741211,245215000,-0.019066144599679258,21.77471433367048,22.211666833786737
2021-09-28,21.214000701904297,21.41900062561035,20.650999069213867,20.698999404907227,343069000,-0.04436751843374098,21.603142874581472,22.11942872546968
2021-09-29,20.940000534057617,21.017000198364254,20.46699905395508,20.517000198364254,218394000,-0.008792657218968047,21.51799992152623,22.016047795613606
2021-09-30,20.76799964904785,21.06599998474121,20.6879997253418,20.715999603271484,221009000,0.00969924467433092,21.442285537719727,21.93657157534645
2021-10-01,20.75,20.858999252319336,20.202999114990234,20.742000579833984,240978000,0.0012551157105831212,21.270999908447266,21.855666841779435
2021-10-04,20.503999710083008,20.54199981689453,19.55500030517578,19.73200035095215,345635000,-0.04869348185554434,20.878142765590123,21.728809719993954
2021-10-05,19.950000762939453,20.64800071716309,19.85400009155273,20.451000213623047,279282000,0.03643826524847005,20.645285742623464,21.614904948643275
2021-10-06,20.1200008392334,20.71999931335449,20.07999992370605,20.700000762939453,297202000,0.012175470476526673,20.50814301627023,21.521476382300968
2021-10-07,21.09199905395508,21.32200050354004,20.972000122070312,21.075000762939453,256919000,0.01811594136128658,20.56185749598912,21.461285909016926
2021-10-08,21.10099983215332,21.20599937438965,20.774999618530277,20.83099937438965,151258000,-0.011577764162119641,20.606714521135604,21.397190638950892
2021-10-11,20.575000762939453,21.0629997253418,20.51099967956543,20.69499969482422,163388000,-0.006528716031388937,20.603714534214564,21.312285831996373
2021-10-12,20.827999114990234,21.05699920654297,20.527999877929688,20.67099952697754,162134000,-0.0011597085383230343,20.593571526663645,21.241761979602632
2021-10-13,20.917999267578125,20.989999771118164,20.71299934387207,20.93899917602539,180652000,0.012965006781509913,20.765999930245535,21.179714293706986
2021-10-14,21.288000106811523,21.7549991607666,21.121999740600582,21.746000289916992,243589000,0.03854057718363135,20.95099994114467,21.151380993071058
2021-10-15,21.809999465942383,21.93099975585937,21.66200065612793,21.86199951171875,226994000,0.0053342784997361115,21.116999762398855,21.133285704113188
2021-10-18,21.749000549316406,22.291000366210938,21.643999099731445,22.222000122070312,189494000,0.016466957203918664,21.280856813703263,21.14861906142462
2021-10-19,22.275999069213867,22.378999710083008,22.03700065612793,22.290000915527344,161473000,0.003060066289419794,21.489285605294363,21.204666682652064
2021-10-20,22.30500030517578,22.433000564575195,21.98200035095215,22.10300064086914,146276000,-0.008389424269962142,21.690428597586497,21.245476223173597
2021-10-21,22.097000122070312,22.711000442504883,22.08300018310547,22.691999435424805,187590000,0.02664791102917441,21.979142870221818,21.281238101777575
2021-10-22,22.822999954223636,23.1299991607666,22.56100082397461,22.72599983215332,249384000,0.0014983429214896482,22.234428678240096,21.292857124691917
2021-10-25,22.972999572753903,23.354999542236328,22.770000457763672,23.166000366210938,230235000,0.019361107863562266,22.437285831996373,21.34452383858817
2021-10-26,23.98900032043457,25.25900077819824,23.923999786376957,24.71699905395508,485898000,0.06695150924742155,22.845142909458705,21.49009522937593
2021-10-27,24.474000930786133,25.09000015258789,24.28199958801269,24.451000213623047,245990000,-0.010761777340015377,23.163571493966238,21.668761934552872
2021-10-28,24.87800025939941,24.950000762939453,24.52300071716309,24.94099998474121,234204000,0.0200400706243975,23.542285646711075,21.879428591047013
2021-10-29,25.000999450683597,25.708999633789062,25.0,25.566999435424805,292503000,0.02509921218341593,24.037142617361887,22.110428583054315
2021-11-01,25.64900016784668,25.893999099731445,25.226999282836918,25.82699966430664,265740000,0.010169368116056177,24.484999792916433,22.35257139660063
2021-11-02,25.82200050354004,26.67799949645996,25.799999237060547,26.400999069213867,294112000,0.02222478074758727,25.009999683925084,22.670142764136905
2021-11-03,26.670000076293945,26.78400039672852,26.23500061035156,26.597999572753903,239910000,0.0074618579025578224,25.500285284859793,22.96285701933361
2021-11-04,27.22900009155273,31.364999771118164,27.118000030517575,29.801000595092773,1153631000,0.1204226285355654,26.226571219308035,23.396237963721866
2021-11-05,30.187000274658203,31.399999618530277,29.40999984741211,29.75200080871582,851260000,-0.001644232925018696,26.983857018607004,23.80942844209217
2021-11-08,30.14900016784668,31.100000381469727,29.90699958801269,30.804000854492188,503101000,0.03535896804184624,27.821428571428573,24.284333274478005
2021-11-09,32.28200149536133,32.310001373291016,29.964000701904297,30.65699958801269,646746000,-0.004772148500250983,28.5485714503697,24.758714221772692
2021-11-10,29.356000900268555,30.850000381469727,28.777999877929688,29.458999633789062,636206000,-0.039077534342012554,29.067428588867188,25.177190417335147
2021-11-11,30.468000411987305,30.59000015258789,29.777000427246094,30.38999938964844,332172000,0.03160323729362258,29.637285777500697,25.62723804655529
2021-11-12,30.01000022888184,30.68000030517578,29.6299991607666,30.38999938964844,413054000,0.0,30.179000037057058,26.038857051304408
2021-11-15,30.552000045776367,30.643999099731445,29.246999740600582,30.024999618530277,384909000,-0.012010522489266373,30.21099989754813,26.427571342104958
2021-11-16,29.75900077819824,30.38999938964844,29.70599937438965,30.202999114990234,264484000,0.005928376310456507,30.275428227015905,26.807618913196382
2021-11-17,30.417999267578125,30.50900077819824,28.799999237060547,29.26099967956543,428508000,-0.031188936960809155,30.054999487740652,27.139571235293435
2021-11-18,32.367000579833984,32.7599983215332,31.32099914550781,31.674999237060547,781711000,0.08249887508733833,30.200428009033203,27.595380692254928
2021-11-19,32.24300003051758,33.0880012512207,31.905000686645508,32.98500061035156,533867000,0.04135758184196825,30.70414243425642,28.08552360534668
2021-11-22,33.516998291015625,34.64699935913086,31.899999618530277,31.95599937438965,754335000,-0.031196035074166018,30.927856717790878,28.52504739307222
2021-11-23,31.53499984741211,32.36000061035156,30.8799991607666,31.746000289916992,532163000,-0.006571507340839222,31.121571132114955,28.933618818010604
2021-11-24,31.461000442504883,32.85499954223633,30.92799949645996,32.67399978637695,435162000,0.029232013103543952,31.499999727521622,29.312523614792596
2021-11-26,32.599998474121094,32.709999084472656,31.350000381469727,31.50300025939941,283069000,-0.035838879066950935,31.685714176722936,29.648333140781947
2021-11-29,32.36600112915039,33.4119987487793,32.0359992980957,33.375999450683594,454964000,0.059454628951582045,32.27357128688267,30.0499997820173
2021-11-30,33.16899871826172,33.35300064086914,31.86400032043457,32.67599868774414,622066000,-0.020973177566525725,32.416571208408904,30.38852355593727
2021-12-01,33.21900177001953,33.28900146484375,31.3799991607666,31.434999465942383,484368000,-0.037978922500912615,32.195142473493306,30.65557116553897
2021-12-02,31.214000701904297,32.47800064086914,31.024999618530277,32.125999450683594,472890000,0.021981867233363817,32.21942819867815,30.928190231323242
2021-12-03,32.0,32.12900161743164,30.1299991607666,30.69300079345703,544325000,-0.04460557435501267,32.06899969918387,31.123190289451962
2021-12-06,29.8799991607666,30.24099922180176,28.038000106811523,30.03700065612793,658938000,-0.021372955409069805,31.692285537719727,31.134428387596493
2021-12-07,30.957000732421875,32.44900131225586,30.650999069213867,32.426998138427734,593053000,0.07956844658563522,31.82428523472377,31.26180921282087
2021-12-08,31.999000549316406,32.290000915527344,31.42099952697754,31.826000213623047,475551000,-0.01853387483599578,31.60285677228655,31.310475848969958
2021-12-09,31.733999252319336,32.20500183105469,30.42799949645996,30.489999771118164,488507000,-0.04197827039330604,31.290571212768555,31.302523476736887
2021-12-10,31.149999618530277,31.30500030517578,29.86100006103516,30.197999954223636,488825000,-0.009576904528911356,31.11385699680873,31.33771396818615
2021-12-13,30.249000549316406,30.29400062561035,28.11599922180176,28.160999298095703,598344000,-0.06745482016079773,30.547428403581893,31.23157110668364
2021-12-14,27.698999404907227,28.67799949645996,27.25,28.33699989318848,667035000,0.0062497993494385895,30.21085684640067,31.13380922589983
2021-12-15,28.399999618530277,30.5,27.83799934387207,30.458999633789062,698297000,0.07488441784942301,30.271142414637975,31.154475893293107
2021-12-16,31.152000427246094,31.15999984741211,28.093000411987305,28.386999130249023,707366000,-0.06802588819238531,29.693999699183873,31.067999703543528
2021-12-17,27.98500061035156,28.92200088500977,27.76000022888184,27.801000595092773,713758000,-0.020643201222767305,29.11899975367955,30.998475937616256
2021-12-20,27.30500030517578,28.143999099731445,27.145000457763672,27.7189998626709,461847000,-0.0029495604714439017,28.723142623901367,30.810095015026274
2021-12-21,28.374000549316406,29.1200008392334,27.400999069213867,29.075000762939453,524385000,0.04891954641172602,28.562714168003627,30.623904546101887
2021-12-22,28.891000747680664,29.55500030517578,28.448999404907227,29.399999618530277,395184000,0.011177948308262353,28.739714213779994,30.502190272013348
2021-12-23,29.7549991607666,30.05900001525879,29.43099975585937,29.63999938964844,343022000,0.008163257626945475,28.92585699898856,30.4019045148577
2021-12-27,29.65999984741211,31.08699989318848,29.63999938964844,30.94499969482422,403686000,0.044028351283689204,28.99528557913644,30.319571177164715
2021-12-28,31.312000274658203,31.32999992370605,30.011999130249023,30.32200050354004,420591000,-0.02013246719754791,29.27171434674944,30.26333309355236
2021-12-29,30.27300071716309,30.54800033569336,29.36599922180176,30.000999450683597,343139000,-0.010586407477269355,29.585999897548135,30.102618807838077
2021-12-30,29.82699966430664,30.457000732421875,29.540000915527344,29.586000442504883,308864000,-0.013832839431263011,29.852714266095848,29.955476034255256
2021-12-31,29.673999786376957,30.030000686645508,29.33099937438965,29.410999298095703,266530000,-0.005914998370572744,29.900714056832452,29.859095073881605
2022-01-03,29.815000534057617,30.711000442504883,29.78499984741211,30.121000289916992,391547000,0.024140661955245335,30.00371415274484,29.76361892336891
2022-01-04,30.277000427246094,30.468000411987305,28.349000930786133,29.290000915527344,527154000,-0.027588704438471945,29.95371437072754,29.696809405372257
2022-01-05,28.948999404907227,29.416000366210938,27.53300094604492,27.60400009155273,498064000,-0.05756233428728996,29.476428713117325,29.58095223563058
2022-01-06,27.63999938964844,28.4379997253418,27.065000534057617,28.17799949645996,454186000,0.020794066186185844,29.17014285496303,29.378618966965448
2022-01-07,28.141000747680664,28.42200088500977,27.05699920654297,27.246999740600582,409939000,-0.03303995217887423,28.77671432495117,29.16057132539295
2022-01-10,26.58099937438965,27.4689998626709,25.643999099731445,27.399999618530277,594681000,0.005615292670249961,28.4644284929548,29.013428460984002
2022-01-11,27.322999954223636,28.065000534057617,26.839000701904297,27.816999435424805,404089000,0.015218971631390632,28.236714226858957,28.900047483898344
2022-01-12,28.066999435424805,28.59499931335449,27.607999801635746,27.999000549316406,383413000,0.006542801796940889,27.933571406773158,28.892333257765998
2022-01-13,28.378999710083008,28.479999542236328,26.49799919128418,26.575000762939453,540171000,-0.05085895062106849,27.545714242117747,28.808428537277948
2022-01-14,26.299999237060547,27.19700050354004,26.209999084472656,26.941999435424805,395832000,0.013809921428004523,27.451142719813756,28.64095233735584
2022-01-18,26.26000022888184,26.63800048828125,25.770000457763672,25.902999877929688,424270000,-0.03856430774506603,27.126142774309432,28.522666658673966
2022-01-19,26.07900047302246,26.542999267578125,25.052000045776367,25.066999435424805,488315000,-0.03227427118266657,26.814714159284318,28.392476127261208
2022-01-20,25.304000854492188,25.57900047302246,24.077999114990234,24.149999618530277,435181000,-0.036581953865551964,26.35042844499861,28.222523734683083
2022-01-21,23.506999969482425,24.822999954223636,23.26300048828125,23.374000549316406,718958000,-0.03213246714167428,25.715714318411692,27.951047534034366
2022-01-24,22.32999992370605,23.3799991607666,20.88800048828125,23.371999740600582,913982000,-8.559975480459947e-05,25.05471420288086,27.66399992079962
2022-01-25,22.54599952697754,22.94300079345703,22.0,22.323999404907227,664616000,-0.04483999432332808,24.44742829459054,27.315618969145277
2022-01-26,23.239999771118164,24.05699920654297,22.299999237060547,22.77199935913086,755959000,0.02006808664065618,23.85171399797712,26.926428476969402
2022-01-27,23.56800079345703,23.9950008392334,21.674999237060547,21.944000244140625,573353000,-0.036360404808207236,23.28614262172154,26.527476083664666
2022-01-28,22.011999130249023,22.857999801635746,21.29599952697754,22.84000015258789,543774000,0.040831202081603735,22.967999867030553,26.18647611708868
2022-01-31,23.18199920654297,24.50900077819824,23.052000045776367,24.48600006103516,564680000,0.07206654542253887,23.015999930245535,25.943618956066313
2022-02-01,25.10400009155273,25.145000457763672,23.88999938964844,24.63800048828125,518925000,0.0062076462822513445,23.196571350097656,25.7163332984561
2022-02-02,25.79400062561035,25.816999435424805,24.55299949645996,25.242000579833984,543419000,0.02451498009507791,23.463714327130997,25.48399997892834
2022-02-03,24.45800018310547,25.07699966430664,23.780000686645508,23.947999954223636,410178000,-0.05126379034489581,23.69571440560477,25.22961898077102
2022-02-04,23.972000122070312,24.63500022888184,23.631999969482425,24.319000244140625,354829000,0.015491911250465673,23.91671453203474,25.073190416608536
2022-02-07,24.371999740600582,25.18199920654297,24.20199966430664,24.72800064086914,376868000,0.016818141889984206,24.314428874424525,24.908904756818497
2022-02-08,24.358999252319336,25.229999542236328,23.979999542236328,25.107999801635746,410359000,0.01536716074564315,24.638428824288503,24.80704761686779
2022-02-09,25.621999740600582,26.725000381469727,25.35300064086914,26.70499992370605,524282000,0.06360523079047753,24.95542880467006,24.773952393304732
2022-02-10,25.9950008392334,26.924999237060547,25.600000381469727,25.823999404907227,513200000,-0.032990096285930304,25.124857221330917,24.679047629946755
2022-02-11,25.916000366210938,26.152000427246094,23.77300071716309,23.948999404907227,605472000,-0.07260687899658569,24.94014276776995,24.486190432593936
2022-02-14,23.93400001525879,24.875,23.7549991607666,24.267000198364254,440424000,0.01327824967050062,24.985714231218612,24.376285643804643
2022-02-15,24.948999404907227,26.545000076293945,24.78400039672852,26.4950008392334,699869000,0.09181195131894904,25.296571459089005,24.354999996366956
2022-02-16,26.25900077819824,26.582000732421875,25.552000045776367,26.51099967956543,732676000,0.0006038437375075478,25.551285607474192,24.38395236787342
2022-02-17,25.6299991607666,25.78499984741211,24.165000915527344,24.506999969482425,810595000,-0.07559125398155686,25.465428488595144,24.357285726638068
2022-02-18,24.667999267578125,24.98600006103516,23.100000381469727,23.642000198364254,761255000,-0.03529602857123759,25.027857099260604,24.33309527805873
2022-02-22,23.03499984741211,24.06399917602539,23.0,23.38999938964844,633422000,-0.010659030818096715,24.68014281136649,24.333857127598353
2022-02-23,23.802000045776367,24.155000686645508,22.301000595092773,22.386999130249023,566511000,-0.04288158553109278,24.456999914986746,24.28695233662923
2022-02-24,21.01499938964844,23.799999237060547,20.88999938964844,23.74799919128418,735801000,0.060794216014248725,24.382856913975306,24.35476185026623
2022-02-25,23.72100067138672,24.21699905395508,23.381000518798828,24.15699958801269,528866000,0.01722252023987858,24.048856735229492,24.420714242117747
2022-02-28,23.992000579833984,24.665000915527344,23.707000732421875,24.38500022888184,477319000,0.009438284752146364,23.74514252798898,24.53695233662923
2022-03-01,24.291000366210938,24.37700080871582,23.131999969482425,23.476999282836918,412056000,-0.037236044187913375,23.597999572753906,24.567285628545854
2022-03-02,23.756000518798828,24.40900039672852,23.415000915527344,24.21999931335449,389642000,0.03164799817755015,23.68057087489537,24.554618926275346
2022-03-03,24.261999130249023,24.326000213623047,23.4689998626709,23.714000701904297,365095000,-0.02089176819964622,23.726856776646205,24.51061893644787
2022-03-04,23.38400077819824,23.68000030517578,22.48200035095215,22.93600082397461,431415000,-0.03280761806957411,23.805285590035574,24.40080942426409
2022-03-07,22.816999435424805,23.03300094604492,21.32999992370605,21.351999282836918,450821000,-0.06906180171924137,23.462999888828822,24.277190344674246
2022-03-08,21.30900001525879,22.37299919128418,20.649999618530277,21.513999938964844,557467000,0.007587142261574753,23.085428510393417,24.143618901570637
2022-03-09,22.386999130249023,23.21999931335449,22.246999740600582,23.013999938964844,492742000,0.06972204165917528,22.889571326119558,24.061999820527575
2022-03-10,22.5310001373291,22.788000106811523,21.881999969482425,22.65800094604492,428066000,-0.015468801332409243,22.772571563720703,23.945333208356583
2022-03-11,23.02199935913086,23.145000457763672,22.04599952697754,22.100000381469727,367209000,-0.024627087177900076,22.46971457345145,23.72604751586914
2022-03-14,21.86899948120117,22.261999130249023,21.15900039672852,21.32999992370605,385354000,-0.034841649071160274,22.129143033708846,23.512047540573846
2022-03-15,21.51799964904785,23.038000106811523,21.32200050354004,22.972999572753903,491996000,0.07702764439402698,22.134428569248744,23.465571358090354
2022-03-16,23.5,24.597000122070312,23.17200088500977,24.496000289916992,671422000,0.06629524857386837,22.583571570260183,23.47647612435477
2022-03-17,24.1200008392334,24.84199905395508,23.9060001373291,24.766000747680664,471941000,0.01102222626421212,23.048143114362443,23.394142786661785
2022-03-18,24.798999786376957,26.569000244140625,24.624000549316406,26.452999114990234,730719000,0.06811751257285881,23.5394287109375,23.391380855015345
2022-03-21,26.506999969482425,27.152000427246094,25.96699905395508,26.733999252319336,591727000,0.01062261923903618,24.121714183262416,23.49742843991234
2022-03-22,26.726999282836918,27.238000869750977,26.07200050354004,26.52400016784668,547007000,-0.007855131680473804,24.753714152744838,23.63466653369722
2022-03-23,26.125999450683597,26.61199951171875,25.575000762939453,25.63400077819824,502120000,-0.03355449344052297,25.36857141767229,23.741523742675778
2022-03-24,26.166000366210938,28.31999969482422,25.90699958801269,28.149999618530277,877379000,0.09815084512566208,26.108142852783203,24.01595233735584
2022-03-25,27.88599967956543,28.357999801635746,27.270999908447266,27.691999435424805,579016000,-0.01626998896312537,26.564714159284318,24.20376187279111
2022-03-28,27.756000518798828,28.25,27.20599937438965,28.2189998626709,425494000,0.019030782825018022,27.057999747140066,24.39719045729864
2022-03-29,28.69499969482422,28.94599914550781,27.979999542236328,28.6560001373291,488984000,0.015486029865866557,27.37271417890276,24.60057140531994
2022-03-30,28.304000854492188,28.496000289916992,27.50300025939941,27.690000534057617,463487000,-0.033710203749375056,27.50928579057966,24.801190512520925
2022-03-31,27.78199958801269,28.24799919128418,27.270000457763672,27.285999298095703,523440000,-0.014590149085226933,27.61814280918666,24.947190511794318
2022-04-01,27.375,27.496000289916992,26.267000198364254,26.71199989318848,517235000,-0.02103640766960224,27.7721426827567,25.089952378045943
2022-04-04,26.72800064086914,27.558000564575195,26.613000869750977,27.36000061035156,397120000,0.024258787052792607,27.659285681588308,25.300619034540084
2022-04-05,27.253999710083008,27.319000244140625,25.81999969482422,25.93099975585937,436615000,-0.052229562230036275,27.407714298793245,25.518666676112584
2022-04-06,24.93400001525879,25.299999237060547,24.00300025939941,24.40699958801269,703833000,-0.058771361775294295,26.863142830984934,25.656428564162482
2022-04-07,24.44099998474121,24.722000122070312,23.47800064086914,24.20800018310547,557992000,-0.008153374370726052,26.22771426609584,25.71328571864537
2022-04-08,23.91699981689453,23.92300033569336,23.062000274658203,23.11899948120117,524781000,-0.044985157537478226,25.57471411568778,25.735238029843284
2022-04-11,22.214000701904297,22.31999969482422,21.65999984741211,21.91699981689453,575207000,-0.05199185480686663,24.807714189801896,25.726523717244465
2022-04-12,22.53700065612793,22.725000381469727,21.28199958801269,21.503999710083008,662258000,-0.018843824896743633,24.06371416364397,25.734809421357653
2022-04-13,21.72800064086914,22.5,21.45499992370605,22.202999114990234,516943000,0.0325055531217977,23.32699966430664,25.698142732892716
2022-04-14,22.5049991607666,22.777000427246094,21.163000106811523,21.257999420166016,569097000,-0.0425618039225254,22.659428187779017,25.54395221528553
2022-04-18,21.200000762939453,22.08799934387207,21.07900047302246,21.78300094604492,525701000,0.024696657267798683,22.28457123892648,25.401904605683825
2022-04-19,21.71999931335449,22.37299919128418,21.31399917602539,22.197999954223636,512781000,0.019051507604789686,21.997428349086217,25.199285598028276
2022-04-20,22.517000198364254,22.670000076293945,21.200000762939453,21.48200035095215,468974000,-0.03225514031660559,21.763571330479213,24.949190412248885
2022-04-21,21.708999633789062,22.392000198364254,20.0,20.183000564575195,656209000,-0.060469219120898976,21.51585715157645,24.64723805018834
2022-04-22,20.30299949645996,20.48600006103516,19.5,19.51499938964844,624713000,-0.03309721826492029,21.231714248657227,24.355857031685964
2022-04-25,19.20199966430664,19.94499969482422,19.09600067138672,19.902000427246094,641566000,0.019830953097694337,20.903000150408065,23.96309516543434
2022-04-26,19.718000411987305,19.788000106811523,18.670000076293945,18.788000106811523,653143000,-0.05597428884131117,20.550143105643137,23.539095197405135
2022-04-27,18.597999572753903,19.16699981689453,18.290000915527344,18.415000915527344,499460000,-0.01985305456480968,20.069000244140625,23.07223810468401
2022-04-28,18.96699905395508,20.03700065612793,18.489999771118164,19.78199958801269,570327000,0.0742328864796693,19.72385733468192,22.64966664995466
2022-04-29,19.402000427246094,20.12800025939941,18.517000198364254,18.54700088500977,500435000,-0.06243042810249044,19.30457169669015,22.214285714285715
2022-05-02,18.541000366210938,19.573999404907227,18.391000747680664,19.53300094604492,572049000,0.053162237234380294,19.211714608328684,21.84509531656901
2022-05-03,19.399999618530277,19.825000762939453,19.132999420166016,19.601999282836918,475751000,0.0035323981697739093,19.224143164498464,21.506523858933217
2022-05-04,19.92300033569336,20.399999618530277,18.750999450683597,20.333999633789062,648855000,0.037343147522358455,19.285857336861746,21.171952383858816
2022-05-05,19.867000579833984,19.924999237060547,18.5,18.8439998626709,626331000,-0.07327627608698428,19.293857301984513,20.834476198468888
2022-05-06,18.73600006103516,19.511999130249023,17.989999771118164,18.674999237060547,633297000,-0.00896840516036801,19.3309999193464,20.5615238008045
2022-05-09,18.03400039672852,18.2549991607666,16.82699966430664,16.950000762939453,644455000,-0.09236939997822502,18.926428658621653,20.215904780796595
2022-05-10,17.68899917602539,18.197999954223636,17.024999618530273,17.594999313354492,761474000,0.03805301011108542,18.79042843409947,19.952857153756277
2022-05-11,17.347000122070312,17.753000259399414,16.56800079345703,16.6299991607666,670167000,-0.054845137268943356,18.375713893345424,19.701095217750186
2022-05-12,16.2189998626709,16.788000106811523,15.56700038909912,16.174999237060547,708728000,-0.02736018921633432,17.886142458234513,19.4473332904634
2022-05-13,16.788000106811523,17.92799949645996,16.593000411987305,17.70599937438965,670437000,0.09465225406757583,17.510713849748885,19.233190445672896
2022-05-16,17.509000778198242,17.788000106811523,17.106000900268555,17.263999938964844,521446000,-0.024963258276407885,17.28499957493373,19.042999994187127
2022-05-17,18.073999404907227,18.371000289916992,17.634000778198242,18.177000045776367,585830000,0.05288462175853481,17.213856833321707,18.87128566560291
2022-05-18,17.704999923706055,18.118000030517575,16.86400032043457,16.937999725341797,545161000,-0.06816308066866439,17.212142399379186,18.620809464227584
2022-05-19,16.937000274658203,17.687000274658203,16.733999252319336,17.124000549316406,621310000,0.01098127447105357,17.14485686165946,18.413285664149694
2022-05-20,17.332000732421875,17.40999984741211,15.755000114440918,16.694000244140625,739105000,-0.02511097240025184,17.153999873570033,18.247142791748047
2022-05-23,16.27400016784668,16.915000915527344,16.179000854492188,16.898000717163086,639889000,0.012219987422970258,17.257285799298966,18.12252380734398
2022-05-24,16.510000228881836,16.597000122070312,15.779999732971191,16.15399932861328,588550000,-0.044028959461111405,17.0355715070452,17.944047564551944
2022-05-25,16.020000457763672,17.111000061035156,16.0,16.975000381469727,781132000,0.05082339278064851,16.99428585597447,17.857714244297572
2022-05-26,16.035999298095703,18.09199905395508,16.02199935913086,17.85099983215332,996575000,0.05160526839456536,16.947714396885463,17.83085704985119
2022-05-27,18.18600082397461,18.881000518798828,18.100000381469727,18.81100082397461,738379000,0.053778555870698685,17.215285982404435,17.784619013468426
2022-05-31,18.979999542236328,19.200000762939453,18.350000381469727,18.67200088500977,664100000,-0.007389289930160747,17.43642888750349,17.790571394420805
2022-06-01,18.724000930786133,19.05299949645996,18.121999740600582,18.31999969482422,544514000,-0.018851819489155153,17.66871452331543,17.732809430076962
2022-06-02,18.29199981689453,19.61899948120117,18.197999954223636,19.59199905395508,648656000,0.06943228058514817,18.053571428571427,17.732333228701638
2022-06-03,19.082000732421875,19.332000732421875,18.52199935913086,18.71999931335449,598779000,-0.044507951342747765,18.42014285496303,17.655476070585706
2022-06-06,19.138999938964844,19.33699989318848,18.56399917602539,18.785999298095703,422406000,0.0035256403398546965,18.678856985909597,17.652714138939267
2022-06-07,18.472000122070312,19.0,18.1879997253418,18.926000595092773,388914000,0.007452427458104927,18.832428523472377,17.66466658455985
2022-06-08,18.798999786376957,19.18000030517578,18.53499984741211,18.64800071716309,363252000,-0.014688780999075113,18.809142793927872,17.745523725237167
2022-06-09,18.481000900268555,18.933000564575195,18.041000366210938,18.04800033569336,395574000,-0.03217505139398169,18.719999858311244,17.767095202491397
2022-06-10,17.600000381469727,17.69700050354004,16.868999481201172,16.974000930786133,465248000,-0.059507944643772404,18.527714320591517,17.783476239158993
2022-06-13,16.0,16.312000274658203,15.605999946594238,15.647000312805176,604153000,-0.07817842260006869,17.96414307185582,17.758333433242072
2022-06-14,15.730999946594238,16.06599998474121,15.411999702453612,15.836000442504885,469680000,0.01207900082580271,17.552143233163015,17.669285865057084
2022-06-15,16.094999313354492,16.868000030517578,15.925999641418455,16.527000427246094,563936000,0.043634754068743176,17.22942910875593,17.634190650213334
2022-06-16,15.859999656677246,15.94200038909912,15.401000022888184,15.60099983215332,545749000,-0.056029561998811706,16.754428999764578,17.51152397337414
2022-06-17,15.64799976348877,15.994999885559082,15.32800006866455,15.880000114440918,630334000,0.017883487294999112,16.35900034223284,17.461143039521716
2022-06-21,16.475000381469727,17.007999420166016,16.406999588012695,16.56599998474121,483089000,0.043198983964519044,16.147286006382533,17.434571584065754
2022-06-22,16.22599983215332,16.66200065612793,16.18000030517578,16.360000610351562,437135000,-0.012435070299371742,16.05957167489188,17.41866683959961
2022-06-23,16.518999099731445,16.584999084472656,15.852999687194824,16.225000381469727,463680000,-0.008251847423307312,16.14214311327253,17.386619204566593
2022-06-24,16.5,17.139999389648438,16.309999465942383,17.125999450683594,472153000,0.05553152838399211,16.32642868586949,17.432904924665177
2022-06-27,17.312000274658203,17.329999923706055,16.625999450683594,16.868999481201172,427968000,-0.015006421681986182,16.375285693577357,17.42785726274763
2022-06-28,16.899999618530273,17.20199966430664,15.94499969482422,15.982000350952148,461149000,-0.052581608721815165,16.429714339120046,17.338857287452335
2022-06-29,15.814000129699709,15.81999969482422,15.170000076293944,15.541999816894531,482352000,-0.02753100515552198,16.381428582327707,17.183190572829474
2022-06-30,15.361000061035156,15.56700038909912,14.862000465393066,15.159000396728516,686070000,-0.024642866084047088,16.180428641183035,17.01590483529227
2022-07-01,14.89900016784668,15.062999725341797,14.392000198364258,14.52299976348877,577610000,-0.04195531476976555,15.917999948774066,16.835095314752486
2022-07-05,14.175000190734863,14.970999717712402,14.05500030517578,14.96399974822998,651397000,0.03036562638043261,15.737857001168388,16.614714395432244
2022-07-06,15.010000228881836,15.319000244140623,14.788999557495115,15.130000114440918,529066000,0.01109331522346313,15.452714238848005,16.443762052626838
2022-07-07,15.456000328063965,15.94499969482422,15.388999938964844,15.857999801635742,492903000,0.04811630414331458,15.3082857131958,16.304333505176363
2022-07-08,15.43000030517578,16.03700065612793,15.388999938964844,15.838000297546388,467972000,-0.0012611618324834817,15.287714276994977,16.15728587195987
2022-07-11,15.526000022888184,15.527000427246094,15.038000106811523,15.152000427246094,437321000,-0.04331354068774507,15.232000078473773,15.990809667678107
2022-07-12,15.267999649047852,15.430999755859377,14.876999855041504,15.08199977874756,458483000,-0.004619894833995608,15.220999990190778,15.849571545918783
2022-07-13,14.59000015258789,15.375,14.46500015258789,15.163999557495115,521918000,0.005436930112086458,15.312571389334542,15.763381004333496
2022-07-14,15.107999801635742,15.472999572753906,14.727999687194824,15.371999740600586,456235000,0.013716709916590686,15.370857102530342,15.75028573899042
2022-07-15,15.659000396728516,15.781999588012695,15.44499969482422,15.76200008392334,385935000,0.025370826821749404,15.461142812456403,15.7467619123913
2022-07-18,16.302000045776367,16.89699935913086,16.00200080871582,16.10099983215332,670517000,0.021507406828131348,15.495857102530342,15.726476169767833
2022-07-19,16.486000061035156,17.110000610351562,16.172000885009766,16.992000579833984,702366000,0.05533822476672268,15.660714285714286,15.79271430060977
2022-07-20,16.94700050354004,17.933000564575195,16.801000595092773,17.80699920654297,760538000,0.04796366518938444,16.03999982561384,15.884476162138439
2022-07-21,17.885000228881836,18.143999099731445,17.545000076293945,18.049999237060547,557049000,0.013646321185227572,16.46399974822998,15.955142793201265
2022-07-22,17.89299964904785,17.966999053955078,17.136999130249023,17.319000244140625,536671000,-0.04049856087633641,16.771856989179337,16.000809442429315
2022-07-25,17.018999099731445,17.124000549316406,16.64900016784668,17.02400016784668,480748000,-0.01703332017642012,17.007857050214493,16.038857051304408
2022-07-26,16.888999938964844,16.91900062561035,16.47800064086914,16.533000946044922,397865000,-0.028841589342151863,17.118000030517578,16.010619027273997
2022-07-27,17.031999588012695,17.93600082397461,16.913000106811523,17.790000915527344,569776000,0.07602975246808574,17.35928589957101,16.054476238432386
2022-07-28,17.975000381469727,18.13999938964844,17.440000534057617,17.983999252319336,474646000,0.010904908758192722,17.500999995640345,16.14980951944987
2022-07-29,17.812999725341797,18.24399948120117,17.691999435424805,18.163000106811523,435460000,0.009953339742777345,17.551857267107284,16.274619057064964
2022-08-01,18.18199920654297,18.84600067138672,17.989999771118164,18.44099998474121,476469000,0.015305834735167556,17.60771451677595,16.430904751732236
2022-08-02,18.121999740600582,18.9379997253418,18.09199905395508,18.525999069213867,489527000,0.0046092448643233475,17.78014292035784,16.621523766290572
2022-08-03,18.18400001525879,18.968000411987305,18.136999130249023,18.89299964904785,418146000,0.019810029054997624,18.047142846243723,16.808618999662855
2022-08-04,18.849000930786133,19.27400016784668,18.76000022888184,19.21500015258789,409652000,0.017043376357457785,18.430285590035574,17.003142811003187
2022-08-05,18.809999465942383,19.22900009155273,18.666000366210938,18.98900032043457,386068000,-0.01176163571993949,18.601571219308035,17.15223807380313
2022-08-08,17.50200080871582,18.23900032043457,17.242000579833984,17.792999267578125,981859000,-0.0629838871280336,18.57428550720215,17.24533326285226
2022-08-09,17.25200080871582,17.44700050354004,16.724000930786133,17.086000442504883,668263000,-0.03973466274241433,18.4204284123012,17.337428501674108
2022-08-10,17.697999954223633,18.118000030517575,17.316999435424805,18.097000122070312,597422000,0.05917123103019262,18.371285574776785,17.48099994659424
2022-08-11,18.131000518798828,18.707000732421875,17.875999450683594,17.941999435424805,509327000,-0.008564993402220056,18.287857055664062,17.61328565506708
2022-08-12,18.15999984741211,18.718000411987305,17.952999114990234,18.708999633789062,478094000,0.042748869830521175,18.26157133919852,17.77219041188558
2022-08-15,18.701000213623047,19.16399955749512,18.613000869750977,19.03199958801269,457666000,0.017264416085629675,18.235428401402064,17.92790467398507
2022-08-16,18.920000076293945,19.142000198364254,18.500999450683597,18.878999710083008,451240000,-0.008039085815557234,18.2197140284947,18.060190382457915
2022-08-17,18.52300071716309,18.6879997253418,18.145000457763672,18.334999084472656,446799000,-0.028815119125183752,18.297142573765345,18.124142692202614
2022-08-18,18.301000595092773,18.864999771118164,18.183000564575195,18.77300071716309,415447000,0.02388882762810507,18.538142613002233,18.170142764136905
2022-08-19,18.4060001373291,18.520000457763672,17.770000457763672,17.849000930786133,441588000,-0.049219610668431724,18.502714157104492,18.160571416219074
2022-08-22,17.489999771118164,17.558000564575195,16.965999603271484,17.034000396728516,409593000,-0.04566084887428612,18.37300000871931,18.146999994913738
2022-08-23,16.98900032043457,17.46500015258789,16.969999313354492,17.180999755859375,369986000,0.008629761401149905,18.15471431187221,18.154476165771484
2022-08-24,17.011999130249023,17.4060001373291,16.895000457763672,17.222000122070312,522661000,0.0023863783710813546,17.896142959594727,18.187285650344123
2022-08-25,16.8439998626709,17.94700050354004,16.83300018310547,17.913000106811523,770691000,0.04012309719215956,17.75814301627023,18.19314275469099
2022-08-26,17.85700035095215,17.923999786376953,16.23699951171875,16.260000228881836,769127000,-0.09227934282773353,17.461714608328684,18.111047563098726
2022-08-29,16.020000457763672,16.33799934387207,15.767000198364258,15.800999641418455,496132000,-0.028228818019822688,17.037143026079452,17.99857135046096
2022-08-30,15.960000038146973,16.038999557495117,15.182000160217283,15.468000411987305,530181000,-0.021074567241826547,16.697000094822474,17.856999942234584
2022-08-31,15.383999824523926,15.539999961853027,14.958999633789062,15.093999862670898,573710000,-0.024178984959592142,16.41985716138567,17.69357140858968
2022-09-01,14.208999633789062,14.380000114440918,13.270000457763672,13.937000274658203,1178865000,-0.0766529480945658,15.95642866407122,17.45757143838065
2022-09-02,14.100000381469728,14.17099952697754,13.590999603271484,13.647000312805176,743157000,-0.02080791821324257,15.445714405604772,17.192428588867188
2022-09-06,13.730999946594238,13.779000282287598,13.35099983215332,13.46500015258789,535751000,-0.013336275814877174,14.81028584071568,16.92938096182687
2022-09-07,13.562999725341797,13.838000297546388,13.345999717712402,13.71399974822998,512657000,0.018492357431888706,14.446571486336845,16.735142889476958
2022-09-08,13.458999633789062,14.008000373840332,13.369000434875488,13.989999771118164,624873000,0.020125421318007986,14.187857219151088,16.587714286077592
2022-09-09,14.156999588012695,14.473999977111816,14.12600040435791,14.38700008392334,486612000,0.02837743526091896,14.033428600856237,16.411047617594402
2022-09-12,14.369000434875488,14.54699993133545,14.197999954223633,14.505000114440918,484159000,0.008201850964707713,13.949285779680524,16.247380983261834
2022-09-13,13.802000045776367,13.92199993133545,13.098999977111816,13.130999565124512,714956000,-0.09472599369016732,13.834142821175712,15.981761932373047
2022-09-14,13.253999710083008,13.289999961853027,12.913000106811523,13.128000259399414,588507000,-0.00022841412112017956,13.75999995640346,15.700619107200986
2022-09-15,13.015000343322754,13.232999801635742,12.789999961853027,12.928999900817873,523625000,-0.015158466990359831,13.683428491864886,15.417285782950264
2022-09-16,12.741999626159668,13.211999893188477,12.616999626159668,13.197999954223633,670751000,0.020805944424884926,13.609714235578265,15.172666776747931
2022-09-19,13.01200008392334,13.463000297546388,13.010000228881836,13.381999969482422,569685000,0.013941507493330896,13.522857121058873,14.915952455429803
2022-09-20,13.21500015258789,13.482999801635742,13.057000160217283,13.175999641418455,524818000,-0.015393837134490274,13.34985705784389,14.693428584507533
2022-09-21,13.213000297546388,14.031000137329102,13.109999656677246,13.26099967956543,807679000,0.0064511263251540996,13.172142710004534,14.513761883690243
2022-09-22,13.06999969482422,13.14900016784668,12.428000450134276,12.560999870300291,759162000,-0.05278635292811329,13.090714182172503,14.29376188913981
2022-09-23,12.420000076293944,12.611000061035156,12.256999969482422,12.515999794006348,663309000,-0.0035825234263670014,13.003285544259208,14.069666635422479
2022-09-26,12.491000175476074,12.659000396728516,12.21399974822998,12.227999687194824,547343000,-0.0230105554131953,12.903142656598773,13.798952329726447
2022-09-27,12.506999969482422,12.736000061035156,12.258000373840332,12.413000106811523,553854000,0.015129246348479342,12.790999821254186,13.615761847723098
2022-09-28,12.40999984741211,12.822999954223633,12.354000091552734,12.736000061035156,542414000,0.02602110299236915,12.698714120047432,13.469809486752464
2022-09-29,12.447999954223633,12.5,11.946000099182127,12.220000267028809,532763000,-0.04051505900859809,12.562142780848912,13.315142813183012
2022-09-30,12.086999893188477,12.633000373840332,12.074999809265137,12.138999938964844,565638000,-0.006628504606707275,12.401857103620257,13.174428531101771
2022-10-03,12.347000122070312,12.678000450134276,12.104999542236328,12.51200008392334,547478000,0.030727419625500296,12.394857134137835,13.106571379162016
2022-10-04,12.878999710083008,13.220000267028809,12.878999710083008,13.166999816894531,584182000,0.05234972255257575,12.487857137407575,13.083714212690081
2022-10-05,12.91100025177002,13.321000099182127,12.621000289916992,13.208999633789062,507131000,0.0031897788014427775,12.627999986921038,13.0715237117949
2022-10-06,13.220000267028809,13.656000137329102,13.102999687194824,13.130000114440918,644157000,-0.0059807344642558435,12.730428559439522,13.04371420542399
2022-10-07,12.505000114440918,12.670000076293944,12.022000312805176,12.076000213623049,672478000,-0.08027417301075546,12.63614286695208,12.952571369352794
2022-10-10,12.036999702453612,12.12399959564209,11.407999992370604,11.670000076293944,698699000,-0.033620414884648064,12.557571411132812,12.823190416608538
2022-10-11,11.560999870300291,11.845999717712402,11.282999992370604,11.586000442504885,667482000,-0.007197912017129604,12.478571483067103,12.684190432230631
2022-10-12,11.57900047302246,11.734999656677246,11.345000267028809,11.5,492590000,-0.007422789506323468,12.334000042506627,12.606523786272321
2022-10-13,10.970999717712402,12.07800006866455,10.812999725341797,11.960000038146973,850103000,0.04000000331712816,12.161571502685547,12.550904728117443
2022-10-14,12.057000160217283,12.111000061035156,11.20400047302246,11.22700023651123,713432000,-0.06128760863694027,11.878428731645856,12.469857125055222
2022-10-17,11.517999649047852,11.947999954223633,11.517000198364258,11.887999534606934,580774000,0.058875860351910614,11.701000077383858,12.407476152692523
2022-10-18,12.343999862670898,12.491999626159668,11.618000030517578,11.967000007629396,659362000,0.006645396712246399,11.685428619384766,12.340095202128092
2022-10-19,11.878999710083008,12.350000381469728,11.833999633789062,12.050999641418455,523131000,0.007019272477271299,11.739857128688268,12.286523773556663
2022-10-20,12.11299991607666,12.769000053405762,12.104999542236328,12.194000244140623,652398000,0.011866285534577914,11.82671424320766,12.235714276631674
2022-10-21,12.097999572753906,12.498000144958496,11.88700008392334,12.465999603271484,609494000,0.022305999154097256,11.964714186532158,12.231190454392205
2022-10-24,12.508000373840332,12.710000038146973,12.064000129699709,12.598999977111816,517457000,0.010669050062012575,12.055999892098564,12.235142844063896
2022-10-25,12.694000244140623,13.300000190734863,12.663999557495115,13.26099967956543,505482000,0.052543829165508926,12.346571241106306,12.284333319891067
2022-10-26,12.869000434875488,13.387999534606934,12.708000183105469,12.895999908447266,532953000,-0.027524302838240144,12.490571294512067,12.30733331044515
2022-10-27,13.630000114440918,13.838000297546388,13.121999740600586,13.175999641418455,583113000,0.021712138256746005,12.663285527910505,12.328285671415783
2022-10-28,13.104000091552734,13.850000381469728,13.060999870300291,13.833999633789062,521040000,0.04993928432588901,12.917999812534877,12.405142784118652
2022-10-31,13.777999877929688,13.838000297546388,13.29699993133545,13.496999740600586,486341000,-0.024360264718047753,13.104142597743444,12.469809441339402
2022-11-01,13.810999870300291,13.925000190734863,13.519000053405762,13.54300022125244,432817000,0.0034082004546149847,13.25799982888358,12.518904685974121
2022-11-02,13.850000381469728,14.210000038146973,13.211000442504885,13.218999862670898,672628000,-0.023923824358586532,13.346571241106306,12.521380878630138
2022-11-03,13.04300022125244,13.781000137329102,12.956000328063965,13.42099952697754,500065000,0.015281009638033805,13.369428362165179,12.531476111639114
2022-11-04,13.986000061035156,14.229000091552734,13.696999549865724,14.156000137329102,612576000,0.05476496805428965,13.549428394862584,12.58033325558617
2022-11-07,14.227999687194824,14.411999702453612,13.95400047302246,14.300999641418455,410061000,0.010242971367808495,13.710142680576869,12.686285609290714
2022-11-08,14.800999641418455,14.890999794006348,14.215999603271484,14.60200023651123,595292000,0.02104752133697141,13.819857052394322,12.825904664539156
2022-11-09,14.161999702453612,14.211000442504885,13.758999824523926,13.776000022888184,454414000,-0.056567607193820924,13.859714235578265,12.930190358843122
2022-11-10,14.800000190734863,15.77299976348877,14.54699993133545,15.75,700819000,0.14329268102730164,14.174999918256487,13.132571311224075
2022-11-11,15.807000160217283,16.388999938964844,15.482000350952148,16.32699966430664,655487000,0.03663489932105657,14.618999889918737,13.340523674374534
2022-11-14,16.218000411987305,16.540000915527344,15.92199993133545,16.295000076293945,527852000,-0.001959918458420251,15.029571396963936,13.581857000078474
2022-11-15,16.722000122070312,16.99799919128418,16.381999969482422,16.666000366210938,545876000,0.022767737844734626,15.38814285823277,13.809380849202475
2022-11-16,16.16200065612793,16.36199951171875,15.873000144958496,15.90999984741211,649547000,-0.045361844604993706,15.618000030517578,13.997142746334983
2022-11-17,15.71500015258789,16.266000747680664,15.53499984741211,15.677000045776367,710894000,-0.014644865108131455,15.771571431841169,14.16980943225679
2022-11-18,15.965999603271484,16.00200080871582,15.119999885559082,15.409000396728516,492072000,-0.017095085045946368,16.004857199532644,14.322904677618117
2022-11-21,15.147000312805176,15.47700023651123,15.079999923706056,15.31700038909912,404739000,-0.005970537040736801,15.943000112261089,14.458666619800386
2022-11-22,15.32800006866455,16.058000564575195,15.121999740600586,16.038000106811523,472866000,0.047071861291165584,15.90171446119036,14.622428530738468
2022-11-23,16.097999572753906,16.527000427246094,16.04800033569336,16.518999099731445,427241000,0.029991207738902403,15.933714321681432,14.777571360270182
2022-11-25,16.31800079345703,16.48699951171875,16.172000885009766,16.270000457763672,167934000,-0.01507347027894812,15.877142906188965,14.938238053094773
2022-11-28,16.025999069213867,16.35700035095215,15.725000381469728,15.82699966430664,303741000,-0.027228075045667377,15.865285737173897,15.064476149422783
2022-11-29,15.82699966430664,15.932000160217283,15.520000457763672,15.638999938964844,298384000,-0.011878418482928144,15.859857150486537,15.150428544907342
2022-11-30,15.696999549865724,16.93000030517578,15.597000122070312,16.92300033569336,565298000,0.08210246190547044,16.076142856052943,15.31357143038795
2022-12-01,16.999000549316406,17.264999389648438,16.635000228881836,17.135000228881836,470977000,0.01252732310956306,16.335857118879044,15.484619049798875
2022-12-02,16.659000396728516,16.933000564575195,16.44499969482422,16.875999450683594,371389000,-0.015115306375174997,16.45557131086077,15.658761887323289
2022-12-05,16.679000854492188,16.9950008392334,16.472000122070312,16.610000610351562,352255000,-0.015761960712866507,16.468571526663645,15.810619081769671
2022-12-06,16.530000686645508,16.572999954223633,15.819000244140623,15.987000465393066,352694000,-0.037507532935925014,16.428142956324987,15.89780957358224
2022-12-07,15.772000312805176,16.18600082397461,15.666999816894531,16.1200008392334,372388000,0.008319282540101058,16.47000026702881,15.984428678240095
2022-12-08,16.273000717163086,17.179000854492188,15.958999633789062,17.16900062561035,515456000,0.06507442504741445,16.688571793692454,16.10666679200672
2022-12-09,17.15999984741211,17.58300018310547,16.975000381469727,17.000999450683594,465338000,-0.009785145832900577,16.699714524405344,16.26023819333031
2022-12-12,17.03700065612793,17.538000106811523,16.797000885009766,17.53499984741211,457328000,0.031409941414182185,16.756857327052526,16.345238186064222
2022-12-13,18.5310001373291,18.790000915527344,17.711000442504883,18.07200050354004,656589000,0.030624503039683892,16.927714620317733,16.428333464122954
2022-12-14,17.98699951171875,18.25200080871582,17.420000076293945,17.673999786376953,496888000,-0.022023058105001936,17.07971450260707,16.49400011698405
2022-12-15,17.145999908447266,17.31999969482422,16.700000762939453,16.95199966430664,478542000,-0.040850974923448136,17.2175715310233,16.507619131179084
2022-12-16,16.86400032043457,17.041000366210938,16.40999984741211,16.570999145507812,478232000,-0.02247525521139815,17.281999860491073,16.53909528823126
2022-12-19,16.57200050354004,16.608999252319336,16.145000457763672,16.253999710083008,354039000,-0.019129771997528522,17.151285443987167,16.566571462722052
2022-12-20,16.06399917602539,16.309999465942383,15.85200023651123,16.084999084472656,403260000,-0.010397479305079171,17.020428248814174,16.598761876424152
2022-12-21,16.11400032043457,16.62700080871582,16.101999282836914,16.500999450683594,325025000,0.02586262915069204,16.872713906424387,16.655142784118652
2022-12-22,16.0939998626709,16.13800048828125,14.881999969482422,15.33899974822998,565045000,-0.07041995885924801,16.482285227094376,16.621857052757626
2022-12-23,15.196000099182127,15.33899974822998,14.883000373840332,15.206000328063965,349326000,-0.008670670992178775,16.12971387590681,16.559333301725843
2022-12-27,15.074000358581545,15.100000381469728,14.055999755859377,14.121000289916992,464902000,-0.07135341409565232,15.725285393851143,16.45699996039981
2022-12-28,13.927000045776367,14.26200008392334,13.883999824523926,14.03600025177002,351066000,-0.006019406302800401,15.363142694745745,16.371714274088543
2022-12-29,14.402000427246094,14.68299961090088,14.22700023651123,14.602999687194824,354923000,0.040396083303952945,15.127285548618861,16.322380928766158
2022-12-30,14.333999633789062,14.628999710083008,14.232999801635742,14.61400032043457,310490000,0.0007533132558643629,14.917142868041992,16.21242854708717
2023-01-03,14.85099983215332,14.996000289916992,14.095999717712402,14.3149995803833,401277000,-0.020459883228083786,14.604857172284808,16.078142801920574
2023-01-04,14.56700038909912,14.852999687194824,14.241000175476074,14.74899959564209,431324000,0.03031785036539758,14.520571436200823,15.976857094537644
2023-01-05,14.491000175476074,14.564000129699709,14.14799976348877,14.265000343322754,389168000,-0.032815734326980706,14.38614286695208,15.86519041515532
2023-01-06,14.473999977111816,15.010000228881836,14.034000396728516,14.859000205993652,405044000,0.04164036791972059,14.491571426391602,15.81147611708868
2023-01-09,15.284000396728516,16.055999755859375,15.140999794006348,15.628000259399414,504231000,0.051753149118038966,14.718999998910087,15.788047518048968
2023-01-10,15.506999969482422,15.961999893188477,15.472000122070312,15.909000396728516,384101000,0.017980556223762267,14.90557152884347,15.728047507149833
2023-01-11,15.84000015258789,16.027999877929688,15.562999725341797,16.000999450683594,353285000,0.0057828305777147815,15.103714261736188,15.680428459530784
2023-01-12,16.100000381469727,16.636999130249023,15.491999626159668,16.51099967956543,551409000,0.03187302333542963,15.41742856161935,15.63166654677618
2023-01-13,16.277999877929688,16.922000885009766,16.165000915527344,16.89900016784668,447287000,0.02349951522084104,15.72457150050572,15.57580938793364
2023-01-17,16.89900016784668,17.72800064086914,16.89900016784668,17.70199966430664,511102000,0.04751757432299497,16.215571403503418,15.577142715454102
2023-01-18,17.66699981689453,17.87299919128418,17.281999588012695,17.37700080871582,439624000,-0.018359443099873696,16.57528577532087,15.597380865187873
2023-01-19,17.035999298095703,17.19700050354004,16.731000900268555,16.764999389648438,452932000,-0.0352190476253198,16.737714222499303,15.606618972051711
2023-01-20,17.01099967956543,17.856000900268555,16.825000762939453,17.839000701904297,564967000,0.06406211460520561,17.01342855181013,15.682095209757486
2023-01-23,18.06399917602539,19.2450008392334,17.81800079345703,19.19300079345703,655163000,0.07590111767909713,17.469428743634904,15.830095291137695
2023-01-24,18.82699966430664,19.4950008392334,18.81999969482422,19.26499938964844,496204000,0.0037512943893565076,17.862857273646764,15.961714335850306
2023-01-25,18.913000106811523,19.3700008392334,18.57999992370605,19.322999954223636,449537000,0.003010670460044773,18.2091429574149,16.151428631373815
2023-01-26,19.701000213623047,20.166000366210938,19.277999877929688,19.802000045776367,489535000,0.024789116218365992,18.509143011910574,16.37028576078869
2023-01-27,19.46199989318848,20.62800025939941,19.405000686645508,20.364999771118164,542142000,0.028431457632577928,18.93600000653948,16.667619069417317
2023-01-30,19.950000762939453,20.13999938964844,19.149999618530277,19.16200065612793,488611000,-0.059071894353583065,19.278428758893693,16.911714326767694
2023-01-31,19.170000076293945,19.687000274658203,18.950000762939453,19.53700065612793,498017000,0.019569981586451846,19.521000180925643,17.146666753859748
2023-02-01,19.69099998474121,21.191999435424805,19.61100006103516,20.94300079345703,660477000,0.07196601781799594,19.771000180925643,17.44804772876558
2023-02-02,21.0,21.948999404907227,20.700000762939453,21.708999633789062,564276000,0.036575409984768825,20.12014307294573,17.800142969403947
2023-02-03,21.0,21.7450008392334,20.78899955749512,21.100000381469727,429366000,-0.02805284732565272,20.37400027683803,18.102571578252885
2023-02-06,20.80599975585937,21.56999969482422,20.785999298095703,21.089000701904297,452197000,-0.0005213118183206022,20.557857513427734,18.427523976280575
2023-02-07,21.381999969482425,22.25900077819824,21.149999618530277,22.17300033569336,664150000,0.05140118534356053,20.81614330836705,18.775809696742467
2023-02-08,22.386999130249023,22.87800025939941,22.007999420166016,22.20499992370605,559651000,0.0014431780782133696,21.250857489449636,19.089000156947545
2023-02-09,22.606000900268555,23.020000457763672,22.1200008392334,22.33699989318848,523876000,0.0059446057165488675,21.650857380458287,19.395095371064684
2023-02-10,21.690000534057617,22.077999114990234,20.81100082397461,21.26499938964844,550737000,-0.04799214346895975,21.6968571799142,19.645762034824916
2023-02-13,21.538000106811523,22.04800033569336,20.96199989318848,21.788000106811523,474919000,0.024594438381111416,21.708142961774552,19.897047769455682
2023-02-14,21.577999114990234,23.048999786376957,21.36599922180176,22.97100067138672,675474000,0.05429596836679651,21.97542871747698,20.186190650576638
2023-02-15,22.548999786376957,22.854999542236328,22.106000900268555,22.763999938964844,420575000,-0.009011393773529441,22.214714322771346,20.427238282703218
2023-02-16,22.132999420166016,22.549999237060547,21.927000045776367,22.00200080871582,412026000,-0.03347386805008379,22.19028581891741,20.647476377941313
2023-02-17,21.631000518798828,21.739999771118164,20.975000381469727,21.38800048828125,465888000,-0.027906567487777867,22.073571613856725,20.867619287400018
2023-02-21,21.0,21.49399948120117,20.618000030517575,20.655000686645508,410015000,-0.03427154408554278,21.833286012922013,21.001714524768648
2023-02-22,20.707000732421875,21.10400009155273,20.42099952697754,20.753999710083008,513184000,0.0047929808833899745,21.76028605869838,21.07604780651274
2023-02-23,23.440000534057617,23.88800048828125,23.024999618530277,23.66399955749512,1117995000,0.1402139292696596,22.02828598022461,21.28552400498163
2023-02-24,23.225000381469727,23.474000930786133,22.94700050354004,23.285999298095703,589716000,-0.015973642092115936,22.073285784040177,21.47423825945173
2023-02-27,23.670000076293945,23.8799991607666,23.45400047302246,23.500999450683597,452994000,0.009233022376904154,22.178571428571427,21.650381088256836
2023-02-28,23.371999740600582,23.825000762939453,23.20599937438965,23.215999603271484,455963000,-0.012127137316443881,22.351999827793666,21.786142985026043
2023-03-01,23.191999435424805,23.256000518798828,22.507999420166016,22.697999954223636,460026000,-0.02231218374826527,22.539142608642578,21.95452390398298
2023-03-02,22.488000869750977,23.3799991607666,22.43199920654297,23.31399917602539,389415000,0.027138920743857486,22.918999535696848,22.13438097635905
2023-03-03,23.31999969482422,23.899999618530277,23.1299991607666,23.88999938964844,412393000,0.024706195160861588,23.366999489920484,22.274714242844354
2023-03-06,23.891000747680664,24.24799919128418,23.48699951171875,23.554000854492188,437429000,-0.014064401161175466,23.351285389491494,22.362571443830216
2023-03-07,23.600000381469727,24.125,23.24099922180176,23.288000106811523,515154000,-0.011293229941015892,23.35157121930804,22.46676190694173
2023-03-08,23.48699951171875,24.200000762939453,23.423999786376957,24.18099975585937,513573000,0.038345913987979374,23.448714120047434,22.61399995713007
2023-03-09,24.174999237060547,24.45400047302246,23.382999420166016,23.43600082397461,501257000,-0.030809269236448333,23.480142865862167,22.674142837524414
2023-03-10,23.40900039672852,23.62700080871582,22.72599983215332,22.96500015258789,474866000,-0.0200973141673938,23.518285751342773,22.710333324614027
2023-03-13,22.75200080871582,23.29800033569336,22.29700088500977,22.965999603271484,421890000,4.352060426526805e-05,23.468571526663645,22.740285691760835
2023-03-14,23.496000289916992,24.2189998626709,23.459999084472656,24.0629997253418,474910000,0.047766269312050635,23.493285860334122,22.87352380298433
2023-03-15,23.76099967956543,24.285999298095703,23.36000061035156,24.22800064086914,524486000,0.006857038499384238,23.58957154410226,22.98971430460612
2023-03-16,24.027000427246094,25.58799934387207,23.893999099731445,25.541000366210938,583253000,0.05419348235970234,23.911428724016464,23.11209524245489
2023-03-17,25.98200035095215,26.39900016784668,25.667999267578125,25.725000381469727,848547000,0.007204103700738651,24.1320002419608,23.253095263526554
2023-03-20,25.614999771118164,26.02400016784668,25.1299991607666,25.899999618530277,432747000,0.006802691330049848,24.484000069754465,23.4387142544701
2023-03-21,26.18000030517578,26.392000198364254,25.381000518798828,26.198999404907227,547408000,0.01154439346643965,24.945999962942942,23.667809440976097
2023-03-22,26.424999237060547,27.589000701904297,26.23699951171875,26.468000411987305,797295000,0.01026760613726685,25.446285792759486,23.94461895170666
2023-03-23,27.114999771118164,27.499000549316406,26.690000534057617,27.19099998474121,564889000,0.027315987664351837,25.89314297267369,24.251142774309432
2023-03-24,27.0310001373291,27.16699981689453,26.354999542236328,26.77899932861328,454920000,-0.01515209651572702,26.257571356637136,24.39947609674363
2023-03-27,26.83699989318848,27.0,26.364999771118164,26.5310001373291,361026000,-0.009260958120238416,26.398999895368302,24.553999946230935
2023-03-28,26.44700050354004,26.51300048828125,25.850000381469727,26.40999984741211,356104000,-0.004560713478220735,26.496856961931503,24.692523774646578
2023-03-29,26.825000762939453,27.077999114990234,26.597000122070312,26.983999252319336,393694000,0.02173416918680804,26.651714052472794,24.871952329363143
2023-03-30,27.22900009155273,27.499000549316406,27.101999282836918,27.382999420166016,364516000,0.014786546801893508,26.82085691179548,25.095047542027064
2023-03-31,27.13999938964844,27.833999633789062,27.104999542236328,27.777000427246094,433933000,0.01438852629087517,27.007856913975306,25.307571411132812
2023-04-03,27.50900077819824,28.0,27.336000442504883,27.96500015258789,398716000,0.0067681795172307435,27.11842836652483,25.50161906651088
2023-04-04,27.965999603271484,28.0,27.30699920654297,27.452999114990234,368592000,-0.018308637039298414,27.21471405029297,25.687285650344123
2023-04-05,26.82900047302246,26.99799919128418,26.395000457763672,26.881000518798828,515015000,-0.02083555948825555,27.264714104788645,25.858380908057804
2023-04-06,26.583999633789062,27.07999992370605,26.427000045776367,27.03700065612793,397654000,0.005803360526703827,27.354285648890905,25.994380950927734
2023-04-10,26.822999954223636,27.621000289916992,26.66900062561035,27.57900047302246,395279000,0.020046595544675805,27.439285823277064,26.191666648501442
2023-04-11,27.724000930786133,27.790000915527344,27.125999450683597,27.16900062561035,314378000,-0.014866378055041096,27.40871456691197,26.391857147216797
2023-04-12,27.3700008392334,27.468000411987305,26.447999954223636,26.4950008392334,446259000,-0.024807676795502775,27.22557176862444,26.559904825119744
2023-04-13,26.733999252319336,26.886999130249023,26.32900047302246,26.46299934387207,353615000,-0.0012078314530166168,27.01100022452218,26.674190521240234
2023-04-14,26.503999710083008,26.882999420166016,26.21999931335449,26.757999420166016,395660000,0.011147643260712048,26.911714553833008,26.794666653587704
2023-04-17,26.565000534057617,27.006000518798828,26.433000564575195,27.00200080871582,321471000,0.009118820309335751,26.929000309535436,26.864238103230793
2023-04-18,27.53300094604492,28.11000061035156,27.35700035095215,27.66699981689453,604812000,0.0246277678787441,27.01900018964495,26.956714266822452
2023-04-19,27.36100006103516,28.0,27.23200035095215,27.93099975585937,358660000,0.009542051567283938,27.069285801478795,27.053428559076217
2023-04-20,27.67099952697754,28.030000686645508,27.0,27.10400009155273,427713000,-0.029608666769371683,27.060000010899135,27.09652382986886
2023-04-21,26.95199966430664,27.183000564575195,26.722000122070312,27.11899948120117,345103000,0.0005534013281349726,27.149142674037385,27.127523785545712
2023-04-24,27.01300048828125,27.36599922180176,26.67099952697754,27.04199981689453,339282000,-0.0028393254094795095,27.231857027326306,27.120428539457777
2023-04-25,27.077999114990234,27.246999740600582,26.225000381469727,26.24099922180176,378527000,-0.029620612399839708,27.15799985613142,27.094809486752464
2023-04-26,27.00200080871582,27.32999992370605,26.70499992370605,26.95599937438965,406337000,0.0272474438394803,27.15142822265625,27.11504754566011
2023-04-27,27.363000869750977,27.4950008392334,26.625,27.22599983215332,377161000,0.010016340110921451,27.088428224836075,27.153904687790643
2023-04-28,27.225000381469727,27.757999420166016,27.07099914550781,27.749000549316406,292216000,0.01920960553835882,27.062428338187082,27.19033332098098
2023-05-01,27.84000015258789,29.058000564575195,27.780000686645508,28.90999984741211,570329000,0.041839319438995215,27.32042830330985,27.26304762704032
2023-05-02,28.68000030517578,28.836000442504883,28.08300018310547,28.209999084472656,402730000,-0.02421310157848766,27.47628538949149,27.283666610717773
2023-05-03,27.84000015258789,28.367000579833984,27.472000122070312,27.802000045776367,383387000,-0.014462922791119825,27.584856850760325,27.275904700869607
2023-05-04,27.650999069213867,27.858999252319336,27.239999771118164,27.562000274658203,321850000,-0.0086324642372132,27.773571286882675,27.281095232282365
2023-05-05,27.826000213623047,28.7549991607666,27.731000900268555,28.68000030517578,361494000,0.040563094818104384,28.019857134137833,27.366761888776505
2023-05-08,28.52199935913086,29.21999931335449,28.350000381469727,29.150999069213867,344979000,0.016422550872605246,28.294857025146484,27.46742847987584
2023-05-09,28.89900016784668,28.972999572753903,28.450000762939453,28.57099914550781,314869000,-0.019896399513750884,28.41228539603097,27.514666511898948
2023-05-10,29.0049991607666,29.113000869750977,28.461000442504883,28.88500022888184,369350000,0.010990203099824125,28.408714021955216,27.5963807787214
2023-05-11,28.895999908447266,28.950000762939453,28.246000289916992,28.577999114990234,322149000,-0.010628392295619182,28.4612854548863,27.69557117280506
2023-05-12,28.52899932861328,28.780000686645508,28.04599952697754,28.34000015258789,274222000,-0.008328048490893303,28.538142613002233,27.78495216369629
2023-05-15,28.507999420166016,28.9689998626709,28.152000427246094,28.952999114990234,293926000,0.02163016792878758,28.736856733049667,27.889475958687918
2023-05-16,28.840999603271484,29.8700008392334,28.832000732421875,29.21299934387207,449405000,0.008980079329578672,28.81299945286342,27.994761603219168
2023-05-17,29.583999633789062,30.198999404907227,29.43000030517578,30.17799949645996,432535000,0.0330332445918573,28.959713799612864,28.11433301653181
2023-05-18,30.40999984741211,31.827999114990234,30.31999969482422,31.67799949645996,748725000,0.04970508400253504,29.403570992606028,28.292761575608026
2023-05-19,31.535999298095703,31.57999992370605,30.916000366210938,31.263999938964844,473908000,-0.013068993120647687,29.743428094046457,28.490856806437176
2023-05-22,30.900999069213867,31.520000457763672,30.68000030517578,31.176000595092773,372000000,-0.0028147180157327423,30.114571162632533,28.68404733567011
2023-05-23,31.0,31.288000106811523,30.631000518798828,30.6879997253418,356253000,-0.01565309406068549,30.449999673025953,28.8576663789295
2023-05-24,30.209999084472656,30.60700035095215,29.80599975585937,30.538000106811523,721419000,-0.004887891679900225,30.676428386143275,29.062285468691872
2023-05-25,38.52299880981445,39.47999954223633,36.6349983215332,37.97999954223633,1543911000,0.24369635894280006,31.928856985909597,29.58723785763695
2023-05-26,37.88999938964844,39.16999816894531,37.54999923706055,38.94599914550781,714397000,0.025434429039348228,33.181428364345,30.145333063034784
2023-05-30,40.595001220703125,41.9379997253418,39.94900131225586,40.11100006103516,923401000,0.029913237330867926,34.38614273071289,30.733999706449964
2023-05-31,39.48799896240234,40.29499816894531,37.821998596191406,37.83399963378906,1002580000,-0.056767480835214434,35.324714115687776,31.158952077229817
2023-06-01,38.48899841308594,40.04999923706055,38.34000015258789,39.77000045776367,635873000,0.05117092675143953,36.55242838178362,31.709428333100817
2023-06-02,40.09700012207031,40.5,39.05799865722656,39.32699966430664,482731000,-0.011139069357756326,37.78657123020717,32.25823783874512
2023-06-05,38.90900039672852,39.56499862670898,38.70700073242188,39.17100143432617,396094000,-0.003966695433469725,39.01985713413784,32.811047417776926
2023-06-06,38.83000183105469,39.15999984741211,38.14799880981445,38.65399932861328,388729000,-0.013198593009670523,39.116142817905974,33.28599975222633
2023-06-07,38.915000915527344,39.499000549316406,37.35599899291992,37.47499847412109,511998000,-0.030501393774782004,38.90599986485073,33.68238067626953
2023-06-08,37.7239990234375,38.86399841308594,37.505001068115234,38.5099983215332,417772000,0.02761840932767079,38.67728533063616,34.15566635131836
2023-06-09,39.0369987487793,39.71099853515625,38.56700134277344,38.77000045776367,427717000,0.0067515488850355965,38.810999734061106,34.62638064793178
2023-06-12,39.20000076293945,39.52999877929688,38.61800003051758,39.48199844360352,388701000,0.018364662817466515,38.76985658918108,35.14561871119908
2023-06-13,40.18600082397461,41.10100173950195,39.7400016784668,41.02199935913086,613208000,0.039005140981581476,39.0119994027274,35.74952343532017
2023-06-14,40.82400131225586,43.0,40.55199813842773,42.99700164794922,740465000,0.04814495440673228,39.558570861816406,36.418285460699174
2023-06-15,42.60200119018555,43.28900146484375,42.14699935913086,42.65299987792969,568622000,-0.008000599037955025,40.129856654575896,37.05828548613049
2023-06-16,43.45000076293945,43.72100067138672,42.6609992980957,42.69200134277344,655709000,0.0009143897253502953,40.87514277866909,37.65419033595494
2023-06-20,42.99800109863281,43.9900016784668,42.67399978637695,43.80799865722656,451153000,0.026140665214844372,41.63199996948242,38.23180934361049
2023-06-21,43.5009994506836,43.6150016784668,42.08000183105469,43.04499816894531,551603000,-0.01741692183318644,42.242713928222656,38.792809259323846
2023-06-22,42.25299835205078,43.42599868774414,42.23400115966797,43.025001525878906,417737000,-0.00046455207148399236,42.74885722569057,39.35704739888509
2023-06-23,42.4640007019043,42.80899810791016,42.01499938964844,42.20899963378906,358140000,-0.018965760909945173,42.91842869349888,39.905666442144486
2023-06-26,42.46099853515625,42.76399993896485,40.09999847412109,40.63199996948242,594322000,-0.03736169248238297,42.58057131086077,40.38633310227167
2023-06-27,40.79899978637695,41.93999862670898,40.448001861572266,41.8759994506836,462175000,0.03061625029866888,42.46957124982561,40.57185690743582
2023-06-28,40.65999984741211,41.845001220703125,40.51800155639648,41.117000579833984,582639000,-0.01812491357354873,42.24457114083426,40.67523792811802
2023-06-29,41.55799865722656,41.59999847412109,40.59999847412109,40.821998596191406,380514000,-0.0071746960985102914,41.81799970354353,40.7090950012207
2023-06-30,41.68000030517578,42.54999923706055,41.5009994506836,42.30199813842773,501148000,0.03625495059358519,41.711856842041016,40.92185683477493
2023-07-03,42.516998291015625,42.89799880981445,42.20199966430664,42.41299819946289,198209000,0.002623990967800971,41.624427795410156,41.047713870093936
2023-07-05,42.1349983215332,43.17699813842773,42.084999084472656,42.31700134277344,323618000,-0.0022633829430778185,41.63985661097935,41.19009490240188
2023-07-06,41.84400177001953,42.17900085449219,41.34600067138672,42.10300064086914,303582000,-0.005057085689292196,41.8499995640346,41.32971391223726
2023-07-07,42.321998596191406,43.2140007019043,42.18000030517578,42.50299835205078,355881000,0.009500456145478786,41.93957083565848,41.512999580019994
2023-07-10,42.65700149536133,42.81100082397461,41.64899826049805,42.18000030517578,353908000,-0.007599417909287642,42.09142793927874,41.7370472862607
2023-07-11,42.48099899291992,42.757999420166016,42.06700134277344,42.40499877929688,298244000,0.005334245436064977,42.31757082257952,41.922523498535156
2023-07-12,43.03300094604492,43.935001373291016,42.777000427246094,43.902000427246094,481277000,0.03530248062829999,42.546142578125,42.16690444946289
2023-07-13,44.51800155639648,46.15499877929688,44.492000579833984,45.97700119018555,478204000,0.047264378450775135,43.05528586251395,42.47619029453823
2023-07-14,46.58300018310547,48.0880012512207,45.060001373291016,45.46900177001953,772075000,-0.011048989864838266,43.50557163783482,42.68795231410435
2023-07-17,46.28900146484375,46.49599838256836,45.262001037597656,46.46099853515625,510488000,0.021816990180567375,44.12814276559012,42.8529045468285
2023-07-18,46.70100021362305,47.89599990844727,45.73400115966797,47.49399948120117,569164000,0.02223372244708144,44.84114292689732,43.083428337460475
2023-07-19,47.4640007019043,47.81800079345703,46.742000579833984,47.07699966430664,427502000,-0.008780052668750038,45.540714263916016,43.292237781343005
2023-07-20,46.50699996948242,47.08700180053711,45.0620002746582,45.52000045776367,537865000,-0.03307345875152434,45.98571450369699,43.37376167660668
2023-07-21,45.78799819946289,45.86600112915039,44.09999847412109,44.30899810791016,963769000,-0.026603742040318124,46.043857029506135,43.433952149890715
2023-07-24,44.73099899291992,45.10900115966797,44.040000915527344,44.61199951171875,382516000,0.006838371814922528,45.84885678972517,43.50952348254976
2023-07-25,44.94100189208984,46.18299865722656,44.92300033569336,45.67900085449219,348081000,0.023917362020349664,45.87885665893555,43.674761635916575
2023-07-26,46.02099990844727,46.053001403808594,44.630001068115234,45.45199966430664,364237000,-0.004969486765015851,45.734713963099885,43.9042854309082
2023-07-27,46.51900100708008,47.39500045776367,45.75,45.900001525878906,455976000,0.00985659299659103,45.50699996948242,44.095904577346076
2023-07-28,46.667999267578125,47.027000427246094,46.38100051879883,46.75,331194000,0.018518484659349133,45.46028573172433,44.36414264497303
2023-07-31,46.75400161743164,47.130001068115234,46.50600051879883,46.729000091552734,251055000,-0.00044919590261527365,45.63299996512277,44.645428430466424
2023-08-01,46.459999084472656,46.900001525878906,46.027000427246094,46.50699996948242,237858000,-0.00475079975251691,45.947000231061665,44.8456666128976
2023-08-02,45.83100128173828,45.84000015258789,43.387001037597656,44.26900100708008,530142000,-0.04812176583892536,45.89800044468471,44.93404769897461
2023-08-03,43.79999923706055,45.11800003051758,43.79999923706055,44.51499938964844,324176000,0.00555689934202519,45.7317145211356,45.038714272635325
2023-08-04,44.98500061035156,45.641998291015625,44.39300155639648,44.68000030517578,362666000,0.0037066363650386513,45.62142889840262,45.16142854236421
2023-08-07,45.11100006103516,45.540000915527344,44.5629997253418,45.41699981689453,322154000,0.0164950650556146,45.552428654261995,45.30019051688058
2023-08-08,44.85300064086914,45.242000579833984,44.055999755859375,44.66400146484375,353843000,-0.01657965860991717,45.25442886352539,45.41847628638858
2023-08-09,44.27399826049805,44.3120002746582,42.13399887084961,42.55400085449219,586449000,-0.04724163848177376,44.65800040108817,45.425571623302645
2023-08-10,42.15999984741211,43.57400131225586,41.834999084472656,42.38800048828125,492705000,-0.0039009344098702714,44.06957190377371,45.35347638811384
2023-08-11,41.7509994506836,42.01800155639648,40.63899993896485,40.85499954223633,533085000,-0.03616591791039403,43.58185740879604,45.10957154773531
2023-08-14,40.48600006103516,43.79999923706055,40.31100082397461,43.75299835205078,690286000,0.07093376189659417,43.47300011771066,45.0278570992606
2023-08-15,44.560001373291016,45.26800155639648,43.709999084472656,43.93999862670898,676512000,0.004273999078955315,43.3672855922154,44.90780948457264
2023-08-16,44.52000045776367,44.67499923706055,43.40599822998047,43.48600006103516,527451000,-0.010332238959102957,43.09142848423549,44.716952369326634
2023-08-17,43.970001220703125,44.0620002746582,43.0009994506836,43.34400177001953,452395000,-0.0032653794512332857,42.9028570992606,44.53919056483677
2023-08-18,42.6349983215332,43.57799911499024,41.65999984741211,43.29899978637695,583768000,-0.0010382517027697213,43.00928551810129,44.433428628104075
2023-08-21,44.49399948120117,47.06499862670898,44.22200012207031,46.96699905395508,692573000,0.08471325632635462,43.6634281703404,44.56000010172526
2023-08-22,48.1349983215332,48.1870002746582,45.33300018310547,45.667999267578125,755293000,-0.027657713129269346,44.350999559674946,44.61028580438523
2023-08-23,45.86600112915039,47.20000076293945,45.20800018310547,47.11600112915039,779046000,0.031707144713919444,44.83142852783203,44.678714388892764
2023-08-24,50.21599960327149,50.26599884033203,47.15900039672852,47.16299819946289,1156044000,0.0009974757871253903,45.291857038225444,44.76019050961449
2023-08-25,47.012001037597656,47.80500030517578,45.02399826049805,46.01800155639648,925341000,-0.024277435421386162,45.653571537562776,44.765809558686755
2023-08-28,46.48199844360352,46.97999954223633,44.88800048828125,46.834999084472656,685192000,0.017753868061282985,46.15228543962751,44.76985713413784
2023-08-29,46.66600036621094,49.08100128173828,46.39099884033203,48.78400039672852,701397000,0.04161420626358092,46.93585695539202,44.86771429152716
2023-08-30,49.04399871826172,49.92699813842773,48.42499923706055,49.26399993896485,735206000,0.009839282107510838,47.263999938964844,44.99900000435965
2023-08-31,49.380001068115234,49.74399948120117,48.95800018310547,49.35499954223633,528570000,0.0018471825954899934,47.790714263916016,45.24119041079567
2023-09-01,49.762001037597656,49.79999923706055,48.141998291015625,48.50899887084961,463830000,-0.017141134216053233,47.989713941301616,45.431380862281436
2023-09-05,48.22299957275391,48.85100173950195,47.86000061035156,48.54800033569336,382653000,0.0008040047362674052,48.18757138933454,45.61557133992513
2023-09-06,48.44100189208984,48.54899978637695,46.58000183105469,47.06100082397461,468670000,-0.030629469832673673,48.33657128470285,45.69385710216704
2023-09-07,45.525001525878906,46.34400177001953,45.152000427246094,46.24100112915039,433330000,-0.017424187341261943,48.251714433942524,45.76895232427688
2023-09-08,45.94200134277344,46.60599899291992,45.27099990844727,45.571998596191406,473069000,-0.014467734621282813,47.79285703386579,45.912666502453035
2023-09-11,46.14799880981445,46.16299819946289,44.3120002746582,45.178001403808594,473966000,-0.008645598273491983,47.2091429574149,46.04552368890671
2023-09-12,44.73799896240234,45.67300033569336,44.53099822998047,44.869998931884766,349256000,-0.006817532036684226,46.56842858450754,46.23671413603283
2023-09-13,44.59999847412109,45.93000030517578,44.50299835205078,45.48500061035156,398355000,0.01370630026981745,46.13642883300781,46.31919043404715
2023-09-14,45.95000076293945,45.98699951171875,45.13100051879883,45.58100128173828,370097000,0.002110600639738669,45.712571825299946,46.397333417619976
2023-09-15,45.34099960327149,45.5989990234375,43.80799865722656,43.900001525878906,506831000,-0.036879395111771185,45.26100049700056,46.417047773088726
2023-09-18,42.74800109863281,44.242000579833984,42.0,43.96599960327149,500271000,0.0015033730090801,44.936000279017854,46.4466667175293
2023-09-19,43.83300018310547,43.96599960327149,43.00199890136719,43.52000045776367,373064000,-0.010144182994411777,44.642857687813894,46.4571905590239
2023-09-20,43.59999847412109,43.90299987792969,42.22299957275391,42.23899841308594,367108000,-0.029434789319934707,44.22300011771066,46.23204767136347
2023-09-21,41.58300018310547,42.09999847412109,40.97999954223633,41.016998291015625,450736000,-0.028930613129589,43.67257145472935,46.0105714343843
2023-09-22,41.571998596191406,42.1150016784668,41.23099899291992,41.61000061035156,479236000,0.014457477242205474,43.11900002615793,45.748380933489116
2023-09-25,41.59099960327149,42.5359992980957,41.17699813842773,42.22200012207031,419091000,0.014707990933470416,42.63914271763393,45.513095310756135
2023-09-26,42.0009994506836,42.81999969482422,41.65499877929688,41.9109992980957,402282000,-0.007365847735196329,42.35499954223633,45.317523774646574
2023-09-27,42.33000183105469,42.87200164794922,41.62900161743164,42.46799850463867,444935000,0.013290048337460503,42.14099938528879,45.10957136608305
2023-09-28,42.459999084472656,43.44599914550781,42.1150016784668,43.0890007019043,424663000,0.01462282704935558,42.079427991594585,44.83838090442476
2023-09-29,43.82699966430664,44.14400100708008,43.30699920654297,43.499000549316406,397830000,0.009515185795292425,42.259428296770366,44.563857123965306
2023-10-02,44.02999877929688,45.17499923706055,43.86100006103516,44.78200149536133,433298000,0.029494952294141452,42.797285897391184,44.34609531220936
2023-10-03,44.80799865722656,45.130001068115234,43.24599838256836,43.516998291015625,470850000,-0.028248027379409013,43.06971413748605,44.10838099888393
2023-10-04,43.742000579833984,44.14300155639648,43.29199981689453,44.04100036621094,361821000,0.012041319387221971,43.32957131522043,43.8937619527181
2023-10-05,44.04999923706055,44.900001525878906,43.88800048828125,44.6879997253418,393483000,0.014690841573781643,43.72628566196987,43.780761900402254
2023-10-06,44.19300079345703,45.78900146484375,44.0260009765625,45.762001037597656,434436000,0.024033327042087604,44.19685745239258,43.75795237223307
2023-10-09,44.84199905395508,45.60499954223633,44.36800003051758,45.27299880981445,409675000,-0.010685770217553237,44.508857182094026,43.743714287167506
2023-10-10,45.310001373291016,46.25899887084961,45.0880012512207,45.79800033569336,368582000,0.011596349693652197,44.837285723005024,43.773238045828684
2023-10-11,46.19599914550781,46.85900115966797,46.04999923706055,46.805999755859375,378137000,0.022009681924483937,45.1264283316476,43.865428561256046
2023-10-12,46.777000427246094,47.60900115966797,46.33000183105469,46.94499969482422,481325000,0.002969703450195871,45.616142817905974,43.93495232718332
2023-10-13,46.959999084472656,47.11600112915039,45.27999877929688,45.46099853515625,474115000,-0.031611485127596706,45.81899969918387,43.92923791067941
2023-10-16,45.0629997253418,46.22499847412109,44.9119987487793,46.095001220703125,375099000,0.013946079188220661,46.01999991280692,44.03376170567104
2023-10-17,44.0,44.75400161743164,42.47999954223633,43.9379997253418,812333000,-0.04679469439719919,45.759428296770366,44.03242837815058
2023-10-18,42.59099960327149,43.21900177001953,41.82500076293945,42.19599914550781,627294000,-0.03964678844561198,45.31985691615513,43.969380696614586
2023-10-19,42.81100082397461,43.297000885009766,41.88199996948242,42.10100173950195,501233000,-0.0022513368075079976,44.791714259556365,43.96280942644392
2023-10-20,41.88999938964844,42.470001220703125,41.07799911499024,41.387001037597656,477266000,-0.01695923309193792,44.01757158551897,43.980428604852584
2023-10-23,41.229000091552734,43.24800109863281,40.94499969482422,42.97499847412109,478530000,0.0383694734267126,43.45042855398996,44.045428503127326
2023-10-24,43.07699966430664,43.696998596191406,42.69100189208984,43.66299819946289,401463000,0.01600930191437011,43.193571363176616,44.114047459193635
2023-10-25,43.39799880981445,43.650001525878906,41.55500030517578,41.77899932861328,398379000,-0.0431486372567238,42.57699966430664,44.10776174636114
2023-10-26,41.85300064086914,42.25600051879883,39.880001068115234,40.32600021362305,541001000,-0.03477821724646035,42.060999734061106,44.00576182774135
2023-10-27,41.130001068115234,41.20600128173828,40.01499938964844,40.5,416784000,0.004314828781808444,41.8187141418457,43.88247608003162
2023-10-30,41.08700180053711,41.76599884033203,40.48099899291992,41.1609992980957,388028000,0.01632097032335067,41.68442807878767,43.77114268711635
2023-10-31,40.45000076293945,40.87900161743164,39.22999954223633,40.77999877929688,517969000,-0.009256347642085716,41.597713470458984,43.58057112920852
2023-11-01,40.88399887084961,42.38100051879883,40.86899948120117,42.32500076293945,437593000,0.03788626851129129,41.504856654575896,43.52380934215727
2023-11-02,43.32799911499024,43.88399887084961,42.89400100708008,43.50600051879883,409172000,0.027903124266296153,41.48242841448103,43.498333158947176
2023-11-03,44.02000045776367,45.30899810791016,43.72299957275391,45.005001068115234,424610000,0.0344550299140618,41.94328580583845,43.513428460984
2023-11-06,45.28499984741211,45.935001373291016,44.89899826049805,45.7509994506836,400733000,0.01657589967477824,42.7182856968471,43.512904575892854
2023-11-07,45.71900177001953,46.21799850463867,45.15800094604492,45.95500183105469,343165000,0.004458971013102886,43.497571672712056,43.54538091023763
2023-11-08,46.09999847412109,46.867000579833984,45.96799850463867,46.57400131225586,346719000,0.013469686792241031,44.270857674734934,43.58233333769299
2023-11-09,47.46699905395508,48.22999954223633,46.75,46.95000076293945,540496000,0.008073161851881672,45.152286529541016,43.58919052850632
2023-11-10,47.5,48.47200012207031,47.28300094604492,48.334999084472656,421245000,0.029499431289178313,46.01085771833147,43.65538097563244
2023-11-13,48.31999969482422,49.11600112915039,48.0989990234375,48.619998931884766,384136000,0.005896345356581678,46.741428920200896,43.80580956595285
2023-11-14,49.68000030517578,49.83399963378906,49.040000915527344,49.65599822998047,416954000,0.021308089692620324,47.40585708618164,43.97538085210891
2023-11-15,49.935001373291016,49.959999084472656,48.20000076293945,48.88800048828125,475497000,-0.015466363965582874,47.854000091552734,44.21109517415365
2023-11-16,48.67900085449219,49.525001525878906,48.33000183105469,49.47999954223633,339756000,0.012109291606168027,48.357571193150115,44.55795233590262
2023-11-17,49.52399826049805,49.71699905395508,49.00699996948242,49.29800033569336,325205000,-0.0036782378380503244,48.74671391078404,44.90066655476888
2023-11-20,49.3120002746582,50.54800033569336,49.180999755859375,50.40900039672852,414120000,0.02253641229806158,49.24085671561105,45.330285571870355
2023-11-21,50.1259994506836,50.516998291015625,49.22200012207031,49.94400024414063,565747000,-0.00922454619072488,49.47071402413504,45.66214279901414
2023-11-22,49.85200119018555,50.334999084472656,47.68999862670898,48.71599960327149,899420000,-0.024587550754171072,49.48442840576172,45.90276191348122
2023-11-24,48.470001220703125,48.92100143432617,47.744998931884766,47.7760009765625,294645000,-0.019295480629855866,49.21585736955915,46.18833342052642
2023-11-27,47.79999923706055,48.52999877929688,47.652000427246094,48.242000579833984,395662000,0.009753842802793233,49.1235716683524,46.56528581891742
2023-11-28,48.23600006103516,48.323001861572266,47.47299957275391,47.82099914550781,401491000,-0.008726865164504716,48.8865716116769,46.91390482584636
2023-11-29,48.37900161743164,48.762001037597656,47.86000061035156,48.13999938964844,382005000,0.006670714745419248,48.72114290509905,47.246238163539346
2023-11-30,48.02399826049805,48.11000061035156,46.422000885009766,46.77000045776367,526247000,-0.028458640408278835,48.20128577096121,47.53147633870443
2023-12-01,46.525001525878906,47.20000076293945,46.1870002746582,46.76499938964844,369317000,-0.00010692897298025805,47.74714279174805,47.74290484473819
2023-12-04,46.07699966430664,46.07699966430664,45.0099983215332,45.5099983215332,437543000,-0.0268363323959121,47.28914260864258,47.83833331153507
2023-12-05,45.46599960327149,46.59999847412109,45.27099990844727,46.56600189208984,371718000,0.023203770808688073,47.116285596575054,47.91266668410529
2023-12-06,47.21500015258789,47.387001037597656,45.4119987487793,45.50299835205078,380590000,-0.022827889379518074,46.7249995640346,47.90085710797991
2023-12-07,45.70000076293945,46.62900161743164,45.604000091552734,46.59600067138672,350823000,0.02402044610070564,46.5499997820173,47.931380862281436
2023-12-08,46.595001220703125,47.74100112915039,46.54999923706055,47.50600051879883,359224000,0.019529569797841262,46.45942851475307,47.97576177687872
2023-12-11,47.49100112915039,47.53099822998047,45.83000183105469,46.62699890136719,509728000,-0.01850295979102279,46.438999720982146,47.96038073585147
2023-12-12,46.04600143432617,47.66600036621094,46.04600143432617,47.65700149536133,372387000,0.022090261399258404,46.56642859322684,47.928095136369976
2023-12-13,47.62900161743164,48.59400177001953,47.608001708984375,48.0880012512207,447792000,0.009043786691055766,46.93471472603934,47.902761913481214
2023-12-14,48.38999938964844,48.66999816894531,47.422000885009766,48.34999847412109,391232000,0.005448286809253355,47.189571380615234,47.84057144891648
2023-12-15,48.19400024414063,49.40399932861328,48.119998931884766,48.88999938964844,479948000,0.011168581852518233,47.67342867170061,47.84066663469587
2023-12-18,49.400001525878906,50.43299865722656,49.150001525878906,50.07699966430664,412587000,0.024278999580219507,48.17071424211775,47.869095211937314
2023-12-19,49.42399978637695,49.70000076293945,48.89500045776367,49.604000091552734,464444000,-0.009445445532373697,48.470428466796875,47.883666628883
2023-12-20,49.65499877929688,49.999000549316406,48.09799957275391,48.11100006103516,397894000,-0.030098379722642954,48.682428632463726,47.774238041469026
2023-12-21,48.81100082397461,49.095001220703125,48.41899871826172,48.9900016784668,300425000,0.018270283642337626,48.87285723005022,47.72880953834171
2023-12-22,49.19499969482422,49.382999420166016,48.46699905395508,48.83000183105469,252507000,-0.003265969420908066,48.97885731288365,47.73423821585519
2023-12-26,48.96799850463867,49.59999847412109,48.959999084472656,49.27899932861328,244200000,0.009195115312755187,49.111571720668245,47.80580956595285
2023-12-27,49.51100158691406,49.68000030517578,49.084999084472656,49.41699981689453,233648000,0.0028003914479066694,49.186857495989116,47.86176191057478
2023-12-28,49.64300155639648,49.88399887084961,49.4119987487793,49.52199935913086,246587000,0.002124765619632596,49.10757173810686,47.9427619207473
2023-12-29,49.8129997253418,49.99700164794922,48.7509994506836,49.52199935913086,389293000,0.0,49.095857347760884,48.008571443103605
2024-01-02,49.24399948120117,49.29499816894531,47.595001220703125,48.167999267578125,411254000,-0.02734138583003487,49.104000091552734,48.07514281499954
2024-01-03,47.48500061035156,48.18399810791016,47.31999969482422,47.56900024414063,320896000,-0.012435621834944621,48.900999886649,48.113428569975355
2024-01-04,47.766998291015625,48.5,47.507999420166016,47.99800109863281,306535000,0.009018496337749315,48.782142639160156,48.23190489269438
2024-01-05,48.46200180053711,49.547000885009766,48.305999755859375,49.09700012207031,415039000,0.022896766496153242,48.75614275251116,48.35242861793155
2024-01-08,49.512001037597656,52.275001525878906,49.479000091552734,52.25299835205078,642510000,0.06428087708278873,49.161285400390625,48.67385718936012
2024-01-09,52.4010009765625,54.32500076293945,51.68999862670898,53.13999938964844,773100000,0.016975122300572076,49.67814254760742,48.98547617594401
2024-01-10,53.61600112915039,54.59999847412109,53.48899841308594,54.34999847412109,533796000,0.022770024433014013,50.36785670689174,49.31138084048317
2024-01-11,54.999000549316406,55.34600067138672,53.560001373291016,54.821998596191406,596759000,0.008684455111715561,51.31842803955078,49.70161892118908
2024-01-12,54.619998931884766,54.970001220703125,54.33000183105469,54.709999084472656,352994000,-0.0020429665934603713,52.338570731026785,50.037475949242
2024-01-16,55.01800155639648,56.834999084472656,54.900001525878906,56.38199996948242,449580000,0.030561157247109172,53.53628485543387,50.432428269159224
2024-01-17,56.34700012207031,56.47100067138672,54.7400016784668,56.053001403808594,474394000,-0.0058351701935351885,54.52999932425363,50.79923793247768
2024-01-18,57.2599983215332,57.59999847412109,56.10699844360352,57.10699844360352,491650000,0.018803578994849524,55.22342790876116,51.190523601713636
2024-01-19,57.98899841308594,59.5,57.22499847412109,59.49100112915039,543501000,0.04174624390215875,56.13071387154715,51.63880938575382
2024-01-22,60.04899978637695,60.33100128173828,59.06999969482422,59.65399932861328,452955000,0.0027398799208140368,56.888428279331755,52.11738077799479
2024-01-23,59.56999969482422,59.90999984741211,58.584999084472656,59.87300109863281,294654000,0.0036712001288148333,57.61000006539481,52.67747606549944
2024-01-24,60.30400085449219,62.8489990234375,59.9379997253418,61.36199951171875,560271000,0.024869279738174654,58.56028584071568,53.26661881946382
2024-01-25,62.34999847412109,62.71900177001953,60.84999847412109,61.617000579833984,482777000,0.004155683813180433,59.3081430707659,53.87552352178665
2024-01-26,60.959999084472656,61.78300094604492,60.573001861572266,61.03099822998047,390309000,-0.009510400446939404,60.01928547450474,54.435142517089844
2024-01-29,61.23199844360352,62.48899841308594,60.90700149536133,62.46500015258789,348733000,0.023496288184632563,60.78471429007394,55.056475866408576
2024-01-30,62.900001525878906,63.49300003051758,62.2599983215332,62.77399826049805,410735000,0.004946739888823215,61.25371388026646,55.68752343314035
2024-01-31,61.43999862670898,62.26900100708008,60.70000076293945,61.527000427246094,453795000,-0.019864878258625374,61.52128546578543,56.259190150669646
2024-02-01,62.09999847412109,63.19100189208984,61.650001525878906,63.027000427246094,369146000,0.02437954052016078,61.97185679844448,56.96676163446335
2024-02-02,63.9739990234375,66.5999984741211,63.68999862670898,66.16000366210938,476578000,0.049708905923260494,62.65728596278599,57.85204751150949
2024-02-05,68.2249984741211,69.49700164794922,67.20500183105469,69.33200073242188,680078000,0.04794433033154655,63.75942884172712,58.86795225597563
2024-02-06,69.62999725341797,69.75399780273438,66.30000305175781,68.2229995727539,683111000,-0.015995516470785565,64.78685760498047,59.778714134579616
2024-02-07,68.31900024414062,70.22000122070312,67.5999984741211,70.0989990234375,495575000,0.027498049960160476,65.87742887224469,60.628523690359934
2024-02-08,70.0739974975586,70.79399871826172,69.45500183105469,69.64099884033203,414422000,-0.006533619445155514,66.85842895507812,61.41428556896391
2024-02-09,70.53299713134766,72.18499755859375,70.21199798583984,72.13300323486328,436637000,0.03578358202823506,68.37357221330915,62.261095319475444
2024-02-12,72.5999984741211,74.61100006103516,71.25,72.24800109863281,613710000,0.0015942475512229493,69.69085802350726,63.090904962448846
2024-02-13,70.4000015258789,73.44999694824219,69.62000274658203,72.12799835205078,602580000,-0.0016609836224839025,70.54342869349888,63.920333499000186
2024-02-14,73.2020034790039,74.23600006103516,71.93800354003906,73.9000015258789,504917000,0.024567480233946393,71.19600023542132,64.75452404930478
2024-02-15,73.86900329589844,73.9749984741211,72.4000015258789,72.65799713134766,420122000,-0.016806554382767014,71.82957131522042,65.54523813156854
2024-02-16,74.0999984741211,74.4020004272461,72.5009994506836,72.61299896240234,495327000,-0.000619314744720656,72.18871416364398,66.28361910865421
2024-02-20,71.9469985961914,71.95600128173828,67.73400115966797,69.4520034790039,704833000,-0.04353208831155897,72.16171482631138,66.75795255388532
2024-02-21,68.00599670410156,68.88800048828125,66.24800109863281,67.47200012207031,673755000,-0.028508945138381314,71.49585723876953,67.1302383059547
2024-02-22,75.0250015258789,78.57499694824219,74.22000122070312,78.53800201416016,865100000,0.1640088017558281,72.39442879813058,68.01904787336078
2024-02-23,80.79000091552734,82.39399719238281,77.56999969482422,78.81700134277344,829388000,0.0035524118446885744,73.3500006539481,68.85023843674432
2024-02-26,79.69999694824219,80.64600372314453,78.50499725341797,79.09200286865234,503973000,0.0034891142925232987,74.09171513148716,69.68238140287853
2024-02-27,79.38099670410156,79.4800033569336,77.16200256347656,78.70099639892578,391705000,-0.004943691593901178,74.95500074114118,70.52380988711403
2024-02-28,77.62000274658203,78.93299865722656,77.125,77.66300201416016,393110000,-0.013189088223281908,75.67642974853516,71.24752426147461
2024-02-29,79.09400177001953,79.98999786376953,78.3499984741211,79.11199951171875,507289000,0.018657500482590184,77.05642918178013,72.02552432105655
2024-03-01,80.0,82.30000305175781,79.43499755859375,82.27899932861328,479135000,0.040031851507247085,79.17171478271484,73.01371474493118
2024-03-04,84.12999725341797,87.69499969482422,83.71900177001953,85.23699951171875,615616000,0.03595085267495213,80.12871442522321,74.07133374895368
2024-03-05,85.2699966430664,86.09700012207031,83.41699981689453,85.96399688720703,520639000,0.008529129129989377,81.14971378871373,75.0143810453869
2024-03-06,88.02200317382812,89.7239990234375,87.02999877929688,88.69999694824219,582520000,0.03182727839685073,82.52228437151227,75.93666657947358
2024-03-07,90.15799713134766,92.76699829101562,89.60199737548828,92.66899871826172,608119000,0.04474635745856337,84.51771327427456,77.10076177687873
2024-03-08,95.13800048828124,97.4000015258789,86.50599670410156,87.52799987792969,1142269000,-0.055477008616031664,85.92699868338448,77.9307141985212
2024-03-11,86.42900085449219,88.7969970703125,84.16600036621094,85.77400207519531,678364000,-0.020039276633540992,86.87871333530971,78.69895244780041
2024-03-12,88.04900360107422,91.95999908447266,86.1500015258789,91.91300201416016,668075000,0.07157180253269502,88.25499943324498,79.64085715157645
2024-03-13,91.05500030517578,91.50399780273438,88.43499755859375,90.88800048828124,635713000,-0.011151866476094563,89.06228528703961,80.52847617013114
2024-03-14,89.5770034790039,90.64600372314452,86.5999984741211,87.94400024414062,602318000,-0.03239151734359258,89.3451429094587,81.28161911737351
2024-03-15,86.93000030517578,89.5459976196289,86.25700378417969,87.83699798583984,642086000,-0.0012167090194183938,89.22185734340123,81.94528561546689
2024-03-18,90.38800048828124,92.40499877929688,87.08499908447266,88.45500183105469,668976000,0.007035803356058246,88.61985778808594,82.69752393450055
2024-03-19,86.69999694824219,90.54399871826172,85.01000213623047,89.39800262451172,672171000,0.010660796720779242,88.88700103759766,83.49680982317243
2024-03-20,89.7969970703125,90.41000366210938,88.2229995727539,90.37200164794922,479063000,0.010895087080731392,89.54385811941964,84.49300021216983
2024-03-21,92.3000030517578,92.64800262451172,90.40499877929688,91.43499755859376,480372000,0.01176244734276799,89.47557176862445,85.63409532819476
2024-03-22,91.14099884033205,94.77799987792967,90.83399963378906,94.28900146484376,586719000,0.031213473860718155,89.96142905099052,86.38414292108445
2024-03-25,93.94100189208984,96.76599884033205,93.51000213623048,95.0019989013672,552136000,0.007561830387919466,90.96971457345145,87.1548570905413
2024-03-26,95.85099792480467,96.375,92.5019989013672,92.56099700927734,513648000,-0.02569421612511702,91.64457157679966,87.79623776390439
2024-03-27,93.11199951171876,93.23999786376952,89.12300109863281,90.25,586067000,-0.024967287345075917,91.90099988664899,88.34619031633649
2024-03-28,90.0,91.3000030517578,89.19300079345703,90.3560028076172,435212000,0.0011745463447889737,92.03785705566408,88.95061892554874
2024-04-01,90.29900360107422,92.2249984741211,89.2040023803711,90.36299896240234,452441000,7.742877692407113e-05,92.03657095772881,89.48638080415272
2024-04-02,88.447998046875,90.09400177001952,87.62000274658203,89.4520034790039,433064000,-0.010081510063399746,91.75328608921598,89.82795243036179
2024-04-03,88.48400115966797,90.3740005493164,88.4000015258789,88.96399688720703,370067000,-0.005455513267642154,90.99257114955358,90.00542849586124
2024-04-04,90.40599822998048,90.63400268554688,85.87999725341797,85.90499877929688,434965000,-0.03438467486784014,89.69299970354352,90.00261906215123
2024-04-05,86.86599731445312,88.48100280761719,85.9260025024414,88.00800323486328,399678000,0.024480583033000824,89.04257202148438,89.96966698056175
2024-04-08,88.69999694824219,88.83000183105469,86.73200225830078,87.13300323486328,283220000,-0.009942277609286565,88.59728676932198,89.70604814801898
2024-04-09,87.44200134277344,87.63500213623047,83.02200317382812,85.35399627685547,501700000,-0.020417142666511512,87.8827144077846,89.60252416701545
2024-04-10,83.9260025024414,87.4000015258789,83.70899963378906,87.03900146484375,431929000,0.01974137429397893,87.40785762241909,89.66276223318917
2024-04-11,87.41999816894531,90.73899841308594,86.9260025024414,90.61599731445312,431637000,0.041096471574920024,87.57414245605469,89.6010001046317
2024-04-12,89.6989974975586,90.1750030517578,87.52999877929688,88.18599700927734,426805000,-0.026816460417505072,87.46299961635044,89.47233327229817
2024-04-15,89.0979995727539,90.61299896240234,85.92900085449219,86.0009994506836,443077000,-0.024777148670937943,87.47671399797711,89.3798094249907
2024-04-16,86.43299865722656,88.11799621582031,86.06400299072266,87.41500091552734,370453000,0.01644168642080257,87.39199938092914,89.35971432640439
2024-04-17,88.33999633789062,88.7750015258789,83.94999694824219,84.03500366210938,495400000,-0.03866610098973966,86.94942801339286,89.14923822312127
2024-04-18,84.97000122070312,86.19000244140625,82.4020004272461,84.6709976196289,447260000,0.007568202889319364,86.8518567766462,88.9241427466983
2024-04-19,83.1500015258789,84.3239974975586,75.60600280761719,76.19999694824219,875198000,-0.10004607137666377,85.30342755998883,88.24928538004558
2024-04-22,78.10399627685547,80.072998046875,76.4000015258789,79.51799774169922,596341000,0.043543319243316114,83.71799904959542,87.68180919828869
2024-04-23,80.76899719238281,82.76899719238281,80.26399993896484,82.4229965209961,438559000,0.036532594655278805,82.89471326555524,87.11676134381976
2024-04-24,83.94999694824219,84.08200073242188,79.18299865722656,79.677001953125,512208000,-0.0333158788660588,81.9912850516183,86.38699958437965
2024-04-25,78.86799621582031,83.322998046875,78.2229995727539,82.63200378417969,424641000,0.03708726180225952,81.30799974714007,85.91419038318452
2024-04-26,83.81800079345703,88.33100128173828,83.38700103759766,87.73500061035156,551011000,0.06175569503917644,81.8365707397461,85.79442850748698
2024-04-29,87.59500122070312,87.99199676513672,85.26599884033203,87.75700378417969,388971000,0.0002507912882550034,82.27742876325335,85.67066664922805
2024-04-30,87.23999786376953,88.81900024414062,86.30000305175781,86.4020004272461,363709000,-0.015440401318462804,83.73485783168248,85.48204767136346
2024-05-01,85.0770034790039,86.0,81.25499725341797,83.04100036621094,559863000,-0.03889956302418307,84.23814392089844,85.17676180884952
2024-05-02,84.4489974975586,86.23699951171875,83.19999694824219,85.81700134277344,377898000,0.03342928149131552,84.72300175258091,85.0269048781622
2024-05-03,87.78900146484375,89.28099822998047,87.04000091552734,88.78900146484375,398341000,0.034631833734197315,86.02471596854073,85.16423833937873
2024-05-06,89.38999938964844,92.22000122070312,89.05500030517578,92.13999938964844,376203000,0.0377411376355159,87.38300105503627,85.36100006103516
2024-05-07,91.0979995727539,91.78099822998048,89.01100158691406,90.5540008544922,437342000,-0.01721292105124994,87.78571537562779,85.52390470958892
2024-05-08,89.48300170898438,91.19400024414062,89.41999816894531,90.41200256347656,325721000,-0.0015681062092862685,88.16500091552734,85.76476215180897
2024-05-09,90.52899932861328,91.0719985961914,88.23100280761719,88.74700164794922,378013000,-0.018415706635392604,88.50000108991351,85.84609549386161
2024-05-10,90.30500030517578,91.4010009765625,89.22699737548828,89.87799835205078,335325000,0.012744055383280717,89.47671508789062,85.81095268612816
2024-05-13,90.47799682617188,90.9980010986328,88.52899932861328,90.39900207519533,289680000,0.0057967882317959685,90.13128662109375,85.9163338797433
2024-05-14,89.5989990234375,91.6510009765625,88.93399810791016,91.3560028076172,296507000,0.010586408151119109,90.49800109863281,86.17133403959728
2024-05-15,92.47200012207033,94.86199951171876,91.5989990234375,94.62999725341795,417735000,0.03583775937193012,90.85371507917132,86.51490529378255
2024-05-16,94.91000366210938,95.81900024414062,94.10299682617188,94.35900115966795,323952000,-0.0028637440728680463,91.39728655133929,87.00652422223773
2024-05-17,94.36900329589844,94.73999786376952,91.80599975585938,92.47899627685548,359691000,-0.01992395913169165,91.69257136753627,87.37833368210565
2024-05-20,93.75,95.1999969482422,93.44000244140624,94.77999877929688,318764000,0.024881352470055518,92.55442810058594,88.26309567406064
2024-05-21,93.5989990234375,95.4000015258789,93.18000030517578,95.38600158691406,328946000,0.006393783661343022,93.3412857055664,89.01871490478516
2024-05-22,95.45899963378906,96.0199966430664,93.2490005493164,94.9499969482422,548648000,-0.00457094994462659,93.99142783028739,89.61523873465401
2024-05-23,102.02799987792967,106.31999969482422,101.5199966430664,103.79900360107422,835065000,0.09319649223006987,95.76899937220982,90.76390547979446
2024-05-24,104.4489974975586,106.4749984741211,103.0,106.46900177001952,429494000,0.025722772630908608,97.46028573172433,91.89900062197731
2024-05-28,110.24400329589844,114.93900299072266,109.88300323486328,113.9010009765625,652728000,0.0698043475846295,100.2519999912807,93.14500063941593
2024-05-29,113.0500030517578,115.49199676513672,110.9010009765625,114.8249969482422,557442000,0.00811227262058778,103.4442858014788,94.43395269484748
2024-05-30,114.6500015258789,115.81900024414062,109.66300201416016,110.5,484553000,-0.037665987922400834,105.69000026157924,95.58147648402623
2024-05-31,112.5199966430664,112.71700286865234,106.94000244140624,109.63300323486328,613263000,-0.007846124571373014,107.72528621128627,96.84776233491444
2024-06-03,113.62100219726562,115.0,112.00299835205078,115.0,438392000,0.048954207280440754,110.58957236153739,98.2374289376395
2024-06-04,115.71600341796876,116.5999984741211,114.04499816894533,116.43699645996094,403324000,0.012495621390964606,112.39499991280692,99.55400012788319
2024-06-05,118.37100219726562,122.4489974975586,117.46800231933594,122.44000244140624,528402000,0.05155582988186702,114.67657143729073,100.99685741606213
2024-06-06,124.0479965209961,125.58699798583984,118.31999969482422,120.9980010986328,664696000,-0.011777207726400563,115.69042859758649,102.44657171340216
2024-06-07,119.7699966430664,121.69200134277344,118.02200317382812,120.88800048828124,412386000,-0.0009091109716919954,116.55657196044922,103.89780970982143
2024-06-10,120.37000274658205,123.0999984741211,117.01000213623048,121.79000091552734,313434100,0.0074614554265337585,118.16942923409599,105.47128586542038
2024-06-11,121.7699966430664,122.87000274658205,118.73999786376952,120.91000366210938,222551200,-0.007225529573879674,119.78042929513114,106.9490004039946
2024-06-12,123.05999755859376,126.87999725341795,122.56999969482422,125.1999969482422,299595000,0.03548087963111368,121.2375717163086,108.60619063604446
2024-06-13,129.38999938964844,129.8000030517578,127.16000366210938,129.61000061035156,260704500,0.03522367228117784,123.11942945207868,110.4278095790318
2024-06-14,129.9600067138672,132.83999633789062,128.32000732421875,131.8800048828125,309320400,0.017514113585149094,124.46800122942243,112.20161946614583
2024-06-17,132.99000549316406,133.72999572753906,129.5800018310547,130.97999572753906,288504400,-0.00682445497384665,125.89400046212333,113.94547635033017
2024-06-18,131.13999938964844,136.3300018310547,130.69000244140625,135.5800018310547,294335100,0.03511991337275977,127.99285779680524,115.99790518624442
2024-06-20,139.8000030517578,140.75999450683594,129.52000427246094,130.77999877929688,517768400,-0.03540347386732645,129.27714320591517,117.71219090053013
2024-06-21,127.12000274658205,130.6300048828125,124.3000030517578,126.56999969482422,649445800,-0.032191459885065554,130.08571406773157,119.19714319138299
2024-06-24,123.23999786376952,124.45999908447266,118.04000091552734,118.11000061035156,476060900,-0.06684047645469504,129.07285744803292,120.3000005086263
2024-06-25,121.1999969482422,126.5,119.31999969482422,126.08999633789062,414192600,0.06756409860554746,128.56999969482422,121.36147635323661
2024-06-26,126.12999725341795,128.1199951171875,122.5999984741211,126.4000015258789,362975900,0.0024586025615984664,127.78714207240513,122.3105715797061
2024-06-27,124.0999984741211,126.41000366210938,122.91999816894533,123.98999786376952,252571700,-0.01906648443841963,126.78857094900948,122.79100000290643
2024-06-28,124.58000183105467,127.70999908447266,122.75,123.54000091552734,315516700,-0.003629300395154411,125.06857081821987,123.20600019182477
2024-07-01,123.47000122070312,124.83999633789062,118.83000183105467,124.3000030517578,284885500,0.006151870896861311,124.14285714285714,123.86314319428944
2024-07-02,121.12999725341795,123.41000366210938,121.02999877929688,122.66999816894533,218374000,-0.01311347419785458,123.58571406773159,124.48395247686477
2024-07-03,121.66000366210938,128.27999877929688,121.36000061035156,128.27999877929688,215749000,0.0457324585806651,125.03857094900948,125.11633337111701
2024-07-05,127.37999725341795,128.85000610351562,125.68000030517578,125.83000183105467,214176700,-0.01909882266570151,125.00142887660435,125.56361934116909
2024-07-08,127.48999786376952,130.77000427246094,127.04000091552734,128.1999969482422,237677300,0.01883489694587759,125.25857107979911,125.83790479387555
2024-07-09,130.35000610351562,133.82000732421875,128.64999389648438,131.3800048828125,285366600,0.024805054682287997,126.31428636823382,126.33228592645554
2024-07-10,134.02999877929688,135.10000610351562,132.4199981689453,134.91000366210938,248978600,0.026868615071566904,127.93857247488839,127.00000036330451
2024-07-11,135.75,136.14999389648438,127.0500030517578,127.4000015258789,374782700,-0.055666755113577326,128.38142939976282,127.26714324951172
2024-07-12,128.25999450683594,131.9199981689453,127.22000122070312,129.24000549316406,252680500,0.014442731124389985,129.32000187465124,127.66381000337147
2024-07-15,130.55999755859375,131.38999938964844,127.18000030517578,128.44000244140625,208326200,-0.006190057395193516,129.34285954066686,127.81809597923642
2024-07-16,128.44000244140625,129.0399932861328,124.58000183105467,126.36000061035156,214769500,-0.01619434593209057,129.418573651995,127.66333407447452
2024-07-17,121.3499984741211,121.8499984741211,116.72000122070312,117.98999786376952,390086200,-0.06623933765552992,127.96000235421317,127.0019051688058
2024-07-18,121.8499984741211,122.4000015258789,116.55999755859376,121.08999633789062,320979500,0.026273400544513548,126.49000113351005,126.53095281691779
2024-07-19,120.3499984741211,121.5999984741211,117.37000274658205,117.93000030517578,217223800,-0.02609626004031884,124.06428636823382,125.6904765537807
2024-07-22,120.3499984741211,124.06999969482422,119.86000061035156,123.54000091552734,258068900,0.04757059777693695,123.51285770961216,125.34571475074405
2024-07-23,122.77999877929688,124.69000244140624,122.0999984741211,122.58999633789062,173911000,-0.007689854060194623,122.56285640171596,125.15619078136626
2024-07-24,119.16999816894533,119.9499969482422,113.44000244140624,114.25,327776900,-0.06803162237564131,120.53571319580078,124.97238122849237
2024-07-25,113.04000091552734,116.62999725341795,106.3000030517578,112.27999877929688,460067000,-0.01724289908711707,118.52428436279297,124.31476229713077
2024-07-26,116.19000244140624,116.1999969482422,111.58000183105467,113.05999755859376,293399100,0.006946907621811604,117.81999860491071,123.67952401297433
2024-07-29,113.69000244140624,116.27999877929688,111.3000030517578,111.58999633789062,248152100,-0.013001956947162552,116.46285574776786,123.08904774983723
2024-07-30,111.5199966430664,111.98999786376952,102.54000091552734,103.7300033569336,486833300,-0.07043635844522522,114.43428475516183,122.14571453276135
2024-07-31,112.9000015258789,118.33999633789062,110.87999725341795,117.0199966430664,473174200,0.12812101471164627,113.5028555733817,121.7990475609189
2024-08-01,117.52999877929688,120.16000366210938,106.80999755859376,109.20999908447266,523462300,-0.06674070913209607,111.59142739432198,121.15809522356305
2024-08-02,103.76000213623048,108.72000122070312,101.37000274658205,107.2699966430664,482027500,-0.01776396353511256,110.59428405761719,120.15761893136161
2024-08-05,92.05999755859376,103.41000366210938,90.69000244140624,100.4499969482422,552842400,-0.06357788671810338,108.90428379603794,118.9490472702753
2024-08-06,103.83999633789062,107.70999908447266,100.5500030517578,104.25,409012100,0.037829797582928704,107.64571271623883,117.80857122512091
2024-08-07,107.80999755859376,108.8000030517578,98.69000244140624,98.91000366210938,411440400,-0.05122298645458634,105.83428519112724,116.2623806908017
2024-08-08,102.0,105.5,97.5199966430664,104.97000122070312,391910000,0.061267792278074884,106.0114277430943,114.83666628882999
2024-08-09,105.63999938964844,106.5999984741211,103.43000030517578,104.75,290844200,-0.0020958485104765057,104.25857107979911,113.75809478759766
2024-08-12,106.31999969482422,111.06999969482422,106.26000213623048,109.0199966430664,325559900,0.04076369110325917,104.23142787388393,112.7952372233073
2024-08-13,112.44000244140624,116.2300033569336,111.58000183105467,116.13999938964844,312646700,0.06530914479747296,105.49857112339565,112.2095227922712
2024-08-14,118.52999877929688,118.5999984741211,114.06999969482422,118.08000183105467,339246400,0.016703999066657094,108.01714324951172,111.8152371361142
2024-08-15,118.76000213623048,123.23999786376952,117.47000122070312,122.86000061035156,318086700,0.04048101884463007,110.67571476527623,112.0471420288086
2024-08-16,121.94000244140624,125.0,121.18000030517578,124.58000183105467,302589900,0.01399968429235221,114.34285736083984,112.2133327665783
2024-08-19,124.27999877929688,130.0,123.41999816894533,130.0,318333600,0.043506165430110544,117.91857147216797,112.78809465680804
2024-08-20,128.39999389648438,129.8800048828125,125.88999938964844,127.25,300087400,-0.02115384615384619,121.13285718645368,112.96476127987816
2024-08-21,127.31999969482422,129.35000610351562,126.66000366210938,128.5,257883600,0.00982318271119853,123.91571480887276,113.2461900256929
2024-08-22,130.02000427246094,130.75,123.0999984741211,123.73999786376952,376189100,-0.03704281818078192,125.00142887660435,113.69809468587239
2024-08-23,125.86000061035156,129.60000610351562,125.22000122070312,129.3699951171875,323230300,0.045498604740694004,126.61428506033761,114.51190403529576
2024-08-26,129.57000732421875,131.25999450683594,124.37000274658205,126.45999908447266,331964700,-0.02249359312473398,127.12857055664062,115.1499993460519
2024-08-27,125.0500030517578,129.1999969482422,123.87999725341795,128.3000030517578,303134600,0.014550086830667164,127.65999930245536,115.94571395147415
2024-08-28,128.1199951171875,128.3300018310547,122.63999938964844,125.61000061035156,448101100,-0.020966503331422914,127.03285653250558,116.98761858258929
2024-08-29,121.36000061035156,124.43000030517578,116.70999908447266,117.58999633789062,453023300,-0.06384845341526102,125.6528560093471,117.01476142519996
2024-08-30,119.52999877929688,121.75,117.22000122070312,119.37000274658205,333751600,0.015137396582415308,124.34857068743024,117.49857112339565
2024-09-03,116.01000213623048,116.20999908447266,107.29000091552734,108.0,477155100,-0.09525008364723031,122.0999995640346,117.53333318801154
2024-09-04,105.41000366210938,113.2699966430664,104.12000274658205,106.20999908447266,372470300,-0.016574082551179092,118.7914287022182,117.80761900402251
2024-09-05,104.98999786376952,109.6500015258789,104.76000213623048,107.20999908447266,306850700,0.009415309374070091,116.0414287022182,117.94857134137835
2024-09-06,108.04000091552734,108.1500015258789,100.9499969482422,102.83000183105467,413638100,-0.04085437264081038,112.4028570992606,118.13523792085194
2024-09-09,104.87999725341795,106.5500030517578,103.69000244140624,106.47000122070312,273912000,0.03539822352263311,109.66857147216797,118.2066664922805
2024-09-10,107.80999755859376,109.4000015258789,104.9499969482422,108.0999984741211,268283700,0.015309450875642616,108.31285749162946,118.36619022914341
2024-09-11,109.38999938964844,117.19000244140624,107.41999816894533,116.91000366210938,441422400,0.08149866153881002,107.96142905099052,118.74190484909784
2024-09-12,116.83999633789062,120.79000091552734,115.37999725341795,119.13999938964844,366052700,0.019074464611122055,109.55285753522601,118.88476199195499
2024-09-13,119.08000183105467,119.95999908447266,117.5999984741211,119.0999984741211,238358300,-0.0003357471523608435,111.39428601946149,118.93333326067243
2024-09-16,116.79000091552734,118.18000030517578,114.36000061035156,116.77999877929688,248772300,-0.019479426738433836,112.76142883300781,118.64380936395554
2024-09-17,118.16999816894533,118.8000030517578,114.83000183105467,115.58999633789062,231925900,-0.010190122057247453,114.58428519112724,118.21571386428107
2024-09-18,115.88999938964844,117.6999969482422,113.22000122070312,113.37000274658205,310318900,-0.019205758816871477,115.56999969482422,117.42380923316593
2024-09-19,117.3499984741211,119.66000366210938,117.25,117.87000274658205,293506400,0.03969303952526948,116.96571459089007,116.97714269728888
2024-09-20,117.05999755859376,118.62000274658205,115.38999938964844,116.0,382462400,-0.015864958878490154,116.83571406773159,116.38190460205078
2024-09-23,116.5500030517578,116.98999786376952,114.86000061035156,116.26000213623048,206228500,0.0022413977261248608,116.42428588867188,116.02571432931083
2024-09-24,116.5199966430664,121.8000030517578,115.37999725341795,120.87000274658205,354966800,0.03965250753177929,116.67714364188058,115.62095278785343
2024-09-25,122.0199966430664,124.94000244140624,121.61000061035156,123.51000213623048,284692900,0.021841642505655345,117.63857269287111,115.48047674269904
2024-09-26,126.8000030517578,127.66999816894533,121.8000030517578,124.04000091552734,302582900,0.004291140556473172,118.84571620396207,115.27761949811664
2024-09-27,123.97000122070312,124.02999877929688,119.26000213623048,121.4000015258789,271009200,-0.02128345187167735,119.99285888671876,115.07714335123698
2024-09-30,118.30999755859376,121.5,118.1500015258789,121.44000244140624,226553700,0.0003294968288678479,120.50285884312221,115.26047697521392
2024-10-01,121.7699966430664,122.44000244140624,115.79000091552734,117.0,302094500,-0.03656128419091975,120.64571598597935,115.14761970156715
2024-10-02,116.44000244140624,119.37999725341795,115.13999938964844,118.8499984741211,221845900,0.015811952770265814,121.01571546282086,115.66428629557292
2024-10-03,120.91999816894533,124.36000061035156,120.33999633789062,122.8499984741211,277118000,0.03365586917420926,121.29857199532645,116.4566672188895
2024-10-04,124.94000244140624,125.04000091552734,121.83000183105467,124.91999816894533,243678100,0.01684981457496959,121.5,117.3000005086263
2024-10-07,124.98999786376952,130.63999938964844,124.9499969482422,127.72000122070312,346250200,0.022414369939159018,122.02571432931083,118.48523857480004
2024-10-08,130.25999450683594,133.47999572753906,129.4199981689453,132.88999938964844,285722500,0.04047915846799466,123.66714259556362,119.7433337257022
2024-10-09,134.11000061035156,134.52000427246094,131.3800048828125,132.64999389648438,246191600,-0.0018060463109819125,125.26856994628906,120.91238112676712
2024-10-10,131.91000366210938,135.0,131.0,134.80999755859375,242311300,0.016283481051608373,127.81285531180245,121.76476178850446
2024-10-11,134.00999450683594,135.77999877929688,133.66000366210938,134.8000030517578,170209500,-7.41377272972521e-05,130.09142739432198,122.51047624860492
2024-10-14,136.47000122070312,139.60000610351562,136.3000030517578,138.07000732421875,232347700,0.02425819138301799,132.26571437290735,123.41381000337147
2024-10-15,137.8699951171875,138.57000732421875,128.74000549316406,131.60000610351562,377831000,-0.04686029461496399,133.22000122070312,124.11952463785808
2024-10-16,133.97999572753906,136.6199951171875,131.5800018310547,135.72000122070312,264879700,0.031306952326026094,134.36285836356026,125.07809629894439
2024-10-17,139.33999633789062,140.88999938964844,136.8699951171875,136.92999267578125,306435900,0.008915351047709352,134.94000026157923,126.2000005812872
2024-10-18,138.6699981689453,138.89999389648438,137.27999877929688,138.0,176090200,0.007814265547740673,135.70428684779577,127.15857187906902
2024-10-21,138.1300048828125,143.7100067138672,138.0,143.7100067138672,264554500,0.041376860245414315,136.97571672712053,128.47809600830078
2024-10-22,142.91000366210938,144.4199981689453,141.77999877929688,143.58999633789062,226311600,-0.0008350871224681589,138.23143005371094,129.77952430361793
2024-10-23,142.02999877929688,142.42999267578125,137.4600067138672,139.55999755859375,285930000,-0.028066013525159694,138.4442858014788,130.66952405657088
2024-10-24,140.82000732421875,141.35000610351562,138.4600067138672,140.41000366210938,172354900,0.006090614204537825,139.7028568812779,131.47428603399368
2024-10-25,140.92999267578125,144.1300048828125,140.8000030517578,141.5399932861328,205122100,0.008047785731440493,140.53428431919642,132.3076190040225
2024-10-28,143.0,143.13999938964844,140.0500030517578,140.52000427246094,173586700,-0.007206366130100728,141.0471431187221,133.21809532528832
2024-10-29,140.2899932861328,142.25999450683594,138.89999389648438,141.25,157593600,0.005194959474407845,141.5114288330078,134.1614285423642
2024-10-30,139.5399932861328,140.3300018310547,136.80999755859375,139.33999633789062,179418100,-0.013522149820243357,140.88714163643974,135.22523789178757
2024-10-31,137.60000610351562,137.61000061035156,132.11000061035156,132.75999450683594,270039600,-0.047222635309237426,139.33999851771765,135.88761865525018
2024-11-01,134.6999969482422,137.30999755859375,134.57000732421875,135.39999389648438,207127800,0.019885503908427138,138.74571228027344,136.48523748488654
2024-11-04,137.2100067138672,138.9600067138672,135.57000732421875,136.0500030517578,187528200,0.004800658674847469,138.12285505022322,137.01523771740142
2024-11-05,137.4499969482422,140.3699951171875,137.3300018310547,139.91000366210938,160537400,0.02837192593728277,137.88999938964844,137.59571402413505
2024-11-06,142.9600067138672,146.49000549316406,141.9600067138672,145.61000061035156,242043900,0.040740453141635324,138.6171417236328,138.20142836797805
2024-11-07,146.38999938964844,148.92999267578125,146.1699981689453,148.8800048828125,207323300,0.02245727806300457,139.70714242117745,138.97428603399368
2024-11-08,148.77000427246094,149.77000427246094,146.25999450683594,147.6300048828125,175665800,-0.008396023367838512,140.8914293561663,139.5847625732422
2024-11-11,148.67999267578125,148.85000610351562,143.57000732421875,145.25999450683594,182325600,-0.016053717385282607,142.67714364188058,140.0828574044364
2024-11-12,146.77999877929688,149.64999389648438,146.00999450683594,148.2899932861328,198634700,0.020859141497174383,144.51857212611608,140.56952340262276
2024-11-13,149.07000732421875,149.3300018310547,145.89999389648438,146.27000427246094,191903300,-0.013621883506152788,145.97857230050224,141.2680947440011
2024-11-14,147.63999938964844,149.0,145.5500030517578,146.75999450683594,194463300,0.003349902372753677,146.95714242117745,141.79380871000745
2024-11-15,144.8699951171875,145.24000549316406,140.0800018310547,141.97999572753906,250132900,-0.032570175512470656,146.4385702950614,142.03428504580543
2024-11-18,139.5,141.5500030517578,137.14999389648438,140.14999389648438,221205300,-0.012889152599824594,145.19142586844308,142.1366657075428
2024-11-19,141.32000732421875,147.1300048828125,140.99000549316406,147.00999450683594,227834900,0.04894756267644507,145.10285295758928,142.29380798339844
2024-11-20,147.41000366210938,147.55999755859375,142.72999572753906,145.88999938964844,309871700,-0.007618496422264864,145.19285365513392,142.40333193824404
2024-11-21,149.35000610351562,152.88999938964844,140.6999969482422,146.6699981689453,400946600,0.0053464855888691876,144.96142578125,142.74190339587983
2024-11-22,145.92999267578125,147.16000366210938,141.10000610351562,141.9499969482422,236406200,-0.032181095518023284,144.34428187779017,142.81523640950522
2024-11-25,141.99000549316406,142.0500030517578,135.82000732421875,136.02000427246094,344941900,-0.04177522228438968,142.80999755859375,142.55237978980654
2024-11-26,137.6999969482422,139.3000030517578,135.6699981689453,136.9199981689453,190287700,0.006616628938502345,142.08714076450892,142.38095092773438
2024-11-27,135.00999450683594,137.22000122070312,131.8000030517578,135.33999633789062,226370900,-0.011539598686709951,141.3999982561384,142.09952218191964
2024-11-29,136.77999877929688,139.35000610351562,136.0500030517578,138.25,141863200,0.021501431512117364,140.14857046944755,142.04761759440103
2024-12-02,138.8300018310547,140.4499969482422,137.82000732421875,138.6300048828125,171682800,0.0027486790800181904,139.1114283970424,142.32714189801897
2024-12-03,138.25999450683594,140.5399932861328,137.9499969482422,140.25999450683594,164414000,0.011757841496155885,138.19571358816964,142.5585704985119
2024-12-04,142.0,145.7899932861328,140.2899932861328,145.13999938964844,231224300,0.03479256433718647,138.65142822265625,142.99142746698288
2024-12-05,145.11000061035156,146.5399932861328,143.9499969482422,145.05999755859375,172621200,-0.0005512045706980162,139.94285583496094,143.23666527157738
2024-12-06,144.60000610351562,145.6999969482422,141.30999755859375,142.44000244140625,188505600,-0.018061458439837752,140.73142787388392,143.08571297781808
2024-12-09,138.97000122070312,139.9499969482422,137.1300048828125,138.80999755859375,189308600,-0.02548444833329544,141.22714233398438,142.60618881952195
2024-12-10,139.00999450683594,141.82000732421875,133.7899932861328,135.07000732421875,210020900,-0.026943233917976928,140.77285766601562,142.00809369768416
2024-12-11,137.36000061035156,140.1699981689453,135.2100067138672,139.30999755859375,184905200,0.03139105652224794,140.8699994768415,141.72476050967262
2024-12-12,137.0800018310547,138.44000244140625,135.8000030517578,137.33999633789062,159211400,-0.014141133122011151,140.4528568812779,141.20333208356584
2024-12-13,138.94000244140625,139.60000610351562,132.5399932861328,134.25,231514900,-0.02249888175538073,138.8971426827567,140.63095092773438
2024-12-16,134.17999267578125,134.39999389648438,130.4199981689453,132.0,237951100,-0.016759776536312887,137.03142874581474,139.92809404645647
2024-12-17,129.08999633789062,131.58999633789062,126.86000061035156,130.38999938964844,259410300,-0.01219697432084521,135.30999973842077,139.37618945893786
2024-12-18,133.86000061035156,136.6999969482422,128.27999877929688,128.91000366210938,277444500,-0.011350530979882478,133.89571489606584,138.84095182872954
2024-12-19,131.75999450683594,134.02999877929688,129.5500030517578,130.67999267578125,209719200,0.013730424043049805,133.26856994628906,138.0633326939174
2024-12-20,129.80999755859375,135.27999877929688,128.22000122070312,134.6999969482422,306528600,0.030762201544000778,132.60999843052454,137.53047543480284
2024-12-23,136.27999877929688,139.7899932861328,135.1199951171875,139.6699981689453,176053500,0.03689681761917796,132.94285583496094,137.1971421014695
2024-12-24,140.0,141.89999389648438,138.64999389648438,140.22000122070312,105157000,0.003937875413247527,133.79571315220423,137.11476135253906
2024-12-26,139.6999969482422,140.85000610351562,137.72999572753906,139.92999267578125,116205600,-0.0020682394979116836,134.92856924874442,137.3009512765067
2024-12-27,138.5500030517578,139.02000427246094,134.7100067138672,137.00999450683594,170582600,-0.02086756465221129,135.87428283691406,137.30523681640625
2024-12-30,134.8300018310547,140.27000427246094,134.02000427246094,137.49000549316406,167734700,0.0035034742396415908,137.0999973842076,137.4076182047526
2024-12-31,138.02999877929688,138.07000732421875,133.8300018310547,134.2899932861328,155659200,-0.0232745078127905,137.61571175711495,137.21904645647322
2025-01-02,136.0,138.8800048828125,134.6300048828125,138.30999755859375,198247200,0.029935248145373627,138.13142613002233,137.2038080124628
2025-01-03,140.00999450683594,144.89999389648438,139.72999572753906,144.47000122070312,229322500,0.04453766011744564,138.81714085170202,137.40428452264695
2025-01-06,148.58999633789062,152.16000366210938,147.82000732421875,149.42999267578125,265377400,0.03433232791007512,140.13285391671317,137.6085699172247
2025-01-07,153.02999877929688,153.1300048828125,140.00999450683594,140.13999938964844,351782200,-0.06216953584605567,140.16285487583704,137.37428429013207
2025-01-08,142.5800018310547,143.9499969482422,137.55999755859375,140.11000061035156,227349900,-0.0002140629329779875,140.605712890625,137.2633318219866
2025-01-10,137.4499969482422,139.9199981689453,134.22000122070312,135.91000366210938,207602500,-0.029976425165555876,140.37999834333147,137.12523687453498
2025-01-13,129.99000549316406,133.49000549316406,129.50999450683594,133.22999572753906,204808900,-0.019718989495675188,140.22857012067522,137.03761727469308
2025-01-14,136.0500030517578,136.3800048828125,130.0500030517578,131.75999450683594,195590500,-0.011033560518228458,139.29285539899553,136.67809331984748
2025-01-15,133.64999389648438,136.4499969482422,131.2899932861328,136.24000549316406,185217300,0.034001299127981444,138.1171417236328,136.62571280343192
2025-01-16,138.63999938964844,138.75,133.49000549316406,133.57000732421875,209235600,-0.019597754413473556,135.85142953055245,136.5933321998233
2025-01-17,136.69000244140625,138.5,135.4600067138672,137.7100067138672,201188800,0.030994977634457133,135.50428771972656,136.865237281436
2025-01-21,139.16000366210938,141.8300018310547,137.08999633789062,140.8300018310547,197749000,0.02265627016975036,135.60714503696985,137.3623802548363
2025-01-22,144.66000366210938,147.7899932861328,143.6699981689453,147.07000732421875,237651400,0.044308779464831805,137.20143127441406,138.22714233398438
2025-01-23,145.0500030517578,147.22999572753906,143.72000122070312,147.22000122070312,155915500,0.0010198809343477944,139.20000348772322,139.01476178850447
2025-01-24,148.3699951171875,148.97000122070312,141.8800048828125,142.6199951171875,234657600,-0.031245795852287594,140.75143214634485,139.39190455845423
2025-01-27,124.8000030517578,128.39999389648438,116.6999969482422,118.41999816894533,818830900,-0.16968165598629847,138.2057168143136,138.37999979654947
2025-01-28,121.80999755859376,129.0,116.25,128.99000549316406,579666400,0.08925863441695814,137.55143083844865,137.8452380952381
2025-01-29,126.5,126.88999938964844,120.0500030517578,123.6999969482422,467120600,-0.04101099557827537,135.5500008719308,137.07238115583147
2025-01-30,123.0999984741211,125.0,118.0999984741211,124.6500015258789,392925500,0.007679907850233869,133.23857225690568,136.48381006150018
2025-01-31,123.77999877929688,127.8499984741211,119.19000244140624,120.06999969482422,388161100,-0.03674289430396693,129.38142830984933,135.65428597586495
2025-02-03,114.75,118.56999969482422,113.01000213623048,116.66000366210938,371235700,-0.028400066972448235,125.01571437290737,134.81476266043526
2025-02-04,116.95999908447266,121.1999969482422,116.6999969482422,118.6500015258789,256550000,0.01705809875965114,121.59142957414899,133.87857237316314
2025-02-05,121.76000213623048,125.0,120.76000213623048,124.83000183105467,262230800,0.052085969032438895,122.50714438302177,132.94333430698939
2025-02-06,127.41999816894533,128.77000427246094,125.20999908447266,128.67999267578125,251483600,0.030841871250928632,122.46285683768136,131.95523906889417
2025-02-07,129.22000122070312,130.3699951171875,125.0,129.83999633789062,228186300,0.009014638857122836,123.33999960763114,131.46476273309617
2025-02-10,130.08999633789062,135.0,129.9600067138672,133.57000732421875,216989100,0.0287277502428549,124.61428615025112,131.15333448137557
2025-02-11,132.5800018310547,134.47999572753906,131.02000427246094,132.8000030517578,178902400,-0.005764799208192617,126.43285805838448,131.00523921421595
2025-02-12,130.02000427246094,132.24000549316406,129.0800018310547,131.13999938964844,160278600,-0.012500027288872895,128.50142887660436,130.9057155790783
2025-02-13,131.55999755859375,136.5,131.1699981689453,135.2899932861328,197430000,0.031645523225554806,130.87857055664062,131.07381075904482
2025-02-14,136.47999572753906,139.25,135.5,138.85000610351562,195479600,0.026313940380302325,132.88142830984933,131.1980965023949
2025-02-18,141.27000427246094,143.44000244140625,137.92999267578125,139.39999389648438,219176600,0.003961021021192668,134.41285705566406,131.47571491059801
2025-02-19,139.50999450683594,141.36000061035156,137.22000122070312,139.22999572753906,167536000,-0.0012194991132606914,135.75428553989954,131.5480953398205
2025-02-20,140.02999877929688,140.66000366210938,136.7899932861328,140.11000061035156,143903600,0.006320512172783399,136.6885702950614,131.51380956740607
2025-02-21,140.0399932861328,141.4600067138672,134.02999877929688,134.42999267578125,228217600,-0.04053963250179782,136.92142595563615,130.91190410795667
2025-02-24,136.55999755859375,138.58999633789062,130.0800018310547,130.27999877929688,251381100,-0.030871041602251292,136.79856872558594,130.10523732503256
2025-02-25,129.97999572753906,130.1999969482422,124.44000244140624,126.62999725341795,271428700,-0.028016591649361877,135.5614264351981,129.34380885532923
2025-02-26,129.99000549316406,133.72999572753906,128.49000549316406,131.27999877929688,322553800,0.03672116897051736,134.47999681745256,129.95618983677454
2025-02-27,135.0,135.00999450683594,120.01000213623048,120.1500015258789,443175800,-0.08478060143898469,131.72999790736608,129.53523726690383
2025-02-28,118.0199966430664,125.08999633789062,116.4000015258789,124.91999816894533,389091100,0.039700346088127336,129.6857125418527,129.5933325631278
2025-03-03,123.51000213623048,123.6999969482422,112.27999877929688,114.05999755859376,411381400,-0.08693564496906403,125.9642835344587,129.08904665992372
2025-03-04,110.6500015258789,119.30999755859376,110.11000061035156,115.98999786376952,398163300,0.016920921852416226,123.32999856131417,128.89476085844495
2025-03-05,117.58000183105467,118.27999877929688,114.51000213623048,117.3000030517578,284337900,0.01129412201151081,121.47571345738002,128.92523701985678
2025-03-06,113.52999877929688,115.3499984741211,110.22000122070312,110.56999969482422,321181900,-0.05737428117511656,119.18142809186664,128.54047502790178
2025-03-07,111.25,113.4800033569336,107.55999755859376,112.69000244140624,341755500,0.019173399226130705,116.52571432931083,127.96237981887091
2025-03-10,109.9000015258789,111.8499984741211,105.45999908447266,106.9800033569336,366487400,-0.05066997036797105,114.64428601946149,126.92904699416388
2025-03-11,106.98999786376952,112.23999786376952,104.7699966430664,108.76000213623048,354865700,0.016638612109199702,112.33571515764508,125.92523774646577
2025-03-12,114.12000274658205,116.76000213623048,112.87999725341795,115.73999786376952,323857500,0.06417796607613191,112.57571520124161,125.07618967692058
2025-03-13,117.02999877929688,117.76000213623048,113.79000091552734,115.58000183105467,299033100,-0.0013823745953681632,112.5171443394252,124.25618961879185
2025-03-14,118.61000061035156,121.87999725341795,118.1500015258789,121.66999816894533,277593500,0.052690744431658,113.1414293561663,123.80523717971076
2025-03-17,122.73999786376952,122.88999938964844,118.02999877929688,119.52999877929688,255501500,-0.01758855446580143,114.42142922537667,123.0547612508138
2025-03-18,118.0,119.0199966430664,114.54000091552734,115.43000030517578,299686900,-0.03430099988281132,114.81285749162946,121.93952287946429
2025-03-19,117.2699966430664,120.4499969482422,115.68000030517578,117.5199966430664,273426200,0.018106179783115905,116.31857081821987,120.89761824834915
2025-03-20,116.5500030517578,120.1999969482422,116.47000122070312,118.52999877929688,248829700,0.008594300247455555,117.71428462437221,119.91190410795666
2025-03-21,116.94000244140624,117.98999786376952,115.41999816894533,117.6999969482422,266498500,-0.007002462158125389,117.99428449358258,118.84476107642764
2025-03-24,119.87999725341795,122.22000122070312,119.33999633789062,121.41000366210938,228452500,0.03152087349244903,118.82714189801898,118.22476159958612
2025-03-25,120.5500030517578,121.29000091552734,118.91999816894533,120.69000244140624,167447200,-0.005930328630142756,118.68714250837054,117.76809510730561
2025-03-26,118.7300033569336,118.83999633789062,112.70999908447266,113.76000213623048,293463300,-0.05741983731038702,117.86285727364677,117.15523819696335
2025-03-27,111.3499984741211,114.4499969482422,110.66000366210938,111.43000030517578,236902100,-0.020481731604263365,117.2914287022182,116.21000017438617
2025-03-28,111.48999786376952,112.87000274658205,109.06999969482422,109.66999816894533,229872500,-0.015794688426907455,116.17000034877233,115.71095239548455
2025-03-31,105.12999725341795,110.95999908447266,103.6500015258789,108.37999725341795,299212700,-0.011762568952906727,114.72000013078961,114.92333330426898
2025-04-01,108.5199966430664,110.1999969482422,106.47000122070312,110.1500015258789,222614000,0.016331466297440977,113.6414293561663,114.73714301699684
2025-04-02,107.29000091552734,111.9800033569336,106.79000091552734,110.41999816894533,220601200,0.002451172395154133,112.07142857142858,114.47190493629093
2025-04-03,103.51000213623048,105.62999725341795,101.5999984741211,101.8000030517578,338769400,-0.07806552490608376,109.37285723005023,113.73380969819569
2025-04-04,98.91000366210938,100.12999725341795,92.11000061035156,94.30999755859376,532273800,-0.07357569026158006,106.59428514753071,112.95952388218471
2025-04-07,87.45999908447266,101.75,86.62000274658203,97.63999938964844,611041300,0.0353091073826588,104.62428501674107,112.24285707019624
2025-04-08,103.80999755859376,105.8499984741211,94.45999908447266,96.3000030517578,476243400,-0.013723846233787529,102.71428571428571,111.73428562709263
2025-04-09,98.88999938964844,115.0999984741211,97.52999877929688,114.33000183105467,612918300,0.18722739572091607,103.5642863682338,111.99952370779855
2025-04-10,109.37000274658205,110.86000061035156,99.1500015258789,107.56999969482422,437812400,-0.05912710599112647,103.19571467808315,111.61047617594402
2025-04-11,108.5,111.5500030517578,107.4800033569336,110.93000030517578,313417300,0.031235480337304722,103.26857212611606,111.38904753185454
2025-04-14,114.11000061035156,114.29000091552734,109.06999969482422,110.70999908447266,264705000,-0.0019832436680599086,104.5414287022182,110.86714281354632
2025-04-15,110.97000122070312,113.62000274658205,110.5,112.1999969482422,228966900,0.013458566309197284,107.0971429007394,110.51809510730561
2025-04-16,104.5500030517578,106.79000091552734,100.4499969482422,104.48999786376952,397016900,-0.06871657124936736,108.07571411132811,109.99714261009579
2025-04-17,104.4499969482422,104.47000122070312,100.0500030517578,101.48999786376952,292517500,-0.02871088201103511,108.81714194161552,109.23380933489118
2025-04-21,98.7699966430664,99.44000244140624,95.04000091552734,96.91000366210938,288501100,-0.04512754259595009,106.32857077462333,108.20428575788226
2025-04-22,98.77999877929688,99.80999755859376,97.27999877929688,98.88999938964844,241004800,0.020431283177354986,105.08857073102679,107.30857158842541
2025-04-23,104.5199966430664,104.8000030517578,102.0199966430664,102.70999908447266,247526000,0.0386287766043214,103.91428484235492,106.41809517996651
2025-04-24,103.4800033569336,106.54000091552734,103.11000061035156,106.43000030517578,220815000,0.036218491421109444,103.3028564453125,105.73904745919364
2025-04-25,106.8499984741211,111.91999816894533,105.7300033569336,111.01000213623048,251064700,0.04303299650401282,103.13285718645368,105.60809507824126
2025-04-28,109.69000244140624,110.37000274658205,106.0199966430664,108.7300033569336,207708500,-0.02053867881651683,103.7385722569057,105.47952379499164
2025-04-29,107.66999816894533,110.1999969482422,107.44000244140624,109.0199966430664,170444300,0.0026670953479219772,104.81428636823382,105.44857134137835
2025-04-30,104.47000122070312,108.91999816894533,104.08000183105467,108.91999816894533,235044600,-0.000917248919466318,106.52999986921039,105.47428567068917
2025-05-01,113.08000183105467,114.94000244140624,111.3000030517578,111.61000061035156,236121500,0.024697048169554536,108.3471429007394,105.54380943661644
2025-05-02,114.18000030517578,115.4000015258789,113.37000274658205,114.5,190194800,0.02589373151011709,110.03142874581474,105.73809523809524
2025-05-05,112.91000366210938,114.66999816894533,112.66000366210938,113.81999969482422,133163200,-0.005938867294111638,111.08714294433594,106.31047603062221
2025-05-06,111.4800033569336,114.73999786376952,110.81999969482422,113.54000091552734,158525600,-0.00246001388198569,111.44857134137835,107.22619047619048
2025-05-07,113.0500030517578,117.68000030517578,112.27999877929688,117.05999755859376,206758800,0.0310022601257971,112.6385705130441,108.1509522937593
2025-05-08,118.25,118.68000030517578,115.8499984741211,117.37000274658205,198428100,0.002648258965092687,113.83142852783205,109.15428561256046
2025-05-09,117.3499984741211,118.2300033569336,115.20999908447266,116.6500015258789,132972200,-0.006134456878711392,114.93571472167969,109.26476178850446
2025-05-12,121.97000122070312,123.0,120.27999877929688,123.0,225023300,0.05443633425681815,116.56285749162946,109.99952370779855
2025-05-13,124.9800033569336,131.22000122070312,124.47000122070312,129.92999267578125,330430100,0.05634140386814024,118.76714215959821,110.90428524925595
2025-05-14,133.1999969482422,135.44000244140625,131.67999267578125,135.33999633789062,281180800,0.041637835504302334,121.84142739432198,112.07714226132347
2025-05-15,134.2899932861328,136.3000030517578,132.66000366210938,134.8300018310547,226632600,-0.0037682467905694184,124.88285609654018,113.1547615414574
2025-05-16,136.22000122070312,136.35000610351562,133.4600067138672,135.39999389648438,226542500,0.004227486892300902,127.5028555733817,114.62666611444382
2025-05-19,132.38999938964844,135.8699951171875,132.38999938964844,135.57000732421875,193154600,0.001255638370739831,130.1028562273298,116.24952370779855
2025-05-20,134.2899932861328,134.5800018310547,132.6199951171875,134.3800048828125,161514200,-0.008777770724466616,132.6357138497489,118.03380948021298
2025-05-21,133.05999755859375,137.39999389648438,130.58999633789062,131.8000030517578,270608700,-0.01919929853630087,133.89285714285714,119.60095251174201
2025-05-22,132.22999572753906,134.25,131.5500030517578,132.8300018310547,187344000,0.007814861573959053,134.30714416503906,121.03523835681733
2025-05-23,130.0,132.67999267578125,129.16000366210938,131.2899932861328,198821300,-0.011593830638356839,133.72857230050224,122.21904754638672
2025-05-27,134.14999389648438,135.66000366210938,133.30999755859375,135.5,192953600,0.032066470631100685,133.82428632463728,123.38523792085194
2025-05-28,136.02999877929688,137.25,134.7899932861328,134.80999755859375,304021100,-0.005092268940267486,133.74000113351005,124.62714240664528
2025-05-29,142.25,143.49000549316406,137.91000366210938,139.19000244140625,369241900,0.0324902081606282,134.25714329310827,126.06380934942337
2025-05-30,138.72000122070312,139.6199951171875,132.9199981689453,135.1300048828125,333170900,-0.0291687440719951,134.3642861502511,127.31190490722656
2025-06-02,135.49000549316406,138.1199951171875,135.39999389648438,137.3800048828125,197663100,0.01665063212238649,135.16142926897322,128.53904796781995
2025-06-03,138.77999877929688,142.0,137.9499969482422,141.22000122070312,225578800,0.027951639259047978,136.36000061035156,129.81142897832962
2025-06-04,142.19000244140625,142.38999938964844,139.5399932861328,141.9199981689453,167120800,0.004956783332328518,137.87857273646765,131.14952414376395
2025-06-05,142.1699981689453,144.0,138.8300018310547,139.99000549316406,231397900,-0.01359915939037526,138.52000209263392,132.40904817127046
2025-06-06,142.50999450683594,143.27000427246094,141.50999450683594,141.72000122070312,153986200,0.012357994568573227,139.50714547293526,133.58333405994233
2025-06-09,143.19000244140625,145.0,141.94000244140625,142.6300048828125,185114500,0.006421137837080648,139.99857439313615,134.78619130452475
2025-06-10,142.69000244140625,144.2899932861328,141.52999877929688,143.9600067138672,155881900,0.009324838992661011,141.26000322614397,136.08666774204798
2025-06-11,144.61000061035156,144.99000549316406,141.8699951171875,142.8300018310547,167694000,-0.007849436163604007,142.03857421875,137.03095354352678
2025-06-12,141.97000122070312,145.0,141.85000610351562,145.0,162365000,0.01519287363387467,142.57857404436385,137.74857293991815
2025-06-13,142.47999572753906,143.5800018310547,140.85000610351562,141.97000122070312,180820600,-0.02089654330549573,142.5857173374721,138.06428745814733
2025-06-16,143.35000610351562,146.17999267578125,143.1999969482422,144.69000244140625,183133700,0.019158985682296903,143.25714547293526,138.53381129673548
2025-06-17,144.49000549316406,145.22000122070312,143.77999877929688,144.1199951171875,139108000,-0.003939507323248437,143.6000017438616,138.9490494501023
2025-06-18,144.00999450683594,145.64999389648438,143.1199951171875,145.47999572753906,161494100,0.009436585181991752,144.00714329310827,139.42095365978423
2025-06-20,145.4499969482422,146.1999969482422,142.64999389648438,143.85000610351562,242956200,-0.011204218256069765,143.9914289202009,139.87190609886534
2025-06-23,142.5,144.77999877929688,142.02999877929688,144.1699981689453,154308900,0.0022244841977929752,144.182856968471,140.46095348539808
2025-06-24,145.55999755859375,147.9600067138672,145.5,147.89999389648438,187566100,0.02587220486170838,144.5971418108259,141.17857215518043
2025-06-25,149.27000427246094,154.4499969482422,149.25999450683594,154.30999755859375,269146500,0.04334012120781927,146.35999843052454,142.27476283482142
2025-06-26,155.97999572753906,156.72000122070312,154.0,155.02000427246094,198145700,0.00460117118203951,147.83571297781808,143.20428684779577
2025-06-27,156.0399932861328,158.7100067138672,155.25999450683594,157.75,263234500,0.01761060284026872,149.78285653250558,144.29666791643416
2025-06-30,158.39999389648438,158.66000366210938,155.9600067138672,157.99000549316406,194580300,0.0015214294336867162,151.57000078473772,145.19190615699404
2025-07-01,156.2899932861328,157.1999969482422,151.49000549316406,153.3000030517578,213143600,-0.029685437548827576,152.92000034877233,146.05714416503906
2025-07-02,152.97999572753906,157.60000610351562,152.97000122070312,157.25,171224100,0.025766450551919284,154.78857203892298,147.00333440871466
2025-07-03,158.3699951171875,160.97999572753906,157.77000427246094,159.33999633789062,143716100,0.013290914708366408,156.42285810198103,147.86619131905692
2025-07-07,158.1999969482422,159.30999755859375,157.33999633789062,158.24000549316406,140139000,-0.006903419543163314,156.98428780691964,148.6433345249721
2025-07-08,159.3300018310547,160.22000122070312,158.38999938964844,160.0,138133000,0.011122310703610028,157.69571576799666,149.59619140625
2025-07-09,161.22000122070312,164.4199981689453,161.16000366210938,162.8800048828125,183656400,0.018000030517578036,158.42857360839844,150.60381062825522
2025-07-10,164.32000732421875,164.5,161.61000061035156,164.10000610351562,167704100,0.007490184087241891,159.30143083844865,151.62619163876488
2025-07-11,163.72000122070312,167.88999938964844,163.47000122070312,164.9199981689453,193633300,0.004996904539494196,160.961430140904,152.6242864699591
2025-07-14,165.3699951171875,165.49000549316406,162.02000427246094,164.07000732421875,136975800,-0.005153958611228138,161.9357169015067,153.6357153029669
2025-07-15,171.19000244140625,172.39999389648438,169.1999969482422,170.6999969482422,230627400,0.04040951623121414,163.55857413155692,154.85952468145462
2025-07-16,171.05999755859375,171.75,168.89999389648438,171.3699951171875,158831500,0.003925003989006859,165.43428693498885,156.259524390811
2025-07-17,172.02000427246094,174.16000366210938,170.8300018310547,173.0,160841100,0.009511611888054494,167.2914297921317,157.6076195126488
2025-07-18,173.63999938964844,174.25,171.25999450683594,172.41000366210938,146456400,-0.003410383456015187,168.6528581891741,158.95476277669272
2025-07-21,172.75,173.3800048828125,171.0,171.3800048828125,123126100,-0.005974124223762978,169.69285801478796,160.18809654599144
2025-07-22,171.33999633789062,171.38999938964844,164.5800018310547,167.02999877929688,193114300,-0.025382226511722283,169.9942866734096,161.29190572102866
2025-07-23,169.52999877929688,171.25999450683594,167.97000122070312,170.77999877929688,154082200,0.022451056860480545,170.9528568812779,162.55904860723587
2025-07-24,172.44000244140625,173.8300018310547,171.3000030517578,173.74000549316406,128984600,0.01733227974601692,171.38714381626673,163.7895253499349
2025-07-25,173.61000061035156,174.72000122070312,172.9600067138672,173.5,122316800,-0.001381406041071509,171.6914302280971,164.70333499000185
2025-07-28,174.02000427246094,177.0,173.97000122070312,176.75,140023500,0.018731988472622474,172.2271445138114,165.73809669131325
2025-07-29,177.9600067138672,179.3800048828125,175.02000427246094,175.50999450683594,154077500,-0.007015589777448761,172.67000034877233,166.5838107154483
2025-07-30,176.50999450683594,179.88999938964844,176.0399932861328,179.27000427246094,174312200,0.021423337036675427,173.7971431187221,167.5971439906529
2025-07-31,182.8999938964844,183.3000030517578,175.92999267578125,177.8699951171875,221685400,-0.007809500317440987,175.34571402413505,168.76714361281623
2025-08-01,174.08999633789062,176.5399932861328,170.88999938964844,173.72000122070312,204529000,-0.023331613034284993,175.76571437290735,169.55142938523065
2025-08-04,175.16000366210938,180.1999969482422,174.52000427246094,180.0,148174600,0.036150119359707134,176.65999930245536,170.53523908342635
2025-08-05,179.6199951171875,180.25999450683597,175.89999389648438,178.25999450683594,156407600,-0.009666697184244843,177.33999851771765,171.4885718936012
2025-08-06,176.3300018310547,179.89999389648438,176.25,179.4199981689453,137192300,0.006507369560503795,177.72142682756697,172.41333371117003
2025-08-07,181.57000732421875,183.8800048828125,178.8000030517578,180.7700042724609,151878400,0.0075242788835858665,178.47285679408483,173.2652384440104
2025-08-08,181.5500030517578,183.3000030517578,180.3999938964844,182.6999969482422,123396700,0.010676509543432688,178.96285574776786,174.1509522937593
2025-08-11,182.0500030517578,183.83999633789065,180.25,182.05999755859372,138323200,-0.0035030071173443034,179.5614275251116,174.9671427408854
2025-08-12,182.9600067138672,184.47999572753903,179.4600067138672,183.16000366210935,145485700,0.006041997793400977,180.90999930245536,175.87619018554688
2025-08-13,182.6199951171875,183.97000122070312,179.35000610351562,181.58999633789065,179871700,-0.008571780371412374,181.13714163643974,176.39476158505394
2025-08-14,179.75,183.0200042724609,179.4600067138672,182.0200042724609,129554000,0.0023680155473440045,181.67428588867188,176.9019048781622
2025-08-15,181.8800048828125,181.8999938964844,178.0399932861328,180.4499969482422,156602200,-0.00862546581346424,181.82142857142858,177.2566666376023
2025-08-18,180.6000061035156,182.94000244140625,180.58999633789065,182.00999450683597,132008000,0.008645040648247893,181.99857003348214,177.71380905877976
2025-08-19,182.42999267578125,182.5,175.49000549316406,175.63999938964844,185229200,-0.03499805125782962,180.98999895368303,177.91666594005767
2025-08-20,175.1699981689453,176.0,168.8000030517578,175.39999389648438,215142700,-0.0013664626167051441,180.038569859096,178.3152371361142
2025-08-21,174.85000610351562,176.89999389648438,173.80999755859375,174.97999572753906,140040900,-0.002394516439910399,178.86999729701452,178.5152369907924
2025-08-22,172.61000061035156,178.58999633789062,171.1999969482422,177.99000549316406,172789400,0.017202022168933517,178.355712890625,178.71761794317337
2025-08-25,178.35000610351562,181.91000366210935,176.57000732421875,179.80999755859375,163012800,0.010225248661501984,178.03999764578683,179.01809401739212
2025-08-26,180.05999755859375,182.38999938964844,178.80999755859375,181.7700042724609,168688200,0.010900432347920264,178.22857012067522,179.25714183989027
2025-08-27,181.97999572753903,182.4900054931641,179.10000610351562,181.6000061035156,235518900,-0.0009352377452249705,178.17000034877228,179.5471423921131
2025-08-28,180.82000732421875,184.47000122070312,176.41000366210938,180.1699981689453,281787800,-0.007874492767115604,178.81714303152899,179.58999924432663
2025-08-29,178.11000061035156,178.14999389648438,173.14999389648438,174.17999267578125,243257900,-0.033246409247044806,178.6428571428571,179.4142848423549
2025-09-02,170.0,172.3800048828125,167.22000122070312,170.77999877929688,231164900,-0.019520002522982804,178.04285757882252,179.27428472609748
2025-09-03,171.05999755859375,172.41000366210938,168.8800048828125,170.6199951171875,164424900,-0.0009368993046788843,176.989998953683,178.8276178269159
2025-09-04,170.57000732421875,171.86000061035156,169.41000366210938,171.66000366210938,141670100,0.006095466971544283,175.8257141113281,178.5133325485956
2025-09-05,168.02999877929688,169.02999877929688,164.07000732421875,167.02000427246094,224441400,-0.027030171796929903,173.71857125418526,177.92285664876303
2025-09-08,167.5500030517578,170.9600067138672,167.35000610351562,168.30999755859375,163769100,0.007723585517507514,171.81999860491072,177.32952299572173
2025-09-09,169.08999633789062,170.97999572753906,166.74000549316406,170.75999450683594,157548400,0.014556455253879275,170.4757123674665,176.76095145089286
2025-09-10,176.63999938964844,179.2899932861328,175.47000122070312,177.3300018310547,226852000,0.0384750968351415,170.92571367536272,176.5357135591053
2025-09-11,179.67999267578125,180.27999877929688,176.47999572753906,177.1699981689453,151159300,-0.00090229324117308,171.83857073102678,176.25047520228796
2025-09-12,177.77000427246094,178.60000610351562,176.4499969482422,177.82000732421875,124911000,0.003668844397986648,172.86714390345983,176.07095191592262
2025-09-15,175.6699981689453,178.85000610351562,174.50999450683594,177.75,147061600,-0.00039369767931174415,173.73714338030135,175.86761837913878
2025-09-16,177.0,177.5,174.3800048828125,174.8800048828125,140737800,-0.016146245385021074,174.86000061035156,175.60238066173736
2025-09-17,172.63999938964844,173.1999969482422,168.41000366210938,170.2899932861328,211843800,-0.026246634655319623,175.14285714285714,175.0442853655134
2025-09-18,173.97999572753906,177.10000610351562,172.9600067138672,176.24000549316406,191763300,0.03494046885675561,175.92571585518974,175.0728570847284
2025-09-19,175.77000427246094,178.0800018310547,175.17999267578125,176.6699981689453,237182100,0.0024398131092768782,175.83142961774553,175.13333347865515
2025-09-22,175.3000030517578,184.5500030517578,174.7100067138672,183.6100006103516,269637000,0.03928229191902588,176.75142996651786,175.5442860921224
2025-09-23,181.97000122070312,182.4199981689453,176.2100067138672,178.42999267578125,192559600,-0.028212014146021924,176.83857073102678,175.56523786272322
2025-09-24,179.77000427246094,179.77999877929688,175.39999389648438,176.97000122070312,143564100,-0.008182432970958109,176.72714233398438,175.42999994187127
2025-09-25,174.47999572753906,180.25999450683597,173.1300048828125,177.69000244140625,191586700,0.004068493053832389,177.12857055664062,175.23571414039247
2025-09-26,178.1699981689453,179.77000427246094,174.92999267578125,178.19000244140625,148573700,0.0028138893192084513,178.25714329310827,175.07333301362536
2025-09-29,180.42999267578125,184.0,180.32000732421875,181.8500061035156,193063500,0.020539893439379897,179.0585719517299,175.15333339146204
2025-09-30,182.0800018310547,187.3500061035156,181.47999572753903,186.5800018310547,236981000,0.026010423804146532,180.47428676060267,175.74381001790366
2025-10-01,185.2400054931641,188.13999938964844,183.8999938964844,187.2400054931641,173844900,0.003537376222704891,180.99285888671875,176.52761986142113
2025-10-02,189.6000061035156,191.0500030517578,188.05999755859372,188.88999938964844,136805800,0.008812186755381202,182.48714556012834,177.39762006487166
2025-10-03,189.19000244140625,190.3600006103516,185.3800048828125,187.6199951171875,137596900,-0.0067235125023275,184.0085732596261,178.1576196579706
2025-10-06,185.5,187.22999572753903,183.3300018310547,185.5399932861328,157678100,-0.011086248188821868,185.1300005231585,179.0395238967169
2025-10-07,186.22999572753903,189.05999755859372,184.0,185.0399932861328,140088000,-0.002694836790410604,186.1085706438337,179.83619035993303
2025-10-08,186.57000732421875,189.6000061035156,186.5399932861328,189.1100006103516,130168900,0.02199528465138445,187.14571271623885,180.71000017438615
2025-10-09,192.22999572753903,195.3000030517578,191.05999755859372,192.57000732421875,182997200,0.01829626515097038,188.00142778669084,181.4357147216797
2025-10-10,193.50999450683597,195.6199951171875,182.0500030517578,183.16000366210935,268774400,-0.0488653648242654,187.41857038225447,181.72095307849702
2025-10-13,187.97000122070312,190.1100006103516,185.9600067138672,188.32000732421875,153482800,0.028172109406748413,187.33714294433594,182.22095307849702
2025-10-14,184.7700042724609,184.8000030517578,179.6999969482422,180.02999877929688,205641400,-0.04402085929536681,186.2528577532087,182.32952444893974
2025-10-15,184.8000030517578,184.8699951171875,177.2899932861328,179.8300018310547,214450500,-0.0011109090129327592,185.43714468819755,182.5652385893322
2025-10-16,182.22999572753903,183.27999877929688,179.77000427246094,181.80999755859372,179723300,0.011010374839450776,184.97571672712053,183.11381022135416
2025-10-17,180.17999267578125,184.1000061035156,179.75,183.22000122070312,173135200,0.007755369237354426,184.13428824288505,183.4461909702846
2025-10-20,183.1300048828125,185.1999969482422,181.72999572753903,182.63999938964844,128544700,-0.0031656032485013474,182.71571568080358,183.73047674269904
2025-10-21,182.7899932861328,182.7899932861328,179.8000030517578,181.16000366210935,124240200,-0.00810334938942725,182.43000139508928,183.61381022135416
2025-10-22,181.13999938964844,183.44000244140625,176.75999450683594,180.27999877929688,162249600,-0.004857611310572829,181.28142874581474,183.701905750093
2025-10-23,180.4199981689453,183.02999877929688,179.7899932861328,182.16000366210935,111363700,0.010428249919804067,181.5857151576451,183.9490487234933
2025-10-24,183.83999633789065,187.47000122070312,183.5,186.25999450683597,131296700,0.022507634839159074,182.50428553989954,184.35714358375185
2025-10-27,189.9900054931641,192.0,188.42999267578125,191.4900054931641,153452700,0.028079089125798262,183.88714381626673,184.990477062407
2025-10-28,193.0500030517578,203.1499938964844,191.91000366210935,201.02999877929688,297986200,0.049819797443545255,186.43142918178015,185.903810046968
2025-10-29,207.97999572753903,212.19000244140625,204.77999877929688,207.0399932861328,308829600,0.029896008274039154,189.9171425955636,186.87809535435267
2025-10-30,205.1499938964844,206.16000366210935,201.41000366210935,202.88999938964844,178864400,-0.020044407027916655,193.02142769949776,187.62333315894716
2025-10-31,206.4499969482422,207.97000122070312,202.07000732421875,202.4900054931641,179802200,-0.0019714815796127994,196.1942858014788,188.27095249720983
2025-11-03,208.0800018310547,211.33999633789065,205.55999755859372,206.8800048828125,180267300,0.02168007936469052,199.72571454729353,189.18809581938245
2025-11-04,203.0,203.97000122070312,197.92999267578125,198.69000244140625,188919300,-0.03958817792007252,201.50142996651786,189.81428673153832
2025-11-05,198.7700042724609,202.9199981689453,194.6499938964844,195.2100067138672,171350300,-0.017514699706973502,202.0328587123326,190.29857308523995
2025-11-06,196.4199981689453,197.6199951171875,186.3800048828125,188.0800018310547,223029800,-0.03652479195527836,200.18285914829798,190.24952552432106
2025-11-07,184.8999938964844,188.32000732421875,178.91000366210938,188.1499938964844,264942300,0.000372139859359244,197.48428780691964,190.03904869442894
2025-11-10,195.1100006103516,199.94000244140625,193.7899932861328,199.0500030517578,198897100,0.05793255120311258,196.9357169015067,190.79571533203125
2025-11-11,195.16000366210935,195.4199981689453,191.3000030517578,193.16000366210935,176483300,-0.029590551616906602,195.6028594970703,191.02619134812127
2025-11-12,195.72000122070312,195.88999938964844,191.1300048828125,193.8000030517578,154935300,0.003313312163567783,193.73428780691964,191.68190583728608
2025-11-13,191.0500030517578,191.44000244140625,183.8500061035156,186.8600006103516,207423100,-0.035810125552747096,192.0442875453404,192.01666768391928
2025-11-14,182.8600006103516,191.00999450683597,180.5800018310547,190.1699981689453,186591900,0.01771378330184148,191.32428632463728,192.41476295107887
2025-11-17,185.97000122070312,189.0,184.32000732421875,186.6000061035156,173628900,-0.018772635535591498,191.11285836356026,192.57571556454613
2025-11-18,183.3800048828125,184.8000030517578,179.64999389648438,181.3600006103516,213598900,-0.02808148618310946,190.14285932268416,192.51476324172248
2025-11-19,184.7899932861328,187.8600006103516,182.8300018310547,186.5200042724609,247246400,0.02845171837639926,188.3528594970703,192.77000136602493
2025-11-20,195.9499969482422,196.0,179.85000610351562,180.63999938964844,343504800,-0.03152479491810001,186.56428745814733,192.78714425223214
2025-11-21,181.2400054931641,184.55999755859372,172.92999267578125,178.8800048828125,346926200,-0.009743105141622355,184.43285914829798,192.63095383417038
2025-11-24,179.49000549316406,183.5,176.47999572753906,182.5500030517578,256618300,0.02051653660983299,183.81714521135603,192.45428757440476
2025-11-25,174.91000366210938,178.16000366210938,169.5500030517578,177.82000732421875,320600300,-0.02591068555719489,182.0528608049665,191.80333528064546
2025-11-26,181.6300048828125,182.91000366210935,178.24000549316406,180.25999450683597,183852000,0.013721668440651813,181.1471448625837,190.81428745814733
2025-11-28,179.00999450683594,179.2899932861328,176.5,177.0,121332800,-0.018084958427713405,180.5242876325335,189.38381158737909
2025-12-01,174.75999450683594,180.3000030517578,173.67999267578125,179.9199981689453,188131000,0.016497164796301256,179.58142961774553,188.29000200544084
2025-12-02,181.75999450683597,185.66000366210935,180.0,181.4600067138672,182632200,0.008559407295434696,179.69857352120536,187.28857349214098
2025-12-03,181.0800018310547,182.4499969482422,179.11000061035156,179.58999633789062,165138000,-0.01030535824307155,179.8000008719308,185.98904927571616
2025-12-04,181.6199951171875,184.5200042724609,179.9600067138672,183.3800048828125,167364900,0.021103672933937556,179.91857256208147,185.26000177292596
2025-12-05,183.88999938964844,184.66000366210935,180.91000366210935,182.41000366210935,143971100,-0.0052895691726206895,180.57428632463728,184.65047781808036
2025-12-08,182.63999938964844,188.0,182.3999938964844,185.5500030517578,204378100,0.01721396484079296,181.3300018310547,184.53000168573288
2025-12-09,185.55999755859372,185.72000122070312,183.32000732421875,184.97000122070312,144719700,-0.0031258519079242486,182.46857343401228,184.37857346307663
2025-12-10,184.97000122070312,185.47999572753903,182.0399932861328,183.77999877929688,162785400,-0.006433488855235314,183.02000209263392,183.65143040248327
2025-12-11,180.27999877929688,181.32000732421875,176.6199951171875,180.92999267578125,182136600,-0.015507705530775517,182.9442858014788,183.06904892694382
2025-12-12,181.1100006103516,182.82000732421875,174.6199951171875,175.02000427246094,204274900,-0.032664503634346365,182.2914297921317,182.17476327078683
2025-12-15,177.94000244140625,178.4199981689453,175.02999877929688,176.2899932861328,164775600,0.007256250615185866,181.27857099260603,181.67142958868118
2025-12-16,176.25999450683594,178.49000549316406,174.89999389648438,177.72000122070312,148588100,0.00811167955658898,180.6085706438337,181.07857259114584
2025-12-17,176.10000610351562,176.1300048828125,170.30999755859375,170.94000244140625,222775500,-0.038149891586355955,178.52142769949776,180.33285813104538
2025-12-18,174.52999877929688,176.14999389648438,171.82000732421875,174.13999938964844,176096000,0.018720000599854014,176.97428458077567,179.98904854910714
2025-12-19,176.6699981689453,181.4499969482422,176.33999633789062,180.9900054931641,324925900,0.039336201490321354,176.57571411132812,179.72571527390252
2025-12-22,183.9199981689453,184.16000366210935,182.3500061035156,183.69000244140625,129064400,0.014917933953784823,176.97000122070312,179.87095351446243
2025-12-23,182.97000122070312,189.3300018310547,182.8999938964844,189.2100067138672,174873600,0.030050651636426062,178.9971444266183,180.36285836356026
2025-12-24,187.94000244140625,188.91000366210935,186.58999633789065,188.6100006103516,65528500,-0.003171111898024326,180.75714547293526,180.65142967587425
2025-12-26,189.9199981689453,192.69000244140625,188.0,190.52999877929688,139740300,0.01017972622200336,182.58714512416296,181.2566673642113
2025-12-29,187.7100067138672,188.75999450683597,185.91000366210935,188.22000122070312,120006100,-0.012124062212741427,185.05571637834822,181.6357153029669
2025-12-30,188.2400054931641,188.9900054931641,186.92999267578125,187.5399932861328,97687300,-0.003612835671873982,186.97000122070312,182.1376197451637
2025-12-31,189.57000732421875,190.55999755859372,186.4900054931641,186.5,120100500,-0.005545448029029565,187.75714329310827,182.4509531656901
2026-01-02,189.83999633789065,192.92999267578125,188.25999450683597,188.8500061035156,148240500,0.012600568919654664,188.4942866734096,182.8028578985305
2026-01-05,191.75999450683597,193.6300048828125,186.1499938964844,188.1199951171875,183529700,-0.0038655597709006395,188.33857073102678,183.20904831659226
2026-01-06,190.5200042724609,192.1699981689453,186.82000732421875,187.2400054931641,176862600,-0.004677810157688089,188.14285714285714,183.39285786946616
2026-01-07,188.57000732421875,191.3699951171875,186.55999755859372,189.1100006103516,153543200,0.009987155855193386,187.94000026157923,183.71190534319197
2026-01-08,189.1100006103516,189.5500030517578,183.7100067138672,185.0399932861328,172457000,-0.021521904241356138,187.4857134137835,183.6876191638765
2026-01-09,185.0800018310547,186.33999633789065,183.6699981689453,184.8600006103516,131327500,-0.0009727230993944458,187.1028573172433,183.68238103957404
2026-01-12,183.22000122070312,187.1199951171875,183.0200042724609,184.94000244140625,137968500,0.0004327698300903293,186.8800005231585,183.7376193091983
2026-01-13,185.0,188.1100006103516,183.3999938964844,185.80999755859372,160128900,0.0047042019341547725,186.44571358816964,183.9700004940941
2026-01-14,184.32000732421875,184.4600067138672,180.8000030517578,183.13999938964844,159586100,-0.01436950758316069,185.73428562709265,184.35666692824591
2026-01-15,186.5,189.6999969482422,186.3300018310547,187.0500030517578,206188600,0.021349807115541353,185.70714242117745,184.8690483456566
2026-01-16,189.0800018310547,190.44000244140625,186.0800018310547,186.22999572753903,187967200,-0.004383893669287375,185.29571315220423,185.27428617931548
2026-01-20,181.8999938964844,182.3800048828125,177.61000061035156,178.07000732421875,223345300,-0.043816724429606047,184.3000008719308,185.61381022135416
2026-01-21,179.0500030517578,185.3800048828125,178.39999389648438,183.32000732421875,200381000,0.029482786455111043,184.0800018310547,186.0509534563337
2026-01-22,184.75,186.1699981689453,183.92999267578125,184.83999633789065,139636600,0.00829145184891722,184.06571524483817,186.23428635370163
2026-01-23,187.5,189.6000061035156,186.82000732421875,187.6699981689453,142748100,0.01531054905390361,184.33142961774553,186.42380995977493
2026-01-26,187.16000366210935,189.1199951171875,185.9900054931641,186.47000122070312,124799600,-0.0063941863907406304,184.80714416503906,186.2933335077195
2026-01-27,187.2400054931641,190.0,185.6999969482422,188.5200042724609,143711600,0.010993741826233139,185.01714433942522,186.28904796781995
2026-01-28,191.2700042724609,192.3500061035156,189.83999633789065,191.5200042724609,148552700,0.015913430575061005,185.77285984584265,186.33619108654204
2026-01-29,191.33999633789065,193.47999572753903,186.05999755859372,192.50999450683597,171764400,0.005169121826912093,187.8357151576451,186.54047648111978
2026-01-30,191.2100067138672,194.4900054931641,189.47000122070312,191.1300048828125,179489500,-0.007168405087531471,188.95142909458704,186.71142941429503
2026-02-02,187.1999969482422,190.3000030517578,184.8800048828125,185.6100006103516,165794100,-0.028880888041861286,189.0614297049386,186.6690484909784
2026-02-03,186.2400054931641,186.2700042724609,176.22999572753906,180.33999633789065,204019600,-0.028392889688762968,188.0142865862165,186.26380993071058
2026-02-04,179.4600067138672,179.5800018310547,171.91000366210938,174.19000244140625,207014100,-0.034102218151106034,186.26000104631697,185.60047694614954
2026-02-05,174.92999267578125,176.82000732421875,171.02999877929688,171.8800048828125,206312900,-0.013261367048724715,183.8828582763672,184.8690483456566
2026-02-06,176.69000244140625,187.0,174.60000610351562,185.41000366210935,231346200,0.07871770069195416,183.01000104631697,184.69285801478796
2026-02-09,184.25999450683597,193.66000366210935,183.9499969482422,190.0399932861328,196387400,0.024971627919608608,182.65714372907365,184.93095325288317
2026-02-10,191.3800048828125,192.47999572753903,188.1199951171875,188.5399932861328,136764800,-0.007893075420927542,182.28714207240515,185.10619099934897
2026-02-11,192.4499969482422,193.25999450683597,188.7700042724609,190.0500030517578,144192700,0.008008962657240382,182.92142813546317,185.34952436174666
2026-02-12,193.02999877929688,193.6100006103516,186.50999450683597,186.94000244140625,189932500,-0.01636411765541823,183.8642861502511,185.40333411807106
2026-02-13,187.47999572753903,187.5,181.58999633789065,182.80999755859372,161888000,-0.022092675879294643,185.09571402413505,185.3876197451637
2026-02-17,181.75,187.1499938964844,179.17999267578125,184.97000122070312,162276900,0.011815566385624532,186.96571350097656,185.28857203892298
2026-02-18,188.75,190.3699951171875,186.75999450683597,187.97999572753903,164749100,0.016272879315410993,187.33285522460938,185.37190537225632
2026-02-19,187.05999755859372,188.42999267578125,185.66000366210935,187.8999938964844,126554500,-0.0004255869394240719,187.02714102608817,185.83999997093565
2026-02-20,186.57000732421875,190.3300018310547,185.94000244140625,189.82000732421875,178422300,0.01021827296488409,187.21000017438615,186.14952378045945
2026-02-23,191.3999938964844,193.9499969482422,189.5800018310547,191.5500030517578,171584800,0.009113874516842646,187.42428588867188,186.46904790969123
2026-02-24,191.4900054931641,193.7700042724609,187.3999938964844,192.8500061035156,175123600,0.006786755578419568,188.26857212611608,186.71571495419457
2026-02-25,194.4499969482422,197.6300048828125,193.7899932861328,195.55999755859372,250637100,0.014052327556699717,190.09000069754464,187.14857192266555
2026-02-26,194.2700042724609,194.2899932861328,184.32000732421875,184.88999938964844,360807900,-0.05456125128938161,190.07857186453683,186.97571454729353
2026-02-27,181.25,182.58999633789065,176.3800048828125,177.19000244140625,311636500,-0.04164636796831145,188.53714425223214,186.2933335077195
2026-03-02,175.00999450683594,183.4600067138672,174.63999938964844,182.47999572753903,209095300,0.02985491965260345,187.76285879952567,185.81571451822916
2026-03-03,178.49000549316406,180.8999938964844,176.9199981689453,180.0500030517578,178099400,-0.013316488013346062,186.36714390345983,185.28809538341704
2026-03-04,180.44000244140625,184.6999969482422,180.05999755859375,183.0399932861328,177731200,0.016606443675068805,185.15142822265625,185.16571408226378
2026-03-05,181.1699981689453,184.05999755859372,177.8800048828125,183.33999633789065,198779700,0.0016390027467323431,183.79285539899553,185.30857122512091
2026-03-06,179.83999633789062,182.75999450683597,176.82000732421875,177.82000732421875,189021900,-0.030107936751011533,181.2585710797991,185.48142860049293
2026-03-09,176.8300018310547,182.91000366210935,175.55999755859375,182.6499938964844,177213600,0.027162222322143714,180.9385702950614,185.99428522019159
2026-03-10,182.3999938964844,186.44000244140625,182.00999450683597,184.7700042724609,179118500,0.011606955635476313,182.02142769949776,185.96380905877976
2026-03-11,185.91000366210935,187.6199951171875,184.4499969482422,186.02999877929688,145280400,0.006819258958169261,182.52857099260603,185.7728569394066
2026-03-12,184.0500030517578,184.94000244140625,181.75,183.13999938964844,155762700,-0.015535125563684415,182.9699990408761,185.51571437290735
2026-03-13,184.9199981689453,186.08999633789065,179.94000244140625,180.25,160988400,-0.015780274103308733,182.57142857142858,185.0490475609189
2026-03-16,182.97000122070312,188.8800048828125,181.41000366210935,183.22000122070312,217307400,0.01647712189016981,182.55428641183036,184.87190464564733
2026-03-17,185.05999755859372,185.3999938964844,181.67999267578125,181.92999267578125,182497800,-0.00704076266961684,183.14142717633928,184.82999965122767
2026-03-18,182.47999572753903,183.3800048828125,180.3300018310547,180.3999938964844,156683100,-0.00840982158463266,182.81999860491072,184.6123802548363
2026-03-19,178.00999450683594,179.97999572753906,175.7899932861328,178.55999755859375,170968500,-0.01019953658616235,181.93285478864397,184.16380891345796
2026-03-20,178.0,178.25999450683594,171.72000122070312,172.6999969482422,241323500,-0.03281810422532416,180.028568812779,183.43999953497024
2026-03-23,177.25999450683594,178.3699951171875,174.75999450683594,175.63999938964844,182836300,0.01702375502813336,178.95714024135046,182.76476106189546
2026-03-24,174.8300018310547,176.22000122070312,173.97999572753906,175.1999969482422,147667800,-0.002505138026276832,178.23571123395647,181.98618934268043
2026-03-25,177.10000610351562,181.22000122070312,176.85000610351562,178.67999267578125,162602100,0.019862989658425256,177.58713858468192,181.3114267985026
2026-03-26,176.07000732421875,176.50999450683594,171.13999938964844,171.24000549316406,186152200,-0.04163861365338872,176.05999755859375,180.15333193824404
2026-03-27,170.0,170.97000122070312,167.00999450683594,167.52000427246094,196212700,-0.02172390271764868,174.2199990408761,179.32618931361608
2026-03-30,168.77999877929688,169.4499969482422,164.27000427246094,165.1699981689453,185627000,-0.014028211816980884,172.30714198521204,178.7538081577846
2026-03-31,166.97000122070312,174.6199951171875,166.9600067138672,174.39999389648438,226181300,0.05588179348466227,172.5499986921038,178.36904616582962
2026-04-01,176.0,177.3699951171875,174.75,175.75,168132000,0.0077408609562046315,172.56571306501115,178.16428411574591
2026-04-02,172.17999267578125,177.49000549316406,171.3699951171875,177.38999938964844,143143200,0.009331433227018238,172.87857055664062,177.8952367873419
2026-04-06,177.16000366210938,177.7899932861328,175.75999450683594,177.63999938964844,107564300,0.0014093240930164175,172.73000008719308,177.62380836123512
2026-04-07,175.72999572753906,178.22999572753906,173.66000366210938,178.10000610351562,132534900,0.0025895446715138437,173.71000017438615,177.63714163643974
2026-04-08,184.5,185.25999450683597,180.3000030517578,182.0800018310547,147732700,0.02234697131467711,175.78999982561385,177.60999915713356
2026-04-09,181.83999633789065,184.0800018310547,180.6199951171875,183.91000366210935,116428500,0.010050537196021336,178.46714346749442,177.56904674711683
2026-04-10,184.30999755859372,190.0,184.3000030517578,188.6300048828125,160459500,0.025664733438725884,180.50000217982702,177.69285656156995
2026-04-13,186.02999877929688,189.66000366210935,185.7400054931641,189.30999755859372,133648200,0.0036049019677630856,182.43714468819755,177.9866659981864
2026-04-14,190.83999633789065,196.50999450683597,190.7700042724609,196.50999450683597,161307000,0.03803284053190992,185.16857256208147,178.76095145089286
2026-04-15,196.5399932861328,200.3999938964844,195.7400054931641,198.8699951171875,185338400,0.01200957038482553,188.20142909458704,179.50618925548736
2026-04-16,197.42999267578125,199.8500061035156,195.80999755859372,198.3500061035156,134012900,-0.0026147182905369437,191.0942862374442,180.28809465680803
2026-04-17,199.8999938964844,201.6999969482422,199.2700042724609,201.67999267578125,160324400,0.016788436953855124,193.89428492954798,181.30142793201264
2026-04-20,199.97999572753903,202.1699981689453,197.83999633789065,202.05999755859372,119381400,0.0018841972263623497,196.48714120047433,182.42047555106026
2026-04-21,202.1300048828125,202.75,199.0,199.8800048828125,107945300,-0.010788838474320328,198.0942840576172,183.71476164318267
2026-04-22,200.9900054931641,202.5,199.0,202.5,107501000,0.013107839969903834,199.97857012067522,184.99380929129464
2026-04-23,202.4600067138672,203.8300018310547,197.22000122070312,199.63999938964844,113561800,-0.014123459804205263,200.42571367536272,186.1576189313616
2026-04-24,199.9600067138672,210.9499969482422,199.80999755859372,208.2700042724609,214134400,0.04322783464835034,201.76857212611608,187.56666710263207
2026-04-27,209.6499938964844,216.8300018310547,207.3800048828125,216.6100006103516,187172400,0.040044155023784445,204.37714276994978,189.7271430605934
2026-04-28,209.4900054931641,214.72999572753903,208.1999969482422,213.1699981689453,180275400,-0.01588108781548969,206.01857212611608,191.9009522937593
2026-04-29,212.6999969482422,212.72000122070312,207.5800018310547,209.25,123711800,-0.01838907070702589,207.04571533203125,194.0
2026-04-30,209.92999267578125,210.3000030517578,198.6999969482422,199.57000732421875,225239200,-0.04626041900014932,207.00142996651786,195.19857206798736
2026-05-01,201.27999877929688,203.0,197.1199951171875,198.4499969482422,128647000,-0.005612117727474941,206.42285810198103,196.27952430361793
2026-05-04,199.5,201.72999572753903,194.7400054931641,198.47999572753903,125368100,0.00015116543088011802,206.25714329310827,197.28380984351747
2026-05-05,199.3000030517578,200.2400054931641,196.02999877929688,196.5,113406600,-0.009975794891980194,204.57571411132812,198.1819051106771
2026-05-06,199.88999938964844,208.2700042724609,198.6100006103516,207.8300018310547,188362800,0.05765904239722497,203.32142857142858,199.59761919294084
2026-05-07,208.33999633789065,214.1999969482422,206.5,211.5,168307900,0.017658654364679505,203.0828574044364,200.99857148670014
2026-05-08,213.02999877929688,217.8000030517578,212.88999938964844,215.1999969482422,136421400,0.01749407540540049,203.932856968471,202.4885711669922
2026-05-11,214.0399932861328,222.3000030517578,213.88999938964844,219.44000244140625,160685800,0.019702628035742187,206.77142769949776,203.9557139078776
2026-05-12,218.5500030517578,223.75,214.9199981689453,220.77999877929688,159176600,0.006106436032548013,209.96142796107702,205.45428539457777
2026-05-13,224.92999267578125,227.83999633789065,221.57000732421875,225.8300018310547,150405400,0.02287346263103318,213.86857169015067,206.85047621954055
2026-05-14,229.8500061035156,236.5399932861328,229.3000030517578,235.7400054931641,180782900,0.043882582392764435,219.47428676060267,208.60619099934897
2026-05-15,229.75999450683597,231.5,224.2400054931641,225.32000732421875,180977600,-0.044201229855521884,221.97285897391183,209.8904767717634
2026-05-18,229.8699951171875,230.0,218.3699951171875,222.32000732421875,146280900,-0.013314396868819633,223.51857430594308,210.87333461216517
2026-05-19,219.6199951171875,224.47999572753903,217.91000366210935,220.6100006103516,140948200,-0.007691645634814059,224.2914319719587,211.7566680908203
2026-05-20,223.17999267578125,226.1300048828125,220.5,223.47000122070312,184201600,0.012964056944104518,224.86714608328683,212.88000124976747
2026-05-21,222.2899932861328,227.3999938964844,217.92999267578125,219.50999450683597,203381800,-0.01772052934280066,224.6857169015067,213.69000098818825
2026-05-22,220.8999938964844,221.00999450683597,214.8000030517578,215.3300018310547,169275700,-0.0190423797566589,223.1857169015067,214.43714396158853
2026-05-26,216.5399932861328,218.17999267578125,212.0,214.8600006103516,187202600,-0.002182701976995549,220.2028590611049,214.7509533110119
2026-05-27,214.1199951171875,214.1499938964844,208.77999877929688,212.6000061035156,167601200,-0.01051845155178277,218.3857160295759,214.56000119163878
2026-05-28,211.27999877929688,215.5200042724609,211.22000122070312,214.25,143996000,0.007761024690098095,217.23285784040178,214.6114298502604
2026-05-29,214.5800018310547,217.8600006103516,211.1300048828125,211.13999938964844,289410600,-0.014515755474219683,215.8800005231585,214.70142982119606
2026-06-01,215.72999572753903,224.8699951171875,215.6999969482422,224.3600006103516,212850700,0.06261249056985307,216.00714329310827,215.88190569196428
2026-06-02,227.17999267578125,232.27999877929688,221.3500061035156,222.82000732421875,193362900,-0.006863938678656756,216.4800022670201,217.0423823765346
2026-06-03,221.72000122070312,222.82000732421875,214.50999450683597,214.75,160907000,-0.03621760640406191,216.3971448625837,217.81714448474702
2026-06-04,213.91000366210935,221.6000061035156,210.97000122070312,218.66000366210935,169022200,0.018207234747889878,216.94000244140625,218.87238275437127
2026-06-05,214.52999877929688,214.8699951171875,204.3300018310547,205.1000061035156,219655500,-0.062014073591381336,215.86857386997767,218.7423829578218
2026-06-08,210.17999267578125,210.47000122070312,206.0,208.63999938964844,138372800,0.017259839984335112,215.06714521135603,218.60619245256697
2026-06-09,210.6199951171875,211.3999938964844,199.33999633789065,208.19000244140625,180962500,-0.0021568105327770537,214.64571707589286,218.27238319033668
2026-06-10,204.42999267578125,207.22000122070312,199.9199981689453,200.4199981689453,161746600,-0.03732169739825886,211.22571672712053,217.36666870117188
2026-06-11,201.4900054931641,205.66000366210935,199.5399932861328,204.8699951171875,158643200,0.022203357892913722,208.66142926897322,216.60904947916666
2026-06-12,204.8600006103516,207.07000732421875,203.44000244140625,205.19000244140625,112001800,0.0015620019126554308,207.29571533203125,215.6261923653739
2026-06-15,208.9199981689453,212.7100067138672,208.33999633789065,212.4499969482422,149936700,0.03538181402824003,206.40857151576452,214.51714433942522
2026-06-16,211.17999267578125,211.4900054931641,207.2899932861328,207.41000366210935,125694100,-0.023723197733726997,206.7385711669922,213.66428702218192
2026-06-17,208.52999877929688,209.2100067138672,203.0800018310547,204.6499938964844,128363500,-0.013307023368657078,206.16857038225447,212.82285781133743
2026-06-18,207.3300018310547,211.38999938964844,206.5,210.69000244140625,241272000,0.029513846689763312,206.52571323939733,212.35047694614954
2026-06-22,211.44000244140625,213.9900054931641,207.72000122070312,208.6499938964844,122041400,-0.009682512322762848,207.70142691476005,211.64476231166296
2026-06-23,202.1699981689453,203.7700042724609,200.0,200.0399932861328,153496200,-0.04126528091164572,207.0114266531808,210.71761939639137
2026-06-24,200.1199951171875,201.6699981689453,196.5800018310547,199.0,151810700,-0.00519892681982459,206.12714059012276,209.94000026157923
2026-06-25,200.0800018310547,200.8000030517578,192.1300048828125,195.7400054931641,149550000,-0.016381881943899,203.73999895368303,209.02952430361793
2026-06-26,193.1199951171875,195.5500030517578,191.22000122070312,192.52999877929688,179304100,-0.016399339040476968,201.6142839704241,208.07380966913132
2026-06-29,193.8500061035156,196.17999267578125,189.8000030517578,194.97000122070312,148835700,0.012673362368860186,200.23142787388392,207.1557144891648
2026-06-30,197.2400054931641,200.6300048828125,195.1100006103516,200.08999633789065,166476700,0.026260425117358377,198.7171412876674,206.62952386765252
2026-07-01,196.1999969482422,199.8500061035156,193.4499969482422,197.5800018310547,146147600,-0.012544327816355949,197.1357138497489,205.35428583054315
2026-07-02,197.13999938964844,200.05999755859372,192.3500061035156,194.8300018310547,142068700,-0.013918412665829716,196.3914293561663,204.02142842610678
2026-07-06,194.4199981689453,197.5500030517578,193.9900054931641,195.5500030517578,108999000,0.0036955356666652506,195.89857264927454,203.10714285714286
2026-07-07,192.3699951171875,198.41000366210935,191.13999938964844,196.92999267578125,124154600,0.007056965494693257,196.06857081821985,202.07238042922248
2026-07-08,195.17999267578125,205.16000366210935,195.05999755859372,204.1199951171875,147419100,0.03651044893523969,197.72428458077567,202.02571323939733
2026-07-09,204.4600067138672,204.58999633789065,198.9600067138672,202.77999877929688,132037400,-0.006564748040099211,198.83999851771765,201.74666559128534
2026-07-10,202.0,211.0,201.9199981689453,210.9600067138672,148421000,0.04033932332484791,200.39285714285714,201.87857055664062
2026-07-13,208.5399932861328,210.57000732421875,203.0,203.52999877929688,121411000,-0.03521998340020871,201.24285670689173,202.02666582380022
2026-07-14,208.1999969482422,212.5500030517578,203.8000030517578,211.8000030517578,124379600,0.040632851776453593,203.6671425955636,202.3566662016369
2026-07-15,211.9600067138672,213.80999755859372,206.0399932861328,212.5,124797200,0.0033049902651376417,206.08857073102678,202.7047613234747
2026-07-16,210.1699981689453,211.0800018310547,205.8500061035156,207.3999938964844,122986100,-0.024000028722426348,207.58428519112724,202.4642849876767
2026-07-17,202.63999938964844,206.6499938964844,197.97000122070312,202.80999755859372,144281900,-0.02213113053504523,207.3971426827567,202.24523707798548
2026-07-20,205.8699951171875,207.7400054931641,202.27999877929688,203.27999877929688,88701500,0.002317446015290159,207.46857125418526,202.17999921526228
2026-07-21,207.5399932861328,208.6499938964844,204.00999450683597,207.2899932861328,108685600,0.019726458731385677,206.94428362165178,202.01809401739212
2026-07-22,205.80999755859372,214.38999938964844,204.9499969482422,212.05999755859372,137645600,0.02301126164771805,208.16285487583704,202.18047514415923
2026-07-23,209.4600067138672,210.8699951171875,205.9600067138672,208.75999450683597,110505300,-0.015561648070121947,207.72856794084822,202.59571329752603
2026-07-24,207.4499969482422,211.91000366210935,204.80999755859372,206.83999633789065,114836800,-0.009197155678610791,206.9199959891183,202.96904645647322
2026-07-27,208.1999969482422,208.75,195.44000244140625,196.50999450683597,154353700,-0.049941993879074276,205.3642817905971,203.0057125999814
2026-07-28,195.0,198.6999969482422,192.7400054931641,197.00999450683597,134111500,0.002544399847217882,204.5357099260603,203.2190457298642
2026-07-29,195.8500061035156,197.07000732421875,190.00999450683597,190.00999450683597,147680800,-0.03553119230079016,202.63999502999445,202.98285493396577
2026-07-30,193.4499969482422,197.25,191.5200042724609,195.0399932861328,129010200,0.02647228527295109,200.88999502999445,202.7423785981678
2026-07-31,198.44000244140625,202.0,194.9499969482422,200.75,139961200,0.029276081370092744,199.27428109305248,202.8933308919271
2026-08-03,197.69000244140625,208.7400054931641,196.8500061035156,206.63999938964844,128406900,0.029339972053043173,198.97142464773998,203.4557117280506
2026-08-04,211.3000030517578,213.05999755859372,209.0500030517578,211.94000244140625,134922000,0.025648485614655492,199.69999694824222,204.23618788946243
2026-08-05,216.8600006103516,222.22000122070312,216.3999938964844,219.22000122070312,158187400,0.0343493379986608,202.94428362165178,205.29761686779204
2026-08-06,221.52999877929688,223.6300048828125,217.0,218.9900054931641,113940600,-0.0010491548501885273,206.08428519112724,206.0057125999814
2026-08-07,221.5399932861328,224.75999450683597,220.66000366210935,223.9600067138672,105669400,0.022695105237842572,210.93428693498885,207.01428440638952
2026-08-10,223.3999938964844,224.13999938964844,216.7700042724609,217.5500030517578,115846600,-0.028621197847608748,214.1500026157924,207.32809375581286
2026-08-11,222.1699981689453,222.1999969482422,216.1999969482422,217.5,101273100,-0.00022984624709898593,216.54285975864954,207.9933319091797
2026-08-12,221.0399932861328,225.1000061035156,220.1999969482422,224.08999633789065,108543600,0.030298833737428366,219.0357164655413,208.57856968470983
2026-08-13,225.05499267578125,227.22999572753903,224.13499450683597,225.9850006103516,29892996,0.008456442962333721,221.04214477539062,209.22071257091704
