Date,Open,High,Low,Close,Volume,daily_return,MA7,MA21
2021-08-13,25.0,25.100000381469727,24.309999465942383,24.899999618530277,52395100,,,
2021-08-16,24.899999618530277,24.899999618530277,23.770000457763672,24.5,45907300,-0.016064241954148573,,
2021-08-17,23.899999618530277,24.59000015258789,23.739999771118164,23.96999931335449,35348300,-0.02163268108757188,,
2021-08-18,24.06999969482422,25.940000534057617,23.68000030517578,25.280000686645508,92065600,0.05465170675082898,,
2021-08-19,25.01000022888184,25.63999938964844,24.13999938964844,24.15999984741211,67605600,-0.044303829462514766,,
2021-08-20,24.21999931335449,24.479999542236328,23.65999984741211,24.01000022888184,52062300,-0.006208593521424888,,
2021-08-23,24.020000457763672,24.93000030517578,23.899999618530277,24.81999969482422,35705300,0.033735920792205,24.51999991280692,
2021-08-24,25.0,25.350000381469727,24.76000022888184,25.100000381469727,37227400,0.011281252622412197,24.5485714503697,
2021-08-25,25.1200008392334,25.190000534057617,24.06999969482422,24.350000381469727,54678500,-0.02988047763352597,24.527142933436803,
2021-08-26,24.399999618530277,25.40999984741211,24.36000061035156,24.8700008392334,46179400,0.021355254604406015,24.65571457999093,
2021-08-27,25.049999237060547,26.09000015258789,24.90999984741211,25.709999084472656,52268500,0.033775561596046666,24.71714292253767,
2021-08-30,25.739999771118164,26.600000381469727,25.6200008392334,25.76000022888184,44139300,0.001944813154014513,24.94571440560477,
2021-08-31,25.790000915527344,26.36000061035156,25.65999984741211,26.34000015258789,93168600,0.02251552478853469,25.27857153756278,
2021-09-01,26.459999084472656,26.51000022888184,26.030000686645508,26.200000762939453,34417200,-0.005315086895877785,25.475714547293528,
2021-09-02,26.209999084472656,26.8700008392334,26.09000015258789,26.51000022888184,38460100,0.011832040340276961,25.677143096923828,
2021-09-03,26.489999771118164,26.75,26.21999931335449,26.63999938964844,26609500,0.004903778183485974,26.00428581237793,
2021-09-07,26.790000915527344,26.8799991607666,26.270000457763672,26.700000762939453,35835100,0.0022523038538178053,26.265714372907365,
2021-09-08,26.600000381469727,26.61000061035156,24.959999084472656,25.57999992370605,54394400,-0.041947595776401725,26.247143064226425,
2021-09-09,25.38999938964844,26.239999771118164,25.290000915527344,26.1299991607666,34190800,0.021501143029748038,26.300000054495676,
2021-09-10,26.18000030517578,26.729999542236328,26.170000076293945,26.280000686645508,37307800,0.005740586708633755,26.29142870221819,
2021-09-13,26.149999618530277,26.23900032043457,25.030000686645508,25.82999992370605,42372300,-0.017123316255015508,26.238571439470565,25.411428633190337
2021-09-14,25.96999931335449,26.700000762939453,25.899999618530277,26.26000022888184,34569000,0.01664732119418799,26.202857153756277,25.4761905670166
2021-09-15,26.299999237060547,27.149999618530277,26.030000686645508,27.07999992370605,49555500,0.031226187649546988,26.265714372907365,25.5990477062407
2021-09-16,27.200000762939453,28.790000915527344,27.020000457763672,28.6299991607666,109992000,0.0572377858725055,26.541428429739817,25.820952460879372
2021-09-17,28.65999984741211,29.290000915527344,28.06999969482422,28.709999084472656,182052600,0.002794269160010465,26.988571166992188,25.98428571791876
2021-09-20,27.56999969482422,28.100000381469727,26.059999465942383,26.549999237060547,89413500,-0.07523510680222589,27.048571177891322,26.098095212663925
2021-09-21,26.88999938964844,27.14900016784668,26.07999992370605,26.6200008392334,50933600,0.0026365952611833166,27.09714262826102,26.222380956013996
2021-09-22,26.61000061035156,27.770000457763672,26.582000732421875,27.43000030517578,44308100,0.030428228414951075,27.325714111328125,26.34666669936407
2021-09-23,27.709999084472656,29.190000534057617,27.670000076293945,28.770000457763672,60028600,0.04885162733064363,27.68428557259696,26.52142860775902
2021-09-24,28.270000457763672,28.76000022888184,27.900999069213867,28.559999465942383,40309700,-0.007299304431002129,27.89571407863072,26.721904754638672
2021-09-27,28.229999542236328,28.3799991607666,27.229999542236328,27.46999931335449,44102800,-0.03816527216282728,27.729999814714706,26.845714205787296
2021-09-28,27.020000457763672,27.1299991607666,25.209999084472656,25.34000015258789,64206200,-0.07753910498756744,27.248571395874023,26.828095209030877
2021-09-29,25.61000061035156,25.700000762939453,24.420000076293945,24.520000457763672,46164500,-0.03235989304997988,26.958571570260183,26.769047600882395
2021-09-30,24.690000534057617,25.049999237060547,23.8799991607666,24.040000915527344,59505600,-0.019575837409266716,26.59000015258789,26.659523827689036
2021-10-01,24.209999084472656,24.36000061035156,23.71999931335449,24.32999992370605,32778000,0.01206318623687741,26.147142955235072,26.57047616867792
2021-10-04,24.01000022888184,24.049999237060547,23.020000457763672,23.170000076293945,46789700,-0.04767775795518414,25.347142900739396,26.411428542364213
2021-10-05,23.209999084472656,23.8799991607666,23.06999969482422,23.209999084472656,56574800,0.0017263274944756546,24.582857131958008,26.2480951944987
2021-10-06,24.90999984741211,25.01000022888184,23.350000381469727,23.57999992370605,125175700,0.015941441354081043,24.027142933436803,26.099523725963774
2021-10-07,23.709999084472656,24.1299991607666,23.540000915527344,23.729999542236328,38873700,0.006361306998117211,23.797142846243723,26.01142846970331
2021-10-08,23.86000061035156,24.09600067138672,23.11000061035156,23.5,39713400,-0.009692353420696853,23.651428495134628,25.88619041442871
2021-10-11,23.26000022888184,23.979999542236328,23.26000022888184,23.530000686645508,23971700,0.0012766249636386728,23.578571319580078,25.75523803347633
2021-10-12,23.549999237060547,23.809999465942383,23.290000915527344,23.690000534057617,26280000,0.006799823320996268,23.48714283534459,25.65333330063593
2021-10-13,23.82999992370605,24.309999465942383,23.790000915527344,24.1299991607666,28494000,0.01857317926508384,23.624285561697825,25.551904678344727
2021-10-14,24.43000030517578,24.709999084472656,24.20499992370605,24.350000381469727,26106700,0.009117332298163916,23.78714288984026,25.421904700142996
2021-10-15,24.5,24.520000457763672,23.82999992370605,24.0,24366100,-0.014373732073371004,23.847142900739396,25.2014285496303
2021-10-18,24.0,24.38999938964844,23.920000076293945,24.26000022888184,25609900,0.010833342870076645,23.9228572845459,24.989523842221214
2021-10-19,24.5,25.200000762939453,24.36000061035156,24.690000534057617,29393900,0.01772466204117573,24.092857360839844,24.90095247541155
2021-10-20,24.790000915527344,24.959999084472656,24.170000076293945,24.21999931335449,24248000,-0.019036096012019277,24.191428593226842,24.786666688464937
2021-10-21,24.1299991607666,24.93000030517578,24.07999992370605,24.780000686645508,23976600,0.02312144463944077,24.347142900739396,24.660476230439684
2021-10-22,24.489999771118164,24.850000381469727,24.25,24.43000030517578,20166800,-0.014124308788189377,24.390000207083567,24.45380955650693
2021-10-25,24.5,25.540000915527344,24.479999542236328,25.40999984741211,33962100,0.04011459394164252,24.54142870221819,24.303809574672155
2021-10-26,25.989999771118164,26.75,25.25,25.520000457763672,56767000,0.004329028375132715,24.75857162475586,24.210952486310685
2021-10-27,25.63999938964844,25.899999618530277,25.020000457763672,25.059999465942383,24157200,-0.01802511691105191,24.872857230050222,24.19761912027995
2021-10-28,25.299999237060547,25.795000076293945,25.1200008392334,25.63999938964844,21203000,0.023144450760835156,25.00857135227748,24.250952402750652
2021-10-29,25.5,26.1200008392334,25.450000762939453,25.8799991607666,21910300,0.009360365711048146,25.24571418762207,24.338571366809663
2021-11-01,26.11000061035156,26.645000457763672,25.882999420166016,26.559999465942383,26684700,0.026275128563630012,25.499999727521622,24.44476182120187
2021-11-02,26.559999465942383,26.71999931335449,25.55500030517578,25.920000076293945,30794600,-0.024096363046584468,25.71285683768136,24.575714202154252
2021-11-03,25.88999938964844,26.23500061035156,25.170000076293945,26.1200008392334,25244200,0.007716078794396619,25.81428555079869,24.714285714285715
2021-11-04,26.26000022888184,26.56999969482422,25.8700008392334,26.46999931335449,25029700,0.01339963487272855,25.94999967302595,24.851904732840403
2021-11-05,26.450000762939453,26.6299991607666,25.71999931335449,26.0,26005000,-0.017755924652305022,26.084285463605607,24.95999999273391
2021-11-08,26.25,27.11000061035156,26.1200008392334,26.75,41359600,0.028846153846153744,26.242856979370117,25.114761897495814
2021-11-09,25.899999618530277,25.979999542236328,23.950000762939453,24.25,117540200,-0.09345794392523366,26.00999995640346,25.149047579084122
2021-11-10,23.600000381469727,23.63999938964844,22.1200008392334,22.520000457763672,94860100,-0.07134018730871461,25.432857240949357,25.093333289736794
2021-11-11,23.040000915527344,23.1299991607666,22.665000915527344,22.989999771118164,43381500,0.020870306563091745,25.014285768781388,25.03904760451544
2021-11-12,23.020000457763672,23.225000381469727,22.3799991607666,22.82999992370605,53516200,-0.006959541061549612,24.54428563799177,24.966666630336217
2021-11-15,23.0,23.520000457763672,22.950000762939453,23.40999984741211,33225700,0.02540516538082871,24.107142857142858,24.93857138497489
2021-11-16,23.290000915527344,23.290000915527344,22.61000061035156,23.1299991607666,31574800,-0.011960729964569428,23.69714273725237,24.884761810302734
2021-11-17,23.049999237060547,23.2189998626709,22.399999618530277,22.489999771118164,27994100,-0.027669667655414898,23.088571275983536,24.77999986921038
2021-11-18,22.5,22.549999237060547,21.34199905395508,21.5,51039900,-0.04401955452171813,22.695714133126394,24.650476092383975
2021-11-19,21.600000381469727,21.959999084472656,21.299999237060547,21.40999984741211,30013100,-0.0041860536087391376,22.537142617361887,24.48999986194429
2021-11-22,21.530000686645508,21.56999969482422,20.18000030517578,20.649999618530277,59899100,-0.03549744205036487,22.202856881277903,24.309999829246884
2021-11-23,20.59000015258789,21.049999237060547,20.049999237060547,20.59000015258789,44588000,-0.0029055431985841595,21.882856913975306,24.080476034255256
2021-11-24,20.350000381469727,21.200000762939453,20.059999465942383,21.11000061035156,35233900,0.02525500018990101,21.55428559439523,23.870476041521346
2021-11-26,20.40999984741211,21.09000015258789,20.349000930786133,21.030000686645508,20691200,-0.003789669417007091,21.25428581237793,23.678571337745304
2021-11-29,21.190000534057617,21.399999618530277,20.559999465942383,21.06999969482422,29114000,0.001901997473738204,21.051428658621653,23.460952304658434
2021-11-30,20.950000762939453,21.25,20.11000061035156,20.649999618530277,38196400,-0.01993355872696634,20.930000032697404,23.211904707409087
2021-12-01,20.530000686645508,20.88999938964844,19.290000915527344,19.3799991607666,48283700,-0.06150123395760454,20.63999993460519,22.869999930972146
2021-12-02,19.299999237060547,19.90999984741211,19.059999465942383,19.690000534057617,45802900,0.015995943586963213,20.502857208251953,22.573333286103747
2021-12-03,19.5,19.530000686645508,18.399999618530277,18.979999542236328,56039600,-0.036058962547675266,20.272857121058873,22.233333224341983
2021-12-06,18.540000915527344,18.96999931335449,18.075000762939453,18.799999237060547,56459800,-0.009483683325451353,19.94285692487444,21.86809512547084
2021-12-07,19.26000022888184,19.854999542236328,19.06999969482422,19.459999084472656,35129000,0.03510637628702917,19.718570981706893,21.55666651044573
2021-12-08,19.51000022888184,19.825000762939453,19.030000686645508,19.81999969482422,28425900,0.01849951836014263,19.539999553135463,21.226666495913552
2021-12-09,19.950000762939453,20.149999618530277,19.040000915527344,19.209999084472656,30354700,-0.03077702420504369,19.334285191127233,20.98666645231701
2021-12-10,19.280000686645508,19.57999992370605,18.700000762939453,18.940000534057617,27594500,-0.014055104803897489,19.27142824445452,20.816190265473864
2021-12-13,18.799999237060547,19.075000762939453,18.170000076293945,18.399999618530277,38376000,-0.028511135179553948,19.087142399379186,20.597618829636346
2021-12-14,18.0,18.858999252319336,17.90999984741211,18.63999938964844,38864800,0.013043466092057088,19.038570949009486,20.398094994681223
2021-12-15,18.3700008392334,18.940000534057617,17.9950008392334,18.86000061035156,39361900,0.011802640982128576,19.047142573765345,20.181428364345006
2021-12-16,18.959999084472656,19.1200008392334,18.149999618530277,18.34000015258789,33950000,-0.02757160344301679,18.887142726353236,19.953333173479354
2021-12-17,18.030000686645508,19.100000381469727,17.809999465942383,19.059999465942383,44495200,0.039258413705786976,18.778571265084402,19.78999982561384
2021-12-20,18.59000015258789,18.670000076293945,17.834999084472656,17.959999084472656,42265900,-0.05771250851477083,18.599999836512975,19.62142835344587
2021-12-21,18.15999984741211,18.979999542236328,18.100000381469727,18.899999618530277,33878600,0.052338562470768624,18.59428542000907,19.501904533022927
2021-12-22,18.649999618530277,19.450000762939453,18.649999618530277,18.8799991607666,33894200,-0.001058225299860105,18.662856783185685,19.417618796938942
2021-12-23,18.850000381469727,19.13500022888184,18.71999931335449,18.93000030517578,24758300,0.0026483658173610536,18.70428548540388,19.338571185157413
2021-12-27,18.780000686645508,19.25,18.780000686645508,18.940000534057617,21782000,0.0005282741004024594,18.715714045933314,19.235237848191034
2021-12-28,18.88999938964844,19.06999969482422,18.440000534057617,18.56999969482422,20518800,-0.019535418627262935,18.748571123395646,19.11809494381859
2021-12-29,18.530000686645508,18.600000381469727,17.90999984741211,18.170000076293945,28217500,-0.021540098282379683,18.62142835344587,18.97999972388858
2021-12-30,18.100000381469727,18.9950008392334,18.06999969482422,18.690000534057617,29285200,0.02861862716457031,18.72571427481515,18.886666434151785
2021-12-31,18.61000061035156,18.920000076293945,18.209999084472656,18.209999084472656,23556000,-0.02568225981108374,18.627142769949778,18.830952144804456
2022-01-03,18.36000061035156,18.569000244140625,17.860000610351562,18.530000686645508,34283600,0.017572851085188246,18.57714298793248,18.77571405683245
2022-01-04,18.61000061035156,18.84000015258789,17.790000915527344,18.170000076293945,39643200,-0.019427986886747073,18.468571526663645,18.737142653692338
2022-01-05,18.030000686645508,18.56800079345703,16.8700008392334,16.959999084472656,58445900,-0.06659333994169625,18.185714176722936,18.6495235988072
2022-01-06,16.8700008392334,17.18000030517578,16.05500030517578,16.739999771118164,49737100,-0.012971658327264102,17.924285616193497,18.519999821980793
2022-01-07,16.700000762939453,17.329999923706055,16.475000381469727,16.559999465942383,37989300,-0.01075270654939553,17.694285529000418,18.364761715843564
2022-01-10,16.190000534057617,16.56999969482422,15.350000381469728,16.5,77649400,-0.003623156272787309,17.38142830984933,18.235714140392485
2022-01-11,16.399999618530273,17.25,16.31999969482422,16.889999389648438,47442600,0.023636326645359862,17.19285692487444,18.13809503827776
2022-01-12,17.15999984741211,17.459999084472656,16.399999618530273,16.719999313354492,39784200,-0.010065132175086755,16.93428530011858,18.058095023745583
2022-01-13,16.799999237060547,16.81999969482422,15.9399995803833,16.010000228881836,35492200,-0.04246406182000084,16.625713893345424,17.932856968470983
2022-01-14,15.9399995803833,16.249000549316406,15.619999885559082,16.010000228881836,35624900,0.0,16.489999771118164,17.797142664591473
2022-01-18,15.449999809265137,15.75,14.920000076293944,14.970000267028809,49067700,-0.06495939706339793,16.237142699105398,17.63666647956485
2022-01-19,14.899999618530272,15.25,14.539999961853027,14.5600004196167,48049100,-0.027388098870988475,15.951428549630302,17.422380810692196
2022-01-20,14.890000343322754,15.550000190734863,14.56999969482422,14.619999885559082,44690400,0.004120842322335783,15.68285710471017,17.26333322979155
2022-01-21,14.25,14.477999687194824,13.5,13.529999732971191,73031300,-0.07455541457729686,15.202857153756279,17.007618949526833
2022-01-24,12.789999961853027,13.40999984741211,11.75,13.399999618530272,110518900,-0.009608286548899447,14.728571483067103,16.746666590372723
2022-01-25,13.119999885559082,13.600000381469728,12.829999923706056,13.0600004196167,47456600,-0.025373075268106948,14.30714293888637,16.467142786298478
2022-01-26,13.600000381469728,13.81999969482422,12.68000030517578,12.75,69949700,-0.023736631673538455,13.841428620474678,16.17238085610526
2022-01-27,13.010000228881836,13.0600004196167,12.199999809265137,12.279999732971191,52622900,-0.0368627660414752,13.45714282989502,15.872857048397972
2022-01-28,12.300000190734863,12.880000114440918,11.890000343322754,12.710000038146973,54887500,0.03501631225782953,13.19285706111363,15.61285704658145
2022-01-31,12.770000457763672,13.739999771118164,12.760000228881836,13.710000038146973,51039300,0.07867820590076047,13.0628570829119,15.3757141658238
2022-02-01,14.229999542236328,14.369999885559082,13.5600004196167,14.199999809265137,69012900,0.0357403187275549,13.158571379525322,15.184761819385347
2022-02-02,14.09000015258789,14.199999809265137,13.1899995803833,13.31999969482422,47204300,-0.061971839877542734,13.147142818995885,14.936666534060524
2022-02-03,12.949999809265137,13.31999969482422,12.420000076293944,12.449999809265137,47236900,-0.06531530822010012,13.059999874659947,14.664285568963914
2022-02-04,12.470000267028809,13.09000015258789,12.265000343322754,12.9399995803833,38989200,0.039357411937750664,13.087142671857562,14.472857021150135
2022-02-07,13.024999618530272,13.600000381469728,12.9399995803833,12.979999542236328,45646100,0.003091187260443773,13.187142644609724,14.29380939120338
2022-02-08,12.75,13.189000129699709,12.619999885559082,13.149999618530272,30317100,0.013097078758806724,13.249999727521624,14.131428446088519
2022-02-09,13.289999961853027,13.890000343322754,13.260000228881836,13.869999885559082,34451900,0.05475287360573189,13.272856848580497,14.006190345400857
2022-02-10,13.5,14.164999961853027,13.369999885559082,13.5600004196167,41998200,-0.022350358219190958,13.181428364345006,13.847618965875535
2022-02-11,13.449999809265137,13.920000076293944,12.970000267028809,13.130000114440918,41831600,-0.031710935978565113,13.154285567147392,13.676666623070126
2022-02-14,13.100000381469728,13.795000076293944,12.979999542236328,13.260000228881836,40617900,0.00990099872870065,13.26999991280692,13.545714242117745
2022-02-15,13.520000457763672,14.1850004196167,13.40999984741211,14.170000076293944,48523700,0.06862743828842643,13.445714269365583,13.458095187232608
2022-02-16,13.90999984741211,14.260000228881836,13.65999984741211,13.970000267028809,58624400,-0.014114312504467041,13.587142944335938,13.41047613961356
2022-02-17,12.390000343322754,12.699999809265137,11.699999809265137,11.770000457763672,151385400,-0.1574802982973057,13.390000207083565,13.27761899857294
2022-02-18,11.920000076293944,12.010000228881836,10.56999969482422,11.020000457763672,137808100,-0.06372132292529253,12.982857431684222,13.106190454392205
2022-02-22,10.699999809265137,11.1850004196167,10.300000190734863,10.479999542236328,104501500,-0.049001895925231964,12.54285730634417,12.960952350071498
2022-02-23,10.829999923706056,11.260000228881836,10.399999618530272,10.43000030517578,93964500,-0.004770919775238802,12.157143047877721,12.819523811340332
2022-02-24,9.75,11.869999885559082,9.739999771118164,11.829999923706056,118793000,0.1342281474177467,11.952857289995466,12.76095235915411
2022-02-25,11.59000015258789,11.890000343322754,11.0,11.470000267028809,75433700,-0.030431078529074784,11.567143031529017,12.699999990917387
2022-02-28,11.960000038146973,12.18000030517578,11.390000343322754,11.850000381469728,75390500,0.03312991330377324,11.264285905020577,12.67952383132208
2022-03-01,11.989999771118164,12.520000457763672,11.710000038146973,12.18000030517578,64867200,0.02784809393104193,11.322857311793737,12.654285748799643
2022-03-02,12.210000038146973,12.210000038146973,11.420000076293944,12.0600004196167,56698300,-0.009852207106110455,11.471428734915596,12.575714338393439
2022-03-03,12.010000228881836,12.05500030517578,11.234999656677246,11.34000015258789,46172000,-0.059701512601746054,11.59428596496582,12.439523878551665
2022-03-04,11.699999809265137,11.770000457763672,10.739999771118164,10.960000038146973,43502200,-0.0335097098172612,11.670000212533134,12.327142942519416
2022-03-07,11.43000030517578,11.75,11.100000381469728,11.109999656677246,63070600,0.013686096533594094,11.567143031529017,12.263333411443801
2022-03-08,10.93000030517578,11.390000343322754,10.718999862670898,11.039999961853027,49279600,-0.006300602789141241,11.505714416503906,12.172857239132835
2022-03-09,11.40999984741211,12.020000457763672,11.270000457763672,11.649999618530272,43591400,0.05525359228125004,11.477142878941127,12.109523909432548
2022-03-10,11.380000114440918,11.970000267028809,11.31999969482422,11.869999885559082,52295400,0.01888414371094771,11.43285710471017,12.048571541195823
2022-03-11,11.859999656677246,12.005000114440918,11.369999885559082,11.390000343322754,37817400,-0.04043804101635173,11.337142808096749,11.930476324898857
2022-03-14,11.170000076293944,11.40999984741211,10.40999984741211,10.5,49762600,-0.07813874596101356,11.21714278629848,11.784762019202823
2022-03-15,10.470000267028809,10.850000381469728,10.270000457763672,10.770000457763672,40451200,0.025714329310825956,11.189999989100865,11.672381083170572
2022-03-16,10.949999809265137,11.81999969482422,10.9399995803833,11.789999961853027,62746600,0.09470747082040076,11.287142889840263,11.602381070454916
2022-03-17,11.720000267028809,12.369999885559082,11.65999984741211,12.31999969482422,43948900,0.0449533277935561,11.469999994550433,11.514285814194452
2022-03-18,12.279999732971191,13.020000457763672,12.21500015258789,12.81999969482422,59125500,0.04058441658972245,11.637142862592425,11.45952388218471
2022-03-21,12.720000267028809,13.050000190734863,12.420000076293944,12.59000015258789,39410900,-0.017940682348782544,11.74000004359654,11.498571486700149
2022-03-22,12.520000457763672,13.479999542236328,12.520000457763672,13.270000457763672,46210700,0.0540111435213928,12.00857148851667,11.605714343843006
2022-03-23,13.15999984741211,13.550000190734863,13.020000457763672,13.18000030517578,33699400,-0.006782226788487944,12.391428674970355,11.734285808744884
2022-03-24,13.25,13.420000076293944,12.829999923706056,13.390000343322754,29535300,0.015933234695336695,12.765714372907366,11.875238191513787
2022-03-25,13.359999656677246,13.395000457763672,12.710000038146973,12.970000267028809,24796900,-0.03136669645444701,12.934285845075335,11.929523922148205
2022-03-28,13.010000228881836,13.4399995803833,12.854999542236328,13.420000076293944,27152000,0.0346954356206981,13.091428756713867,12.022381055922736
2022-03-29,13.649999618530272,14.279999732971191,13.350000381469728,14.199999809265137,46433700,0.058122185434934526,13.288571630205427,12.134285790579659
2022-03-30,14.039999961853027,14.359999656677246,13.739999771118164,13.880000114440918,32164000,-0.022535190079046807,13.472857339041573,12.215238162449428
2022-03-31,13.899999618530272,14.0600004196167,13.630000114440918,13.729999542236328,22840000,-0.010806957562523922,13.53857149396624,12.29476193019322
2022-04-01,13.770000457763672,14.0649995803833,13.5,13.829999923706056,23831600,0.007283349220960078,13.631428582327706,12.413333347865514
2022-04-04,14.029999732971191,14.65999984741211,14.020000457763672,14.630000114440918,40066800,0.05784527802950867,13.808571406773158,12.588095256260463
2022-04-05,14.609999656677246,14.859999656677246,13.795000076293944,13.890000343322754,37677300,-0.05058098190906557,13.939999989100865,12.72047624133882
2022-04-06,13.520000457763672,13.539999961853027,12.850000381469728,13.0,40647700,-0.06407489714358416,13.87999997820173,12.813809576488676
2022-04-07,12.949999809265137,13.34000015258789,12.479999542236328,12.84000015258789,34727400,-0.012307680570162294,13.685714312962123,12.870476268586659
2022-04-08,12.699999809265137,13.050000190734863,12.56999969482422,12.699999809265137,24962500,-0.01090345340023513,13.517142840794154,12.910000074477423
2022-04-11,12.449999809265137,12.81999969482422,12.130000114440918,12.65999984741211,26095800,-0.0031496033428162207,13.364285741533552,12.97047624133882
2022-04-12,12.880000114440918,13.199999809265137,12.425000190734863,12.460000038146973,26226500,-0.015797773434098383,13.168571472167969,13.063809576488676
2022-04-13,12.350000381469728,12.9399995803833,12.230999946594238,12.899999618530272,21152900,0.035312967819921104,12.921428544180733,13.165238107953753
2022-04-14,12.920000076293944,12.920000076293944,12.40999984741211,12.420000076293944,23284100,-0.03720926794035173,12.71142850603376,13.19523811340332
2022-04-18,12.350000381469728,12.414999961853027,11.880000114440918,12.149999618530272,25395600,-0.021739167158220996,12.589999880109515,13.187142871675038
2022-04-19,12.079999923706056,13.020000457763672,12.06999969482422,12.90999984741211,31753900,0.06255146113113796,12.599999836512975,13.191428593226842
2022-04-20,13.079999923706056,13.170000076293944,12.739999771118164,12.789999961853027,31528600,-0.00929511130731242,12.612857001168388,13.200952393668038
2022-04-21,13.020000457763672,13.329999923706056,12.225000381469728,12.329999923706056,32009000,-0.035965601213365894,12.565714154924665,13.156190463474818
2022-04-22,12.329999923706056,12.729999542236328,11.859999656677246,11.960000038146973,30386100,-0.030008101204259563,12.494285583496094,13.098095212663923
2022-04-25,11.829999923706056,12.15999984741211,11.68000030517578,12.109999656677246,31727600,0.01254177408460233,12.381428446088519,13.037142799014138
2022-04-26,11.9399995803833,12.050000190734863,11.100000381469728,11.119999885559082,38666500,-0.08175060274029777,12.195714133126396,12.949047542753673
2022-04-27,11.010000228881836,11.19499969482422,10.529999732971191,10.5600004196167,54508500,-0.050359664721725594,11.968571390424456,12.8128570829119
2022-04-28,10.6899995803833,11.045000076293944,10.369999885559082,10.949999809265137,40074500,0.03693175891583844,11.688571384974889,12.658095178149996
2022-04-29,10.899999618530272,11.229999542236328,10.359999656677246,10.399999618530272,30937500,-0.050228328795904886,11.347142764500209,12.492380868820916
2022-05-02,10.380000114440918,10.755000114440918,10.18000030517578,10.739999771118164,41193800,0.03269232356336782,11.119999885559082,12.3499999273391
2022-05-03,10.6899995803833,10.979999542236328,10.4399995803833,10.550000190734863,31372700,-0.01769083653933068,10.91857133592878,12.19380946386428
2022-05-04,10.529999732971191,11.010000228881836,10.079999923706056,10.979999542236328,43239900,0.04075823163293357,10.757142748151507,12.01999991280692
2022-05-05,10.800000190734863,10.800000190734863,9.979999542236328,10.119999885559082,40523600,-0.07832419786258815,10.614285605294365,11.84047608148484
2022-05-06,10.0,10.050000190734863,9.420000076293944,9.479999542236328,69691300,-0.0632411413596965,10.459999765668597,11.672857012067523
2022-05-09,7.78000020980835,7.849999904632568,7.320000171661377,7.460000038146973,170871700,-0.21308012675418742,9.961428369794573,11.416666530427479
2022-05-10,7.559999942779541,7.703000068664551,6.929999828338623,7.289999961853027,86932400,-0.022788213863893292,9.517142704554967,11.15904749007452
2022-05-11,7.28000020980835,7.539999961853027,6.659999847412109,6.710000038146973,72894900,-0.0795610324747692,8.941428456987653,10.8757141658238
2022-05-12,6.550000190734863,7.380000114440918,6.440000057220459,7.340000152587891,82147300,0.09388973336204298,8.482857022966657,10.631904647463845
2022-05-13,7.519999980926514,8.350000381469727,7.519999980926514,8.34000015258789,69242700,0.13623977918412256,8.105714253016881,10.414761815752302
2022-05-16,8.170000076293945,8.430000305175781,8.010000228881836,8.039999961853027,46153200,-0.03597124523334372,7.808571406773159,10.206190381731306
2022-05-17,8.100000381469727,8.460000038146973,8.010000228881836,8.359999656677246,38620800,0.039800957256530545,7.648571423121861,10.025714193071638
2022-05-18,8.210000038146973,8.430000305175781,7.920000076293945,8.010000228881836,29304600,-0.04186596198193149,7.727142878941128,9.792380877903529
2022-05-19,7.96999979019165,8.581000328063965,7.945000171661377,8.3100004196167,35780900,0.03745320626248505,7.872857230050223,9.579047566368466
2022-05-20,8.260000228881836,8.399999618530273,7.710000038146973,8.079999923706055,40879100,-0.027677555270358645,8.068571499415807,9.376666613987513
2022-05-23,8.010000228881836,8.170000076293945,7.800000190734863,8.010000228881836,27755200,-0.008663328649155755,8.164285796029228,9.188571384974889
2022-05-24,7.980000019073486,7.989999771118164,7.369999885559082,7.550000190734863,47218700,-0.05742821785302077,8.051428658621651,8.971428553263346
2022-05-25,7.519999980926514,8.017999649047852,7.510000228881836,7.960000038146973,35068900,0.05430461417938104,8.040000098092216,8.820952370053245
2022-05-26,7.840000152587891,8.399999618530273,7.769999980926514,8.359999656677246,39738900,0.05025120811725392,8.040000098092216,8.716190428960891
2022-05-27,8.5,8.850000381469727,8.434000015258789,8.850000381469727,37064000,0.05861252929611194,8.160000119890485,8.616190456208729
2022-05-31,8.970000267028809,9.100000381469728,8.5600004196167,8.680000305175781,41672300,-0.019209047340822072,8.212857246398926,8.534285727001372
2022-06-01,8.720000267028809,8.979000091552734,8.380000114440918,8.460000038146973,34438100,-0.02534565199238814,8.267142977033343,8.425714311145601
2022-06-02,8.539999961853027,9.390000343322754,8.461000442504883,9.300000190734863,41347000,0.09929079773052574,8.45142868586949,8.36619050162179
2022-06-03,9.039999961853027,9.25,8.859999656677246,8.9399995803833,36632300,-0.03870974225465218,8.650000027247838,8.269047646295457
2022-06-06,9.109999656677246,9.210000038146973,8.779999732971191,8.979999542236328,35101100,0.004474268873658316,8.795714242117745,8.21476191566104
2022-06-07,8.890000343322754,9.140000343322754,8.729999542236328,9.130000114440918,28049400,0.01670385076291825,8.905714307512556,8.19809527624221
2022-06-08,9.18000030517578,9.420000076293944,9.09000015258789,9.18000030517578,29056300,0.005476472081941797,8.952857153756279,8.28000005086263
2022-06-09,9.130000114440918,9.15999984741211,8.670000076293945,8.680000305175781,30527400,-0.054466229126168275,8.952857153756279,8.346190543401809
2022-06-10,8.479999542236328,8.579999923706055,8.140000343322754,8.260000228881836,30225800,-0.04838710386260059,8.924285752432686,8.420000076293945
2022-06-13,7.989999771118164,8.0,7.5,7.639999866485596,40943000,-0.07506057448138481,8.687142848968506,8.434285776955742
2022-06-14,7.735000133514404,7.980000019073486,7.585000038146973,7.820000171661377,30564100,0.02356024978028981,8.527142933436803,8.409523873102097
2022-06-15,7.920000076293945,8.300000190734863,7.815000057220459,8.119999885559082,38235300,0.03836313392739599,8.404285839625768,8.413333393278576
2022-06-16,7.840000152587891,7.985000133514404,7.579999923706055,7.670000076293945,36793500,-0.05541869650336251,8.195714405604772,8.38047627040318
2022-06-17,7.699999809265137,8.329999923706055,7.690000057220459,8.239999771118164,45518000,0.07431547446602327,8.061428615025111,8.391428629557291
2022-06-21,8.59000015258789,9.050000190734863,8.5600004196167,8.710000038146973,48887600,0.057038868942229426,8.065714291163854,8.410476230439686
2022-06-22,8.520000457763672,9.28499984741211,8.449999809265137,9.010000228881836,43430600,0.03444319051905387,8.17285714830671,8.45476195925758
2022-06-23,9.020000457763672,9.5,8.84000015258789,9.460000038146973,44618000,0.04994448366634319,8.432857172829765,8.523809569222587
2022-06-24,9.529999732971191,10.199999809265137,9.479999542236328,10.1899995803833,67826000,0.07716697032691777,8.771428516932897,8.649523825872512
2022-06-27,10.149999618530272,10.15999984741211,9.510000228881836,9.619999885559082,44768000,-0.05593716568168672,8.98571423121861,8.728571437654042
2022-06-28,9.56999969482422,9.880000114440918,9.1899995803833,9.3100004196167,45589000,-0.03222447709253451,9.219999994550433,8.773809569222587
2022-06-29,9.350000381469728,9.420000076293944,9.06999969482422,9.229999542236328,40408700,-0.008593004701890727,9.361428533281599,8.79190476735433
2022-06-30,9.020000457763672,9.1899995803833,8.720000267028809,9.06999969482422,33636400,-0.017334762226146494,9.412857055664062,8.810476166861397
2022-07-01,9.109999656677246,9.43000030517578,9.031000137329102,9.270000457763672,33504400,0.022050801507036644,9.449999945504326,8.849047615414573
2022-07-05,9.140000343322754,10.100000381469728,9.0,10.06999969482422,55854800,0.08629980556155692,9.537142753601074,8.885714258466448
2022-07-06,10.010000228881836,10.3100004196167,9.739999771118164,9.800000190734863,54604300,-0.026812265369593913,9.48142855507987,8.92666666848319
2022-07-07,9.760000228881836,10.279999732971191,9.75,10.18000030517578,35672500,0.038775521127048185,9.561428615025111,8.983809561956496
2022-07-08,9.920000076293944,10.380000114440918,9.829999923706056,10.170000076293944,36737100,-0.000982340725152242,9.684285708836146,9.033333369663783
2022-07-11,9.979999542236328,9.994000434875488,9.529999732971191,9.5600004196167,34015100,-0.05998030010827049,9.731428691319056,9.05142861320859
2022-07-12,9.65999984741211,9.960000038146973,9.270000457763672,9.489999771118164,42765800,-0.007322243245397431,9.791428702218193,9.090000016348702
2022-07-13,9.220000267028809,9.550000190734863,9.050000190734863,9.279999732971191,32461300,-0.0221285609285351,9.79285717010498,9.138571421305338
2022-07-14,9.229999542236328,9.279999732971191,8.850000381469727,8.899999618530273,26702100,-0.04094828937233741,9.625714302062988,9.198571409497942
2022-07-15,9.010000228881836,9.119999885559082,8.649999618530273,9.039999961853027,34918100,0.01573037632847374,9.517142840794154,9.256666637602306
2022-07-18,9.25,9.449999809265137,9.005000114440918,9.029999732971191,32428400,-0.0011062200137206268,9.352857044764928,9.29999996366955
2022-07-19,9.149999618530272,9.369999885559082,8.890000343322754,9.34000015258789,29033800,0.03433005855856197,9.234285627092634,9.379523776826405
2022-07-20,9.4399995803833,10.199999809265137,9.4399995803833,10.109999656677246,40845200,0.08244105904816368,9.312856946672712,9.468571390424456
2022-07-21,10.369999885559082,10.760000228881836,10.220000267028809,10.489999771118164,51691200,0.03758656056827303,9.455714089529854,9.553333282470703
2022-07-22,10.350000381469728,10.56999969482422,9.729999542236328,9.84000015258789,38915500,-0.061963740010738566,9.535714149475098,9.592857088361468
2022-07-25,9.829999923706056,9.850000381469728,9.520000457763672,9.68000030517578,21485000,-0.016260146842582257,9.647142818995885,9.603333291553316
2022-07-26,9.65999984741211,9.65999984741211,9.380000114440918,9.399999618530272,21997800,-0.028925689857240533,9.698571341378349,9.56571424575079
2022-07-27,9.670000076293944,10.029999732971191,9.5,10.020000457763672,29810900,0.06595753876534083,9.840000016348702,9.584761892046247
2022-07-28,10.029999732971191,10.199999809265137,9.739999771118164,10.130000114440918,27172900,0.010978009146897394,9.952857153756279,9.623809496561686
2022-07-29,10.010000228881836,10.350000381469728,9.920000076293944,10.350000381469728,31106600,0.021717696401126974,9.987142971583776,9.677142869858514
2022-08-01,10.25,10.699999809265137,10.121999740600586,10.470000267028809,31694700,0.011594191414130206,9.98428589957101,9.743809563773018
2022-08-02,10.31999969482422,11.229999542236328,10.260000228881836,10.920000076293944,40958800,0.042979923379967255,10.138571602957589,9.822380974179222
2022-08-03,11.079999923706056,11.34000015258789,11.039999961853027,11.199999809265137,35796500,0.025641001008694042,10.355714389256068,9.876190503438314
2022-08-04,11.1899995803833,11.40999984741211,11.029999732971191,11.31999969482422,32093400,0.010714275678809893,10.630000114440918,9.948571432204474
2022-08-05,11.010000228881836,11.619999885559082,10.850000381469728,11.449999809265137,50264800,0.011484109359150896,10.834285736083984,10.009047599065871
2022-08-08,9.770000457763672,10.399999618530272,9.710000038146973,9.81999969482422,125272600,-0.14235809096887053,10.789999961853027,9.99238091423398
2022-08-09,9.539999961853027,9.56999969482422,9.010000228881836,9.25,58788900,-0.05804477724420376,10.632857050214495,9.977618989490328
2022-08-10,9.510000228881836,9.65999984741211,9.31999969482422,9.59000015258789,46054900,0.036756773252744956,10.507142748151507,9.982380912417458
2022-08-11,9.760000228881836,10.050000190734863,9.399999618530272,9.420000076293944,44790900,-0.017726806422215913,10.292857033865792,9.989047595432826
2022-08-12,9.550000190734863,9.970000267028809,9.420000076293944,9.90999984741211,30638200,0.052016960419276836,10.108571325029645,10.0371428444272
2022-08-15,9.81999969482422,10.100000381469728,9.760000228881836,9.90999984741211,33263400,0.0,9.907142775399345,10.078571410406203
2022-08-16,9.850000381469728,9.880000114440918,9.359999656677246,9.739999771118164,40603900,-0.017154397468365112,9.662857055664062,10.112380936032249
2022-08-17,9.5600004196167,9.619000434875488,9.329999923706056,9.43000030517578,33933600,-0.03182746131695202,9.607142857142858,10.116666657584053
2022-08-18,9.420000076293944,9.470000267028809,9.119999885559082,9.149999618530272,26365600,-0.029692542691841295,9.592857088361468,10.070952370053245
2022-08-19,9.0,9.010000228881836,8.479999542236328,8.510000228881836,40560200,-0.0699452914022346,9.438571384974889,9.976666677565802
2022-08-22,8.319999694824219,8.399999618530273,8.0600004196167,8.069999694824219,37824900,-0.05170393915670091,9.24571418762207,9.892380941481818
2022-08-23,8.100000381469727,8.279999732971191,8.0,8.010000228881836,25658500,-0.007434878340932816,8.974285670689174,9.812857128324962
2022-08-24,8.039999961853027,8.359999656677246,7.980000019073486,8.100000381469727,26576400,0.011235973784791575,8.71571431841169,9.75095240275065
2022-08-25,8.220000267028809,8.430000305175781,8.050000190734863,8.420000076293945,25635600,0.03950613330294139,8.527142933436801,9.67476190839495
2022-08-26,8.420000076293945,8.430000305175781,7.929999828338623,7.940000057220459,34150400,-0.05700712763945226,8.31428575515747,9.570476191384452
2022-08-29,7.820000171661377,7.998000144958496,7.760000228881836,7.809999942779541,28566200,-0.016372810264994708,8.122857230050224,9.449523789542061
2022-08-30,7.929999828338623,7.974999904632568,7.679999828338623,7.789999961853027,27189200,-0.0025608170388021767,8.020000049046107,9.321904727390834
2022-08-31,7.949999809265137,8.0,7.699999809265137,7.71999979019165,28691500,-0.008985901412601027,7.970000062670026,9.169523761385964
2022-09-01,7.610000133514404,7.619999885559082,7.21999979019165,7.489999771118164,39079700,-0.029792749394333407,7.895714282989502,8.992857092902774
2022-09-02,7.670000076293945,7.670000076293945,7.349999904632568,7.400000095367432,25965000,-0.012015978438046915,7.795714242117746,8.806190445309593
2022-09-06,7.449999809265137,7.460000038146973,7.170000076293945,7.28000020980835,30429400,-0.016216200542241155,7.632857118334089,8.607619035811652
2022-09-07,7.269999980926514,7.429999828338623,7.179999828338623,7.389999866485596,30330000,0.015109842514708038,7.554285662514823,8.491904758271717
2022-09-08,7.329999923706055,7.53000020980835,7.269999980926514,7.53000020980835,26303600,0.01894456642112674,7.514285700661795,8.410000006357828
2022-09-09,7.679999828338623,7.820000171661377,7.639999866485596,7.789999961853027,27822300,0.034528518565777766,7.514285700661795,8.32428571156093
2022-09-12,7.860000133514404,8.029999732971191,7.820000171661377,8.010000228881836,30544800,0.028241369461634358,7.555714334760394,8.257142861684164
2022-09-13,7.630000114440918,7.659999847412109,7.449999809265137,7.480000019073486,29770700,-0.06616731518899543,7.554285798754011,8.14142858414423
2022-09-14,7.449999809265137,7.630000114440918,7.329999923706055,7.630000114440918,29422500,0.020053488634350414,7.5871429443359375,8.032857168288459
2022-09-15,7.46999979019165,8.100000381469727,7.449999809265137,8.010000228881836,51700600,0.049803421853390484,7.6914286613464355,7.950476237705776
2022-09-16,7.75,7.929999828338623,7.639999866485596,7.78000020980835,42155500,-0.028714108926510384,7.747142996106829,7.871904804593041
2022-09-19,7.639999866485596,7.860000133514404,7.579999923706055,7.860000133514404,29238800,0.01028276626589264,7.794285842350551,7.810476257687523
2022-09-20,7.78000020980835,7.914999961853027,7.599999904632568,7.619999885559082,30349600,-0.030534382172842545,7.770000117165702,7.768095288957868
2022-09-21,7.71999979019165,8.069999694824219,7.65500020980835,7.690000057220459,36814500,0.009186374371741968,7.724285806928362,7.750000068119594
2022-09-22,7.739999771118164,7.739999771118164,7.239999771118164,7.369999885559082,49138300,-0.04161250575816522,7.7085715021405905,7.719523861294701
2022-09-23,7.199999809265137,7.420000076293945,7.130000114440918,7.400000095367432,34197300,0.004070584840460079,7.675714356558664,7.686190514337449
2022-09-26,7.349999904632568,7.829999923706055,7.349999904632568,7.53000020980835,45429800,0.017567582806154336,7.607142925262451,7.6438095683143255
2022-09-27,7.690000057220459,7.835000038146973,7.460000038146973,7.630000114440918,31794700,0.013280199448375996,7.585714340209961,7.629047666277204
2022-09-28,7.630000114440918,8.0,7.619999885559082,7.940000057220459,31955900,0.04062908756617434,7.597142900739398,7.6352381479172475
2022-09-29,8.050000190734863,8.329999923706055,7.78000020980835,8.079999923706055,57845800,0.017632224871117375,7.66285719190325,7.649047669910249
2022-09-30,8.010000228881836,8.5,7.97100019454956,8.130000114440918,47454800,0.006188142476111436,7.725714342934745,7.6685714948745005
2022-10-03,8.145000457763672,8.300000190734863,7.96999979019165,8.239999771118164,35524000,0.013530092881777422,7.850000040871756,7.704285780588786
2022-10-04,8.479999542236328,8.609999656677246,8.34000015258789,8.460000038146973,36313300,0.026699062274240237,8.001428604125977,7.754761968340192
2022-10-05,8.260000228881836,8.484999656677246,8.074999809265137,8.420000076293945,37790200,-0.004728127857288822,8.128571442195348,7.809047676268078
2022-10-06,8.399999618530273,8.600000381469727,8.3149995803833,8.470000267028809,27653400,0.005938264879074673,8.248571463993617,7.860476266770136
2022-10-07,8.260000228881836,8.279999732971191,8.109999656677246,8.149999618530273,29550500,-0.03778047678985352,8.27857140132359,7.890000048137846
2022-10-10,8.170000076293945,8.180000305175781,7.880000114440918,8.0600004196167,26923300,-0.011042847009335666,8.275714329310826,7.9028572127932595
2022-10-11,7.989999771118164,8.295000076293945,7.699999809265137,8.039999961853027,40775800,-0.0024814462434759044,8.262857164655413,7.904285771506173
2022-10-12,8.0600004196167,8.100000381469727,7.820000171661377,8.069999694824219,30201600,0.003731310088747497,8.238571439470563,7.93238099416097
2022-10-13,7.739999771118164,8.199999809265137,7.565000057220459,8.079999923706055,36040900,0.001239185781908958,8.184285708836146,7.953809556506929
2022-10-14,8.229999542236328,8.3100004196167,7.53000020980835,7.53000020980835,37430100,-0.06806927216472503,8.057142870766777,7.930952412741525
2022-10-17,7.710000038146973,8.0600004196167,7.690000057220459,7.940000057220459,31751700,0.05444884940083483,7.9814285550798685,7.938571453094482
2022-10-18,8.149999618530273,8.329999923706055,8.039999961853027,8.15999984741211,37120400,0.027707781940327303,7.982857159205845,7.952857153756278
2022-10-19,8.0600004196167,8.125,7.84499979019165,7.909999847412109,26594000,-0.03063725547486207,7.961428506033761,7.966666675749279
2022-10-20,7.730000019073486,8.260000228881836,7.730000019073486,8.039999961853027,26689500,0.01643490732600328,7.961428506033761,7.983333337874639
2022-10-21,7.929999828338623,8.319999694824219,7.809999942779541,8.289999961853027,30705700,0.03109452751071662,7.992857115609305,8.027142865317208
2022-10-24,8.300000190734863,8.300000190734863,8.010000228881836,8.270000457763672,28062200,-0.00241248542598127,8.020000049046107,8.068571454002743
2022-10-25,8.359999656677246,8.65999984741211,8.359999656677246,8.65999984741211,31001500,0.04715832745599369,8.181428568703788,8.122380960555304
2022-10-26,8.479999542236328,9.050000190734863,8.390000343322754,8.569999694824219,33530900,-0.010392627502734397,8.271428516932897,8.16714284533546
2022-10-27,8.680000305175781,8.779999732971191,8.460000038146973,8.600000381469727,28940800,0.0035006636772259014,8.334285736083984,8.198571432204474
2022-10-28,8.550000190734863,8.65999984741211,8.364999771118164,8.640000343322754,20697400,0.004651158148692103,8.438571521214076,8.225238118852888
2022-10-31,8.59000015258789,8.829999923706055,8.430000305175781,8.789999961853027,31376100,0.0173610662696555,8.545714378356934,8.25666668301537
2022-11-01,8.989999771118164,9.0600004196167,8.5600004196167,8.649999618530273,29800000,-0.015927229116078467,8.597142900739398,8.276190485273089
2022-11-02,8.699999809265137,8.760000228881836,8.199999809265137,8.220000267028809,36042600,-0.04971090988030891,8.590000016348702,8.264761924743652
2022-11-03,8.069999694824219,8.300000190734863,7.869999885559082,8.079999923706055,36419500,-0.017031671383796465,8.507142884390694,8.248571441287087
2022-11-04,8.1899995803833,8.199999809265137,7.650000095367432,7.929999828338623,64338900,-0.018564368413834242,8.41571433203561,8.222857134682792
2022-11-07,7.78000020980835,7.849999904632568,6.889999866485596,7.019999980926514,99332800,-0.11475408160289446,8.189999989100865,8.169047628130231
2022-11-08,7.079999923706055,7.420000076293945,6.909999847412109,7.210000038146973,56353900,0.02706553529012723,7.98571423121861,8.128571419488816
2022-11-09,7.119999885559082,7.184999942779541,6.949999809265137,6.980000019073486,42517300,-0.031900141172897745,7.727142810821533,8.078095231737409
2022-11-10,7.460000038146973,7.96999979019165,7.429999828338623,7.639999866485596,58579800,0.09455585180638959,7.582857131958008,8.05761904943557
2022-11-11,7.480000019073486,8.420000076293945,7.375,8.40999984741211,55324100,0.10078533957890157,7.609999929155622,8.07333333151681
2022-11-14,8.180000305175781,8.319999694824219,7.953000068664551,8.100000381469727,37402700,-0.03686081707097466,7.612857137407575,8.10047619683402
2022-11-15,8.449999809265137,8.470000267028809,8.154999732971191,8.34000015258789,34454100,0.029629599977206045,7.6714286123003275,8.119523820422945
2022-11-16,8.180000305175781,8.239999771118164,8.0,8.0600004196167,28436000,-0.033573108854717204,7.8200001035417825,8.114761942908878
2022-11-17,7.829999923706055,7.880000114440918,7.525000095367432,7.619999885559082,33746500,-0.054590634137776095,7.878571510314941,8.100952420915876
2022-11-18,7.760000228881836,7.789999961853027,7.309999942779541,7.389999866485596,27245200,-0.030183729990517105,7.9371429170881,8.070000035422188
2022-11-21,7.309999942779541,7.320000171661377,7.070000171661377,7.190000057220459,36605600,-0.027063574137823232,7.872857230050223,8.017619087582542
2022-11-22,7.179999828338623,7.25,6.980000019073486,7.21999979019165,27327800,0.004172424580312084,7.702857221875872,7.967619055793399
2022-11-23,7.25,7.420000076293945,7.119999885559082,7.369999885559082,24182900,0.020775637081209553,7.59857143674578,7.90619048618135
2022-11-25,7.320000171661377,7.339000225067139,7.190000057220459,7.28000020980835,10824400,-0.012211625121878122,7.4471428734915595,7.844761939275832
2022-11-28,7.230000019073486,7.400000095367432,7.150000095367432,7.159999847412109,19438000,-0.016483565788166232,7.318571363176618,7.776190485273089
2022-11-29,7.199999809265137,7.300000190734863,7.050000190734863,7.079999923706055,22150800,-0.01117317394007622,7.241428511483329,7.701904751005626
2022-11-30,7.139999866485596,7.510000228881836,7.0329999923706055,7.5,32745700,0.05932204531353924,7.2571428162711005,7.640476181393578
2022-12-01,7.510000228881836,7.880000114440918,7.46999979019165,7.860000133514404,34424400,0.04800001780192065,7.3528571128845215,7.602857158297584
2022-12-02,7.614999771118164,7.760000228881836,7.5,7.659999847412109,18794000,-0.025445328588419525,7.415714263916016,7.57619047164917
2022-12-05,7.619999885559082,7.695000171661377,7.105000019073486,7.190000057220459,32158200,-0.061357676181995946,7.390000002724784,7.533809525626046
2022-12-06,7.190000057220459,7.195000171661377,6.880000114440918,6.989999771118164,32868100,-0.0278164512532163,7.348571368626186,7.489047618139358
2022-12-07,7.079999923706055,7.349999904632568,7.019999980926514,7.070000171661377,28351600,0.011444978993241817,7.3357142720903665,7.491428579602923
2022-12-08,7.099999904632568,7.269999980926514,6.940000057220459,7.119999885559082,23107700,0.007072095146209323,7.341428552355085,7.487142858051119
2022-12-09,7.059999942779541,7.190000057220459,7.03000020980835,7.110000133514404,23367300,-0.0014044595794108217,7.285714285714286,7.493333339691162
2022-12-12,7.110000133514404,7.309999942779541,7.090000152587891,7.289999961853027,22672400,0.025316431077146984,7.204285689762661,7.4766666775658015
2022-12-13,7.730000019073486,7.96999979019165,7.489999771118164,7.5,41033800,0.028806589745659306,7.1814285687037875,7.4333333514985585
2022-12-14,7.5,7.599999904632568,7.264999866485596,7.349999904632568,22653800,-0.020000012715657545,7.204285689762661,7.397619043077741
2022-12-15,7.170000076293945,7.297999858856201,7.010000228881836,7.010000228881836,25417100,-0.04625845988602484,7.207142898014614,7.334285713377453
2022-12-16,7.019999980926514,7.079999923706055,6.760000228881836,6.900000095367432,32655600,-0.0156918872928411,7.182857172829764,7.279047602698917
2022-12-19,6.800000190734863,6.829999923706055,6.320000171661377,6.349999904632568,41511600,-0.07971017146856652,7.072857175554548,7.218571413130987
2022-12-20,6.289999961853027,6.539999961853027,6.199999809265137,6.309999942779541,30215600,-0.006299206685632552,6.958571434020996,7.16714284533546
2022-12-21,6.239999771118164,6.519999980926514,6.039999961853027,6.5,34408600,0.030110944365042913,6.845714296613421,7.134285699753534
2022-12-22,6.369999885559082,6.380000114440918,6.179999828338623,6.320000171661377,28066000,-0.02769228128286505,6.677142892565046,7.091428575061617
2022-12-23,6.269999980926514,6.300000190734863,6.070000171661377,6.289999961853027,20419000,-0.004746868511629088,6.5257143293108255,7.04000000726609
2022-12-27,6.150000095367432,6.21999979019165,5.920000076293945,6.0,34573300,-0.04610492267278066,6.381428582327707,6.979047616322835
2022-12-28,5.980000019073486,6.170000076293945,5.949999809265137,6.070000171661377,30096800,0.011666695276896233,6.262857164655413,6.927142869858515
2022-12-29,6.099999904632568,6.525000095367432,6.099999904632568,6.400000095367432,42694200,0.05436571900717646,6.270000049046108,6.894761925651913
2022-12-30,6.190000057220459,6.420000076293945,6.190000057220459,6.420000076293945,27830900,0.003124996973201677,6.28571435383388,6.8433333578563875
2023-01-03,6.579999923706055,6.639999866485596,6.275000095367432,6.389999866485596,29969900,-0.004672929821157856,6.270000049046108,6.773333345140729
2023-01-04,6.480000019073486,6.675000190734863,6.369999885559082,6.579999923706055,31660500,0.029733968887382112,6.307142870766776,6.721904777345204
2023-01-05,6.449999809265137,6.489999771118164,6.25,6.320000171661377,34186000,-0.03951364058652418,6.311428615025112,6.6804762113662
2023-01-06,6.400000095367432,6.449999809265137,6.090000152587891,6.400000095367432,30596400,0.012658215432457043,6.368571485791888,6.6523809887114025
2023-01-09,6.489999771118164,6.670000076293945,6.400000095367432,6.5,31028900,0.015624984866008385,6.430000032697405,6.625238123394194
2023-01-10,6.5,6.71999979019165,6.489999771118164,6.699999809265137,28236600,0.030769201425405734,6.4728571346827914,6.605238119761149
2023-01-11,6.840000152587891,6.989999771118164,6.760000228881836,6.980000019073486,25936700,0.04179107728050213,6.5528571265084405,6.599047638121105
2023-01-12,7.010000228881836,7.050000190734863,6.78000020980835,7.010000228881836,30152500,0.004298024316099047,6.64142860685076,6.585714317503429
2023-01-13,6.840000152587891,7.010000228881836,6.809999942779541,6.960000038146973,20981000,-0.007132694593768751,6.695714337485177,6.560000033605666
2023-01-17,6.989999771118164,7.150000095367432,6.730000019073486,7.070000171661377,30910300,0.015804616797630233,6.802857194628034,6.5466667129879905
2023-01-18,7.15500020980835,7.300000190734863,6.880000114440918,6.900000095367432,32743400,-0.02404527187642158,6.874285766056606,6.5414286113920665
2023-01-19,6.800000190734863,6.894999980926514,6.670000076293945,6.730000019073486,24841700,-0.02463769187598719,6.907142911638532,6.533333369663784
2023-01-20,6.760000228881836,7.059999942779541,6.71999979019165,7.019999980926514,28751700,0.043090633139842405,6.952857221875872,6.56523813520159
2023-01-23,7.03000020980835,7.409999847412109,6.991000175476074,7.380000114440918,31633300,0.05128207044053168,7.010000092642648,6.6161905243283226
2023-01-24,7.0,7.420000076293945,7.0,7.019999980926514,22649500,-0.04878050513982635,7.01142862864903,6.640952428181966
2023-01-25,6.920000076293945,7.269999980926514,6.690000057220459,7.21999979019165,37147900,0.028490001397228015,7.048571450369699,6.683809552873884
2023-01-26,7.369999885559082,7.449999809265137,7.039999961853027,7.239999771118164,28005600,0.0027700805412327334,7.072857107434954,6.729047639029367
2023-01-27,7.190000057220459,7.730000019073486,7.139999866485596,7.550000190734863,37555200,0.04281773886973794,7.165714263916016,6.802857171921503
2023-01-30,7.5,7.610000133514404,7.360000133514404,7.369999885559082,28567800,-0.02384109942098711,7.2571428162711005,6.864761920202346
2023-01-31,7.409999847412109,7.820000171661377,7.380000114440918,7.78000020980835,40984000,0.05563098108761566,7.365714277539935,6.9304762113662
2023-02-01,7.730000019073486,8.220000267028809,7.679999828338623,8.199999809265137,50123700,0.05398452289593614,7.4828570910862515,7.015238103412447
2023-02-02,8.510000228881836,9.210000038146973,8.470000267028809,8.989999771118164,71889700,0.09634146100350027,7.764285632542202,7.139047622680664
2023-02-03,8.539999961853027,8.899999618530273,8.373000144958496,8.40999984741211,64785500,-0.0645161221882784,7.934285640716553,7.226190476190476
2023-02-06,8.3100004196167,8.53499984741211,8.239999771118164,8.3100004196167,38845500,-0.011890538598069211,8.087142876216344,7.320952392759777
2023-02-07,8.329999923706055,8.40999984741211,8.0600004196167,8.329999923706055,42201800,0.0024066790709353914,8.198571409497942,7.412857146490188
2023-02-08,8.25,8.569999694824219,8.170000076293945,8.220000267028809,35105500,-0.013205241018574565,8.320000035422188,7.494761921110607
2023-02-09,8.34000015258789,8.430000305175781,7.940000057220459,7.949999809265137,33366700,-0.032846769950442556,8.344285692487444,7.554285730634417
2023-02-10,7.789999961853027,7.860000133514404,7.460000038146973,7.510000228881836,43042400,-0.05534586049555801,8.24571432386126,7.579523835863386
2023-02-13,7.579999923706055,7.775000095367432,7.449999809265137,7.610000133514404,87397100,0.013315566123152767,8.048571518489293,7.608095259893508
2023-02-14,8.59000015258789,9.295000076293944,8.229999542236328,9.220000267028809,216055200,0.21156374576446746,8.164285864148821,7.715714318411691
2023-02-15,9.15999984741211,10.229999542236328,9.109999656677246,10.109999656677246,153210400,0.09652921517053747,8.421428612300328,7.860476198650542
2023-02-16,9.649999618530272,10.3100004196167,9.600000381469728,9.710000038146973,88638800,-0.03956475095091516,8.618571485791888,7.994285719735282
2023-02-17,9.56999969482422,9.710000038146973,9.085000038146973,9.199999809265137,62137800,-0.05252319535306227,8.758571420397077,8.111904757363456
2023-02-21,9.010000228881836,9.100000381469728,8.399999618530273,8.470000267028809,65226600,-0.07934777797507775,8.832857200077601,8.180952390034994
2023-02-22,8.479999542236328,8.625,8.15999984741211,8.359999656677246,55346000,-0.0129870846379736,8.95428568976266,8.22761903490339
2023-02-23,8.420000076293945,8.479999542236328,7.909999847412109,8.170000076293945,60015500,-0.02272722346723366,9.03428568158831,8.2823809442066
2023-02-24,7.940000057220459,8.199999809265137,7.869999885559082,8.09000015258789,41518600,-0.009791912234882627,8.872857093811035,8.323809532892136
2023-02-27,8.119999885559082,8.229999542236328,7.960000038146973,8.029999732971191,35270000,-0.007416615387517145,8.575714247567314,8.361428578694662
2023-02-28,7.960000038146973,8.097000122070312,7.800000190734863,7.840000152587891,32937000,-0.02366121876731353,8.308571406773158,8.375238100687662
2023-03-01,7.829999923706055,7.909999847412109,7.690000057220459,7.690000057220459,27939100,-0.01913266485306364,8.092857156481061,8.390476204100109
2023-03-02,7.590000152587891,8.029999732971191,7.559999942779541,7.96999979019165,36538700,0.03641088828189121,8.021428516932897,8.39952380316598
2023-03-03,8.0,8.5,8.0,8.329999923706055,43229100,0.04516940313567397,8.017142840794154,8.405714284806024
2023-03-06,8.34000015258789,8.449999809265137,8.199999809265137,8.279999732971191,28316200,-0.006002423912702559,8.032857077462333,8.371904759179978
2023-03-07,8.274999618530273,8.425000190734863,8.1899995803833,8.279999732971191,26819600,0.0,8.059999874659947,8.365714277539935
2023-03-08,8.359999656677246,8.579999923706055,8.0600004196167,8.130000114440918,38723600,-0.018115896541997523,8.074285643441337,8.357142834436326
2023-03-09,8.069999694824219,8.260000228881836,7.679999828338623,7.690000057220459,29005900,-0.05412054748177786,8.052857058388847,8.326666650317964
2023-03-10,7.590000152587891,7.679999828338623,7.28000020980835,7.349999904632568,41953600,-0.04421328349258602,8.004285608019147,8.285238061632429
2023-03-13,7.289999961853027,8.149999618530273,7.190000057220459,7.869999885559082,63183500,0.07074829764266632,7.989999907357352,8.28142854145595
2023-03-14,8.050000190734863,8.140000343322754,7.78000020980835,7.889999866485596,33460100,0.002541293674376277,7.927142756325858,8.299523762294225
2023-03-15,7.809999942779541,7.989999771118164,7.699999809265137,7.900000095367432,28217400,0.0012674561534928852,7.872857093811035,8.313333284287225
2023-03-16,8.010000228881836,8.079999923706055,7.860000133514404,7.980000019073486,20255400,0.010126572498773356,7.829999991825649,8.25428565343221
2023-03-17,7.929999828338623,8.029999732971191,7.840000152587891,7.880000114440918,20920800,-0.012531316340044119,7.794285706111363,8.148095199040004
2023-03-20,7.764999866485596,8.095000267028809,7.71999979019165,8.079999923706055,25497400,0.0253806860863639,7.849999972752163,8.070476145971389
2023-03-21,8.199999809265137,8.510000228881836,8.170000076293945,8.449999809265137,27104500,0.04579206547682424,8.0071428162711,8.034761860257102
2023-03-22,8.4399995803833,8.619999885559082,8.199999809265137,8.210000038146973,34151000,-0.028402340418400063,8.0557142666408,8.022380896977015
2023-03-23,8.319999694824219,8.5600004196167,8.15999984741211,8.329999923706055,22662200,0.014616307551950536,8.118571417672294,8.020952338264102
2023-03-24,8.289999961853027,8.350000381469727,8.0600004196167,8.199999809265137,17901200,-0.01560625637834101,8.16142851965768,8.022380896977015
2023-03-27,8.149999618530273,8.319999694824219,7.940000057220459,8.039999961853027,20666800,-0.019512176967531936,8.169999940054756,8.01999993551345
2023-03-28,8.0600004196167,8.119999885559082,7.96999979019165,8.0,14860500,-0.004975119657066318,8.187142780848912,8.018571376800537
2023-03-29,8.09000015258789,8.25,8.050999641418457,8.220000267028809,15339700,0.027500033378601074,8.20714282989502,8.036666620345343
2023-03-30,8.329999923706055,8.380000114440918,8.050000190734863,8.149999618530273,21001600,-0.008515893701283028,8.164285659790039,8.058571361360096
2023-03-31,8.149999618530273,8.479999542236328,8.079999923706055,8.449999809265137,26174800,0.036809841076896,8.198571341378349,8.0814285051255
2023-04-03,8.369999885559082,8.529999732971191,8.210000038146973,8.380000114440918,22512000,-0.008283987740149601,8.205714225769043,8.083809466589065
2023-04-04,8.529999732971191,8.539999961853027,8.229999542236328,8.350000381469727,23961200,-0.003579920353401156,8.227142878941127,8.08714283080328
2023-04-05,8.630000114440918,8.649999618530273,7.840000152587891,7.980000019073486,54946900,-0.044311418621889254,8.21857145854405,8.072857130141486
2023-04-06,7.880000114440918,8.140000343322754,7.789999961853027,8.09000015258789,23488600,0.013784477851063404,8.231428623199463,8.070952370053245
2023-04-10,8.0,8.4399995803833,7.900000095367432,8.390000343322754,29184700,0.03708284117138083,8.255714348384313,8.104285717010498
2023-04-11,8.350000381469727,8.789999961853027,8.34000015258789,8.609999656677246,35617900,0.02622160957711772,8.321428639548165,8.164285705203103
2023-04-12,8.75,8.774999618530273,8.300000190734863,8.329999923706055,28771300,-0.03252029548619617,8.30428579875401,8.186190468924385
2023-04-13,8.5,8.699999809265137,8.430000305175781,8.579999923706055,27983300,0.03001200507679891,8.332857200077601,8.219047614506312
2023-04-14,8.529999732971191,8.90999984741211,8.470000267028809,8.8100004196167,42364500,0.026806584843336312,8.398571491241455,8.262380963280087
2023-04-17,8.8100004196167,9.039999961853027,8.779999732971191,8.800000190734863,26047500,-0.0011350997055084022,8.515714372907366,8.301428590502058
2023-04-18,8.930000305175781,9.020000457763672,8.720000267028809,8.729999542236328,21185300,-0.007954618975149041,8.607142857142858,8.341904753730411
2023-04-19,8.579999923706055,8.657999992370605,8.479999542236328,8.489999771118164,18193700,-0.027491384158387255,8.621428489685059,8.36142855598813
2023-04-20,8.289999961853027,8.5,8.130000114440918,8.149999618530273,23573000,-0.04004713330435239,8.555714198521205,8.347142832619804
2023-04-21,8.140000343322754,8.220000267028809,8.09000015258789,8.180000305175781,14896700,0.0036810660183710375,8.53428568158831,8.34571427390689
2023-04-24,8.15999984741211,8.25,7.940000057220459,8.100000381469727,20439300,-0.009779941408490589,8.46571431841169,8.334761914752779
2023-04-25,8.0,8.020000457763672,7.730000019073486,7.739999771118164,21849100,-0.04444451770337343,8.3128570829119,8.312857151031494
2023-04-26,7.869999885559082,7.909999847412109,7.650000095367432,7.739999771118164,21396700,0.0,8.161428451538086,8.298571427663168
2023-04-27,7.829999923706055,7.909999847412109,7.71999979019165,7.820000171661377,21385500,0.010335969368078679,8.03142854145595,8.29000000726609
2023-04-28,7.769999980926514,8.0,7.619999885559082,7.75,24924400,-0.00895142840470109,7.925714288439069,8.26761904216948
2023-05-01,7.75,7.820000171661377,7.659999847412109,7.78000020980835,19134200,0.003870994813980566,7.872857230050223,8.250000022706532
2023-05-02,7.71999979019165,7.909999847412109,7.429999828338623,7.590000152587891,38008000,-0.02442160052655573,7.788571493966239,8.209047658102852
2023-05-03,7.619999885559082,7.679999828338623,7.449999809265137,7.559999942779541,24322400,-0.0039525967332320056,7.711428574153355,8.170000030880882
2023-05-04,7.46999979019165,7.519999980926514,7.28000020980835,7.380000114440918,29989300,-0.023809501283202916,7.660000051770892,8.12380954197475
2023-05-05,7.440000057220459,7.550000190734863,7.320000171661377,7.409999847412109,45848800,0.0040650044046055545,7.6128572055271695,8.09666667665754
2023-05-08,7.639999866485596,7.855000019073486,7.590000152587891,7.739999771118164,105304000,0.04453440357644611,7.601428576878139,8.079999991825648
2023-05-09,9.220000267028809,9.6899995803833,8.654999732971191,9.550000190734863,223573300,0.23385019032826349,7.858571461268833,8.135238079797654
2023-05-10,9.729999542236328,10.300000190734863,9.460000038146973,9.9399995803833,149375000,0.04083763160830123,8.167142799922399,8.198571409497942
2023-05-11,10.140000343322754,10.159000396728516,9.710000038146973,9.880000114440918,73754100,-0.006036163830508867,8.494285651615687,8.272380942390079
2023-05-12,9.859999656677246,10.010000228881836,9.470000267028809,9.5,62123900,-0.038461549599123734,8.771428516932897,8.316190469832648
2023-05-15,9.210000038146973,9.600000381469728,9.020000457763672,9.520000457763672,53555500,0.0021053113435443027,9.07714285169329,8.349999995458694
2023-05-16,9.399999618530272,9.630000114440918,9.350000381469728,9.470000267028809,42311900,-0.00525212062296565,9.371428625924247,8.3819047609965
2023-05-17,9.539999961853027,10.28499984741211,9.460000038146973,10.25,63834500,0.08236533378851885,9.73000008719308,8.454285735175723
2023-05-18,10.460000038146973,11.8100004196167,10.390000343322754,11.739999771118164,171402300,0.14536583132860148,10.04285717010498,8.609047639937629
2023-05-19,11.970000267028809,12.40999984741211,11.520000457763672,11.710000038146973,150269300,-0.0025553435737702968,10.295714378356934,8.778571469443184
2023-05-22,11.619999885559082,12.104999542236328,11.390000343322754,11.84000015258789,76377100,0.011101632281590446,10.5757143838065,8.952857176462809
2023-05-23,11.949999809265137,13.420000076293944,11.869999885559082,12.640000343322754,148701800,0.06756758280615438,11.024285861424037,9.169047650836763
2023-05-24,12.050000190734863,12.43000030517578,11.81999969482422,12.229999542236328,90496900,-0.03243677135681522,11.411428587777275,9.382857163747152
2023-05-25,13.18000030517578,13.220000267028809,12.34000015258789,12.84000015258789,106557800,0.049877402549765026,11.892857142857142,9.62571432476952
2023-05-26,12.84000015258789,14.19499969482422,12.81999969482422,13.649999618530272,127311200,0.06308406980658221,12.378571374075753,9.90333334604899
2023-05-30,14.4399995803833,15.005000114440918,14.239999771118164,14.710000038146973,159089300,0.07765571056703324,12.80285712650844,10.234761919294085
2023-05-31,14.1899995803833,14.789999961853027,13.81999969482422,14.710000038146973,130392200,0.0,13.23142855507987,10.564761911119733
2023-06-01,14.460000038146973,15.220000267028809,14.199999809265137,14.539999961853027,126015100,-0.011556769262616506,13.617142813546318,10.895714282989502
2023-06-02,14.649999618530272,15.029999732971191,14.15999984741211,14.520000457763672,79487600,-0.0013754817153938115,13.885714258466448,11.227142878941127
2023-06-05,14.364999771118164,15.699999809265137,14.364999771118164,15.239999771118164,109017800,0.049586728006576486,14.315714291163854,11.601428576878138
2023-06-06,15.300000190734863,15.579999923706056,14.920000076293944,15.460000038146973,74284300,0.014435713276435669,14.689999989100865,11.984761919294085
2023-06-07,16.010000228881836,17.15999984741211,14.520000457763672,14.6899995803833,227244100,-0.049805980327537136,14.838571412222725,12.315714291163854
2023-06-08,14.4399995803833,15.59000015258789,14.390000343322754,15.1899995803833,115591600,0.034036760672729205,14.907142775399345,12.58428569067092
2023-06-09,15.359999656677246,15.979999542236328,14.81999969482422,15.020000457763672,94126300,-0.011191515952322262,14.951428549630302,12.826190494355702
2023-06-12,15.4399995803833,16.030000686645508,15.329999923706056,15.649999618530272,89900400,0.041944017414524026,15.109999929155622,13.100952375502814
2023-06-13,16.18000030517578,16.270000457763672,15.163000106811523,16.0,112765900,0.022364242172588478,15.321428435189384,13.410476185026623
2023-06-14,15.93000030517578,16.190000534057617,15.4399995803833,15.90999984741211,70871900,-0.005625009536743164,15.417142731802803,13.714761870247978
2023-06-15,15.65999984741211,16.790000915527344,15.489999771118164,16.600000381469727,91200900,0.043368984329050786,15.579999923706055,14.054285685221354
2023-06-16,16.8700008392334,16.90999984741211,16.010000228881836,16.299999237060547,90696200,-0.018072357681633844,15.809999874659947,14.342380886986142
2023-06-20,15.989999771118164,16.889999389648438,15.579999923706056,15.789999961853027,81335000,-0.031288300556969184,15.895714214869908,14.535238038925897
2023-06-21,15.65999984741211,15.755000114440918,14.369999885559082,14.640000343322754,97885000,-0.0728308816534865,15.841428484235491,14.674761862981887
2023-06-22,14.300000190734863,14.4399995803833,13.859999656677246,14.050000190734863,103461000,-0.040300555925668946,15.612857137407575,14.779999960036506
2023-06-23,13.640000343322754,14.140000343322754,13.5600004196167,14.029999732971191,74851000,-0.0014235201062033909,15.331428527832031,14.84619040716262
2023-06-26,13.869999885559082,14.420000076293944,13.829999923706056,13.9399995803833,50679900,-0.006414836372119481,15.049999918256487,14.927618980407715
2023-06-27,14.220000267028809,14.760000228881836,13.960000038146973,14.609999656677246,55410500,0.0480631346099023,14.76571410042899,15.011904671078636
2023-06-28,14.529999732971191,15.43000030517578,14.46500015258789,15.279999732971191,66001000,0.04585900698414691,14.619999885559082,15.089523724147252
2023-06-29,15.399999618530272,15.56999969482422,15.0600004196167,15.199999809265137,46300900,-0.005235597192677299,14.535714149475098,15.11285704658145
2023-06-30,15.479999542236328,15.800000190734863,15.229999542236328,15.329999923706056,42195300,0.008552639215276825,14.634285518101283,15.142380850655693
2023-07-03,15.489999771118164,15.59000015258789,15.1899995803833,15.520000457763672,26037400,0.012394033594468779,14.844285556248256,15.189047540937151
2023-07-05,15.425000190734863,15.770000457763672,15.229999542236328,15.699999809265137,39179900,0.01159789601754957,15.082856995718819,15.245237986246744
2023-07-06,15.31999969482422,15.383000373840332,14.619999885559082,15.130000114440918,56534000,-0.03630571348719647,15.252857072012764,15.239999907357353
2023-07-07,15.229999542236328,15.899999618530272,15.1899995803833,15.34000015258789,48273300,0.013879711603342004,15.357142857142858,15.234285627092634
2023-07-10,15.369999885559082,16.329999923706055,14.94499969482422,16.299999237060547,62823600,0.06258142600544248,15.502857072012764,15.310952277410598
2023-07-11,16.469999313354492,16.93000030517578,16.149999618530273,16.489999771118164,63236600,0.011656475027656654,15.687142780848912,15.372857048397972
2023-07-12,16.780000686645508,16.940000534057617,16.40999984741211,16.59000015258789,50079400,0.0060643046002264445,15.867142813546318,15.447618938627697
2023-07-13,16.700000762939453,17.260000228881836,16.631000518798828,16.739999771118164,58397800,0.009041568242955877,16.041428429739817,15.499523707798549
2023-07-14,16.760000228881836,17.0,16.270000457763672,16.399999618530273,45115000,-0.020310642606728102,16.14142840249198,15.518571308680944
2023-07-17,16.420000076293945,17.59000015258789,16.31999969482422,17.399999618530273,63505000,0.060975611174411526,16.465714045933314,15.589523678734189
2023-07-18,17.8799991607666,18.1299991607666,17.190000534057617,18.07999992370605,87117600,0.039080478165735455,16.85714258466448,15.65999984741211
2023-07-19,18.020000457763672,18.9950008392334,17.760000228881836,18.049999237060547,89044600,-0.0016593300205808292,17.10714258466448,15.743333180745443
2023-07-20,17.540000915527344,18.0,16.979999542236328,17.1299991607666,62711600,-0.05096953546707006,17.198571068899973,15.807142666407994
2023-07-21,17.469999313354492,17.489999771118164,16.0,16.43000030517578,63375900,-0.040863916514021215,17.1757139478411,15.892380759829567
2023-07-24,16.610000610351562,16.690000534057617,16.1200008392334,16.31999969482422,36133600,-0.006695107018160562,17.115713936941965,16.000475974310014
2023-07-25,16.350000381469727,16.860000610351562,16.350000381469727,16.549999237060547,36612900,0.0140931094691914,17.137142453874862,16.12047595069522
2023-07-26,16.399999618530273,16.690000534057617,16.1299991607666,16.43000030517578,35804800,-0.0072506910825742565,16.998571123395646,16.239047413780575
2023-07-27,16.799999237060547,17.190000534057617,16.0,16.149999618530273,50685200,-0.01704203782377911,16.722856794084823,16.312380745297386
2023-07-28,17.209999084472656,17.969999313354492,16.739999771118164,17.809999465942383,106125600,0.1027863706886687,16.68857111249651,16.43285692305792
2023-07-31,18.81999969482422,19.9950008392334,18.3799991607666,19.84000015258789,142173800,0.1139809515731558,17.075714111328125,16.653809320359002
2023-08-01,19.459999084472656,20.239999771118164,19.229999542236328,19.989999771118164,99336200,0.007560464585516069,17.584285463605607,16.875714074997674
2023-08-02,19.26000022888184,19.6200008392334,18.149999618530277,18.96999931335449,98215800,-0.05102553624024486,17.96285683768136,17.039999734787713
2023-08-03,18.6299991607666,19.299999237060547,18.61000061035156,18.709999084472656,54345900,-0.013705863905793425,18.27142824445452,17.18333303360712
2023-08-04,18.874000549316406,19.07999992370605,18.07999992370605,18.200000762939453,72386000,-0.027258062345735135,18.524285452706472,17.32952354067848
2023-08-07,18.25,18.38999938964844,17.010000228881836,17.989999771118164,133808400,-0.01153851555044505,18.787142617361887,17.45571399870373
2023-08-08,17.489999771118164,17.489999771118164,16.100000381469727,17.040000915527344,143014200,-0.052807052122145426,18.67714282444545,17.490952173868816
2023-08-09,16.760000228881836,16.920000076293945,15.100000381469728,15.25,126230400,-0.10504699644095927,18.021428516932897,17.43190456572033
2023-08-10,15.4399995803833,15.869999885559082,15.25,15.40999984741211,73129100,0.010491793272925154,17.367142813546316,17.375714074997674
2023-08-11,15.050000190734863,15.579999923706056,14.90999984741211,15.40999984741211,56616800,0.0,16.858571461268834,17.312380745297386
2023-08-14,15.199999809265137,15.739999771118164,14.949999809265137,15.720000267028809,47511400,0.02011683469735792,16.43142877306257,17.27999982379732
2023-08-15,15.609999656677246,15.869999885559082,15.289999961853027,15.369999885559082,44000400,-0.02226465493157903,16.027142933436803,17.183333169846307
2023-08-16,15.210000038146973,15.725000381469728,15.119999885559082,15.449999809265137,40394600,0.005204939772395001,15.664285796029228,17.058095069158647
2023-08-17,15.390000343322754,15.437000274658203,14.03499984741211,14.149999618530272,91086700,-0.08414240820606833,15.251428467886786,16.872380801609584
2023-08-18,13.880000114440918,14.600000381469728,13.68000030517578,14.399999618530272,70215200,0.01766784499927554,15.129999841962542,16.742380823407853
2023-08-21,14.420000076293944,14.779999732971191,14.34000015258789,14.5,43206200,0.00694447111936336,14.999999863760811,16.650476046970912
2023-08-22,14.760000228881836,15.130000114440918,14.630000114440918,14.670000076293944,52001800,0.011724143192685776,14.894285610743932,16.57190463656471
2023-08-23,14.5,15.470000267028809,14.420000076293944,15.300000190734863,53523300,0.042944792853748526,14.834285599844796,16.512380872453964
2023-08-24,15.699999809265137,15.710000038146973,13.875,14.140000343322754,93586200,-0.07581698254582792,14.658571379525322,16.403333255222865
2023-08-25,14.140000343322754,14.649999618530272,14.010000228881836,14.529999732971191,55668900,0.02758128572695573,14.527142797197614,16.326190403529576
2023-08-28,14.6899995803833,14.880000114440918,14.5,14.640000343322754,35964700,0.007570585848116096,14.597142900739398,16.175238064357213
2023-08-29,14.600000381469728,15.630000114440918,14.5,15.399999618530272,47213200,0.051912517580926965,14.74000004359654,15.963809467497326
2023-08-30,15.460000038146973,16.350000381469727,15.329999923706056,16.329999923706055,65674100,0.060389631702116864,15.001428604125977,15.789523760477701
2023-08-31,15.600000381469728,15.850000381469728,14.649999618530272,14.979999542236328,101517200,-0.08266995638560581,15.045714242117745,15.599523771376838
2023-09-01,15.15999984741211,15.364999771118164,14.829999923706056,15.18000030517578,45258900,0.013351186184989317,15.02857140132359,15.431428591410317
2023-09-05,15.079999923706056,15.420000076293944,14.899999618530272,15.210000038146973,33818400,0.0019762669544192146,15.181428500584193,15.289047604515437
2023-09-06,15.170000076293944,15.619999885559082,15.079999923706056,15.300000190734863,38738100,0.0059171697805502355,15.291428565979004,15.160952386401945
2023-09-07,14.880000114440918,15.239999771118164,14.289999961853027,15.210000038146973,51798800,-0.005882362840909705,15.372857093811035,15.073809487479071
2023-09-08,15.119999885559082,15.609999656677246,15.085000038146973,15.130000114440918,33862000,-0.0052596925381599435,15.334285736083984,15.068095207214352
2023-09-11,15.40999984741211,16.100000381469727,15.359999656677246,15.789999961853027,55294700,0.04362193274421511,15.257142884390694,15.086190450759158
2023-09-12,15.460000038146973,16.149999618530273,15.43000030517578,15.59000015258789,39497900,-0.01266623240964626,15.344285828726631,15.094761893862767
2023-09-13,15.630000114440918,15.850000381469728,15.420000076293944,15.600000381469728,34354400,0.0006414514935189075,15.404285839625768,15.089047613598051
2023-09-14,15.6899995803833,16.040000915527344,15.470000267028809,15.829999923706056,38572500,0.014743560039237602,15.492857251848493,15.110952377319336
2023-09-15,15.770000457763672,15.899999618530272,15.170000076293944,15.329999923706056,56271200,-0.031585597120011966,15.497142927987236,15.105238097054619
2023-09-18,15.18000030517578,15.630000114440918,15.06999969482422,15.460000038146973,37404100,0.008480111877879892,15.53285721370152,15.167619069417318
2023-09-19,15.34000015258789,15.519000053405762,14.949999809265137,15.149999618530272,37804800,-0.020051773535044393,15.535714285714286,15.203333355131603
2023-09-20,15.25,15.425000190734863,14.732999801635742,14.739999771118164,37640500,-0.027062696880244652,15.385714258466448,15.21476191566104
2023-09-21,14.34000015258789,14.598999977111816,13.68000030517578,14.0,73071800,-0.05020351306708526,15.158571379525322,15.182857150123233
2023-09-22,14.229999542236328,14.414999961853027,14.029999732971191,14.130000114440918,47714500,0.009285722460065537,14.948571341378349,15.127142860775901
2023-09-25,14.0,14.239999771118164,13.81999969482422,14.220000267028809,39693900,0.006369437498865205,14.718571390424456,15.130952380952381
2023-09-26,13.949999809265137,14.170000076293944,13.880000114440918,13.960000038146973,37276200,-0.01828412264412438,14.522857121058873,15.103809538341704
2023-09-27,14.199999809265137,14.960000038146973,14.15999984741211,14.850000381469728,62780600,0.06375360608099911,14.435714312962123,15.113809540158226
2023-09-28,15.140000343322754,15.960000038146973,14.824999809265137,15.770000457763672,66590800,0.061952865499043774,14.524285861424037,15.13142862774077
2023-09-29,16.110000610351562,16.809999465942383,15.960000038146973,16.0,78055100,0.014584624956247128,14.704285894121442,15.115714345659528
2023-10-02,16.030000686645508,16.440000534057617,15.770000457763672,15.880000114440918,41043900,-0.007499992847442627,14.972857339041573,15.158571515764509
2023-10-03,15.609999656677246,15.770000457763672,14.81999969482422,14.899999618530272,51578100,-0.06171287713149676,15.082857268197197,15.145238149733773
2023-10-04,15.460000038146973,15.850000381469728,15.15999984741211,15.729999542236328,52786200,0.055704694292329604,15.298571450369698,15.170000030880885
2023-10-05,15.5600004196167,15.899999618530272,15.40999984741211,15.8100004196167,49648100,0.005085879193166054,15.562857219151088,15.194285756065735
2023-10-06,15.5600004196167,16.69499969482422,15.510000228881836,16.610000610351562,65946300,0.05060089623667818,15.814285823277064,15.260952449980236
2023-10-09,16.25,17.829999923706055,16.219999313354492,17.610000610351562,106161200,0.06020469375400195,16.07714298793248,15.379047711690268
2023-10-10,18.059999465942383,18.399999618530277,17.6200008392334,17.799999237060547,99971500,0.01078924589004826,16.334285736083984,15.474761962890625
2023-10-11,17.8700008392334,18.440000534057617,17.729999542236328,17.920000076293945,55745600,0.006741620470609444,16.62571430206299,15.585714340209961
2023-10-12,17.920000076293945,18.239999771118164,17.551000595092773,17.940000534057617,57940900,0.001116096968667435,17.06000014713832,15.697142918904623
2023-10-13,18.059999465942383,18.15999984741211,17.270000457763672,17.360000610351562,54541600,-0.03232998363656525,17.292857442583358,15.77000009445917
2023-10-16,17.209999084472656,17.459999084472656,16.670000076293945,17.360000610351562,44987300,0.0,17.514286041259766,15.866666793823242
2023-10-17,17.0,18.030000686645508,16.90999984741211,17.84000015258789,54401300,0.027649742244254982,17.69000026157924,15.980000132606143
2023-10-18,17.809999465942383,18.21999931335449,17.190000534057617,17.200000762939453,44208300,-0.03587440494251337,17.63142885480608,16.077619234720867
2023-10-19,17.440000534057617,17.579999923706055,16.969999313354492,17.059999465942383,46303200,-0.008139609929479152,17.5257146017892,16.188095410664875
2023-10-20,16.850000381469727,16.940000534057617,15.8100004196167,16.110000610351562,63875500,-0.055685749433189824,17.26714324951172,16.28857163020543
2023-10-23,15.899999618530272,16.34000015258789,15.210000038146973,16.200000762939453,55967200,0.005586601438739791,17.018571853637695,16.387143089657737
2023-10-24,16.3799991607666,16.93000030517578,16.299999237060547,16.639999389648438,39833800,0.027160407776990025,16.915714536394393,16.502381143115816
2023-10-25,16.56999969482422,16.6299991607666,15.579999923706056,15.59000015258789,46706500,-0.06310091800326267,16.66285732814244,16.580000196184432
2023-10-26,15.600000381469728,15.90999984741211,15.050000190734863,15.289999961853027,49351800,-0.019243116600294874,16.298571586608887,16.600952557155065
2023-10-27,15.479999542236328,15.600000381469728,14.960000038146973,15.06999969482422,39913600,-0.014388506708808646,15.994285719735283,16.56761918749128
2023-10-30,15.270000457763672,15.289999961853027,14.5600004196167,14.6899995803833,46886400,-0.025215668356743937,15.655714307512556,16.505238215128582
2023-10-31,14.579999923706056,15.010000228881836,14.550000190734863,14.800000190734863,40195400,0.0074881288967805215,15.468571390424456,16.453809647333053
2023-11-01,14.800000190734863,14.960000038146973,14.479999542236328,14.920000076293944,54419100,0.008108100271120522,15.285714149475098,16.454762050083705
2023-11-02,17.479999542236328,18.299999237060547,17.209999084472656,17.969999313354492,170406800,0.20442354031261867,15.475714138575963,16.561428705851238
2023-11-03,18.020000457763672,19.07900047302246,17.760000228881836,18.88999938964844,109302000,0.051196444710504,15.947142601013184,16.708095323471795
2023-11-06,18.989999771118164,19.07999992370605,17.93000030517578,18.540000915527344,79952600,-0.018528241685009994,16.411428451538086,16.800000099908736
2023-11-07,18.86000061035156,19.170000076293945,18.530000686645508,18.799999237060547,56289100,0.014023641245640484,16.944285529000418,16.856666701180593
2023-11-08,18.850000381469727,18.93000030517578,18.149999618530277,18.489999771118164,46063100,-0.016489333963975894,17.487142699105398,16.889523869469052
2023-11-09,18.65999984741211,18.8700008392334,18.15999984741211,18.270000457763672,48454200,-0.011898286429302019,17.98285702296666,16.906190554300945
2023-11-10,18.155000686645508,19.71999931335449,18.059999465942383,19.670000076293945,92748000,0.0766283296908925,18.661428451538086,16.988571484883625
2023-11-13,19.59000015258789,19.8799991607666,19.299999237060547,19.709999084472656,74877500,0.0020335032040450507,18.90999984741211,17.100476174127486
2023-11-14,20.0,20.100000381469727,19.5,19.940000534057617,83230500,0.011669277537722067,19.060000010899135,17.223333313351585
2023-11-15,19.899999618530277,20.3700008392334,19.61100006103516,19.950000762939453,75533500,0.0005015159786356804,19.261428560529435,17.323809532892135
2023-11-16,19.799999237060547,19.875,19.290000915527344,19.770000457763672,49942800,-0.009022571342962693,19.400000163487025,17.44619047074091
2023-11-17,19.68000030517578,20.57999992370605,19.65900039672852,20.489999771118164,69497400,0.036418780813520346,19.68571444920131,17.609523818606423
2023-11-20,20.649999618530277,21.600000381469727,20.559999465942383,21.34000015258789,90270000,0.04148366964200023,20.1242858341762,17.85857141585577
2023-11-21,21.11000061035156,21.850000381469727,19.71999931335449,19.799999237060547,106643300,-0.07216499083954264,20.142857142857142,18.029999914623442
2023-11-22,20.26000022888184,20.440000534057617,19.32999992370605,19.690000534057617,68326000,-0.005555490264718799,20.140000207083567,18.175238064357213
2023-11-24,19.3799991607666,19.600000381469727,18.93000030517578,19.200000762939453,39800400,-0.024885716497092814,20.034285954066686,18.347142855326336
2023-11-27,19.1299991607666,19.5,18.6200008392334,19.07999992370605,58808200,-0.006250043461718646,19.910000119890487,18.527619043986004
2023-11-28,19.11000061035156,19.799999237060547,19.030000686645508,19.709999084472656,54170700,0.033018824071579855,19.901428495134628,18.748571395874023
2023-11-29,19.94499969482422,20.309999465942383,19.780000686645508,19.84000015258789,62782100,0.006595691230531164,19.808571406773158,18.993809518359956
2023-11-30,19.940000534057617,20.229999542236328,19.68000030517578,20.049999237060547,55501000,0.010584631192417815,19.624285561697825,19.243809472946893
2023-12-01,19.93000030517578,20.290000915527344,19.549999237060547,20.270000457763672,61493700,0.01097262987903136,19.691428593226842,19.498571395874023
2023-12-04,19.75,19.899999618530277,18.270000457763672,18.399999618530277,104948500,-0.09225460271349728,19.507142748151505,19.519047600882395
2023-12-05,18.25,18.549999237060547,17.959999084472656,18.299999237060547,54460800,-0.0054348034534208445,19.378571101597377,19.490952355521067
2023-12-06,17.690000534057617,17.829999923706055,17.049999237060547,17.1299991607666,96111000,-0.06393443306404623,19.099999564034597,19.423809414818173
2023-12-07,17.219999313354492,17.479999542236328,17.079999923706055,17.219999313354492,56455000,0.0052539496203840574,18.744285311017716,19.348571323213122
2023-12-08,17.18000030517578,17.920000076293945,17.09000015258789,17.770000457763672,57542100,0.031939672842068,18.448571068899973,19.314285641624814
2023-12-11,17.969999313354492,18.280000686645508,17.700000762939453,17.770000457763672,50929600,0.0,18.122856957571848,19.29047611781529
2023-12-12,17.690000534057617,17.8799991607666,17.229999542236328,17.5,46231900,-0.015194172808572382,17.727142606462753,19.187142780848912
2023-12-13,17.649999618530273,17.899999618530273,17.219999313354492,17.8700008392334,52682600,0.021142905099051257,17.651428495134628,19.0995238167899
2023-12-14,18.170000076293945,18.57999992370605,17.719999313354492,18.209999084472656,67462800,0.01902620197380145,17.638571330479213,19.01714279538109
2023-12-15,18.670000076293945,19.149999618530277,18.040000915527344,18.200000762939453,93307100,-0.000549056674128523,17.79142870221819,18.93380946204776
2023-12-18,18.209999084472656,18.575000762939453,17.770000457763672,17.84000015258789,60188100,-0.01978025248683668,17.880000250680105,18.841904685610817
2023-12-19,17.979999542236328,18.190000534057617,17.84000015258789,17.950000762939453,43530300,0.006165953442304417,17.90571457999093,18.72095235188802
2023-12-20,17.8700008392334,17.920000076293945,17.190000534057617,17.25,58666900,-0.03899725533074694,17.83142880031041,18.526190439860027
2023-12-21,17.530000686645508,17.739999771118164,17.420000076293945,17.59000015258789,30493600,0.019710153773210948,17.84428596496582,18.42095238821847
2023-12-22,17.700000762939453,17.700000762939453,17.325000762939453,17.40999984741211,33693800,-0.010233104241860858,17.77857153756278,18.312380926949636
2023-12-26,17.440000534057617,17.7450008392334,17.329999923706055,17.68000030517578,31750700,0.015508354975879435,17.702857426234655,18.239999952770415
2023-12-27,17.780000686645508,17.90999984741211,17.450000762939453,17.469999313354492,32918400,-0.01187788394776279,17.598571504865372,18.163333257039387
2023-12-28,17.459999084472656,17.84000015258789,17.420000076293945,17.559999465942383,38990000,0.005151697545808798,17.558571406773158,18.06095232282366
2023-12-29,17.520000457763672,17.639999389648438,17.100000381469727,17.170000076293945,38943500,-0.02220953311558127,17.44714273725237,17.93380946204776
2024-01-02,16.950000762939453,16.950000762939453,16.5,16.579999923706055,41626700,-0.0343622684895899,17.35142844063895,17.768571399507067
2024-01-03,16.1200008392334,16.3799991607666,16.010000228881836,16.09000015258789,46865200,-0.029553665462782264,17.137142726353236,17.56952376592727
2024-01-04,16.049999237060547,16.579999923706055,15.949999809265137,16.25,39937700,0.00994405505871776,16.97142846243722,17.46714283171154
2024-01-05,15.699999809265137,16.128000259399414,15.663999557495115,15.979999542236328,57700000,-0.01661541278545675,16.72857121058873,17.356666655767533
2024-01-08,16.219999313354492,16.889999389648438,16.139999389648438,16.670000076293945,49090000,0.04317900837443056,16.614285605294363,17.33476193745931
2024-01-09,16.510000228881836,16.6299991607666,16.280000686645508,16.389999389648438,35794500,-0.016796681785484213,16.44714273725237,17.295238131568546
2024-01-10,16.5,17.030000686645508,16.399999618530273,16.790000915527344,41254400,0.02440521908326243,16.392857142857142,17.24857148670015
2024-01-11,16.809999465942383,16.93000030517578,16.170000076293945,16.68000030517578,39552400,-0.006551554756011657,16.407142911638534,17.196666717529297
2024-01-12,16.68000030517578,17.059999465942383,16.6200008392334,16.760000228881836,33952600,0.004796158407816664,16.502857208251953,17.161428633190337
2024-01-16,16.59000015258789,16.739999771118164,16.290000915527344,16.530000686645508,32659300,-0.01372312285771804,16.542857306344168,17.097619102114724
2024-01-17,16.260000228881836,16.40999984741211,16.049999237060547,16.389999389648438,30832800,-0.008469527597187332,16.601428713117325,17.010952449980238
2024-01-18,16.75,16.809999465942383,16.100000381469727,16.399999618530273,35239700,0.0006101421143525076,16.562857219151088,16.925238109770277
2024-01-19,16.56999969482422,16.780000686645508,16.149999618530273,16.780000686645508,40690600,0.023170797375255514,16.61857169015067,16.8747619447254
2024-01-22,17.459999084472656,18.350000381469727,17.43000030517578,17.600000381469727,85573900,0.0488676794558669,16.73428589957101,16.85809525989351
2024-01-23,17.639999389648438,17.729999542236328,17.200000762939453,17.329999923706055,37794300,-0.015340934767702818,16.82714298793248,16.861904780069988
2024-01-24,17.510000228881836,17.649999618530273,16.735000610351562,16.75,42710700,-0.033467970355421706,16.825714383806503,16.821904772803897
2024-01-25,16.920000076293945,17.0,16.309999465942383,16.459999084472656,44589000,-0.01731348749416972,16.815714154924667,16.77666664123535
2024-01-26,16.399999618530273,16.75,16.34000015258789,16.350000381469727,28612200,-0.006682789132515521,16.810000010899135,16.713333311535063
2024-01-29,16.450000762939453,17.110000610351562,16.43000030517578,17.09000015258789,35987800,0.04525992378305044,16.90857151576451,16.69523811340332
2024-01-30,17.040000915527344,17.239999771118164,16.65999984741211,16.739999771118164,36388200,-0.02047983489436811,16.902857099260604,16.65619050888788
2024-01-31,16.40999984741211,16.760000228881836,16.06999969482422,16.09000015258789,43582500,-0.03882912947536177,16.687142780848912,16.604761941092356
2024-02-01,16.209999084472656,16.48699951171875,16.030000686645508,16.329999923706055,40454400,0.014916082588076529,16.54428563799177,16.592857179187593
2024-02-02,16.34000015258789,17.020000457763672,16.145000457763672,17.020000457763672,57672700,0.04225355402824915,16.582857131958008,16.637142908005487
2024-02-05,17.559999465942383,17.8700008392334,16.479999542236328,16.719999313354492,167698300,-0.01762638873915745,16.62000002179827,16.659523827689036
2024-02-06,20.299999237060547,22.18000030517578,19.76000022888184,21.8700008392334,420501900,0.30801445797701255,17.40857151576451,16.94000007992699
2024-02-07,21.600000381469727,23.8700008392334,21.3799991607666,23.600000381469727,254911100,0.07910377118654788,18.338571548461914,17.27000009445917
2024-02-08,23.959999084472656,25.059999465942383,23.31999969482422,24.51000022888184,212671100,0.03855931494503828,19.448571613856725,17.656666801089333
2024-02-09,25.040000915527344,25.11000061035156,23.56999969482422,24.3799991607666,149062000,-0.005304001097562128,20.632857186453684,18.01809528895787
2024-02-12,23.90999984741211,25.524999618530277,23.81999969482422,25.049999237060547,108173000,0.027481546323108175,21.878571374075754,18.416666666666668
2024-02-13,23.530000686645508,24.65999984741211,23.309999465942383,24.01000022888184,102293300,-0.041516927738667,22.877142769949778,18.761904761904763
2024-02-14,24.149999618530277,25.5,23.7549991607666,25.190000534057617,97227900,0.0491462013297419,24.087142944335938,19.174285707019624
2024-02-15,25.040000915527344,25.459999084472656,24.709999084472656,25.40999984741211,70544300,0.008733597010331495,24.592857088361466,19.603809538341704
2024-02-16,24.959999084472656,25.4950008392334,24.38999938964844,24.440000534057617,65498200,-0.03817392047144319,24.71285711015974,19.986666724795388
2024-02-20,23.84000015258789,24.0,22.71500015258789,23.399999618530277,93374300,-0.04255322801969985,24.55428559439523,20.301904769170854
2024-02-21,22.299999237060547,22.93000030517578,22.290000915527344,22.739999771118164,59628300,-0.028205122144081773,24.319999967302596,20.546666644868395
2024-02-22,23.770000457763672,23.950000762939453,23.049999237060547,23.59000015258789,64458200,0.037379084873575996,24.111428669520787,20.84476189386277
2024-02-23,23.530000686645508,24.06999969482422,22.81999969482422,22.96999931335449,48840800,-0.026282358424037033,23.96285711015974,21.14095233735584
2024-02-26,23.030000686645508,23.8799991607666,22.940000534057617,23.559999465942383,46499500,0.02568568438070762,23.729999814714706,21.479047593616304
2024-02-27,23.76000022888184,24.6200008392334,23.71999931335449,24.530000686645508,64967400,0.04117152982559813,23.604285648890905,21.868571417672293
2024-02-28,24.520000457763672,24.84000015258789,24.2450008392334,24.420000076293945,47314000,-0.004484329689050881,23.60142844063895,22.21761903308687
2024-02-29,24.809999465942383,25.292999267578125,24.36000061035156,25.07999992370605,62753300,0.027027020694107673,23.84142848423549,22.614761897495814
2024-03-01,25.299999237060547,25.690000534057617,24.53499984741211,24.93000030517578,64794400,-0.005980846052096145,24.15428570338658,23.035714285714285
2024-03-04,24.399999618530277,24.57999992370605,23.530000686645508,24.040000915527344,64320000,-0.03569993496805779,24.218571526663645,23.402857190086728
2024-03-05,23.959999084472656,24.40900039672852,23.43000030517578,23.809999465942383,49542300,-0.009567447621701364,24.338571548461914,23.726190476190474
2024-03-06,25.75,26.75,24.530000686645508,26.15999984741211,207386900,0.09869804427468165,24.71000017438616,24.1757143111456
2024-03-07,27.01000022888184,27.5,26.3799991607666,26.459999084472656,117519300,0.011467860810795205,24.985714231218612,24.394285656156995
2024-03-08,27.190000534057617,27.280000686645508,25.809999465942383,26.040000915527344,84256100,-0.015872947221369227,25.21714292253767,24.510476157778786
2024-03-11,25.88999938964844,26.82999992370605,25.290000915527344,25.350000381469727,60829300,-0.02649771543003976,25.255714416503906,24.550476165044877
2024-03-12,25.56999969482422,25.63999938964844,24.350000381469727,24.700000762939453,75202600,-0.025641010207061332,25.222857339041575,24.565714336576917
2024-03-13,24.700000762939453,25.440000534057617,24.600000381469727,25.0,59713000,0.012145717724457494,25.36000006539481,24.563333420526412
2024-03-14,24.82999992370605,24.96999931335449,24.13999938964844,24.43000030517578,49214800,-0.022799987792968768,25.448571613856725,24.58333342415946
2024-03-15,23.850000381469727,24.100000381469727,23.420000076293945,23.489999771118164,61421000,-0.03847730341036737,25.067143031529017,24.50238100687663
2024-03-18,23.770000457763672,24.18000030517578,23.31999969482422,24.0,44083000,0.02171137649430288,24.715714590890066,24.435238156999862
2024-03-19,23.5,23.82999992370605,22.920000076293945,23.799999237060547,43247200,-0.008333365122477177,24.395714351109095,24.404761904761905
2024-03-20,23.770000457763672,24.649999618530277,23.670000076293945,24.56999969482422,40273800,0.03235296144735389,24.284285681588308,24.460476194109237
2024-03-21,25.299999237060547,25.32999992370605,24.440000534057617,24.489999771118164,37099600,-0.003256000191278252,24.254285539899552,24.54380952744257
2024-03-22,24.200000762939453,24.475000381469727,24.020000457763672,24.18000030517578,25453000,-0.012658206159232965,24.137142726353236,24.571904772803897
2024-03-25,24.1200008392334,24.6200008392334,24.049999237060547,24.51000022888184,29255900,0.013647639352404095,24.148571286882675,24.64523814973377
2024-03-26,24.76000022888184,25.46999931335449,24.46999931335449,24.88999938964844,43610500,0.015503841583763833,24.348571232387,24.70857147943406
2024-03-27,25.0,25.479999542236328,24.26000022888184,24.51000022888184,38600100,-0.015267142229205555,24.42142840794155,24.707619076683407
2024-03-28,24.170000076293945,24.280000686645508,22.940000534057617,23.01000022888184,70008200,-0.061199509832417065,24.30857140677316,24.64047622680664
2024-04-01,22.979999542236328,23.209999084472656,22.399999618530277,22.86000061035156,41000000,-0.006518888180713889,24.064285823277068,24.53476197378976
2024-04-02,22.0,22.790000915527344,21.71999931335449,22.71999931335449,39770600,-0.0061242910437051545,23.81142861502511,24.42952383132208
2024-04-03,22.440000534057617,23.01000022888184,22.3799991607666,22.700000762939453,30357400,-0.0008802179145876998,23.60000010899135,24.365714300246466
2024-04-04,23.81999969482422,24.100000381469727,22.399999618530277,22.479999542236328,64995300,-0.00969168340568094,23.310000010899135,24.302380970546178
2024-04-05,22.420000076293945,23.31999969482422,22.30699920654297,22.959999084472656,38716800,0.021352293238907194,23.034285681588308,24.149999981834775
2024-04-08,23.07999992370605,23.200000762939453,22.670000076293945,23.0,25022700,0.00174220022310001,22.81857136317662,23.98523812066941
2024-04-09,23.01000022888184,23.08699989318848,22.459999084472656,22.809999465942383,27643300,-0.008260892785113771,22.78999982561384,23.83142852783203
2024-04-10,22.21999931335449,22.709999084472656,22.01000022888184,22.420000076293945,28642900,-0.017097737780781053,22.727142606462753,23.691904703776043
2024-04-11,22.649999618530277,22.90999984741211,22.25,22.84000015258789,26399400,0.018733277201815834,22.744285583496094,23.603333246140252
2024-04-12,22.700000762939453,23.200000762939453,22.40999984741211,22.670000076293945,36764500,-0.0074430856023739445,22.739999771118164,23.492380868820916
2024-04-15,22.790000915527344,23.1299991607666,21.82999992370605,21.899999618530277,38182100,-0.033965613373281744,22.657142639160156,23.371904645647323
2024-04-16,21.59000015258789,21.989999771118164,21.270000457763672,21.8799991607666,33869200,-0.0009132629274911652,22.502856935773575,23.295237949916295
2024-04-17,22.01000022888184,22.11000061035156,21.21999931335449,21.309999465942383,30139800,-0.026051175351336164,22.26142828805106,23.16714268638974
2024-04-18,21.25,21.43000030517578,20.700000762939453,21.1299991607666,34550500,-0.008446753152831277,22.02142824445452,23.03999982561384
2024-04-19,20.979999542236328,21.43000030517578,20.32999992370605,20.46999931335449,39632600,-0.031235204620243207,21.74285670689174,22.84476171221052
2024-04-22,20.71999931335449,21.07999992370605,20.36000061035156,20.96999931335449,31894500,0.02442599007190993,21.475713729858395,22.6771426427932
2024-04-23,21.25,22.059999465942383,21.229999542236328,21.63999938964844,36304600,0.031950410025396225,21.328570774623326,22.55619021824428
2024-04-24,22.049999237060547,22.25,21.299999237060547,21.59000015258789,34426500,-0.002310500853547559,21.284285136631556,22.417142595563615
2024-04-25,20.81999969482422,21.739999771118164,20.65999984741211,21.709999084472656,26226700,0.005558079251350989,21.259999411446707,22.265714009602863
2024-04-26,22.049999237060547,22.670000076293945,21.90999984741211,22.520000457763672,33119800,0.03731006022337158,21.432856695992605,22.170952115740096
2024-04-29,22.75,23.09000015258789,22.545000076293945,22.82999992370605,30104900,0.013765517746049172,21.6757139478411,22.162380672636488
2024-04-30,22.770000457763672,22.8700008392334,21.950000762939453,21.96999931335449,30511900,-0.03766975966822328,21.889999662126815,22.119999658493768
2024-05-01,21.93000030517578,22.82999992370605,21.6299991607666,22.1200008392334,34665900,0.006827561700820439,22.05428559439523,22.09142830258324
2024-05-02,22.600000381469727,22.71500015258789,22.100000381469727,22.549999237060547,30396100,0.019439348169665305,22.18428557259696,22.084285372779483
2024-05-03,23.479999542236328,23.63999938964844,22.90999984741211,23.32999992370605,55976400,0.0345898320636564,22.432856968470983,22.1247615814209
2024-05-06,24.3700008392334,25.354999542236328,24.030000686645508,25.209999084472656,175936600,0.08058290471129848,22.932856968470983,22.231904438563756
2024-05-07,21.989999771118164,22.700000762939453,21.350000381469727,21.399999618530277,161061600,-0.15113048807245033,22.772856848580496,22.155713944208053
2024-05-08,21.57999992370605,21.729999542236328,21.059999465942383,21.559999465942383,67582900,0.007476628517019357,22.591428211757115,22.096190134684246
2024-05-09,21.489999771118164,21.57999992370605,20.940000534057617,21.13999938964844,54101900,-0.019480523501746894,22.472856794084823,22.03523772103446
2024-05-10,21.270000457763672,21.3700008392334,20.5,20.600000381469727,59845400,-0.0255439462521051,22.255713871547155,21.928571065266926
2024-05-13,20.600000381469727,21.190000534057617,20.600000381469727,20.940000534057617,37524800,0.01650486147047503,22.02571405683245,21.846190134684246
2024-05-14,20.950000762939453,22.06999969482422,20.93000030517578,21.440000534057617,57894400,0.02387774533180087,21.75571414402553,21.82428541637602
2024-05-15,21.729999542236328,21.809999465942383,21.184999465942383,21.670000076293945,39424000,0.010727590322163083,21.25,21.814285459972563
2024-05-16,21.739999771118164,21.8700008392334,21.53499984741211,21.649999618530277,27416700,-0.0009229560541418325,21.285714285714285,21.83047594342913
2024-05-17,21.780000686645508,22.16900062561035,21.559999465942383,21.76000022888184,30032300,0.005080859690058004,21.314285823277068,21.86047599429176
2024-05-20,21.770000457763672,21.770000457763672,21.21999931335449,21.6200008392334,35255300,-0.00643379541249367,21.38285745893206,21.915237971714564
2024-05-21,21.34000015258789,21.450000762939453,21.1200008392334,21.239999771118164,27954000,-0.017576366945631805,21.474285943167555,21.92809513636998
2024-05-22,21.229999542236328,21.420000076293945,21.07999992370605,21.170000076293945,25212500,-0.003295654217445154,21.507143020629886,21.90571421668643
2024-05-23,21.38999938964844,21.520000457763672,20.6299991607666,20.71999931335449,36887600,-0.021256531002253776,21.40428570338658,21.864285605294363
2024-05-24,20.71999931335449,21.149999618530277,20.649999618530277,21.01000022888184,22158700,0.013996183645645255,21.310000010899138,21.830952326456707
2024-05-28,21.059999465942383,21.21999931335449,20.729999542236328,21.049999237060547,26274200,0.0019038080791509149,21.224285670689174,21.760952268327987
2024-05-29,20.770000457763672,20.989999771118164,20.63999938964844,20.940000534057617,24834200,-0.00522559178098525,21.107142857142858,21.670952297392347
2024-05-30,21.280000686645508,21.959999084472656,21.020000457763672,21.729999542236328,47210300,0.03772679025933301,21.122856957571848,21.65952373686291
2024-05-31,21.790000915527344,22.200000762939453,21.309999465942383,21.68000030517578,44416100,-0.0023009313444007917,21.185714176722936,21.638571330479213
2024-06-03,21.700000762939453,21.790000915527344,21.0049991607666,21.31999969482422,33876100,-0.016605193970666954,21.207142693655832,21.579999923706055
2024-06-04,21.049999237060547,22.26000022888184,21.040000915527344,22.100000381469727,41974000,0.036585398583981465,21.40428570338658,21.521428516932897
2024-06-05,22.479999542236328,22.979999542236328,22.21999931335449,22.959999084472656,39825400,0.038913967789974135,21.682856968470983,21.41428565979004
2024-06-06,22.979999542236328,23.950000762939453,22.979999542236328,23.790000915527344,60400400,0.03614990697521403,22.074285779680526,21.528095245361328
2024-06-07,23.239999771118164,23.56999969482422,23.059999465942383,23.309999465942383,37149900,-0.02017660492277118,22.412857055664062,21.61142857869466
2024-06-10,22.75,23.15999984741211,22.65999984741211,23.1299991607666,31429200,-0.007722020990981737,22.612857001168386,21.70619047255743
2024-06-11,23.059999465942383,23.950000762939453,22.88999938964844,23.850000381469727,30601900,0.03112845857445601,22.92285701206752,21.860952377319336
2024-06-12,24.200000762939453,24.32999992370605,23.56999969482422,23.770000457763672,38542700,-0.003354294441362371,23.272857121058873,21.995714278448197
2024-06-13,23.850000381469727,24.13999938964844,23.149999618530277,23.270000457763672,26035100,-0.02103491755872855,23.439999989100865,22.082857131958008
2024-06-14,23.149999618530277,23.71999931335449,22.84000015258789,23.56999969482422,26618300,0.012892102757155577,23.527142933436803,22.173333304268972
2024-06-17,23.46999931335449,25.059999465942383,23.450000762939453,25.020000457763672,54101500,0.06151891309773161,23.702857153756277,22.33380953470866
2024-06-18,25.149999618530277,26.024999618530277,24.82999992370605,25.81999969482422,54458600,0.031974389385444946,24.06142861502511,22.527142842610676
2024-06-20,26.440000534057617,26.56999969482422,25.155000686645508,25.559999465942383,66735000,-0.010069722383999613,24.40857151576451,22.714761824834916
2024-06-21,24.709999084472656,26.09000015258789,23.530000686645508,23.84000015258789,68605900,-0.06729261929939856,24.407142911638534,22.838571366809663
2024-06-24,23.440000534057617,24.386999130249023,23.299999237060547,24.15999984741211,36477400,0.013422805905036084,24.46285711015974,22.98095230829148
2024-06-25,24.15999984741211,24.6299991607666,23.920000076293945,24.559999465942383,29389400,0.016556275705983392,24.647142682756698,23.163809458414715
2024-06-26,24.46999931335449,24.65999984741211,24.024999618530277,24.100000381469727,24331400,-0.018729604823914725,24.722857066563197,23.31095232282366
2024-06-27,24.100000381469727,25.399999618530277,24.049999237060547,25.21999931335449,37882900,0.046472983989905625,24.7514283316476,23.509523755028134
2024-06-28,25.280000686645508,25.56999969482422,25.030000686645508,25.32999992370605,38886400,0.00436164208352352,24.681428364345006,23.718571345011394
2024-07-01,25.479999542236328,26.020000457763672,25.142000198364254,25.8799991607666,33167900,0.02171335328531976,24.727142606462753,23.916190374465216
2024-07-02,25.84000015258789,26.43000030517578,25.75,25.82999992370605,32148200,-0.0019319644003832348,25.01142828805106,24.11380940391904
2024-07-03,25.959999084472656,26.270000457763672,25.76000022888184,25.850000381469727,18433800,0.0007743111816782555,25.252856935773575,24.32952372233073
2024-07-05,26.0,27.25,25.975000381469727,27.229999542236328,46703700,0.0533848797060692,25.634285518101283,24.573809396652948
2024-07-08,27.93000030517578,27.98600006103516,26.84000015258789,27.700000762939453,59611200,0.01726041970636505,26.148571286882675,24.799523762294225
2024-07-09,27.93000030517578,28.3799991607666,27.229999542236328,27.38999938964844,53067100,-0.011191385009121424,26.45857129778181,24.970952261061896
2024-07-10,27.5,28.46999931335449,27.3700008392334,28.420000076293945,43231000,0.03760499122299277,26.89999989100865,25.21428562345959
2024-07-11,28.489999771118164,28.59000015258789,26.899999618530277,27.63999938964844,61546100,-0.027445485029964134,27.151428495134628,25.429047539120628
2024-07-12,27.31999969482422,28.1299991607666,27.280000686645508,28.06999969482422,30760300,0.0155571749157426,27.47142846243722,25.629999887375604
2024-07-15,28.420000076293945,29.299999237060547,27.899999618530277,28.670000076293945,49186300,0.021375147416918594,27.874285561697825,25.863333202543714
2024-07-16,28.18000030517578,28.84000015258789,27.46999931335449,28.670000076293945,59330700,0.0,28.079999923706055,26.120476041521346
2024-07-17,28.0,28.8700008392334,27.600000381469727,28.21999931335449,45203500,-0.01569587588915089,28.154285430908203,26.34190459478469
2024-07-18,28.420000076293945,29.82999992370605,28.149999618530277,28.63999938964844,76485600,0.01488306472407297,28.33285685947963,26.514285496303014
2024-07-19,28.309999465942383,29.600000381469727,28.270000457763672,28.57999992370605,49581600,-0.0020949534644221224,28.355713980538503,26.64571407863072
2024-07-22,28.93000030517578,28.96999931335449,27.690000534057617,28.459999084472656,38037800,-0.004198769753454679,28.472856794084823,26.783809298560733
2024-07-23,28.34000015258789,29.190000534057617,28.309999465942383,28.809999465942383,31134300,0.01229797585133019,28.5785710471017,27.020475932529994
2024-07-24,28.440000534057617,28.684999465942383,26.57999992370605,26.600000381469727,49004100,-0.07670944552030268,28.282856804983957,27.136666434151785
2024-07-25,26.040000915527344,27.288000106811523,25.420000076293945,26.6299991607666,45474600,0.0011277736416039907,27.991428102765763,27.235237848191034
2024-07-26,27.0,27.34000015258789,26.770000457763672,27.18000030517578,27432200,0.020653442048150117,27.842856815883092,27.381904511224654
2024-07-29,27.559999465942383,27.799999237060547,26.729999542236328,27.07999992370605,26038800,-0.003679189858238785,27.619999749319895,27.470475968860445
2024-07-30,27.25,27.440000534057617,25.88999938964844,26.3700008392334,31819900,-0.0262185777870374,27.30428559439523,27.519999821980793
2024-07-31,27.020000457763672,27.38999938964844,26.8799991607666,26.88999938964844,29111600,0.019719322482591117,27.079999923706055,27.56809507097517
2024-08-01,27.020000457763672,27.53499984741211,25.82999992370605,26.07999992370605,31189600,-0.030122703024463737,26.689999989100865,27.579999832879928
2024-08-02,24.75,24.8700008392334,23.75,24.739999771118164,56092600,-0.05138037409922924,26.424285616193497,27.527142660958425
2024-08-05,21.739999771118164,24.420000076293945,21.229999542236328,24.09000015258789,88023500,-0.026273226537742,26.06142861502511,27.37761888049898
2024-08-06,27.049999237060547,27.420000076293945,25.56999969482422,26.59000015258789,99622700,0.10377750038044042,25.977142878941127,27.324761708577473
2024-08-07,27.06999969482422,28.36000061035156,26.239999771118164,26.31999969482422,75975400,-0.010154210463116264,25.868571417672293,27.27380934215727
2024-08-08,27.040000915527344,29.375,26.690000534057617,29.280000686645508,96892900,0.11246204506618462,26.284285681588308,27.314761752174014
2024-08-09,29.280000686645508,30.36000061035156,29.100000381469727,30.01000022888184,88131100,0.024931677770392957,26.73000008719308,27.42761893499465
2024-08-12,30.21999931335449,31.200000762939453,29.270000457763672,29.3799991607666,67890300,-0.020993037764422295,27.2014285496303,27.48999986194429
2024-08-13,29.78899955749512,30.850000381469727,29.559999465942383,30.38999938964844,57294200,0.03437713606985304,28.00857135227748,27.571904591151647
2024-08-14,30.6200008392334,31.3700008392334,30.32999992370605,31.0,49885600,0.020072412721381605,28.99571418762207,27.682856968470983
2024-08-15,31.309999465942383,31.4950008392334,30.82999992370605,31.21999931335449,43407600,0.007096752043693089,29.657142639160156,27.825714111328125
2024-08-16,31.040000915527344,32.75,30.979999542236328,32.08000183105469,64870600,0.027546525836479763,30.48000008719308,27.98952375139509
2024-08-19,32.41999816894531,32.59000015258789,31.81399917602539,32.5,52353600,0.013092211501644524,30.939999989100865,28.176190421694802
2024-08-20,32.5,32.720001220703125,31.6299991607666,32.31999969482422,40783000,-0.005538470928485584,31.26999991280692,28.359999974568684
2024-08-21,32.31999969482422,32.66999816894531,31.96999931335449,32.540000915527344,38147600,0.00680696852662277,31.721428734915598,28.53761909121559
2024-08-22,32.54999923706055,33.125,31.850000381469727,31.920000076293945,43522200,-0.019053497903792294,31.94000026157924,28.79095241001674
2024-08-23,31.989999771118164,32.54999923706055,31.621999740600582,31.780000686645508,34121200,-0.004385945780507994,32.05142893110003,29.036190577915736
2024-08-26,31.43000030517578,31.739999771118164,30.790000915527344,30.850000381469727,35283600,-0.02926369682448071,31.998571940830775,29.210952486310685
2024-08-27,30.549999237060547,31.1200008392334,30.3799991607666,30.84000015258789,23541300,-0.0003241565237659394,31.821428843906947,29.39000011625744
2024-08-28,30.6200008392334,30.799999237060547,29.75,30.36000061035156,33961400,-0.015564187414443098,31.515714645385742,29.580000105358305
2024-08-29,30.649999618530277,31.81999969482422,30.483999252319336,31.0,39733000,0.02108034837885442,31.327143260410853,29.77571442013695
2024-08-30,31.049999237060547,31.5,30.700000762939453,31.479999542236328,42388000,0.015483856201171875,31.17571449279785,30.032857259114582
2024-09-03,31.350000381469727,31.589000701904297,30.165000915527344,30.51000022888184,34531600,-0.030813193375465397,30.97428594316755,30.30761918567476
2024-09-04,30.0,30.850000381469727,29.309999465942383,30.59000015258789,33419500,0.002622088597374672,30.804285866873606,30.617142995198567
2024-09-05,30.239999771118164,30.739999771118164,30.01000022888184,30.15999984741211,24012300,-0.01405689123997611,30.70571436200823,30.78714298066639
2024-09-06,30.600000381469727,31.040000915527344,29.5,30.32999992370605,50946800,0.005636607332693,30.632857186453684,30.978095372517902
2024-09-09,32.70000076293945,34.70000076293945,32.470001220703125,34.599998474121094,140582500,0.14078465417593344,31.238571166992188,31.231428600492933
2024-09-10,34.810001373291016,35.20000076293945,33.709999084472656,34.7599983215332,91721000,0.004624273250525723,31.775713784354075,31.457618985857284
2024-09-11,34.0099983215332,34.869998931884766,33.619998931884766,34.849998474121094,68302300,0.0025891874837098428,32.25714220319475,31.718095143636067
2024-09-12,34.86000061035156,35.400001525878906,34.53099822998047,34.90999984741211,54291900,0.0017217037566177318,32.88571357727051,31.933333260672434
2024-09-13,34.970001220703125,36.0099983215332,34.88999938964844,35.59000015258789,49727200,0.019478668236837304,33.59999929155622,32.15190469650995
2024-09-16,35.779998779296875,36.91999816894531,35.560001373291016,36.310001373291016,74767300,0.020230436010570507,34.47857093811035,32.39428574698312
2024-09-17,37.0,37.04999923706055,35.869998931884766,36.45000076293945,64461800,0.0038556701832410667,35.35285677228655,32.60238093421573
2024-09-18,35.900001525878906,37.11000061035156,35.87099838256836,36.380001068115234,66279800,-0.001920430544829821,35.607142857142854,32.78714288984026
2024-09-19,37.0,37.34999847412109,36.20000076293945,36.83000183105469,59882000,0.012369454363041488,35.902857644217356,33.001904896327424
2024-09-20,36.0099983215332,37.290000915527344,35.709999084472656,37.20000076293945,450290500,0.010046128522665176,36.23857225690569,33.223809650966096
2024-09-23,36.86000061035156,38.18999862670898,36.56999969482422,37.95000076293945,79460700,0.020161289909090163,36.67285810198103,33.510952540806365
2024-09-24,37.970001220703125,37.97999954223633,36.43000030517578,36.900001525878906,79519200,-0.02766796352968548,36.86000115530832,33.75476210457938
2024-09-25,36.88999938964844,37.18000030517578,36.382999420166016,37.119998931884766,46511700,0.005961989076113339,36.975715092250276,34.05333346412296
2024-09-26,37.2599983215332,37.43999862670898,36.59999847412109,37.09999847412109,48602000,-0.0005388054509478657,37.06857190813337,34.3514286222912
2024-09-27,36.90999984741211,37.470001220703125,36.59000015258789,36.84000015258789,43219100,-0.00700804129990884,37.134286063058035,34.66000002906436
2024-09-30,36.58000183105469,37.31999969482422,36.150001525878906,37.20000076293945,42110200,0.009772003497841242,37.18714305332729,34.9552381606329
2024-10-01,37.209999084472656,37.560001373291016,36.04999923706055,36.459999084472656,52858000,-0.0198925178303766,37.08142852783203,35.192380995977494
2024-10-02,36.29999923706055,37.68000030517578,36.14500045776367,37.4900016784668,34988900,0.028250208992264936,37.01571437290737,35.5247620173863
2024-10-03,37.45000076293945,39.290000915527344,37.369998931884766,39.2400016784668,57196400,0.046679112340641815,37.35000010899135,35.93666685195196
2024-10-04,39.650001525878906,40.290000915527344,39.400001525878906,40.0099983215332,62532500,0.019622747454900002,37.762857164655415,36.40571439833868
2024-10-07,39.900001525878906,40.150001525878906,38.775001525878906,38.88999938964844,44124800,-0.027992976227694255,38.01857158115932,36.81333342052641
2024-10-08,39.290000915527344,41.4900016784668,39.01499938964844,41.45000076293945,62542900,0.06582672701127446,38.67714309692383,37.13952400570824
2024-10-09,41.54999923706055,43.34000015258789,41.209999084472656,43.130001068115234,86404700,0.04053076656823307,39.52428599766323,37.53809556506929
2024-10-10,42.91999816894531,43.87799835205078,42.40999984741211,43.52000045776367,62516300,0.009042415487829691,40.53285762241909,37.9509528023856
2024-10-11,43.400001525878906,44.380001068115234,42.619998931884766,43.5099983215332,66206900,-0.00022982849552533047,41.392857142857146,38.36047653924851
2024-10-14,43.720001220703125,44.38999938964844,43.27999877929688,43.400001525878906,41010900,-0.0025280808985888026,41.987142835344585,38.73238136654808
2024-10-15,43.47499847412109,43.68000030517578,41.51499938964844,42.43000030517578,48297000,-0.022350257755745173,42.33285740443638,39.02380988711403
2024-10-16,42.400001525878906,42.4900016784668,40.36000061035156,41.93000030517578,59157900,-0.011784114928205858,42.76714324951172,39.28476224626814
2024-10-17,42.150001525878906,42.70000076293945,41.61000061035156,42.0,34028400,0.0016694417914320248,42.8457145690918,39.552381243024556
2024-10-18,42.01499938964844,42.9900016784668,41.650001525878906,42.970001220703125,33969000,0.02309526715959831,42.82285744803293,39.84476216634115
2024-10-21,42.86000061035156,43.400001525878906,42.40999984741211,42.70000076293945,30719800,-0.006283464046856535,42.705714634486604,40.10666692824591
2024-10-22,42.68999862670898,43.4900016784668,42.29999923706055,42.93999862670898,27830700,0.005620558770055739,42.62428610665457,40.34428587413969
2024-10-23,42.84999847412109,43.68000030517578,42.05500030517578,42.59000015258789,35647000,-0.008150872969599599,42.50857162475586,40.615238189697266
2024-10-24,42.88999938964844,43.72999954223633,42.65999984741211,43.560001373291016,34079600,0.022775327946181978,42.67000034877232,40.92190497262137
2024-10-25,43.84999847412109,45.06999969482422,43.64500045776367,44.86000061035156,50416500,0.029843875024706534,43.08857182094029,41.291428883870445
2024-10-28,45.04999923706055,45.13999938964844,44.68000030517578,44.970001220703125,36729700,0.002452086688696564,43.51285770961216,41.67857179187593
2024-10-29,44.900001525878906,45.06999969482422,44.040000915527344,44.93000030517578,26154700,-0.0008895022112859197,43.79285757882254,42.046667008172896
2024-10-30,44.58000183105469,44.79999923706055,43.61000061035156,43.68999862670898,31309200,-0.02759852370452709,43.93428584507534,42.39095270066034
2024-10-31,42.790000915527344,43.31999969482422,40.900001525878906,41.560001373291016,50973400,-0.048752513627130956,43.73714338030134,42.584762209937686
2024-11-01,41.93000030517578,42.56999969482422,41.59000015258789,41.91999816894531,33722500,0.0086620977805274,43.64142881120954,42.712381090436665
2024-11-04,41.08000183105469,42.040000915527344,41.03200149536133,41.40999984741211,75413300,-0.012165991025997136,43.334285736083984,42.77904782976423
2024-11-05,47.86000061035156,51.57500076293945,46.86000061035156,51.130001068115234,208868200,0.23472594195893404,44.23000008719308,43.361905052548366
2024-11-06,53.43999862670898,55.68999862670898,51.61000061035156,55.52999877929688,114255900,0.08605510696782459,45.73857116699219,44.032381148565385
2024-11-07,55.81999969482422,56.470001220703125,53.54999923706055,55.880001068115234,121591200,0.006302940689939973,47.302856990269255,44.63952400570824
2024-11-08,55.56999969482422,58.47999954223633,55.29999923706055,58.38999938964844,84124000,0.04491764984889013,49.4028570992606,45.34761919294085
2024-11-11,60.132999420166016,62.08000183105469,58.68999862670898,60.2400016784668,108357800,0.03168354697990172,52.07142857142857,46.1442860194615
2024-11-12,59.0099983215332,60.09000015258789,58.56999969482422,59.84999847412109,59061300,-0.006474156598257896,54.632857186453684,46.92761920747303
2024-11-13,61.52000045776367,63.38999938964844,59.84999847412109,60.70000076293945,85937400,0.014202210701574236,57.38857160295759,47.7976192292713
2024-11-14,61.04999923706055,61.16999816894531,58.52999877929688,59.18000030517578,59968200,-0.025041193388117944,58.53857149396624,48.61904780069987
2024-11-15,61.0099983215332,66.0,60.90999984741211,65.7699966430664,155280400,0.11135512510827539,60.0014283316476,49.75095240275065
2024-11-18,64.91999816894531,64.91999816894531,58.84999847412109,61.2599983215332,136663100,-0.0685722753797442,60.76999936785017,50.62190464564732
2024-11-19,59.5099983215332,63.0099983215332,59.26499938964844,62.97999954223633,75557800,0.028077069340998184,61.42571367536272,51.587618873232884
2024-11-20,62.59000015258789,63.08000183105469,59.959999084472656,62.119998931884766,59182200,-0.013655138402705491,61.69428471156529,52.5009522210984
2024-11-21,62.040000915527344,63.400001525878906,60.89500045776367,61.36000061035156,56336700,-0.012234358251785427,61.909999302455354,53.394761766706196
2024-11-22,61.59999847412109,64.44000244140625,61.369998931884766,64.3499984741211,61381700,0.04872877825990618,62.43142754690988,54.38476162865048
2024-11-25,66.9000015258789,67.87999725341797,64.08000183105469,64.6500015258789,80640500,0.004662052196915845,63.21285629272461,55.327142624627974
2024-11-26,64.56999969482422,65.8499984741211,63.88999938964844,65.73999786376953,46923600,0.016859958424816135,63.208570752825054,56.31619008382162
2024-11-27,66.23999786376953,67.55999755859375,64.23999786376953,66.05000305175781,53839900,0.004715625160662373,63.892857142857146,57.32190450032552
2024-11-29,65.88999938964844,67.16000366210938,65.47000122070312,67.08000183105469,30104000,0.015594227580727704,64.47857175554547,58.43571417672293
2024-12-02,67.44000244140625,67.87999725341797,65.95999908447266,66.38999938964844,46405000,-0.010286261517166717,65.08857182094029,59.61809503464472
2024-12-03,66.41000366210938,71.37000274658203,66.1500015258789,70.95999908447266,100751400,0.06883566405841512,66.46000017438617,61.0009522210984
2024-12-04,71.12999725341797,71.18000030517578,67.27999877929688,69.8499984741211,86284800,-0.015642624361229096,67.24571446010044,62.3552378699893
2024-12-05,70.11000061035156,72.9800033569336,69.88999938964844,71.87000274658203,66585800,0.02891917418164769,68.27714320591518,63.34285699753534
2024-12-06,72.94999694824219,76.81999969482422,72.27999877929688,76.33999633789062,93640900,0.06219553945294898,69.7914287022182,64.33380926223029
2024-12-09,80.58000183105469,80.91000366210938,71.05000305175781,72.45999908447266,168134800,-0.05082522189606353,70.70714242117745,65.12333297729492
2024-12-10,71.98999786376953,75.55999755859375,70.7300033569336,70.88999938964844,89672500,-0.02166712275270577,71.25142778669085,65.71857107253302
2024-12-11,72.9800033569336,73.0,68.06999969482422,72.51000213623047,89477700,0.022852345331217272,72.12571389334542,66.30285680861701
2024-12-12,72.30000305175781,75.37999725341797,71.9000015258789,73.19999694824219,73859700,0.009515857008463025,72.44571358816964,66.93857102167038
2024-12-13,73.48999786376953,76.0999984741211,72.44999694824219,76.06999969482422,76172800,0.03920768942943176,73.33428519112724,67.67047573271252
2024-12-16,75.05999755859375,77.81999969482422,71.16000366210938,75.75,126099600,-0.0042066477732086716,73.88857051304409,68.45952333722796
2024-12-17,73.27999877929688,75.31999969482422,71.69999694824219,74.38999938964844,75469400,-0.017953803436984273,73.60999952043805,68.86999965849377
2024-12-18,74.30000305175781,77.5999984741211,70.2699966430664,71.51000213623047,109643400,-0.038714844428654804,73.47428567068917,69.35809507824126
2024-12-19,73.98999786376953,76.58999633789062,73.37000274658203,74.20999908447266,99524300,0.03775691326506392,73.94857134137835,69.8928569612049
2024-12-20,72.63999938964844,80.66000366210938,71.5,80.55000305175781,281230800,0.08543328453714683,75.0971429007394,70.77047620500836
2024-12-23,80.6500015258789,82.0199966430664,77.41000366210938,80.69000244140625,93819500,0.0017380432569131798,76.16714368547711,71.69095248267764
2024-12-24,81.08999633789062,84.7969970703125,81.0,82.37999725341797,64983300,0.020944290009644373,77.06857190813336,72.54952385312035
2024-12-26,83.16000366210938,83.48999786376953,81.30000305175781,82.13999938964844,60377100,-0.00291330264349543,77.98142896379743,73.38238089425224
2024-12-27,81.41999816894531,82.0,77.93000030517578,79.08000183105469,66975900,-0.03725344024021726,78.65142931256976,74.01761917840867
2024-12-30,77.04000091552734,79.23999786376953,76.11000061035156,77.18000030517578,60850900,-0.024026321217569535,79.46142905099052,74.54761904761905
2024-12-31,77.58000183105469,77.9800033569336,73.6500015258789,75.62999725341797,56267900,-0.020082962498432,79.66428593226841,74.95476168677921
2025-01-02,76.19999694824219,76.52999877929688,72.41999816894531,75.19000244140625,72217200,-0.0058177287847492876,78.89857155936105,75.37380945114862
2025-01-03,75.38999938964844,79.9800033569336,75.19000244140625,79.88999938964844,62415000,0.06250826965865275,78.78428540910993,75.7990475609189
2025-01-06,78.69000244140625,80.05999755859375,74.61000061035156,75.91999816894531,105619500,-0.04969334398589975,77.86142839704242,76.08809516543434
2025-01-07,75.19999694824219,75.38999938964844,69.75,69.98999786376953,91727300,-0.07810854120385657,76.12571389334542,75.99857112339565
2025-01-08,68.12000274658203,69.52999877929688,66.51000213623047,68.2300033569336,91349500,-0.0251463717753162,74.57571411132812,75.61238098144531
2025-01-10,66.01000213623047,68.19999694824219,65.04000091552734,67.26000213623047,78148600,-0.014216637446560432,73.1585715157645,75.36476207914806
2025-01-13,64.29000091552734,65.68000030517578,63.400001525878906,64.9800033569336,69046300,-0.03389828585908894,71.63714381626674,75.08333369663784
2025-01-14,67.18000030517578,68.2300033569336,65.19000244140625,65.91000366210938,56814900,0.014312099986626858,70.31142970493862,74.76904805501302
2025-01-15,68.55000305175781,68.8499984741211,67.08000183105469,68.13999938964844,56025800,0.03383394937999462,68.63285827636719,74.52809579031808
2025-01-16,69.08000183105469,71.43000030517578,68.36000061035156,69.23999786376953,62908700,0.01614321226847859,67.67857251848493,74.2028576078869
2025-01-17,70.9000015258789,72.33999633789062,69.94999694824219,71.7699966430664,54754000,0.03653955599875491,67.93285805838448,74.01333363850911
2025-01-21,73.23999786376953,73.63600158691406,70.60099792480469,73.06999969482422,56229000,0.018113461231203942,68.62428610665458,73.95047651018415
2025-01-22,74.5,77.16000366210938,73.80000305175781,76.87000274658203,66876400,0.052004968764588266,69.9971433367048,74.20571463448661
2025-01-23,76.04000091552734,79.0,75.83999633789062,78.9800033569336,55937900,0.02744894672773235,71.9971433367048,74.43285769507999
2025-01-24,79.05000305175781,82.23999786376953,78.44000244140625,78.9800033569336,77931900,0.0,73.86428615025112,74.35809580485027
2025-01-27,74.06999969482422,76.72000122070312,72.66999816894531,75.44000244140625,76093300,-0.04482148347764747,74.90714372907367,74.10809580485027
2025-01-28,75.54000091552734,80.73999786376953,74.04000091552734,80.2300033569336,65916700,0.06349417763139265,76.47714451381138,74.00571514311291
2025-01-29,79.94999694824219,80.81999969482422,77.80999755859375,79.76000213623047,49262200,-0.005858172766267322,77.61857386997768,73.8923819405692
2025-01-30,80.0199966430664,81.83000183105469,79.37999725341797,81.22000122070312,46067500,0.018304902775440945,78.7828598022461,73.9942866734096
2025-01-31,81.0,85.22000122070312,80.87000274658203,82.48999786376953,78731000,0.015636501157090477,79.5857162475586,74.2471437000093
2025-02-03,80.125,84.25,78.47000122070312,83.73999786376953,126592700,0.01515335231386894,80.26571546282086,74.63333420526413
2025-02-04,102.8000030517578,106.91000366210938,100.51000213623048,103.83000183105467,230806800,0.23990929639105185,83.81571524483817,75.9971437000093
2025-02-05,101.77999877929688,103.56999969482422,99.31999969482422,101.36000061035156,90628300,-0.023788897015740496,87.51857212611607,77.01952471051898
2025-02-06,101.08999633789062,111.54499816894533,100.26000213623048,111.27999877929688,128217500,0.0978689631926879,91.95428575788226,78.70333426339286
2025-02-07,111.66000366210938,116.3000030517578,110.4499969482422,110.8499984741211,143795400,-0.0038641293124797027,96.39571380615234,80.6490485781715
2025-02-10,112.02999877929688,116.76000213623048,108.72000122070312,116.6500015258789,99938100,0.0523229872042974,101.45714242117745,82.9547627766927
2025-02-11,116.5,118.66000366210938,112.0999984741211,112.62000274658205,94311700,-0.034547781625213325,105.76142883300781,85.11476280575707
2025-02-12,110.29000091552734,117.58999633789062,110.0,117.38999938964844,75316900,0.042354790683142296,110.56857190813336,87.61047690255302
2025-02-13,117.30999755859376,118.38999938964844,115.1500015258789,117.91000366210938,60027000,0.004429715266757173,112.58000074114118,90.08666737874348
2025-02-14,117.9000015258789,120.66999816894533,116.8000030517578,119.16000366210938,65528900,0.010601305751648304,115.12285831996373,92.51619139171783
2025-02-18,120.94000244140624,125.0,118.43000030517578,124.62000274658205,84227200,0.0458207361251437,117.02857317243304,95.15333448137555
2025-02-19,123.86000061035156,125.41000366210938,108.55999755859376,112.05999755859376,147487300,-0.10078643003667209,117.20143018450055,97.07190595354352
2025-02-20,102.91000366210938,107.4000015258789,95.8000030517578,106.2699966430664,243093900,-0.051668758180187235,115.71857234409877,98.65285818917411
2025-02-21,107.68000030517578,109.06999969482422,100.0,101.3499984741211,129063200,-0.04629715182423799,114.10857173374721,99.81857227143787
2025-02-24,95.87999725341795,99.01000213623048,89.30000305175781,90.68000030517578,184485000,-0.10527872056820808,110.29285757882255,100.37571498325893
2025-02-25,90.6500015258789,91.6999969482422,85.25,87.83999633789062,132626300,-0.03131896733267936,105.9971422467913,100.79761941092355
2025-02-26,89.16000366210938,91.69000244140624,87.58999633789062,89.30999755859375,94428700,0.016734987272182034,101.73285566057477,101.45809536888486
2025-02-27,91.91000366210938,93.62000274658205,84.16999816894531,84.7699966430664,99680500,-0.05083418474565271,96.03999764578683,101.67428552536737
2025-02-28,79.9800033569336,85.18000030517578,78.58000183105469,84.91999816894531,125977400,0.0017695119950340565,92.16285487583706,101.91999962216332
2025-03-03,88.55000305175781,90.4800033569336,82.52999877929688,83.41999816894531,114573900,-0.017663683847658596,88.89856937953404,102.02476138160343
2025-03-04,80.16000366210938,88.5,79.30000305175781,84.4000015258789,116800300,0.01174782280561626,86.47714124407086,102.11571393694196
2025-03-05,86.3499984741211,90.3000030517578,82.5,90.12999725341795,116053000,0.06789094341167878,86.39856937953404,102.41999962216332
2025-03-06,87.50499725341797,88.33999633789062,80.01000213623047,80.45999908447266,117340600,-0.10728945371823573,85.34428405761719,101.30714234851655
2025-03-07,80.0250015258789,85.16000366210938,79.1500015258789,84.91000366210938,105377100,0.05530704235982875,84.71571350097656,100.52380916050502
2025-03-10,82.0,82.69000244140625,74.56999969482422,76.37999725341797,136843800,-0.10045938100103835,83.51714215959821,98.86190432593936
2025-03-11,75.78500366210938,80.74500274658203,75.52999877929688,78.05000305175781,109351500,0.021864439099140043,82.53571428571429,97.2999997820173
2025-03-12,83.4800033569336,84.55000305175781,79.86000061035156,83.6500015258789,116525100,0.07174885656836594,82.56857190813336,95.72857121058873
2025-03-13,82.84500122070312,83.73999786376953,78.31999969482422,79.62000274658203,100927200,-0.04817691220304532,81.88571493966239,94.15714263916016
2025-03-14,82.97000122070312,87.2699966430664,82.16000366210938,86.23999786376953,113985000,0.08314487426304051,81.33000074114118,92.67380923316593
2025-03-17,88.44000244140625,88.81999969482422,84.5,87.3499984741211,99348900,0.012871064910101149,82.31428636823382,91.21857089088077
2025-03-18,85.77999877929688,86.16999816894531,81.80000305175781,83.88999938964844,93236500,-0.03961075151589999,82.16857147216797,89.53904687790643
2025-03-19,84.55000305175781,87.98999786376953,82.86000061035156,86.0999984741211,89797400,0.026344011211726803,83.55714307512555,87.7047609601702
2025-03-20,85.54000091552734,89.80000305175781,85.12000274658203,87.38999938964844,105547400,0.014982589296039128,84.89142826625279,86.52999914260138
2025-03-21,85.8499984741211,91.06999969482422,84.45999908447266,90.95999908447266,116748700,0.040851352783589645,85.93571363176618,85.8009516398112
2025-03-24,93.4000015258789,97.38999938964844,92.27999877929688,96.75,112164700,0.06365436426786131,88.38285609654018,85.58190409342448
2025-03-25,97.22000122070312,98.16999816894533,95.08000183105467,96.5,78015300,-0.0025839793281653423,89.84857068743024,85.85904693603516
2025-03-26,96.29000091552734,97.3000030517578,90.81999969482422,92.27999877929688,81428600,-0.04373058259795981,90.5528564453125,86.07047562372117
2025-03-27,91.01499938964844,93.6500015258789,89.66999816894531,90.08999633789062,82823000,-0.023732146406330257,91.43857029506138,86.1076184227353
2025-03-28,89.33999633789062,89.37999725341797,84.0999984741211,85.8499984741211,91091700,-0.04706402526499209,91.4028560093471,86.15904708135696
2025-03-31,80.0,84.6500015258789,78.75,84.4000015258789,108092900,-0.01688988903918598,90.97571345738002,86.13428533644904
2025-04-01,83.88999938964844,85.27999877929688,81.81999969482422,84.68000030517578,78980700,0.0033175210217386564,90.07857077462333,86.19428543817429
2025-04-02,82.4000015258789,88.40499877929688,82.30000305175781,87.44999694824219,96563100,0.03271134427354383,88.74999891008649,86.33952331542969
2025-04-03,81.25,85.68000030517578,81.01000213623047,83.5999984741211,93878200,-0.04402514132047075,86.90714154924665,86.02857099260602
2025-04-04,80.06999969482422,80.9800033569336,71.93000030517578,74.01000213623047,147323200,-0.11471287694890653,84.2971420288086,85.72142828078498
2025-04-07,66.6500015258789,81.80000305175781,66.12000274658203,77.83999633789062,169083700,0.051749683706403315,82.5471420288086,85.38476126534599
2025-04-08,83.29000091552734,86.11399841308594,75.22000122070312,77.31999969482422,135345600,-0.00668032717793543,81.32857077462333,85.42952328636532
2025-04-09,78.19000244140625,93.33000183105467,77.2699966430664,92.01000213623048,187244300,0.18998968571374175,82.41571371895927,86.0942851475307
2025-04-10,88.4000015258789,90.77999877929688,84.13999938964844,88.58999633789062,124448200,-0.037169934995503806,82.97428458077567,86.32952299572173
2025-04-11,87.9800033569336,89.55000305175781,85.47000122070312,88.55000305175781,95130700,-0.0004514424628744296,83.13142830984933,86.75476110549201
2025-04-14,95.8000030517578,97.33000183105467,91.45999908447266,92.62000274658205,122836900,0.0459627278888437,84.42000034877232,87.0585708618164
2025-04-15,93.52999877929688,98.98999786376952,93.0500030517578,98.4000015258789,118457700,0.06240551293343777,87.90428597586495,87.58476148332868
2025-04-16,96.27999877929688,97.3000030517578,89.62000274658203,92.70999908447266,121997600,-0.05782522716638161,90.02857208251953,88.0047614687965
2025-04-17,94.70999908447266,95.11000061035156,92.2699966430664,93.77999877929688,83991800,0.011541362370733,92.38000052315849,88.37047576904297
2025-04-21,92.83999633789062,96.4749984741211,89.30999755859375,90.8000030517578,83831100,-0.031776453042532404,92.20714351109096,88.53285689581008
2025-04-22,93.01499938964844,96.33999633789062,91.3499984741211,93.98999786376952,91185400,0.035132100273095324,92.97857230050224,88.67714255196708
2025-04-23,98.86000061035156,103.76000213623048,97.83000183105467,100.81999969482422,112909500,0.07266732616543092,94.73142896379743,88.87095206124442
2025-04-24,101.52999877929688,108.0,100.91000366210938,107.77999877929688,103190700,0.06903391296905514,96.8971426827567,89.40809486025856
2025-04-25,108.0500030517578,112.87999725341795,106.5500030517578,112.77999877929688,103933800,0.046390796591476935,98.95142800467355,90.38428533644904
2025-04-28,113.77999877929688,114.86000061035156,108.87000274658205,114.6500015258789,111082900,0.0165809786027884,102.08571406773159,91.5538093930199
2025-04-29,113.9800033569336,117.2300033569336,113.23999786376952,116.08000183105467,79709000,0.012472745627072568,105.27142878941127,92.99333336239769
2025-04-30,111.61000061035156,118.77999877929688,110.54000091552734,118.44000244140624,109461700,0.020330811277780247,109.22000013078961,94.61428578694661
2025-05-01,120.04000091552734,120.19000244140624,116.0,116.1999969482422,90677600,-0.01891257554027992,112.39285714285714,96.11523800804501
2025-05-02,118.66000366210938,124.41999816894533,118.62999725341795,124.27999877929688,103094300,0.06953530157710475,115.7442855834961,97.86904761904762
2025-05-05,123.6999969482422,125.25499725341795,121.36000061035156,123.7699966430664,135961300,-0.00410365417798364,118.02857099260602,99.78190467471168
2025-05-06,112.70999908447266,113.91000366210938,105.31999969482422,108.86000061035156,201193400,-0.1204653505462473,117.46857125418526,101.44142841157459
2025-05-07,107.97000122070312,111.8499984741211,107.0,110.4800033569336,95428800,0.014881524320219164,116.87285723005023,102.99571446010044
2025-05-08,112.27999877929688,120.37999725341795,112.06999969482422,119.1500015258789,126966200,0.07847572325767116,117.31142861502511,104.9876193091983
2025-05-09,118.97000122070312,119.16000366210938,114.9000015258789,117.3000030517578,81005300,-0.015526634078299129,117.14857155936105,106.19190506708054
2025-05-12,120.77999877929688,120.93499755859376,115.01000213623048,118.45999908447266,94257300,0.009889138981548085,117.47142900739398,107.61428615025112
2025-05-13,119.91999816894533,130.60000610351562,119.30999755859376,128.10000610351562,147155400,0.08137774011097854,118.01714433942523,109.49761962890625
2025-05-14,129.00999450683594,133.49000549316406,127.55899810791016,130.17999267578125,96611500,0.016237209002041952,118.93285805838448,111.28619057791573
2025-05-15,128.3699951171875,130.1999969482422,125.73999786376952,128.1199951171875,69503000,-0.01582422549157969,121.68428584507534,112.70142836797805
2025-05-16,129.22999572753906,130.3300018310547,126.76000213623048,129.52000427246094,57003700,0.010927327572818779,124.40428597586495,114.45428575788226
2025-05-19,124.71499633789062,127.7699966430664,124.31999969482422,126.33000183105467,72503900,-0.02462941890193049,125.43000030517577,116.00428590320405
2025-05-20,127.22000122070312,128.1999969482422,124.6500015258789,125.58999633789062,61265300,-0.005857717742723367,126.6142850603376,117.66095225016277
2025-05-21,125.16000366210938,127.11000061035156,119.41000366210938,120.58000183105467,80657700,-0.039891668547842984,126.9171425955636,118.92714291527157
2025-05-22,121.9499969482422,126.33000183105467,121.375,122.29000091552734,75498300,0.014181448486529025,126.08714185442243,119.94952392578125
2025-05-23,120.87999725341795,125.54000091552734,120.68000030517578,123.30999755859376,65905800,0.008340801663506259,125.10571398053851,120.68904767717633
2025-05-27,126.81999969482422,127.87999725341795,120.87999725341795,123.38999938964844,86455200,0.0006487862512256637,124.43000030517578,121.1942858014788
2025-05-28,124.2300033569336,125.6500015258789,122.91000366210938,123.76000213623048,64866000,0.002998644528829475,123.60714285714286,121.62809535435268
2025-05-29,125.3499984741211,126.47000122070312,121.52999877929688,122.31999969482422,62929100,-0.011635442926230422,123.03428540910993,121.92523810977028
2025-05-30,123.52999877929688,131.94000244140625,122.75,131.77999877929688,185897600,0.07733812220466296,123.91857147216797,122.56047603062221
2025-06-02,131.43499755859375,134.47999572753906,128.86000061035156,132.0399932861328,93218700,0.0019729436124169553,125.5557131086077,123.31476157052177
2025-06-03,133.07000732421875,135.27999877929688,130.10000610351562,133.1699981689453,91297700,0.008558050138367967,127.10999843052456,123.73809487479073
2025-06-04,132.8000030517578,132.9499969482422,125.58000183105467,130.00999450683594,97306300,-0.023729095934209243,128.06714085170202,124.03523763020833
2025-06-05,129.27000427246094,132.85000610351562,118.93000030517578,119.91000366210938,131055900,-0.07768626468325479,127.56999860491071,124.56142825172061
2025-06-06,123.7300033569336,128.1300048828125,121.91999816894533,127.72000122070312,87175100,0.065132160120696,128.13571275983537,125.38238053094773
2025-06-09,127.0749969482422,132.22999572753906,124.8000030517578,132.05999755859375,74785600,0.03398055352654605,129.52714102608817,125.9971422467913
2025-06-10,131.02000427246094,134.07000732421875,129.41000366210938,132.80999755859375,69308900,0.005679236815578692,129.67428370884485,126.73571341378349
2025-06-11,133.9199981689453,140.0,132.99000549316406,136.38999938964844,97366000,0.026955815803514582,130.29571315220423,127.58952295212518
2025-06-12,136.39999389648438,137.10000610351562,134.6300048828125,135.19000244140625,56248200,-0.008798276659668813,130.58428519112724,127.92714182535808
2025-06-13,133.81500244140625,139.99000549316406,133.35000610351562,137.39999389648438,93519000,0.016347299468656873,131.63999938964844,128.2709514072963
2025-06-16,140.02999877929688,144.86000061035156,139.81199645996094,141.41000366210938,80779800,0.02918493408846934,134.71142796107702,128.9038089570545
2025-06-17,141.48500061035156,141.69000244140625,136.0800018310547,138.1999969482422,70479100,-0.02269999738870887,136.2085702078683,129.31714194161552
2025-06-18,139.0399932861328,140.36000061035156,137.49000549316406,139.9600067138672,58260200,0.012735237369680519,137.33714294433594,129.96618979317802
2025-06-20,140.69000244140625,142.24000549316406,136.74200439453125,137.3000030517578,87067000,-0.019005455376602365,137.97857230050224,130.523809160505
2025-06-23,138.89999389648438,142.14999389648438,135.9600067138672,139.9199981689453,70501100,0.019082265542265553,138.48285784040178,131.44476136707124
2025-06-24,140.97999572753906,143.66000366210938,137.8000030517578,143.22999572753906,58574200,0.023656357932460237,139.63142830984933,132.44190397716704
2025-06-25,144.49000549316406,147.6699981689453,141.52999877929688,142.89999389648438,61435300,-0.0023039994477305203,140.4171425955636,133.37476094563803
2025-06-26,144.85000610351562,148.21499633789062,142.91000366210938,144.25,69440500,0.00944720896554796,140.82285635811942,134.36809430803572
2025-06-27,144.8699951171875,144.97000122070312,130.5399932861328,130.74000549316406,202598600,-0.09365680767303941,139.75714329310827,134.70047542027064
2025-06-30,137.7899932861328,138.875,134.8000030517578,136.32000732421875,97305600,0.04268014071137882,139.23714338030135,135.36714245024183
2025-07-01,135.27000427246094,136.32000732421875,128.50999450683594,130.67999267578125,91479700,-0.041373344669968226,138.2914276123047,135.31476120721726
2025-07-02,131.47000122070312,133.60000610351562,130.19000244140625,132.1199951171875,59732000,0.011019303046480244,137.17714146205358,135.31857081821985
2025-07-03,134.36000061035156,135.6199951171875,132.50999450683594,134.36000061035156,41812500,0.016954326187926583,135.90999930245536,135.37523760114397
2025-07-07,134.3800048828125,139.2899932861328,132.32000732421875,139.1199951171875,71959700,0.035427169434451455,135.3699994768415,135.80904715401786
2025-07-08,138.77499389648438,139.85499572753906,135.7899932861328,139.7100067138672,59834800,0.004241026576968343,134.72142900739397,136.7519044421968
2025-07-09,139.65499877929688,143.1699981689453,137.38999938964844,143.1300048828125,68494800,0.024479264222996067,136.4914289202009,137.48571414039247
2025-07-10,143.30999755859375,145.16000366210938,139.52999877929688,142.5,64383900,-0.004401626921820556,137.37428501674108,137.9828571137928
2025-07-11,142.11000061035156,144.5800018310547,141.47000122070312,142.10000610351562,52134800,-0.002806974712171062,139.0057155064174,138.42523847307478
2025-07-14,142.72000122070312,149.5749969482422,142.22000122070312,149.14999389648438,81774400,0.04961286059222991,141.4385724748884,139.0328572591146
2025-07-15,148.92999267578125,150.6199951171875,147.36000061035156,148.5800018310547,59126200,-0.0038216030087488972,143.47000122070312,139.67047627766928
2025-07-16,149.3000030517578,151.50999450683594,147.6739959716797,150.91000366210938,57550300,0.015681799719615475,145.15428815569197,140.31381007603235
2025-07-17,151.55999755859375,155.67999267578125,150.82000732421875,153.99000549316406,60165500,0.02040952724347478,147.1942879813058,140.91285778227308
2025-07-18,154.86000061035156,154.9199981689453,151.89999389648438,153.52000427246094,45771600,-0.0030521540615439102,148.67857360839844,141.6423819405692
2025-07-21,153.8800048828125,155.44000244140625,151.36000061035156,151.7899932861328,45072800,-0.011268961296130309,150.0057155064174,142.2057146344866
2025-07-22,150.85000610351562,151.7899932861328,145.06199645996094,149.07000732421875,49880800,-0.017919402346811664,151.00142996651786,142.76619102841332
2025-07-23,149.74000549316406,155.0,148.28700256347656,154.6300048828125,48062000,0.037297895521673174,151.78428867885046,143.46666753859748
2025-07-24,153.97999572753906,155.6300048828125,152.5749969482422,154.86000061035156,38925700,0.0014873939098261069,152.68143136160714,144.02047729492188
2025-07-25,155.6300048828125,160.38999938964844,155.5800018310547,158.8000030517578,57972300,0.025442350677240544,153.80857413155692,144.77762058803015
2025-07-28,159.8800048828125,160.27999877929688,153.0399932861328,157.8800048828125,63886900,-0.005793439239704878,154.36428833007812,145.42666843959265
2025-07-29,158.71499633789062,160.13999938964844,154.91000366210938,156.24000549316406,42427200,-0.010387631992193946,154.75285993303572,146.64095415387834
2025-07-30,157.36500549316406,159.3800048828125,156.55999755859375,158.61000061035156,40261700,0.015168939028814776,155.7271466936384,147.70238240559897
2025-07-31,159.99000549316406,160.88999938964844,156.72999572753906,158.35000610351562,45342600,-0.0016392062659066342,157.0528608049665,149.02000209263392
2025-08-01,155.0500030517578,158.19000244140625,151.05799865722656,154.27000427246094,61287000,-0.02576571944296313,157.00143214634485,150.07476443336122
2025-08-04,158.52999877929688,161.39999389648438,157.92999267578125,160.66000366210938,82993600,0.041420880357032175,157.8300040108817,151.327145531064
2025-08-05,171.80999755859375,176.3300018310547,169.22000122070312,173.27000427246094,130917500,0.07848873598230566,159.89714704241072,152.95333644321985
2025-08-06,171.1750030517578,180.58099365234372,171.00999450683594,179.5399932861328,82924800,0.03618623454185732,162.9914311000279,154.8500024704706
2025-08-07,181.00999450683597,184.47999572753903,178.1699981689453,182.1999969482422,77829200,0.014815660920016516,166.7000013078962,156.71047828311012
2025-08-08,184.7350006103516,187.9900054931641,184.41000366210935,186.9600067138672,62657900,0.026125191247819757,170.75000217982702,158.82762145996094
2025-08-11,186.47000122070312,187.17999267578125,181.9199981689453,182.67999267578125,56125600,-0.022892671610973414,174.22571454729353,160.76000177292596
2025-08-12,184.6999969482422,190.0,182.1000061035156,186.97000122070312,54819000,0.023483735038985598,178.8971426827567,162.56095450265067
2025-08-13,189.0,189.4600067138672,183.58999633789065,184.3699951171875,53610000,-0.013906006774030644,182.28428431919642,164.2652398972284
2025-08-14,182.41000366210935,185.3300018310547,179.1999969482422,181.0200042724609,53472900,-0.01816993509490139,183.39142717633928,165.6990494501023
2025-08-15,179.72500610351562,180.0,173.3800048828125,177.1699981689453,60288700,-0.02126840135149255,183.0528564453125,166.80285862513952
2025-08-18,175.27000427246094,177.89999389648438,171.38999938964844,174.02999877929688,62656600,-0.017723087554892936,181.8857138497489,167.77952503022692
2025-08-19,171.36000061035156,172.3000030517578,156.89999389648438,157.75,137922700,-0.09354708322409977,177.71285574776786,168.06333487374442
2025-08-20,152.3000030517578,156.4600067138672,142.33999633789062,156.00999450683594,220336400,-0.011030145756982912,173.9028560093471,168.39381045386904
2025-08-21,157.1699981689453,157.97000122070312,153.80999755859375,156.17999267578125,94678600,0.001089662040452577,169.50428336007255,168.46761939639137
2025-08-22,155.31500244140625,163.1999969482422,151.77000427246094,158.74000549316406,102099200,0.016391426158517186,165.84285627092635,168.65238153366815
2025-08-25,156.10000610351562,158.58999633789062,149.3699951171875,157.1699981689453,86879800,-0.00989043259347977,162.43571254185267,168.57476225353423
2025-08-26,155.38999938964844,162.1300048828125,154.57000732421875,160.8699951171875,86573700,0.023541369162993764,160.10714067731584,168.7171427408854
2025-08-27,162.32000732421875,162.39999389648438,155.97999572753906,156.72000122070312,76380600,-0.025797190417400473,157.63428388323103,168.73999968029204
2025-08-28,157.6300048828125,158.22999572753906,152.5500030517578,158.1199951171875,57885200,0.00893309013259147,157.68714032854353,168.71666608537947
2025-08-29,156.97999572753906,158.4199981689453,153.0,156.7100067138672,45270500,-0.00891720495105841,157.78714207240515,168.63857087634858
2025-09-02,151.1999969482422,158.38999938964844,150.27999877929688,157.08999633789062,65435000,0.0024247948933935337,157.9171425955636,168.77285621279762
2025-09-03,158.0,161.14999389648438,152.7100067138672,154.89999389648438,66052300,-0.013941068766057496,157.36856951032365,168.49857003348214
2025-09-04,154.86500549316406,157.0399932861328,153.16000366210938,156.13999938964844,53292300,0.008005200400412749,157.22142682756697,167.68285551525298
2025-09-05,157.82000732421875,158.97000122070312,148.0399932861328,153.11000061035156,81855900,-0.01940565384360926,156.11285618373327,166.42428443545387
2025-09-08,154.91000366210938,158.3000030517578,154.83999633789062,156.10000610351562,47643000,0.019528479402030063,156.02428545270647,165.18142772856214
2025-09-09,157.25,162.75,156.3699951171875,162.36000061035156,61359500,0.040102461640422415,156.6300005231585,164.00999886648995
2025-09-10,166.0,169.0,163.44000244140625,166.74000549316406,62211400,0.02697711792527091,158.06285749162947,163.2509518577939
2025-09-11,167.24000549316406,167.45799255371094,163.22000122070312,164.36000061035156,42025500,-0.014273748377140794,159.10142953055245,162.17428516206286
2025-09-12,165.35000610351562,171.52999877929688,164.00999450683594,171.42999267578125,54498500,0.04301528376232189,161.46285792759485,161.55809456961495
2025-09-15,169.60000610351562,171.8000030517578,167.41000366210938,171.2100067138672,45396100,-0.0012832408056512312,163.61571611676897,161.09095182872954
2025-09-16,171.0399932861328,171.30999755859375,168.9600067138672,170.25999450683594,34598700,-0.00554881239283489,166.06571524483817,160.76190403529577
2025-09-17,169.02000427246094,169.67999267578125,161.27000427246094,168.3300018310547,69255500,-0.011335561717663256,167.81285749162947,160.490475609189
2025-09-18,170.27000427246094,178.8000030517578,169.38999938964844,176.97000122070312,70768600,0.05132774488008396,169.9000004359654,161.4057137625558
2025-09-19,177.07000732421875,184.4199981689453,176.7100067138672,182.38999938964844,109129900,0.030626649327904598,172.1357138497489,162.66190447126115
2025-09-22,180.8800048828125,182.25,178.2899932861328,179.3300018310547,45916700,-0.016777222264563574,174.27428545270647,163.76428585960753
2025-09-23,182.50999450683597,185.75,177.00999450683594,182.5500030517578,62354800,0.017955730707774453,175.86285836356026,164.8980952671596
2025-09-24,183.91000366210935,184.8500061035156,177.1199951171875,179.55999755859375,45379700,-0.01637910404370857,177.0557141985212,165.96428571428572
2025-09-25,175.8000030517578,184.32000732421875,174.2899932861328,179.1199951171875,72321200,-0.0024504480251101857,178.32142857142858,166.83333333333334
2025-09-26,179.0500030517578,180.1199951171875,174.91000366210938,177.57000732421875,44275800,-0.008653348789757875,179.6414293561663,167.8261907668341
2025-09-29,179.63999938964844,181.47999572753903,177.16000366210938,178.86000061035156,38413800,0.007264702556313285,179.91142926897322,168.81381007603235
2025-09-30,178.97999572753906,182.7700042724609,178.22000122070312,182.4199981689453,43561700,0.019903821684252643,179.91571480887276,170.03809538341704
2025-10-01,181.32000732421875,186.27999877929688,179.5,184.9499969482422,45717300,0.013869086748667492,180.71857125418526,171.36476207914808
2025-10-02,186.6999969482422,188.1999969482422,182.9499969482422,187.0500030517578,39849200,0.0113544533017933,181.3614283970424,172.89571489606584
2025-10-03,186.3999938964844,186.83999633789065,170.77000427246094,173.07000732421875,105533400,-0.0747393504381324,180.43428693498885,173.701905750093
2025-10-06,179.17999267578125,182.9499969482422,177.8300018310547,179.52999877929688,52504200,0.037325886529699925,180.49285888671875,174.96000090099517
2025-10-07,180.30999755859372,186.17999267578125,179.4199981689453,182.1699981689453,58179300,0.014705059920898655,181.1500004359654,176.20142909458704
2025-10-08,182.8000030517578,184.25999450683597,181.1999969482422,183.55999755859372,36299700,0.007630232220561917,181.82142857142858,177.21095275878906
2025-10-09,183.5800018310547,187.6199951171875,179.9499969482422,185.47000122070312,45050300,0.010405337151411231,182.25714329310827,178.1028573172433
2025-10-10,185.1699981689453,187.1000061035156,173.52999877929688,175.44000244140625,55194000,-0.054078819826832825,180.89857264927454,178.63047645205543
2025-10-13,178.67999267578125,179.22000122070312,173.4499969482422,177.2100067138672,41332400,0.01008894350108136,179.49285888671875,178.9057152157738
2025-10-14,176.0,182.33999633789065,170.82000732421875,179.74000549316406,49261400,0.01427683924972678,180.44571576799666,179.31190563383558
2025-10-15,181.65499877929688,184.3500061035156,176.02000427246094,179.6199951171875,37372100,-0.0006676887298810996,180.4585723876953,179.7576199486142
2025-10-16,181.77999877929688,184.82000732421875,176.4499969482422,178.1199951171875,42870900,-0.008350963371429598,179.8800005231585,180.22381010509673
2025-10-17,177.75,181.58999633789065,173.9499969482422,178.14999389648438,43421500,0.00016841893172703237,179.10714285714286,180.28000023251488
2025-10-20,179.49000549316406,183.08999633789065,177.44000244140625,181.58999633789065,31975800,0.01930958495235835,178.5528564453125,180.24190484909784
2025-10-21,182.05999755859372,182.38900756835935,178.64999389648438,181.50999450683597,27528100,-0.0004405629862220817,179.4199981689453,180.34571402413505
2025-10-22,181.92999267578125,182.2100067138672,169.4199981689453,175.49000549316406,58263100,-0.033166157213701974,179.17428370884485,180.00952366420202
2025-10-23,175.44500732421875,181.55999755859372,175.00999450683594,180.47999572753903,35812300,0.02843461210427356,179.27999659946985,180.05333310081846
2025-10-24,182.8800048828125,186.1699981689453,182.8500061035156,184.6300048828125,34813500,0.022994288860348266,179.99571228027344,180.31571451822916
2025-10-27,188.97000122070312,192.8300018310547,187.5200042724609,189.17999267578125,47153100,0.024643815591386176,181.5757119315011,180.86857096354166
2025-10-28,189.47999572753903,191.77999877929688,186.77999877929688,189.6000061035156,38201000,0.0022201788983793325,183.21142796107702,181.37999979654947
2025-10-29,191.0800018310547,199.8500061035156,190.4900054931641,198.80999755859372,65537300,0.04857590273520218,185.67142813546317,182.1604759579613
2025-10-30,198.4250030517578,199.6699981689453,194.1199951171875,194.5500030517578,43541700,-0.021427466219752778,187.53428649902344,182.61761910574776
2025-10-31,199.1999969482422,204.17999267578125,197.9199981689453,200.47000122070312,52697600,0.0304291856904797,191.1028573172433,183.2566666376023
2025-11-03,205.0449981689453,207.5200042724609,201.82000732421875,207.17999267578125,81016800,0.0334712995172326,194.9171425955636,184.8809516543434
2025-11-04,192.07000732421875,195.6999969482422,185.55999755859372,190.7400054931641,121380900,-0.07935122967372776,195.78999982561385,185.41476149786087
2025-11-05,189.0,190.32000732421875,181.2100067138672,187.8999938964844,76121000,-0.014889438580735881,195.60714285714286,185.68761843726747
2025-11-06,187.9900054931641,191.08999633789065,174.52999877929688,175.0500030517578,78468600,-0.06838739362496071,193.52857099260603,185.28238060360863
2025-11-07,173.14999389648438,178.6999969482422,168.91000366210938,177.92999267578125,73989700,0.016452382598199033,190.54571315220423,184.92333257765998
2025-11-10,184.30999755859372,194.92999267578125,183.5200042724609,193.6100006103516,87764200,0.08812459158103825,190.4114270891462,185.78857058570497
2025-11-11,190.3350067138672,192.9250030517578,187.1300048828125,190.9600067138672,49819700,-0.01368727797185243,189.0528564453125,186.4433324904669
2025-11-12,190.5800018310547,190.5800018310547,180.3999938964844,184.1699981689453,55347100,-0.035557228247776296,185.76571437290735,186.65428452264695
2025-11-13,181.71499633789065,182.6999969482422,170.7310028076172,172.13999938964844,63188800,-0.06532007872564216,183.1085706438337,186.298094249907
2025-11-14,166.97500610351562,177.2899932861328,164.5,174.00999450683594,62596800,0.010863222515498316,181.12428501674108,186.10237993512834
2025-11-17,170.52999877929688,174.24000549316406,167.67999267578125,171.25,50339000,-0.015861126337358256,180.58142743791853,185.77380879720053
2025-11-18,168.3699951171875,172.8300018310547,165.5,167.3300018310547,53710100,-0.022890500256614987,179.067143031529,185.09476143973214
2025-11-19,167.8000030517578,169.60000610351562,162.4199981689453,165.4199981689453,46108200,-0.011414591771999216,175.03999982561385,184.32857113792784
2025-11-20,172.07000732421875,174.57000732421875,154.39500427246094,155.7449951171875,78443900,-0.05848750549420645,170.00928388323103,183.3883325485956
2025-11-21,156.00999450683594,158.11000061035156,147.55999755859375,154.85000610351562,71346400,-0.005746502563362954,165.82071358816964,182.16785685221353
2025-11-24,157.47000122070312,165.1699981689453,157.0,162.25,57877800,0.047788140812455415,164.40785653250558,181.10214233398438
2025-11-25,160.07000732421875,164.64999389648438,156.55499267578125,163.5500030517578,36523500,0.008012345465379322,162.91357203892298,179.8816666376023
2025-11-26,166.85000610351562,168.33900451660156,163.8800048828125,165.77000427246094,34610500,0.013573837843344982,162.1307155064174,178.74690464564733
2025-11-28,167.75999450683594,168.8000030517578,165.875,168.4499969482422,17199500,0.01616693374379352,162.29071480887276,177.30119033086868
2025-12-01,165.0,169.10000610351562,163.1199951171875,167.49000549316406,27779600,-0.005698969857346414,162.586430140904,176.0126190185547
2025-12-02,169.58999633789062,175.75,169.58999633789062,170.69000244140625,35368000,0.01910559939872236,164.721431187221,174.59452383858817
2025-12-03,170.13999938964844,177.91000366210938,168.8300018310547,176.0800018310547,30541600,0.031577709956965405,167.75428771972656,173.1135718936012
2025-12-04,176.36500549316406,178.44000244140625,174.42999267578125,177.9199981689453,29217800,0.010449774640825193,169.99285888671875,172.50309535435267
2025-12-05,178.22999572753906,182.1529998779297,177.16000366210938,181.75999450683597,32079300,0.021582713452168223,172.5942862374442,172.21071443103608
2025-12-08,182.2100067138672,183.8800048828125,179.5399932861328,181.4900054931641,30456700,-0.001485414952858144,174.84000069754464,172.5173812139602
2025-12-09,180.97000122070312,182.8500061035156,180.3800048828125,181.83999633789065,18937600,0.001928430404613879,176.75285775320873,172.70357186453683
2025-12-10,184.9499969482422,190.38999938964844,182.75,187.91000366210935,59398000,0.03338103523132263,179.67000034877233,172.43214343843005
2025-12-11,184.8000030517578,188.0500030517578,180.2100067138672,187.5399932861328,36843200,-0.0019690829054629377,182.07714189801897,172.269285656157
2025-12-12,185.80999755859372,186.5249938964844,177.66700744628906,183.57000732421875,42427400,-0.02116874322298279,183.1471426827567,172.24071466355096
2025-12-15,185.0800018310547,187.77999877929688,180.02999877929688,183.25,32796100,-0.0017432440564952856,183.90857151576452,172.76976231166296
2025-12-16,181.65499877929688,188.5,181.1419982910156,187.75,42070300,0.024556616643929052,184.7642865862165,173.4240482875279
2025-12-17,187.71499633789065,187.75,176.5,177.2899932861328,50424700,-0.055712419248293954,184.1642848423549,173.711667015439
2025-12-18,181.50999450683597,187.3300018310547,181.50999450683597,185.69000244140625,40221500,0.04738005230625997,184.71428571428572,174.58595275878906
2025-12-19,186.7400054931641,195.0,186.72999572753903,193.3800048828125,76929400,0.04141312047121537,185.49571446010046,175.9173816499256
2025-12-22,195.0399932861328,198.8800048828125,192.42999267578125,193.97999572753903,36686000,0.0031026519266565966,186.41571480887274,177.73809596470423
2025-12-23,192.8249969482422,195.3699951171875,191.7350006103516,194.1300048828125,24041000,0.0007733228094517486,187.92428588867188,179.6085720970517
2025-12-24,193.16000366210935,195.1699981689453,192.8300018310547,194.1699981689453,11710100,0.00020601290437793907,189.48428562709265,181.12857200985863
2025-12-26,195.01499938964844,196.3500061035156,188.6199951171875,188.7100067138672,26262000,-0.028119645190125886,189.62142944335938,182.32666742234002
2025-12-29,186.8500061035156,187.1999969482422,183.63999938964844,184.17999267578125,28242000,-0.02400516070647274,190.60571507045202,183.20333353678384
2025-12-30,184.3500061035156,184.72900390625,180.6999969482422,180.83999633789065,23336300,-0.018134414543984234,189.91285705566406,183.7933335077195
2025-12-31,181.1300048828125,181.52999877929688,177.25,177.75,22997400,-0.017086907766339143,187.67999921526228,184.28190467471168
2026-01-02,181.3000030517578,181.3500061035156,166.35000610351562,167.86000061035156,60634100,-0.05563994030744546,183.94857134137834,184.1471426827567
2026-01-05,174.8800048828125,175.82000732421875,171.7899932861328,174.0399932861328,39511700,0.03681635084779189,181.07856968470983,184.0499994187128
2026-01-06,175.75999450683594,180.19000244140625,174.77000427246094,179.7100067138672,34838600,0.03257879594612789,179.01285661969865,184.13523792085192
2026-01-07,179.8000030517578,187.27999877929688,177.66000366210938,181.67999267578125,45349000,0.010962027089847393,178.0085688999721,184.13142830984933
2026-01-08,185.6150054931641,185.66000366210935,174.3699951171875,176.86000061035156,47304300,-0.026530120320024775,176.96285574776786,183.91095188685827
2026-01-09,177.02000427246094,178.72000122070312,174.75,177.49000549316406,31362900,0.0035621671414582945,176.48428562709265,183.7038094656808
2026-01-12,177.68499755859375,182.5,176.33999633789062,179.41000366210938,34954500,0.01081750019450678,176.72142900739397,183.2990475609189
2026-01-13,178.875,181.1000061035156,176.13999938964844,178.9600067138672,27769400,-0.0025082043311792646,178.30714416503906,182.8904767717634
2026-01-14,178.125,181.59800720214844,173.9499969482422,178.39999389648438,33651400,-0.003129262384741649,178.93000139508928,182.644285656157
2026-01-15,178.7100067138672,180.6000061035156,176.52999877929688,177.07000732421875,31109200,-0.007455081938160468,178.55285862513952,182.3500002906436
2026-01-16,179.36000061035156,182.42999267578125,170.00999450683594,170.9600067138672,59483600,-0.03450612953984933,177.02143205915178,181.55047680082777
2026-01-20,167.625,171.97000122070312,166.24000549316406,168.52999877929688,36708500,-0.014213897046912116,175.83143179757255,181.13333420526413
2026-01-21,168.40199279785156,169.49000549316406,161.11000061035156,165.3300018310547,47851200,-0.018987699349792497,174.0942884172712,180.16381036667596
2026-01-22,168.9250030517578,169.0,164.9499969482422,165.89999389648438,28499500,0.0034476021237339616,172.16428702218192,178.85523841494606
2026-01-23,167.27000427246094,172.0,166.3000030517578,169.60000610351562,30285700,0.022302666324026,170.827144077846,177.6942865280878
2026-01-26,168.2100067138672,170.58999633789062,167.3249969482422,167.47000122070312,22777200,-0.012558990602349662,169.26571655273438,176.42476254417784
2026-01-27,167.47999572753906,169.44000244140625,164.69000244140625,165.6999969482422,26542300,-0.010569082579322986,167.6414293561663,175.06904820033483
2026-01-28,164.39999389648438,165.0449981689453,157.24000549316406,157.35000610351562,44822800,-0.0503922208721268,165.6971435546875,173.57571483793714
2026-01-29,157.6300048828125,157.6300048828125,147.1199951171875,151.86000061035156,59846800,-0.03489040533975174,163.31571524483817,172.0366675967262
2026-01-30,150.0500030517578,151.0,145.13900756835938,146.58999633789062,47271000,-0.03470304393046153,160.6385716029576,170.4057152157738
2026-02-02,150.94000244140625,151.39999389648438,146.6540069580078,147.75999450683594,72811100,0.007981432554568402,158.0471431187221,168.97761971609933
2026-02-03,165.0500030517578,165.0780029296875,153.1199951171875,157.8800048828125,113169200,0.0684895151069349,156.37285723005022,168.50238182431175
2026-02-04,155.41000366210938,155.85000610351562,135.67999267578125,139.5399932861328,113199500,-0.11616424518286961,152.38285609654017,166.85952468145462
2026-02-05,136.82000732421875,137.97999572753906,128.32000732421875,130.00999450683594,93690800,-0.06829582369088405,147.28428431919642,164.49285743350075
2026-02-06,135.3300018310547,137.68699645996094,132.35000610351562,135.89999389648438,62661400,0.04530420458819995,144.2199968610491,162.31285749162947
2026-02-09,136.5800018310547,145.8699951171875,134.7760009765625,142.91000366210938,58042500,0.05158211979733096,142.94142586844308,160.6961909702846
2026-02-10,144.96499633789062,145.55999755859375,137.77000427246094,139.50999450683594,56061300,-0.023791260710567808,141.92999703543526,158.8876190185547
2026-02-11,139.02499389648438,139.25,132.9499969482422,135.67999267578125,52796100,-0.027453243365062385,140.20428248814173,156.80523754301527
2026-02-12,135.36000061035156,135.88999938964844,126.55999755859376,129.1300048828125,74090600,-0.048275266410284234,136.0971396309989,154.43238031296502
2026-02-13,127.9000015258789,133.55999755859375,126.23300170898438,131.41000366210938,49438100,0.017656614985541275,134.93571254185267,152.19476173037575
2026-02-17,128.89500427246094,134.32000732421875,127.29000091552734,133.02000427246094,48407100,0.012251735526096708,135.36571393694197,150.0971425374349
2026-02-18,135.88999938964844,140.96299743652344,134.8699951171875,135.3800048828125,59677100,0.017741696997074508,135.2914297921317,148.4028567359561
2026-02-19,132.30999755859375,136.16000366210938,131.00999450683594,134.88999938964844,42197200,-0.0036194820172168463,134.14571489606584,146.8009520031157
2026-02-20,132.36500549316406,136.2100067138672,131.1699981689453,135.24000549316406,53726800,0.0025947520579683303,133.5357164655413,145.3680950346447
2026-02-23,132.0399932861328,132.0399932861328,127.38999938964844,130.60000610351562,52512200,-0.03430937001760903,132.81000409807478,143.68714323497954
2026-02-24,129.0050048828125,130.24000549316406,126.37000274658205,128.83999633789062,47121400,-0.01347633754496147,132.76857430594308,141.7461903889974
2026-02-25,130.61000061035156,136.08999633789062,129.17999267578125,134.19000244140625,53078300,0.041524419866366014,133.16571698869978,140.1614285423642
2026-02-26,133.84500122070312,137.50999450683594,132.6300048828125,135.94000244140625,45100000,0.013041209987041613,133.5828595842634,138.7442859468006
2026-02-27,134.07000732421875,138.10000610351562,133.97999572753906,137.19000244140625,59412400,0.009195233025972582,133.8414306640625,137.78428577241442
2026-03-02,140.77499389648438,147.13999938964844,140.52000427246094,145.1699981689453,72683900,0.05816747274239109,135.31000191824776,137.46571422758558
2026-03-03,142.10000610351562,147.5,138.1999969482422,147.22000122070312,67460200,0.014121396139800568,137.02142987932478,137.49571446010046
2026-03-04,148.42999267578125,154.52000427246094,148.05999755859375,153.19000244140625,60062200,0.04055156345062971,140.24857221330916,137.75428626650856
2026-03-05,152.94000244140625,156.3800048828125,149.61000061035156,152.6699981689453,50714500,-0.003394505282156568,143.6528581891741,137.50619070870536
2026-03-06,150.44000244140625,161.4499969482422,150.2899932861328,157.16000366210938,74980900,0.029409874546506565,146.93428693498885,138.3452388218471
2026-03-09,155.69000244140625,158.44000244140625,152.97000122070312,156.42999267578125,47574200,-0.004645017621007663,149.8614283970424,139.60333397274925
2026-03-10,155.99000549316406,156.65699768066406,150.13999938964844,151.13999938964844,47501400,-0.03381700143077371,151.85428510393416,140.3290485200428
2026-03-11,151.3800048828125,153.16900634765625,149.3300018310547,151.60000610351562,33955900,0.0030435802284296543,152.77285766601562,140.74285816010973
2026-03-12,153.00999450683594,155.8800048828125,150.97999572753906,153.5,54409800,0.012532940765101364,153.67000034877233,141.40904889787947
2026-03-13,153.3000030517578,154.55999755859375,148.5800018310547,150.9499969482422,42460600,-0.016612397731321282,153.3499995640346,142.13619195847284
2026-03-16,152.4499969482422,153.86000061035156,151.1699981689453,152.72000122070312,32898900,0.011725765539881694,153.35714285714286,143.25952511742003
2026-03-17,152.40499877929688,156.75,152.1199951171875,155.0800018310547,37118500,0.015453120688108335,153.05999973842077,144.38666788736978
2026-03-18,154.94500732421875,156.69000244140625,152.61000061035156,152.77000427246094,32476700,-0.014895521868192096,152.53714425223214,145.327144077846
2026-03-19,153.10000610351562,156.14999389648438,150.5,155.67999267578125,33915900,0.01904816601386239,153.1857147216797,146.29381016322546
2026-03-20,155.1999969482422,156.64999389648438,149.08999633789062,150.67999267578125,48700200,-0.03211716492313166,153.05428423200334,147.04571460542223
2026-03-23,153.24000549316406,161.0800018310547,153.24000549316406,160.83999633789062,57507100,0.0674276888503087,154.1028551374163,148.26476178850447
2026-03-24,160.07000732421875,162.39999389648438,151.63999938964844,154.77999877929688,56155700,-0.0376771804064393,154.6499982561384,149.41619001116072
2026-03-25,157.4199981689453,160.27000427246094,154.85499572753906,154.9600067138672,38543300,0.001162992221152459,154.9699990408761,150.66000002906435
2026-03-26,153.05499267578125,153.1199951171875,147.25,147.55999755859375,43038400,-0.04775431617615711,153.89571271623885,151.29666646321616
2026-03-27,145.8800048828125,145.9600067138672,141.55999755859375,143.05999755859375,35790800,-0.03049606990006304,152.5085688999721,151.6357138497489
2026-03-30,143.27000427246094,144.1199951171875,136.3000030517578,137.5500030517578,41289800,-0.03851527052193038,149.91857038225447,151.6528567359561
2026-03-31,140.02000427246094,147.86000061035156,138.97000122070312,146.27999877929688,45558600,0.06346779741076491,149.28999982561385,151.7057139078776
2026-04-01,147.0,148.3000030517578,144.47000122070312,146.49000549316406,34171000,0.0014356488625901775,147.24000113351005,151.67095220656623
2026-04-02,143.48500061035156,148.50999450683594,137.99000549316406,148.4600067138672,30437000,0.013448024758214938,146.33714512416296,151.44571431477866
2026-04-06,148.36000061035156,150.61000061035156,146.63099670410156,147.92999267578125,25142200,-0.003570079577777885,145.3328574044364,151.21999976748512
2026-04-07,146.8820037841797,150.27000427246094,144.4499969482422,150.07000732421875,28671100,0.014466401368164572,145.6914302280971,150.88238089425224
2026-04-08,154.76499938964844,156.27999877929688,139.1699981689453,140.75999450683594,64827700,-0.062037798114242704,145.36285836356026,150.13619050525483
2026-04-09,139.39500427246094,139.5399932861328,128.47000122070312,130.49000549316406,92361400,-0.07296099328259864,144.35428728376115,149.1528574625651
2026-04-10,128.47999572753906,129.1999969482422,122.68000030517578,128.05999755859375,116656800,-0.018622176659327416,141.75142996651786,148.03190467471168
2026-04-13,130.22999572753906,134.4199981689453,129.14999389648438,132.3699951171875,65772800,0.03365608028082079,139.73428562709265,147.02571396600632
2026-04-14,134.427001953125,138.07000732421875,134.0,135.6999969482422,52786800,0.02515677233429403,137.9114270891462,146.29952348981584
2026-04-15,136.7899932861328,142.5800018310547,134.92999267578125,142.14999389648438,48389400,0.047531297666147276,137.08571297781808,145.7961898077102
2026-04-16,144.2899932861328,145.5500030517578,139.52999877929688,142.75999450683594,43746000,0.004291246124117132,136.04142543247767,145.2095227922712
2026-04-17,145.31500244140625,148.27999877929688,143.3000030517578,146.38999938964844,50657600,0.025427325738925255,136.84571184430803,144.9057130359468
2026-04-20,145.0,147.1999969482422,143.8300018310547,145.88999938964844,33482700,-0.003415533862180964,139.04571097237724,144.43952287946428
2026-04-21,146.80999755859375,149.8699951171875,143.99899291992188,145.97000122070312,44830000,0.0005483709054039387,141.60428292410714,144.21523757207962
2026-04-22,148.36000061035156,152.67999267578125,147.41000366210938,152.6199951171875,43701500,0.04555726410133909,144.49714006696428,143.82380894252233
2026-04-23,149.6999969482422,150.2899932861328,139.9199981689453,141.57000732421875,58654400,-0.07240196662622189,145.33571297781808,143.19476173037575
2026-04-24,142.9600067138672,143.3300018310547,138.92999267578125,143.08999633789062,38677200,0.010736659850492547,145.4699990408761,142.62952314104353
2026-04-27,141.25,145.07000732421875,141.00999450683594,143.10000610351562,31275400,6.99543356013077e-05,145.51857212611608,142.4171425955636
2026-04-28,142.3000030517578,143.85000610351562,140.4199981689453,141.17999267578125,24757200,-0.013417284038027777,144.77428545270647,142.32761855352493
2026-04-29,139.75999450683594,139.75999450683594,134.67999267578125,137.97000122070312,33348100,-0.022736872231250538,143.64285714285714,142.34761846633185
2026-04-30,138.47500610351562,140.1999969482422,136.64999389648438,139.11000061035156,32523600,0.008262661300008523,142.66285705566406,142.00618998209634
2026-05-01,143.25,146.44000244140625,141.38999938964844,144.07000732421875,33219900,0.035655284969484,141.4414302280971,141.89095197405135
2026-05-04,147.75,149.63999938964844,145.22500610351562,146.02999877929688,70525900,0.01360443781103804,142.07857186453683,141.77523731050036
2026-05-05,140.2949981689453,142.97999572753906,134.72000122070312,135.91000366210938,89747100,-0.06930079573911663,141.05285862513952,141.2028568812779
2026-05-06,133.7100067138672,135.6999969482422,131.14999389648438,133.7899932861328,55524800,-0.015598633793338701,139.72285679408483,140.42761811755952
2026-05-07,135.10000610351562,140.9499969482422,134.77999877929688,137.0500030517578,50184900,0.024366618799755102,139.1328582763672,140.2509518577939
2026-05-08,135.86500549316406,137.8800048828125,133.02000427246094,137.8000030517578,41745400,0.005472455186423808,139.10857282366072,140.5990469796317
2026-05-11,134.91000366210938,137.13999938964844,132.77099609375,136.88999938964844,41414500,-0.006603800014195804,138.7914297921317,141.01952325730096
2026-05-12,136.60000610351562,137.42999267578125,133.4600067138672,136.0,38781100,-0.006501566174422324,137.6385716029576,141.19238063267298
2026-05-13,134.00599670410156,136.99000549316406,128.75,130.0500030517578,55189400,-0.04374997756060428,135.35571507045202,140.92333330426897
2026-05-14,129.64999389648438,134.47999572753906,129.4499969482422,133.72999572753906,37052600,0.02829675193715042,135.0442853655134,140.52238101050966
2026-05-15,132.8000030517578,135.63999938964844,132.2899932861328,133.99000549316406,32629700,0.0019442890445815486,135.07285853794642,140.1047624860491
2026-05-18,132.5,135.93499755859375,131.3300018310547,135.13999938964844,32034600,0.008582684150595377,134.8000008719308,139.56904820033483
2026-05-19,135.1699981689453,137.47000122070312,133.60000610351562,135.25999450683594,29777300,0.0008879319056493973,134.43714250837053,139.06285749162947
2026-05-20,134.14500427246094,137.24000549316406,132.4199981689453,137.14999389648438,31307700,0.01397308492092919,134.47428458077567,138.64285714285714
2026-05-21,135.8000030517578,138.5500030517578,135.4199981689453,137.4149932861328,24311900,0.0019321866674557597,134.67642647879464,137.91880943661644
2026-05-22,137.4250030517578,139.02000427246094,134.3000030517578,136.8800048828125,27578000,-0.003893231666549868,135.65214102608817,137.69547598702567
2026-05-26,136.16000366210938,138.67999267578125,133.3000030517578,136.60000610351562,31723900,-0.0020455783847801445,136.06214250837053,137.3864288330078
2026-05-27,133.3000030517578,135.72999572753906,131.6300048828125,132.50999450683594,34159800,-0.0299415184035956,135.8507123674665,136.88214256649925
2026-05-28,133.16000366210938,145.0,133.0,143.33999633789062,52085200,0.08172969798512808,137.0221405029297,136.98499988374255
2026-05-29,147.8249969482422,157.7790069580078,145.7899932861328,156.5399932861328,92196600,0.0920887211209791,140.06214032854353,137.86928522019159
2026-06-01,159.97999572753906,163.6999969482422,155.8800048828125,160.64999389648438,57654000,0.02625527524355431,143.4192831856864,138.8949991861979
2026-06-02,156.69000244140625,159.5500030517578,149.8000030517578,152.1699981689453,43163100,-0.05278553407853337,145.52714102608817,139.2807130359468
2026-06-03,149.6999969482422,151.67999267578125,141.25,142.1999969482422,41072500,-0.06551883643735101,146.28713989257812,139.09833199637276
2026-06-04,145.4600067138672,146.3699951171875,140.27200317382812,141.6999969482422,40834000,-0.0035161744777110204,147.01571001325334,139.37404596237909
2026-06-05,140.3249969482422,141.97000122070312,134.02499389648438,135.52999877929688,38283500,-0.04354268385199034,147.4471391950335,139.45690336681548
2026-06-08,135.67999267578125,137.75999450683594,135.27999877929688,136.47000122070312,26978900,0.0069357518621171454,146.46571132114954,139.42928423200334
2026-06-09,134.8699951171875,136.99000549316406,127.3499984741211,132.07000732421875,38680000,-0.03224147326978166,142.9699990408761,139.15642729259673
2026-06-10,129.3249969482422,133.18499755859375,128.8000030517578,130.2100067138672,30612600,-0.014083444440079806,138.62142944335938,138.8383324032738
2026-06-11,128.77999877929688,131.52000427246094,127.16999816894533,131.0800018310547,27554500,0.006681476632585559,135.60857282366072,138.60404677618118
2026-06-12,130.9149932861328,131.08999633789062,126.6500015258789,127.98999786376952,35378000,-0.023573420232842146,133.57857295445032,138.50595129103888
2026-06-15,130.02000427246094,134.97999572753906,129.6999969482422,134.7100067138672,41748200,0.05250417190607615,132.58000292096818,138.55261848086403
2026-06-16,134.58999633789062,134.58999633789062,129.6199951171875,133.25,30409900,-0.010838145951312605,132.25428880964006,138.5173801240467
2026-06-17,131.75999450683594,136.10000610351562,129.9199981689453,130.6300048828125,32290800,-0.019662252286585358,131.42000361851282,138.30261848086403
2026-06-18,130.83999633789062,131.42999267578125,125.01000213623048,128.47000122070312,55338000,-0.016535279655291335,130.9057170322963,137.97928546723864
2026-06-22,125.73999786376952,128.8699951171875,119.1999969482422,119.5,56924500,-0.06982175710649563,129.37571607317244,137.13880956740607
2026-06-23,120.1500015258789,120.94000244140624,116.18000030517578,116.6999969482422,44661900,-0.023430987880818432,127.32142966134208,136.15238117036364
2026-06-24,114.12000274658205,118.0,112.25,113.5,46520700,-0.027420711498916672,125.25142996651786,135.03904760451545
2026-06-25,111.37999725341795,112.1500015258789,106.37000274658205,107.2699966430664,61840100,-0.054889897417917166,121.33142852783203,133.6423804873512
2026-06-26,109.04000091552734,114.08000183105467,108.47000122070312,112.93000030517578,61360500,0.0527640891137775,118.42857142857143,132.70999981108167
2026-06-29,116.2300033569336,119.08000183105467,114.6999969482422,115.6999969482422,45017400,0.024528439170999228,116.29571315220424,131.39380936395554
2026-06-30,114.9499969482422,118.6999969482422,114.56999969482422,116.66999816894533,38069700,0.008383761852103211,114.60999843052456,129.495238167899
2026-07-01,120.0500030517578,128.25,119.3499984741211,125.7300033569336,58561300,0.07765496983096565,115.49999891008649,127.83238147553944
2026-07-02,128.99000549316406,132.8800048828125,127.9499969482422,129.3000030517578,60641000,0.0283941748151344,117.2999997820173,126.7433340890067
2026-07-06,127.23999786376952,134.06900024414062,126.63999938964844,132.5399932861328,37360100,0.02505792852207489,120.01999882289341,126.28333391462054
2026-07-07,133.72999572753906,138.89999389648438,131.4600067138672,134.3699951171875,52570400,0.01380716707223617,123.89142717633929,125.93428620837983
2026-07-08,129.49000549316406,132.38999938964844,126.70999908447266,132.22000122070312,40587800,-0.016000550529225777,126.6471415928432,125.77666727701823
2026-07-09,127.72000122070312,129.19000244140625,124.80999755859376,129.0399932861328,35286100,-0.024050884171920472,128.552855355399,125.42285737537202
2026-07-10,132.13999938964844,132.27999877929688,125.7699966430664,126.79000091552734,31163000,-0.017436395595715415,129.99857003348214,125.17142849876767
2026-07-13,127.29499816894533,130.72000122070312,126.19499969482422,130.0399932861328,39786500,0.025632875992884774,130.61428288051061,125.16333262125652
2026-07-14,123.61000061035156,135.7899932861328,122.63999938964844,133.72000122070312,49963700,0.028299047405154987,131.24571119035994,125.28904687790643
2026-07-15,134.33999633789062,136.8800048828125,132.8800048828125,133.75999450683594,26064500,0.0002990823045745383,131.41999707903182,125.56380862281436
2026-07-16,133.0800018310547,136.2100067138672,128.67999267578125,134.44000244140625,28951300,0.005083791585648978,131.42999812534876,125.5509512765067
2026-07-17,131.78500366210938,134.77000427246094,129.0500030517578,132.3800048828125,31875100,-0.015322802151030657,131.45285579136439,125.509522937593
2026-07-20,131.8800048828125,136.6199951171875,131.82000732421875,134.85000610351562,30571300,0.018658416147435908,132.28285762241907,125.71047537667411
2026-07-21,133.8300018310547,134.67999267578125,131.22500610351562,132.66000366210938,23161800,-0.01624028433283964,133.12142944335938,125.90999930245536
2026-07-22,132.22000122070312,132.34500122070312,123.4499969482422,124.56999969482422,38588300,-0.060982992190251495,132.34000178745814,126.15142785935174
2026-07-23,125.93499755859376,126.4000015258789,120.7300033569336,123.37000274658205,29757900,-0.009633113519964431,130.86143057686942,126.46904718308221
2026-07-24,125.16500091552734,125.30999755859376,122.0199966430664,122.91999816894533,21177000,-0.0036476012613948505,129.31285967145647,126.91761852446056
2026-07-27,126.15499877929688,132.41000366210938,125.30999755859376,131.52999877929688,36708200,0.07004556409541829,128.8971448625837,128.07285672142393
2026-07-28,125.83999633789062,127.19000244140624,117.88999938964844,123.52999877929688,43597300,-0.06082262658136073,127.63285827636719,128.57761855352493
2026-07-29,124.0,127.27999877929688,122.4499969482422,123.0,27207900,-0.004290445920296593,125.94000026157924,128.92523774646577
2026-07-30,121.13999938964844,123.66999816894533,120.2699966430664,122.26000213623048,27801600,-0.006016242794874116,124.45428575788226,129.19142841157458
2026-07-31,122.29000091552734,123.38999938964844,119.62000274658205,123.05999755859376,29085100,0.006543394473949693,124.23857116699219,129.0642852783203
2026-08-03,126.6999969482422,126.96499633789062,123.65699768066406,125.6500015258789,77282900,0.021046676569711043,124.56428527832031,128.8904756818499
2026-08-04,145.14500427246094,164.52000427246094,143.27999877929688,162.66000366210938,175034700,0.2945483620118212,130.2414289202009,130.32476189022972
2026-08-05,162.0,166.0800018310547,158.25,158.42999267578125,63515900,-0.02600523110226316,134.08428519112724,131.47047605968658
2026-08-06,155.8699951171875,158.0,152.6999969482422,155.9199981689453,41751400,-0.015842925095455374,138.71142796107702,132.5990473429362
2026-08-07,160.07000732421875,172.41000366210938,159.9600067138672,172.00999450683594,77579900,0.10319392333789335,145.71285574776786,134.6452378772554
2026-08-10,171.00999450683594,179.60000610351562,170.8699951171875,175.22999572753906,57402700,0.018719849564178492,153.27999768938338,136.951904296875
2026-08-11,174.17999267578125,177.94000244140625,172.72000122070312,174.94000244140625,43162500,-0.0016549294824141914,160.69142695835657,139.08999997093565
2026-08-12,174.07000732421875,175.08999633789062,168.33999633789062,171.0399932861328,35102800,-0.022293409745319348,167.17571149553572,140.86714245024183
2026-08-13,173.67999267578125,176.8000030517578,172.33009338378906,175.5,9695025,0.02607581202605669,169.00999668666296,142.8547617594401
