Date,Open,High,Low,Close,Volume,daily_return,MA7,MA21
2021-08-13,241.23666381835935,243.3000030517578,238.1133270263672,239.05667114257807,50194500,,,
2021-08-16,235.02333068847656,236.5,225.46665954589844,228.72332763671875,68032200,-0.04322549735370618,,
2021-08-17,224.22000122070312,224.8600006103516,216.27999877929688,221.90333557128903,71163900,-0.02981764971635037,,
2021-08-18,223.25,231.92333984375,223.11666870117188,229.663330078125,61048200,0.03497015710402862,,
2021-08-19,226.07000732421875,228.8500061035156,222.52999877929688,224.4900054931641,42940500,-0.022525688289902868,,
2021-08-20,227.61666870117188,230.7100067138672,224.5666656494141,226.7533264160156,44525700,0.010082056516856452,,
2021-08-23,228.47999572753903,237.3766632080078,226.9166717529297,235.43333435058597,60794700,0.03827951753459824,229.43190438406808,
2021-08-24,236.8933258056641,238.4066619873047,234.2133331298828,236.163330078125,39249300,0.0031006472789956163,229.01856994628906,
2021-08-25,235.6766662597656,238.9900054931641,234.6666717529297,237.0666656494141,37936800,0.0038250458739308435,230.2104753766741,
2021-08-26,236.10333251953125,238.46665954589844,232.5399932861328,233.72000122070312,39642900,-0.014116975997208181,231.89857046944755,
2021-08-27,235.0,238.3333282470703,234.0333404541016,237.30667114257807,41501400,0.015346011908018209,232.99047633579798,
2021-08-30,238.2400054931641,243.6666717529297,237.57666015625,243.6366729736328,55812600,0.026674352644943333,235.72571454729353,
2021-08-31,244.3333282470703,246.79666137695312,242.14666748046875,245.2400054931641,62566200,0.006580834075438302,238.36666870117188,
2021-09-01,244.69332885742188,247.3300018310547,243.7566680908203,244.69667053222656,39612900,-0.0022155233598405433,239.69000244140625,
2021-09-02,244.8333282470703,246.9900054931641,243.51333618164065,244.1300048828125,38331900,-0.002315788147756681,240.8280988420759,
2021-09-03,244.0833282470703,244.6666717529297,241.3999938964844,244.52333068847656,45738300,0.0016111325842673718,241.8933367047991,
2021-09-07,246.6666717529297,253.3999938964844,246.4199981689453,250.97332763671875,60119400,0.02637783858939624,244.35809762137276,
2021-09-08,253.8600006103516,254.8166656494141,246.92333984375,251.2899932861328,56379000,0.0012617502122473923,246.35571507045202,
2021-09-09,251.1366729736328,254.0333404541016,250.5433349609375,251.6199951171875,42233100,0.001313231087076927,247.4961896623884,
2021-09-10,253.1999969482422,254.20333862304688,244.83999633789065,245.42333984375,45552600,-0.024627038366134335,247.52238028390067,
2021-09-13,246.73666381835935,248.25999450683597,236.2833404541016,247.6666717529297,68857500,0.00914066245943812,247.94666617257255,239.02285766601562
2021-09-14,247.52333068847656,251.4900054931641,245.46665954589844,248.163330078125,55574700,0.0020053498586631857,248.5228554861886,239.45650809151786
2021-09-15,248.3333282470703,252.2866668701172,246.1199951171875,251.94332885742188,46073100,0.015231899000174076,249.58285522460938,240.56222243536087
2021-09-16,250.94332885742188,252.97000122070312,249.20333862304688,252.3300018310547,41770200,0.0015347617076681974,249.77666582380022,242.0111113048735
2021-09-17,252.38333129882807,253.67999267578125,250.0,253.163330078125,84612600,0.0033025333532406,250.0442853655134,243.13015892392113
2021-09-20,244.85333251953125,247.3333282470703,239.5399932861328,243.38999938964844,74273100,-0.03860484330594227,248.86857169015067,244.03015863327752
2021-09-21,244.92999267578125,248.2466735839844,243.47999572753903,246.4600067138672,48992100,0.012613531089680885,249.01666695731026,244.96857198079428
2021-09-22,247.8433380126953,251.22332763671875,246.3733367919922,250.64666748046875,45378900,0.0169871810945057,249.44238063267298,245.6930164155506
2021-09-23,251.6666717529297,252.73333740234372,249.30667114257807,251.2133331298828,35842500,0.00226081461648886,249.87809535435267,246.40968322753906
2021-09-24,248.6300048828125,258.26666259765625,248.1866607666016,258.1300048828125,64119000,0.027533059916662994,250.76190621512276,247.4126993815104
2021-09-27,257.7066650390625,266.3333435058594,256.4366760253906,263.78668212890625,84212100,0.02191406322043732,252.39857482910156,248.84444609142486
2021-09-28,262.3999938964844,265.2133178710937,255.3933258056641,259.1866760253906,76144200,-0.01743835612317879,253.25905282156808,249.8863510858445
2021-09-29,259.9333190917969,264.5,256.8933410644531,260.4366760253906,62828700,0.004822778775393388,255.69429234095983,250.6863512311663
2021-09-30,260.3333435058594,263.0433349609375,258.3333435058594,258.49334716796875,53868000,-0.0074618094773734045,257.41334097726,251.31746273949034
2021-10-01,259.4666748046875,260.260009765625,254.52999877929688,258.4066772460937,51094200,-0.00033528879108346565,258.52191380092074,251.97032020205543
2021-10-04,265.5,268.989990234375,258.7066650390625,260.510009765625,91449900,0.008139621398127517,259.85001046316967,252.7503204345703
2021-10-05,261.6000061035156,265.7699890136719,258.0666809082031,260.1966552734375,55297800,-0.001202850103416031,260.14524623325894,253.49666922433036
2021-10-06,258.7333374023437,262.2200012207031,257.739990234375,260.9166564941406,43898400,0.0027671424905384434,259.73524257114957,253.97016107468377
2021-10-07,261.82000732421875,268.3333435058594,261.1266784667969,264.53668212890625,57587400,0.013874260399496352,260.49952915736606,254.60095578148253
2021-10-08,265.4033203125,265.4599914550781,260.3033447265625,261.8299865722656,50215800,-0.010231834522373306,260.69857352120533,255.08714585077195
2021-10-11,262.54998779296875,267.0799865722656,261.8333435058594,263.9800109863281,42600900,0.008211528565575943,261.48238263811385,255.9707968575614
2021-10-12,266.9766540527344,270.7733459472656,265.5233459472656,268.5733337402344,66060000,0.01740026730336086,262.9347621372768,256.9663521902902
2021-10-13,270.1566772460937,271.8033447265625,268.59332275390625,270.3599853515625,42360300,0.006652379022320076,264.34190150669644,258.02333577473956
2021-10-14,271.8299865722656,273.4166564941406,271.1166687011719,272.7733459472656,36741600,0.008926471099504285,266.1385716029576,259.01524135044644
2021-10-15,274.5799865722656,281.07000732421875,274.1166687011719,281.010009765625,56773800,0.030195999501915205,269.00905064174106,260.3809560139974
2021-10-18,283.92999267578125,291.7533264160156,283.8233337402344,290.03668212890625,72621600,0.03212224493643445,272.6519077845982,262.1368299211775
2021-10-19,292.510009765625,292.6499938964844,287.5033264160156,288.0899963378906,52143300,-0.006711860640270406,276.40333775111606,264.26540120442706
2021-10-20,288.45001220703125,289.8299865722656,285.7933349609375,288.6000061035156,42096300,0.0017703140411262641,279.9204799107143,266.2720678420294
2021-10-21,285.3333435058594,300.0,285.1666564941406,298.0,94444500,0.03257101073349511,284.1242893763951,268.5269884381975
2021-10-22,298.5,303.3333435058594,296.9866638183594,303.2266540527344,68642400,0.01753910755951127,288.8195277622768,271.0038132440476
2021-10-25,316.84332275390625,348.3399963378906,314.7333374023437,341.6199951171875,188556300,0.12661598362581983,298.6547633579799,274.97952706473217
2021-10-26,341.5633239746094,364.9800109863281,333.8133239746094,339.4766540527344,187245000,-0.006274050392506725,307.00714111328125,278.5838114420573
2021-10-27,346.5533447265625,356.9599914550781,343.59332275390625,345.9533386230469,115579500,0.019078438805710585,314.99523489815846,282.7155572800409
2021-10-28,356.10333251953125,360.3333435058594,351.3999938964844,359.0133361816406,81639600,0.03775074872979922,325.1271405901228,287.4096839541481
2021-10-29,360.6199951171875,371.7366638183594,357.7366638183594,371.3333435058594,89755200,0.03431629436179362,336.9461887904576,292.78301711309524
2021-11-01,381.6666564941406,403.25,372.88665771484375,402.86334228515625,168146100,0.0849102277797451,351.9266662597656,299.6619059244792
2021-11-02,386.4533386230469,402.86334228515625,382.0,390.6666564941406,128213400,-0.03027499529203259,364.41809517996654,305.8598414829799
2021-11-03,392.4433288574219,405.1300048828125,384.2066650390625,404.6199951171875,103885500,0.03571673801973452,373.41809517996654,312.73714338030135
2021-11-04,411.4700012207031,414.4966735839844,405.6666564941406,409.9700012207031,76192200,0.013222297879683653,383.4885733468192,319.83492170061385
2021-11-05,409.3333435058594,413.2900085449219,402.6666564941406,407.36334228515625,64886400,-0.006358169933862068,392.2614310128348,326.63619123186385
2021-11-08,383.2633361816406,399.0,377.6666564941406,387.6466674804688,100337100,-0.048400709533862996,396.3519069126674,332.62746175130206
2021-11-09,391.2000122070313,391.5,337.17333984375,341.1666564941406,177317400,-0.11990303254359858,392.0423801967076,336.3030162992932
2021-11-10,336.8033447265625,359.3666687011719,329.10333251953125,355.9833374023437,128408100,0.043429451929624774,385.3452366420201,340.4653974260603
2021-11-11,367.5899963378906,368.3233337402344,351.5599975585937,354.5033264160156,67189800,-0.004157528824601409,380.1790466308594,344.47222319103423
2021-11-12,349.1666564941406,351.5,339.7333374023437,344.47332763671875,76719300,-0.02829310201599211,371.58666556222096,347.88650803338913
2021-11-15,339.2099914550781,343.99334716796875,326.20001220703125,337.7966613769531,104326800,-0.01938224449936754,361.2761884416853,350.59063430059524
2021-11-16,334.4366760253906,352.3999938964844,334.0599975585937,351.57666015625,79627200,0.04079376842602822,353.3066624232701,353.5211094447545
2021-11-17,354.5033264160156,373.21331787109375,351.8333435058594,363.0033264160156,94336200,0.032501208284666294,349.7861851283482,357.08841087704616
2021-11-18,368.8500061035156,370.6666564941406,358.3399963378906,365.4599914550781,62696700,0.006767610267700563,353.2566615513393,360.7484101795015
2021-11-19,366.2900085449219,379.5733337402344,364.23333740234375,379.0199890136719,64926900,0.03710391800920432,356.54761178152904,364.6065048944382
2021-11-22,387.4433288574219,400.6499938964844,377.4766540527344,385.6233215332031,99217500,0.017422122080461122,360.99332536969865,368.53015572684154
2021-11-23,389.1700134277344,393.5,354.2333374023437,369.6766662597656,108515100,-0.041352932727292124,364.5938023158482,369.8661876860119
2021-11-24,360.1300048828125,377.5899963378906,354.0,372.0,67680600,0.006284772484400847,369.47999354771207,371.41491844540553
2021-11-26,366.489990234375,369.5933227539063,360.3333435058594,360.6400146484375,35042700,-0.030537595031082,370.7747584751674,372.1142839704241
2021-11-29,366.9966735839844,380.8900146484375,366.7300109863281,378.9966735839844,58393500,0.050900227900227524,373.0595223563058,373.0658714657738
2021-11-30,381.4566650390625,389.3333435058594,372.6666564941406,381.586669921875,81276000,0.006833823403773698,375.3633335658482,373.5541251046317
2021-12-01,386.8999938964844,390.9466552734375,363.586669921875,365.0,68450400,-0.04346763456194869,373.36047799246654,371.75110880533856
2021-12-02,366.3533325195313,371.0,352.2166748046875,361.5333251953125,73114800,-0.00949773919092467,369.91904994419644,370.3638073149182
2021-12-03,361.5966796875,363.5266723632813,333.4033203125,338.3233337402344,92322000,-0.06419876077133224,365.44000244140625,367.20682343982514
2021-12-06,333.836669921875,340.5466613769531,316.8333435058594,336.336669921875,81663000,-0.005872086315763081,360.3452410016741,363.70047433035717
2021-12-07,348.0666809082031,352.5566711425781,342.2699890136719,350.5833435058594,56084700,0.04235837141187604,358.90857369559154,360.99666486467635
2021-12-08,350.9033203125,357.4599914550781,344.3333435058594,356.32000732421875,41906400,0.016363195584229162,355.66904994419644,359.50491914295014
2021-12-09,353.5466613769531,354.163330078125,334.1199951171875,334.6000061035156,59438400,-0.06095644581905246,348.95666939871654,359.19222150530135
2021-12-10,336.25,340.32666015625,327.510009765625,339.010009765625,59664300,0.013179927022311633,345.24381365094865,358.3839678083147
2021-12-13,333.6966552734375,335.0,317.1400146484375,322.1366577148437,78595500,-0.04977243020772959,339.61571829659596,356.8426978701637
2021-12-14,315.0,322.1366577148437,310.0,319.5033264160156,70806300,-0.008174578197676308,336.9271458217076,355.65365019298736
2021-12-15,317.7366638183594,326.25,309.4166564941406,325.3299865722656,75169200,0.018236618133556703,335.3547624860491,355.0599990118118
2021-12-16,331.5,331.6600036621094,307.2833251953125,308.97332763671875,82771500,-0.050277132790258694,329.4104745047433,353.0312688918341
2021-12-17,304.92333984375,320.2200012207031,303.0133361816406,310.8566589355469,100437300,0.006095449446181567,322.91571044921875,350.54809424990697
2021-12-20,303.5666809082031,307.2300109863281,297.7966613769531,299.9800109863281,56480100,-0.03498927121736173,317.9699968610491,347.4299999418713
2021-12-21,305.6233215332031,313.1666564941406,295.3733215332031,312.84332275390625,71517900,0.04288056302579579,314.23189871651783,344.2787301199777
2021-12-22,321.8866577148437,338.5533447265625,319.01666259765625,336.2900085449219,93634200,0.07494705523716627,316.2538059779576,341.9295247395833
2021-12-23,335.6000061035156,357.6600036621094,332.5199890136719,355.6666564941406,92713200,0.05761886305530961,321.4199959891183,341.2623814174107
2021-12-27,357.8900146484375,372.3333435058594,356.9066772460937,364.6466674804688,71145900,0.02524839149906688,327.0366646902902,340.9122227260045
2021-12-28,369.8299865722656,373.0,359.47332763671875,362.8233337402344,60324000,-0.00500027534279357,334.7295227050781,341.01619030180433
2021-12-29,366.21331787109375,368.0,354.7133178710937,362.0633239746094,56154000,-0.0020947102761840197,342.04476056780135,340.20984032040553
2021-12-30,353.77667236328125,365.1833190917969,351.04998779296875,356.7799987792969,47040900,-0.014592268383646134,350.15904453822543,339.028570265997
2021-12-31,357.8133239746094,360.6666564941406,351.5299987792969,352.260009765625,40733700,-0.012668840823859995,355.78999982561385,338.4219040643601
2022-01-03,382.5833435058594,400.3566589355469,378.6799926757813,399.9266662597656,103931400,0.1353166841897706,364.8809509277344,340.25015840076264
2022-01-04,396.51666259765625,402.6666564941406,374.3500061035156,383.1966552734375,100248300,-0.041832696836128,368.81380789620533,342.38698323567706
2022-01-05,382.2166748046875,390.11334228515625,360.336669921875,362.7066650390625,80119800,-0.05347121367683638,368.5366646902902,343.6426972888765
2022-01-06,359.0,362.6666564941406,340.1666564941406,354.8999938964844,90336600,-0.02152337383085412,367.4047589983259,343.84825206938245
2022-01-07,360.1233215332031,360.30999755859375,336.6666564941406,342.32000732421875,84164700,-0.035446567451716815,364.5842851911272,343.18158540271577
2022-01-10,333.3333435058594,353.0333251953125,326.6666564941406,352.7066650390625,91815000,0.03034195341380186,364.00238037109375,344.0438072567894
2022-01-11,351.22332763671875,358.6166687011719,346.2733459472656,354.79998779296875,66063300,0.005935024657598653,364.365234375,344.7957109723772
2022-01-12,359.6166687011719,371.61334228515625,357.5299987792969,368.739990234375,83739000,0.039289748931841784,359.90999494280135,347.0149172828311
2022-01-13,369.6900024414063,371.8666687011719,342.17999267578125,343.85333251953125,97209900,-0.06749107331435766,354.2895202636719,348.1744413829985
2022-01-14,339.9599914550781,350.6666564941406,337.7933349609375,349.8699951171875,72924300,0.017497758575059086,352.4557102748326,349.34301321847096
2022-01-18,342.2033386230469,356.92999267578125,338.6866760253906,343.5033264160156,66743400,-0.01819724123253097,350.8276149204799,350.987298874628
2022-01-19,347.2366638183594,351.5566711425781,331.6666564941406,331.8833312988281,75442500,-0.0338278969185718,349.336661202567,351.9885689871652
2022-01-20,336.57666015625,347.2200012207031,331.3333435058594,332.0899963378906,70488600,0.0006227038828787723,346.3914228166853,353.5176159086682
2022-01-21,332.11334228515625,334.8500061035156,313.5,314.6333312988281,103416000,-0.05256606712507206,340.653329031808,353.6028544108073
2022-01-24,301.586669921875,311.1700134277344,283.8233337402344,310.0,151565700,-0.014726129872195681,332.26190185546875,352.3509492420015
2022-01-25,304.7333374023437,317.086669921875,301.07000732421875,306.1333312988281,86595900,-0.012473124842489969,326.87333025251115,349.99221947079616
2022-01-26,317.4766540527344,329.2300109863281,302.0,312.4700012207031,104867400,0.02069905258271132,321.5304739815848,347.5076163155692
2022-01-27,311.1199951171875,311.7966613769531,276.3333435058594,276.3666687011719,147109500,-0.11554175561970448,311.9395228794643,343.39063226609005
2022-01-28,277.1866760253906,285.8333435058594,264.0033264160156,282.1166687011719,134789100,0.020805692766870276,304.8299996512277,339.5836486816406
2022-01-31,290.9033203125,312.663330078125,287.3500061035156,312.239990234375,104436000,0.10677611383930952,301.9942844935826,337.4626958937872
2022-02-01,311.7366638183594,314.5666809082031,301.6666564941406,310.4166564941406,73138200,-0.0058395266373975074,301.3919023786272,335.4701552618118
2022-02-02,309.3933410644531,310.5,296.4700012207031,301.8866577148437,66792900,-0.027479191598914543,300.2328534807478,330.8015834263393
2022-02-03,294.0,312.3333435058594,293.50665283203125,297.0466613769531,78855600,-0.016032495024878912,298.9347577776228,326.6992027646019
2022-02-04,299.0733337402344,312.1666564941406,293.72332763671875,307.7733459472656,73625400,0.03611110968421327,298.26380702427457,324.0833304268973
2022-02-07,307.92999267578125,315.92333984375,300.9033203125,302.4466552734375,60994500,-0.01730718642133755,301.98951939174106,321.5855523972284
2022-02-08,301.84332275390625,308.7633361816406,298.26666259765625,307.3333435058594,50729100,0.0161571905234128,305.59190150669644,319.91952078683033
2022-02-09,311.6666564941406,315.42333984375,306.6666564941406,310.6666564941406,52259400,0.010845920427172029,305.3671395438058,317.91761561802457
2022-02-10,302.7900085449219,314.60333251953125,298.8999938964844,301.51666259765625,66126900,-0.029452771017468238,304.095711844308,315.3803144182478
2022-02-11,303.2099914550781,305.32000732421875,283.5666809082031,286.6666564941406,79645800,-0.04925102969626416,301.92142595563615,311.47206043061755
2022-02-14,287.19000244140625,299.6266784667969,284.3833312988281,291.9200134277344,67756500,0.01832566437213501,301.18904767717635,308.9990452357701
2022-02-15,300.0,307.6666564941406,297.7933349609375,307.4766540527344,57286200,0.053290764282768466,301.1466631208147,306.98031470889134
2022-02-16,304.6833190917969,308.8099975585937,300.4033203125,307.7966613769531,51294300,0.0010407532409399955,301.91094970703125,305.27999732607884
2022-02-17,304.4200134277344,306.1666564941406,291.3666687011719,292.1166687011719,55178400,-0.05094269900666093,299.7371390206473,303.3863467261905
2022-02-18,295.3333435058594,295.6233215332031,279.2033386230469,285.6600036621094,68501700,-0.022103035296720752,296.16476004464283,301.17539469401044
2022-02-22,278.0433349609375,285.57666015625,267.0333251953125,273.84332275390625,83288100,-0.04136624223452856,292.21142578125,299.2330133347284
2022-02-23,276.8099975585937,278.4333190917969,253.5200042724609,254.67999267578125,95256900,-0.06997917599526948,287.6419023786272,296.5987272716704
2022-02-24,233.4633331298828,267.49334716796875,233.3333282470703,266.92333984375,135322200,0.04807345500262783,284.0709490094866,294.73158482142856
2022-02-25,269.74334716796875,273.1666564941406,260.79998779296875,269.9566650390625,76067700,0.011364031324829549,278.71095057896207,292.70714024135043
2022-02-28,271.6700134277344,292.28668212890625,271.57000732421875,290.1433410644531,99006900,0.07477746853358713,276.18904767717635,293.36317225864957
2022-03-01,289.8933410644531,296.6266784667969,284.59332275390625,288.1233215332031,74766900,-0.006962143345558558,275.61856951032365,293.64920334588913
2022-03-02,290.7099914550781,295.49334716796875,281.42333984375,293.2966613769531,74643300,0.01795529711451649,276.7095206124442,292.7471400669643
2022-03-03,292.92333984375,295.4800109863281,277.5333251953125,279.7633361816406,61623600,-0.04614210448825773,277.55523681640625,291.28745814732144
2022-03-04,283.0333251953125,285.2166748046875,275.0533447265625,279.42999267578125,66999600,-0.0011915196265851469,281.0909511021205,290.2180931454613
2022-03-07,285.4333190917969,288.7133178710937,268.19000244140625,268.1933288574219,72494100,-0.04021280504200253,281.27237810407365,288.8441249302455
2022-03-08,265.1766662597656,283.3299865722656,260.72332763671875,274.79998779296875,80399100,0.02463394210323222,281.9642813546317,287.27396501813615
2022-03-09,279.82666015625,286.85333251953125,277.336669921875,286.3233337402344,59184000,0.04193357517885765,281.41856602260043,286.5061878022693
2022-03-10,283.8166809082031,284.8166809082031,270.1199951171875,279.4333190917969,58648500,-0.024063755330148706,280.17713710239957,285.1776152111235
2022-03-11,280.0666809082031,281.26666259765625,264.5899963378906,265.1166687011719,67037100,-0.0512345859010529,276.1514238630022,283.0085681733631
2022-03-14,260.2033386230469,266.8999938964844,252.01333618164065,255.4566650390625,71152200,-0.036436802368687404,272.67904227120533,280.8152349562872
2022-03-15,258.42333984375,268.5233459472656,252.19000244140625,267.2966613769531,66841200,0.046348355546253384,270.9457092285156,279.89285423642116
2022-03-16,269.6666564941406,280.6666564941406,267.4200134277344,280.07666015625,84028800,0.047812040425278646,272.64332798549106,279.3288850330171
2022-03-17,276.9966735839844,291.6666564941406,275.239990234375,290.5333251953125,66582900,0.037335010469022656,274.8909476143973,278.52205984933033
2022-03-18,291.4966735839844,302.6166687011719,289.1300048828125,301.7966613769531,100414200,0.03876779427650434,277.10142299107144,278.23634556361606
2022-03-21,304.99334716796875,314.2833251953125,302.36334228515625,307.0533447265625,81981600,0.017417963888751054,281.0471409388951,278.9476158505394
2022-03-22,310.0,332.6199951171875,307.25,331.32666015625,105868500,0.07905243778179138,290.5057111467634,281.1222185407366
2022-03-23,326.64666748046875,346.8999938964844,325.4666748046875,333.03668212890625,120676200,0.005161136057840299,301.5885707310268,283.94094993954616
2022-03-24,336.57666015625,341.4966735839844,329.6000061035156,337.97332763671875,68920800,0.014823128420135223,311.6852373395647,287.9072992234003
2022-03-25,336.0,340.6000061035156,332.44000244140625,336.8800048828125,62031600,-0.003234937980317265,319.8000008719308,291.2385689871652
2022-03-28,355.0333251953125,365.9599914550781,351.20001220703125,363.9466552734375,102506100,0.0803450783611821,330.2876194545201,295.7142828078497
2022-03-29,369.3299865722656,371.5899963378906,357.7033386230469,366.5233459472656,73614900,0.007079858095940583,339.53428867885043,299.35142589750745
2022-03-30,363.7233276367188,371.3166809082031,361.3333435058594,364.663330078125,59865000,-0.00507475414515135,347.76428658621654,302.9961882091704
2022-03-31,364.8566589355469,367.71331787109375,358.8800048828125,359.20001220703125,48992700,-0.014981813142339484,351.7461940220424,306.1344430106027
2022-04-01,360.3833312988281,364.9166564941406,355.5466613769531,361.5299987792969,54263100,0.006486599368272561,355.81666782924106,310.02809361049106
2022-04-04,363.1266784667969,383.3033447265625,357.510009765625,381.8166809082031,82035900,0.05611341298759176,362.0800040108817,314.90365019298736
2022-04-05,378.76666259765625,384.2900085449219,362.4333190917969,363.7533264160156,80075100,-0.047308971544201106,365.91904994419644,319.4541262672061
2022-04-06,357.8233337402344,359.6666564941406,342.5666809082031,348.586669921875,89348400,-0.041694894294368345,363.72476632254467,322.96777779715404
2022-04-07,350.7966613769531,358.86334228515625,340.5133361816406,352.4200134277344,79447200,0.010996816105212748,361.7100045340402,326.11523873465404
2022-04-08,347.7366638183594,349.4800109863281,340.8133239746094,341.8299865722656,55013700,-0.03004944796541842,358.4480983189174,329.08650861467635
2022-04-11,326.79998779296875,336.1566772460937,324.8800048828125,325.3099975585937,59357100,-0.04832808607380468,353.6066676548549,331.9528576078869
2022-04-12,332.5466613769531,340.39666748046875,325.5333251953125,328.9833374023437,65976000,0.011291813566499442,348.9571446010045,335.4541277204241
2022-04-13,327.02667236328125,342.0799865722656,324.3666687011719,340.7900085449219,55121100,0.035888356035912894,343.09619140625,338.9538109188988
2022-04-14,333.0966796875,337.57000732421875,327.39666748046875,328.3333435058594,58422300,-0.03655231880843268,338.03619384765625,341.25174822126115
2022-04-18,329.6766662597656,338.3066711425781,324.4700012207031,334.7633361816406,51715200,0.019583733431163042,336.0614318847656,343.3579392206101
2022-04-19,335.0199890136719,344.9800109863281,331.77667236328125,342.7166748046875,49847700,0.023758093445249484,334.6752406529018,345.30651128859745
2022-04-20,343.3333435058594,344.6666564941406,325.0833435058594,325.7333374023437,70711200,-0.049555036713700984,332.37571934291293,346.19603474934894
2022-04-21,358.24334716796875,364.0733337402344,332.1400146484375,336.260009765625,105416400,0.032316840662455215,333.9400068010603,346.4309561593192
2022-04-22,338.3033447265625,344.95001220703125,331.3333435058594,335.01666259765625,69696600,-0.003697576672395231,334.8019104003906,346.5252409435454
2022-04-25,326.3233337402344,336.2066650390625,325.1000061035156,332.67333984375,68341200,-0.006994645387893739,333.6423863002232,346.27286057245163
2022-04-26,331.8099975585937,333.3333435058594,291.6666564941406,292.1400146484375,136133700,-0.12184121881948873,328.47191074916293,344.1423848470052
2022-04-27,299.52667236328125,306.0,292.4533386230469,293.836669921875,76956300,0.005807678470473254,322.625244140625,340.8038141159784
2022-04-28,299.99334716796875,300.0,273.8999938964844,292.5033264160156,124948500,-0.004537702888526063,315.45190865652904,337.27905128115697
2022-04-29,300.75,311.4666748046875,290.0,290.2533264160156,88133100,-0.007692220213591394,310.38333565848217,333.7357177734375
2022-05-02,286.92333984375,302.1199951171875,282.6766662597656,300.9800109863281,75781500,0.03695628471433299,305.3433358328683,330.96333676292784
2022-05-03,301.0599975585937,308.02667236328125,296.1966552734375,303.0833435058594,63709500,0.006988279761963367,300.78143310546875,328.18016270228793
2022-05-04,301.3133239746094,318.5,295.09332275390625,317.5400085449219,81643800,0.04769864576468552,298.6195286342076,325.1193687802269
2022-05-05,313.00665283203125,315.20001220703125,285.8999938964844,291.09332275390625,92519100,-0.08328615317548016,298.4700012207031,321.65936860584077
2022-05-06,295.6666564941406,296.0,281.03668212890625,288.54998779296875,72903000,-0.008737180698190294,297.71476091657365,318.80047898065476
2022-05-09,278.8166809082031,281.8766784667969,260.3833312988281,262.3699951171875,90810300,-0.09072948807249681,293.40999930245533,314.5123828706287
2022-05-10,273.10333251953125,275.1199951171875,258.0833435058594,266.67999267578125,84401700,0.016427173986372612,290.0423801967076,310.9338117327009
2022-05-11,265.0,269.92333984375,242.3999938964844,244.6666717529297,97224600,-0.08254582843646041,281.99761744907926,307.0936533610026
2022-05-12,233.6666717529297,253.22000122070312,226.6666717529297,242.6666717529297,140313000,-0.008174386751047313,273.36666434151783,302.9833359491257
2022-05-13,257.82666015625,262.45001220703125,250.52333068847656,256.5299987792969,92150700,0.05712909369145702,264.6509486607143,298.97095453171505
2022-05-16,255.72000122070312,256.586669921875,239.69667053222656,241.4566650390625,86098500,-0.05875856161837267,257.55999755859375,294.83396984281995
2022-05-17,249.1199951171875,254.82666015625,242.9499969482422,253.8699951171875,80236200,0.05141017778952928,252.605712890625,290.9819059826079
2022-05-18,248.17333984375,253.5,233.60333251953125,236.60333251953125,87811800,-0.06801379812405906,248.92476109095983,285.9288896833147
2022-05-19,235.6666717529297,244.6666717529297,231.3699951171875,236.47332763671875,90296700,-0.0005494634476534976,244.6095232282366,281.6784130278088
2022-05-20,237.9966735839844,240.52667236328125,211.0,221.3000030517578,144973200,-0.06416505716141863,241.27142769949776,276.2041269938151
2022-05-23,218.33999633789065,226.65333557128903,212.6866607666016,224.96665954589844,88903500,0.01656871415985961,238.74285452706474,270.9636506580171
2022-05-24,217.8433380126953,217.97332763671875,206.85667419433597,209.3866729736328,89092500,-0.06925464690507588,232.00809369768416,265.09285699753536
2022-05-25,207.9499969482422,223.10667419433597,207.6699981689453,219.6000061035156,92139300,0.048777379117957986,228.88571384974884,261.6385708763486
2022-05-26,220.47332763671875,239.55667114257807,217.8866729736328,235.91000366210935,106003200,0.07427138936829314,226.32000078473772,258.88015819731214
2022-05-27,241.0833282470703,253.26666259765625,240.1766662597656,253.2100067138672,89295000,0.073333062537426,228.6923828125,257.00904773530505
2022-05-31,257.9466552734375,259.6000061035156,244.7433319091797,252.7533264160156,101914500,-0.001803563389055407,231.01809692382812,255.22333344959077
2022-06-01,251.72000122070312,257.32666015625,243.63999938964844,246.7899932861328,77247900,-0.02359349020027346,234.6595241001674,252.64285641624815
2022-06-02,244.1566619873047,264.2099914550781,242.0666656494141,258.3333435058594,93473100,0.04677398003874078,239.4261932373047,250.51190403529577
2022-06-03,243.22666931152344,247.79666137695312,233.4166717529297,234.51666259765625,112393800,-0.09219359988526965,243.01619175502233,246.55841137114027
2022-06-06,244.35333251953125,244.86666870117188,234.3500061035156,238.27999877929688,84204600,0.0160472016783606,245.68476213727678,244.04349118187315
2022-06-07,234.0,239.9966735839844,230.0933380126953,238.8866729736328,72808500,0.0025460558898939833,246.11000061035156,241.67857142857142
2022-06-08,240.086669921875,249.9633331298828,239.1766662597656,241.86666870117188,76210500,0.012474516432601446,244.4895237513951,240.7022225516183
2022-06-09,249.33999633789065,255.54666137695312,239.32666015625,239.7066650390625,96491400,-0.008930555308462429,242.62571498325892,239.41777837844123
2022-06-10,235.1566619873047,239.5,227.913330078125,232.22999572753903,97536600,-0.031190911234383334,240.54571533203125,238.82555571056542
2022-06-13,223.1666717529297,226.63333129882807,214.68333435058597,215.73666381835935,102767400,-0.07102153990705962,234.4604753766741,237.5431743803478
2022-06-14,218.2866668701172,226.3300018310547,211.73666381835935,220.88999938964844,97988700,0.023887157055640706,232.51380920410156,235.8460315522693
2022-06-15,220.9166717529297,235.663330078125,218.1499938964844,233.0,119131800,0.05482367080362738,231.75952366420202,235.44333321707586
2022-06-16,222.73666381835935,225.1666717529297,208.69332885742188,213.1000061035156,107390700,-0.08540769912654256,228.07571411132812,233.50190516880576
2022-06-17,213.43333435058597,220.97000122070312,213.19667053222656,216.75999450683597,92641800,0.017174980283869656,224.48904636928015,232.55698431105836
2022-06-21,224.60333251953125,243.57666015625,224.3333282470703,237.0366668701172,122793000,0.09354434802147837,224.1076180594308,232.58380998883925
2022-06-22,234.5033264160156,246.8333282470703,233.82666015625,236.086669921875,101107500,-0.004007805884153504,224.65857151576452,233.28793698265434
2022-06-23,237.9066619873047,239.3166656494141,228.6366729736328,235.07000732421875,104202600,-0.004306310889948484,227.42047773088728,233.769048781622
2022-06-24,237.47000122070312,246.0666656494141,236.086669921875,245.7066650390625,95770800,0.04524889345059324,230.96571568080358,235.4985722133091
2022-06-27,249.36666870117188,252.07000732421875,242.5666656494141,244.9199981689453,89178300,-0.0032016505127857586,232.66857256208147,236.70428612118673
2022-06-28,244.48333740234372,249.97000122070312,232.3433380126953,232.663330078125,90391200,-0.0500435578248114,235.4633331298828,236.54968261718744
2022-06-29,230.5,231.17333984375,222.27333068847656,228.4900054931641,82897200,-0.0179371823809088,237.13904898507255,235.37253970191588
2022-06-30,224.50999450683597,229.4566650390625,218.8633270263672,224.47332763671875,94600500,-0.017579227799377484,235.3442862374442,234.02587309337792
2022-07-01,227.0,230.22999572753903,222.1199951171875,227.26333618164065,74460300,0.012429131666980009,234.08380998883928,233.09603227887834
2022-07-05,223.0,233.14666748046875,216.1666717529297,233.0666656494141,84581100,0.025535704813974602,233.79761832101005,231.89285714285714
2022-07-06,230.77999877929688,234.56333923339844,227.1866607666016,231.73333740234372,71853600,-0.005720802000385605,231.80142865862166,231.76031784784226
2022-07-07,233.9199981689453,245.3633270263672,232.2100067138672,244.5433349609375,81930600,0.0552790448805931,231.74761962890625,232.0585719517299
2022-07-08,242.3333282470703,254.97999572753903,241.16000366210935,250.76333618164065,101854200,0.025435169687600512,234.33333478655135,232.62412734258743
2022-07-11,252.10333251953125,253.06333923339844,233.6266632080078,234.3433380126953,99241200,-0.06548005948146862,235.16952514648438,232.265873500279
2022-07-12,236.8466644287109,239.77333068847656,228.3699951171875,233.07000732421875,87930900,-0.005433611636988744,236.39762224469865,231.94984218052454
2022-07-13,225.5,242.05999755859372,225.0333404541016,237.0399932861328,97954500,0.017033448479672808,237.7942875453404,232.17888968331476
2022-07-14,234.89666748046875,238.65333557128903,229.3333282470703,238.31333923339844,78557400,0.005371861218914864,238.54381234305245,233.2539694649833
2022-07-15,240.0,243.6233367919922,236.88999938964844,240.0666656494141,69683100,0.0073572315408600986,239.73428780691964,234.16714404878167
2022-07-18,244.9366607666016,250.51666259765625,239.60333251953125,240.54666137695312,82537500,0.001999426810217919,239.163334437779,234.52650887625563
2022-07-19,245.0,247.13999938964844,236.97666931152344,245.52999877929688,80890200,0.020716718219316865,238.41571480887276,236.07079424176902
2022-07-20,246.7833404541016,250.663330078125,243.48333740234372,247.5,88864200,0.008023464466653252,240.2952379499163,237.53460402715777
2022-07-21,255.10667419433597,273.26666259765625,254.86666870117188,271.7066650390625,142032300,0.09780470722853529,245.81476048060827,239.18555632091707
2022-07-22,276.2200012207031,280.78668212890625,270.7133178710937,272.24334716796875,103472700,0.0019752262198982073,250.84381103515625,240.90730285644537
2022-07-25,272.2166748046875,274.14666748046875,267.3999938964844,268.4333190917969,64073400,-0.013994935471540293,255.14666530064173,242.4960319882348
2022-07-26,266.5133361816406,267.3099975585937,256.2633361816406,258.8599853515625,66820800,-0.0356637312112531,257.83142525809154,243.1223805745443
2022-07-27,263.8099975585937,275.9266662597656,261.7900085449219,274.82000732421875,88110000,0.061655036992220635,262.7276175362723,244.54619053431924
2022-07-28,280.0666809082031,283.29998779296875,272.79998779296875,280.8999938964844,84723000,0.02212352234272652,267.7804739815848,246.8431745256697
2022-07-29,280.70001220703125,298.32000732421875,279.1000061035156,297.1499938964844,95313000,0.05784976985791013,274.87333025251115,250.11269778297066
2022-08-01,301.27667236328125,311.8766784667969,295.0,297.27667236328125,117042900,0.00042631152414229767,278.5261884416853,253.57952372233078
2022-08-02,294.0033264160156,307.8333435058594,292.6666564941406,300.586669921875,95577600,0.011134400598203698,282.57523454938615,257.07111104329425
2022-08-03,305.0,309.54998779296875,301.1499938964844,307.39666748046875,80091000,0.02265568716125621,288.1414271763393,260.61063494001115
2022-08-04,311.0,313.6066589355469,305.0,308.6333312988281,72256200,0.004023022853486102,295.2519051688058,264.2725394112723
2022-08-05,302.6700134277344,304.6066589355469,285.5433349609375,288.1700134277344,113172900,-0.0663030068235908,297.1590488978795,266.3500002906436
2022-08-08,295.0,305.20001220703125,289.086669921875,290.42333984375,98994000,0.007819434052879659,298.51952689034596,268.2385718936012
2022-08-09,290.2933349609375,292.39666748046875,279.35333251953125,283.3333435058594,86244600,-0.024412625864385085,296.5457196916853,270.5714292980376
2022-08-10,297.0666809082031,297.510009765625,283.3699951171875,294.3566589355469,94918800,0.03890581776676605,296.12857491629467,273.4898412795294
2022-08-11,296.5133361816406,298.2366638183594,285.8333435058594,286.6300048828125,70155000,-0.026249292544206493,294.134765625,275.8512704031808
2022-08-12,289.4166564941406,300.1600036621094,285.0333251953125,300.0299987792969,79657200,0.046750143628413676,293.08238438197543,278.7901589529855
2022-08-15,301.78668212890625,313.1333312988281,301.2300109863281,309.32000732421875,89359200,0.03096359891583922,293.18048095703125,282.0879371279762
2022-08-16,311.6666564941406,314.6666564941406,302.8833312988281,306.5633239746094,88136400,-0.008912075793144236,295.808096749442,285.23158772786456
2022-08-17,303.39666748046875,309.6566772460937,300.0333251953125,303.9966735839844,68766000,-0.008372333511224461,297.7471444266183,288.01571509951634
2022-08-18,306.0,306.5,301.85333251953125,302.8699951171875,47500500,-0.0037062197211366055,300.538094656808,290.6523815336682
2022-08-19,299.0,300.3599853515625,292.5,296.6666564941406,61395300,-0.020481852686155544,300.8680943080357,291.84095255533856
2022-08-22,291.913330078125,292.3999938964844,286.2966613769531,289.913330078125,55843200,-0.022764022407583906,301.33714076450894,292.68238031296505
2022-08-23,291.4533386230469,298.82666015625,287.92333984375,296.4533386230469,63984900,0.0225584954757323,300.82618931361606,294.0166669573103
2022-08-24,297.5633239746094,303.64666748046875,296.5,297.0966796875,57259800,0.002170125887066332,299.0799996512277,295.8374619256882
2022-08-25,302.3599853515625,302.9599914550781,291.6000061035156,296.07000732421875,53230000,-0.003455684406709514,297.5809544154576,296.84936668759303
2022-08-26,297.42999267578125,302.0,287.4700012207031,288.0899963378906,57163900,-0.026953121859416895,295.3085719517299,297.1917477562314
2022-08-29,282.8299865722656,287.739990234375,280.70001220703125,284.82000732421875,41864700,-0.01135058160727187,292.7300022670201,296.6046055385045
2022-08-30,287.8699951171875,288.4800109863281,272.6499938964844,277.70001220703125,50541800,-0.0249982267189629,290.0204816545759,295.67238362630206
2022-08-31,280.6199951171875,281.25,271.8099975585937,275.6099853515625,52107300,-0.007526203685978228,287.9771466936384,294.48301769438245
2022-09-01,272.5799865722656,277.5799865722656,266.1499938964844,277.1600036621094,54287000,0.005623955563764049,285.220955984933,293.04317656017486
2022-09-02,281.07000732421875,282.3500061035156,269.0799865722656,270.2099914550781,50890100,-0.02507581222110289,281.38000052315846,291.21349371047245
2022-09-06,272.67999267578125,275.989990234375,265.739990234375,274.4200134277344,55860000,0.015580556255471167,278.28714425223217,290.5587318057106
2022-09-07,273.1000061035156,283.8399963378906,272.2699890136719,283.70001220703125,50028900,0.03381677109982606,277.6600036621094,290.2385733468192
2022-09-08,281.29998779296875,289.5,279.760009765625,289.260009765625,53713100,0.01959815762903916,278.2942897251674,290.5207955496652
2022-09-09,291.6700134277344,299.8500061035156,291.25,299.67999267578125,54338100,0.03602289482946186,281.43428693498885,290.77428763253346
2022-09-12,300.7200012207031,305.489990234375,300.3999938964844,304.4200134277344,48674600,0.01581694096302666,285.5500052315848,291.6214308965774
2022-09-13,292.8999938964844,297.3999938964844,290.3999938964844,292.1300048828125,68229600,-0.04037188096320543,287.6885768345424,291.24524071103053
2022-09-14,292.239990234375,306.0,291.6400146484375,302.6099853515625,72628700,0.03587437200418364,292.317147391183,290.9257158551897
2022-09-15,301.8299865722656,309.1199951171875,300.7200012207031,303.75,64795500,0.003767273730617582,296.5071454729353,290.791748046875
2022-09-16,299.6099853515625,303.7099914550781,295.6000061035156,303.3500061035156,87087800,-0.0013168523341049454,299.3142874581473,290.76095435732884
2022-09-19,300.0899963378906,309.8399963378906,297.79998779296875,309.07000732421875,60231200,0.018856110452001085,302.144287109375,291.0561930338542
2022-09-20,306.9100036621094,313.3299865722656,305.5799865722656,308.7300109863281,61642800,-0.0011000625419275156,303.43714686802457,291.6306384858631
2022-09-21,308.2900085449219,313.79998779296875,300.6300048828125,300.79998779296875,62555700,-0.025685948599634356,302.9200003487723,292.1490507579985
2022-09-22,299.8599853515625,301.2900085449219,285.82000732421875,288.5899963378906,70545400,-0.040591728559117746,302.4142848423549,291.7746058872768
2022-09-23,283.0899963378906,284.5,272.82000732421875,275.3299865722656,63748400,-0.04594757245188685,298.5171421595982,290.7380966913132
2022-09-26,271.8299865722656,284.0899963378906,270.3099975585937,276.010009765625,58076900,0.0024698479153155706,294.55428641183033,289.7828587123326
2022-09-27,283.8399963378906,288.6700134277344,277.510009765625,282.94000244140625,61925200,0.02510775852537339,291.6385716029576,289.5376209077381
2022-09-28,283.0799865722656,289.0,277.57000732421875,287.8099975585937,54664800,0.0172121123742337,288.60142735072543,289.6800013950893
2022-09-29,282.760009765625,283.6499938964844,265.7799987792969,268.2099914550781,77620600,-0.06810050474193585,282.81285313197543,289.2280956449963
2022-09-30,266.1499938964844,275.57000732421875,262.4700012207031,265.25,67726600,-0.011036096899372572,277.7342834472656,288.7347630092076
2022-10-03,254.5,255.16000366210935,241.00999450683597,242.3999938964844,98363500,-0.08614516909902203,271.1357116699219,287.0795244489397
2022-10-04,250.5200042724609,257.5,242.00999450683597,249.44000244140625,109578500,0.029042940273044104,267.4371425083705,286.0904773530506
2022-10-05,245.00999450683597,246.6699981689453,233.2700042724609,240.80999755859372,86982700,-0.034597517632881436,262.4085693359375,284.49000040690106
2022-10-06,239.44000244140625,244.5800018310547,235.3500061035156,238.1300048828125,69298400,-0.01112907563204113,256.00714111328125,282.3200000581287
2022-10-07,233.94000244140625,234.57000732421875,222.0200042724609,223.07000732421875,83916800,-0.06324275500689214,246.7585710797991,279.16809517996654
2022-10-10,223.92999267578125,226.9900054931641,218.3600006103516,222.9600067138672,67925000,-0.0004931214719139376,240.2942875453404,275.5147625151135
2022-10-11,220.9499969482422,225.75,215.0,216.5,77013200,-0.02897383620084637,233.3300018310547,271.3280952090309
2022-10-12,215.3300018310547,219.3000030517578,211.50999450683597,217.2400054931641,66860700,0.003418039229395431,229.7357177734375,267.76190476190476
2022-10-13,208.3000030517578,222.9900054931641,206.22000122070312,221.72000122070312,91483000,0.020622332969329582,225.77571759905135,263.91000075567337
2022-10-14,224.00999450683597,226.25999450683597,204.16000366210935,204.9900054931641,94124500,-0.07545550981161042,220.65857587541853,259.20714387439546
2022-10-17,210.0399932861328,221.8600006103516,209.4499969482422,219.3500061035156,79428800,0.07005219876844371,217.97571890694755,255.20714387439546
2022-10-18,229.5,229.82000732421875,217.25,220.19000244140625,75891900,0.0038294794370521412,217.56428963797433,250.97476268949964
2022-10-19,219.8000030517578,222.92999267578125,217.77999877929688,222.0399932861328,66571500,0.008401793106927569,217.43285914829798,246.84666660853796
2022-10-20,208.27999877929688,215.5500030517578,202.0,207.27999877929688,117798100,-0.0664744863679374,216.11571611676897,242.3933337983631
2022-10-21,206.4199981689453,214.66000366210935,203.8000030517578,214.44000244140625,75713800,0.03454266549727758,215.71571568080358,238.86238170805433
2022-10-24,205.82000732421875,213.5,198.58999633789065,211.25,100446800,-0.014875967194030837,214.22000122070312,235.81095377604166
2022-10-25,210.1000061035156,224.3500061035156,210.0,222.4199981689453,96507900,0.05287573097725584,216.71000017438615,233.25904846191406
2022-10-26,219.3999938964844,230.6000061035156,218.1999969482422,224.63999938964844,85012500,0.009981122376490958,217.46571350097656,230.48285784040178
2022-10-27,229.7700042724609,233.80999755859372,222.8500061035156,225.08999633789065,61638800,0.00200319154854367,218.16571262904577,227.4961911156064
2022-10-28,225.3999938964844,228.8600006103516,216.3500061035156,228.5200042724609,69152400,0.01523838460338034,219.09142848423548,225.60619172595796
2022-10-31,226.19000244140625,229.8500061035156,221.94000244140625,227.5399932861328,61554300,-0.004288512900427088,221.9857134137835,223.81047712053572
2022-11-01,234.0500030517578,237.3999938964844,227.27999877929688,227.82000732421875,62688800,0.0012306146011606955,223.8971426827567,223.1161920456659
2022-11-02,226.0399932861328,227.8699951171875,214.82000732421875,214.97999572753903,63070300,-0.05636033352596037,224.42999921526228,221.47523934500558
2022-11-03,211.3600006103516,221.1999969482422,210.13999938964844,215.30999755859372,56538800,0.0015350350619269815,223.4142848423549,220.26095363071983
2022-11-04,222.6000061035156,223.8000030517578,203.0800018310547,207.47000122070312,98622200,-0.0364125977743186,220.96142796107702,218.8009534563337
2022-11-07,208.6499938964844,208.8999938964844,196.66000366210935,197.0800018310547,93916500,-0.05007952633400592,216.96000017438615,217.5633341471354
2022-11-08,194.0200042724609,195.1999969482422,186.75,191.3000030517578,128803400,-0.02932818513088775,211.64285714285714,216.05571492513022
2022-11-09,190.77999877929688,195.88999938964844,177.1199951171875,177.58999633789062,127062700,-0.07166757185130745,204.50714329310827,214.2028576078869
2022-11-10,189.8999938964844,191.0,180.02999877929688,190.72000122070312,132703000,0.07393437216942544,199.20714242117745,212.9400002615792
2022-11-11,186.0,196.5200042724609,182.58999633789065,195.97000122070312,114403600,0.027527264924482875,196.4914289202009,211.71380978538872
2022-11-14,192.7700042724609,195.72999572753903,186.33999633789065,190.9499969482422,92226600,-0.02561618738169713,193.0114288330078,211.04523794991624
2022-11-15,195.8800048828125,200.82000732421875,192.05999755859372,194.4199981689453,91293800,0.018172303095892017,191.1471426827567,209.85809471493673
2022-11-16,191.50999450683597,192.57000732421875,185.66000366210935,186.9199981689453,66567600,-0.03857627852399581,189.69571358816964,208.27380879720047
2022-11-17,183.9600067138672,186.16000366210935,180.8999938964844,183.1699981689453,64336000,-0.020062058831236462,188.53428431919642,206.42285664876297
2022-11-18,185.0500030517578,185.19000244140625,176.5500030517578,180.19000244140625,76048900,-0.016269016527425406,188.9057137625558,205.13285682314913
2022-11-21,175.85000610351562,176.77000427246094,167.5399932861328,167.8699951171875,92882700,-0.06837231343190053,185.64142717633928,202.9152374267578
2022-11-22,168.6300048828125,170.9199981689453,166.19000244140625,169.91000366210938,78452300,0.012152311933396831,181.91857038225447,200.94666617257255
2022-11-23,173.57000732421875,183.6199951171875,172.5,183.1999969482422,109536700,0.07821783885404354,180.8114275251116,199.07904706682478
2022-11-25,185.05999755859372,185.1999969482422,180.6300048828125,182.8600006103516,50672700,-0.0018558752377416665,179.15999930245536,197.0895233154297
2022-11-28,179.9600067138672,188.5,179.0,182.9199981689453,92905200,0.00032810652079984237,178.58857073102678,195.08142816452752
2022-11-29,184.9900054931641,186.3800048828125,178.75,180.8300018310547,83357100,-0.011425739989130657,178.25428553989954,192.81047566731772
2022-11-30,182.42999267578125,194.75999450683597,180.6300048828125,194.6999969482422,109186400,0.07670184691003823,180.32714189801897,191.24666631789435
2022-12-01,197.0800018310547,198.9199981689453,191.8000030517578,194.6999969482422,80046200,0.0,184.15999930245536,189.66952296665735
2022-12-02,191.77999877929688,196.25,191.1100006103516,194.8600006103516,73645900,0.0008217959148295595,187.72428458077567,188.71142796107702
2022-12-05,189.44000244140625,191.2700042724609,180.5500030517578,182.4499969482422,93122700,-0.06368676805520934,187.6171417236328,187.14666602725075
2022-12-06,181.22000122070312,183.6499938964844,175.3300018310547,179.82000732421875,92150800,-0.01441485156488942,187.182856968471,185.82999965122767
2022-12-07,175.02999877929688,179.3800048828125,172.22000122070312,174.0399932861328,84213300,-0.032143331123685615,185.9142848423549,184.73285638718377
2022-12-08,172.1999969482422,175.1999969482422,169.05999755859375,173.44000244140625,97624500,-0.003447430865732959,184.8585706438337,183.88238016764322
2022-12-09,173.83999633789062,182.5,173.36000061035156,179.0500030517578,104872300,0.0323454827685834,182.62285723005022,183.951904296875
2022-12-12,176.10000610351562,177.3699951171875,167.52000427246094,167.82000732421875,109794500,-0.0627198857086465,178.7828587123326,182.8614283970424
2022-12-13,174.8699951171875,175.0500030517578,156.91000366210938,160.9499969482422,175862700,-0.04093677795344208,173.9385724748884,181.19380914597284
2022-12-14,159.25,161.6199951171875,155.30999755859375,156.8000030517578,140682300,-0.025784367661833008,170.2742876325335,179.56761896042596
2022-12-15,153.44000244140625,160.92999267578125,153.27999877929688,157.6699981689453,122334500,0.005548438139381551,167.11000061035156,177.81761896042596
2022-12-16,159.63999938964844,160.99000549316406,150.0399932861328,150.22999572753906,139032200,-0.047187179094365206,163.7085723876953,176.07047598702567
2022-12-19,154.0,155.25,145.82000732421875,149.8699951171875,139390600,-0.00239632976495896,160.34142848423548,174.4847615559896
2022-12-20,146.0500030517578,148.47000122070312,137.66000366210938,137.8000030517578,159563300,-0.08053641461716088,154.44857134137834,172.46619015648253
2022-12-21,139.33999633789062,141.25999450683594,135.88999938964844,137.57000732421875,145417400,-0.0016690545895901021,150.12714276994978,171.02333359491257
2022-12-22,136.0,136.6300048828125,122.26000213623048,125.3499984741211,210090300,-0.08882756559936855,145.04142870221818,168.90142858596076
2022-12-23,126.37000274658205,128.6199951171875,121.0199966430664,123.1500015258789,166989700,-0.017550833466474902,140.23428562709265,166.04190499441964
2022-12-27,117.5,119.66999816894533,108.76000213623048,109.0999984741211,208643400,-0.1140885333144338,133.29571424211775,162.52952394031342
2022-12-28,110.3499984741211,116.2699966430664,108.23999786376952,112.70999908447266,221070500,0.03308891531476843,127.93571472167969,159.18619065057663
2022-12-29,120.38999938964844,123.56999969482422,117.5,121.81999969482422,221923300,0.0808269069678893,123.92857251848493,156.37619054885138
2022-12-30,119.9499969482422,124.4800033569336,119.75,123.18000030517578,157777300,0.011164017515666869,121.84000069754464,152.97047642299108
2023-01-03,118.47000122070312,118.8000030517578,104.63999938964844,108.0999984741211,231402800,-0.12242248574195735,117.62999943324498,148.84666697184244
2023-01-04,109.11000061035156,114.58999633789062,107.5199966430664,113.63999938964844,180389000,0.05124885285593783,115.95714242117745,144.97904786609467
2023-01-05,110.51000213623048,111.75,107.16000366210938,110.33999633789062,157986300,-0.029039097760312105,114.12714168003627,141.5452383132208
2023-01-06,103.0,114.38999938964844,101.80999755859376,113.05999755859376,220911100,0.024651090365942707,114.69285583496094,138.36619022914343
2023-01-09,118.95999908447266,123.5199966430664,117.11000061035156,119.7699966430664,190284000,0.05934901140427806,115.70142691476005,135.78190467471168
2023-01-10,121.06999969482422,122.76000213623048,114.91999816894533,118.8499984741211,167642500,-0.007681374256751861,115.27714102608817,133.18238067626953
2023-01-11,122.08999633789062,125.9499969482422,120.51000213623048,123.22000122070312,183810800,0.036769060182475055,115.28285544259208,130.523809160505
2023-01-12,122.55999755859376,124.12999725341795,117.0,123.55999755859376,169400900,0.0027592625752508315,117.49142674037388,128.4161896478562
2023-01-13,116.5500030517578,122.62999725341795,115.5999984741211,122.4000015258789,180714100,-0.009388119582672938,118.74285561697823,126.58047558012463
2023-01-17,125.6999969482422,131.6999969482422,125.0199966430664,131.49000549316406,186477000,0.07426473736900463,121.76428549630302,125.37523760114398
2023-01-18,136.55999755859375,136.67999267578125,127.01000213623048,128.77999877929688,195680300,-0.020609982513142944,124.00999995640346,123.99952334449405
2023-01-19,127.26000213623048,129.99000549316406,124.30999755859376,127.16999816894533,170291900,-0.012501946153228083,125.06714303152903,122.90142822265625
2023-01-20,128.67999267578125,133.50999450683594,127.3499984741211,133.4199981689453,138858100,0.049146812062518475,127.14857155936105,122.11809503464471
2023-01-23,135.8699951171875,145.3800048828125,134.27000427246094,143.75,203119200,0.07742468874848996,130.08142852783203,122.40142822265625
2023-01-24,143.0,146.5,141.10000610351562,143.88999938964844,158699100,0.0009739087975544347,132.98571450369698,122.70238022577195
2023-01-25,141.91000366210938,146.41000366210938,138.07000732421875,144.42999267578125,192734300,0.003752820129427681,136.13285609654017,123.61095137823196
2023-01-26,159.97000122070312,161.4199981689453,154.75999450683594,160.27000427246094,234815100,0.10967259156647335,140.2442844935826,125.37857055664062
2023-01-27,162.42999267578125,180.67999267578125,161.1699981689453,177.89999389648438,306590600,0.11000180416824756,147.2614266531808,128.6547608148484
2023-01-30,178.0500030517578,179.77000427246094,166.5,166.66000366210938,230878800,-0.06318150994943417,152.9028560093471,131.22380865187873
2023-01-31,164.57000732421875,174.3000030517578,162.77999877929688,173.22000122070312,196813500,0.03936155894904236,158.58857073102678,133.67142777215867
2023-02-01,173.88999938964844,183.80999755859372,169.92999267578125,181.41000366210935,213806300,0.04728092820511631,163.96857125418526,136.44428507486978
2023-02-02,187.3300018310547,196.75,182.6100006103516,188.2700042724609,217448300,0.03781489703913388,170.3085719517299,140.26190439860025
2023-02-03,183.9499969482422,199.0,183.69000244140625,189.97999572753903,232662000,0.009082654784473565,176.81571524483815,143.8971423194522
2023-02-06,193.00999450683597,198.1699981689453,189.9199981689453,194.75999450683597,186188100,0.025160537355481294,181.74285670689173,147.91714223225912
2023-02-07,196.42999267578125,197.5,189.5500030517578,196.80999755859372,186010300,0.01052579127940878,184.44428580147877,151.90523747035436
2023-02-08,196.1000061035156,203.0,194.30999755859372,201.2899932861328,180673600,0.02276304955598274,189.39142717633925,155.78714207240515
2023-02-09,207.77999877929688,214.0,204.7700042724609,207.32000732421875,215431400,0.029956849516678652,194.26285661969862,159.9999996366955
2023-02-10,202.22999572753903,206.1999969482422,192.88999938964844,196.88999938964844,204754100,-0.05030873801899527,196.47428458077565,163.50809478759766
2023-02-13,194.4199981689453,196.3000030517578,187.6100006103516,194.63999938964844,172475500,-0.011427700782035255,197.38428388323103,166.89285677955263
2023-02-14,191.94000244140625,209.82000732421875,189.44000244140625,209.25,216455700,0.0750616556523096,200.13714163643974,171.02857099260603
2023-02-15,211.75999450683597,214.66000366210935,206.1100006103516,214.2400054931641,181006400,0.02384709913101113,202.92000034877233,174.9690471830822
2023-02-16,210.77999877929688,217.6499938964844,201.83999633789065,202.0399932861328,229586500,-0.056945537220967624,203.6671425955636,178.4576183500744
2023-02-17,199.9900054931641,208.44000244140625,197.5,208.30999755859372,213738500,0.031033480898909005,204.67000034877233,182.32142784481957
2023-02-21,204.9900054931641,209.7100067138672,197.22000122070312,197.3699951171875,180018600,-0.05251789433835985,203.24857003348214,185.36666579473587
2023-02-22,197.92999267578125,201.9900054931641,191.77999877929688,200.8600006103516,191828500,0.017682553475729224,203.81571306501115,188.08618963332404
2023-02-23,203.91000366210935,205.13999938964844,196.3300018310547,202.07000732421875,146360000,0.006024129792842281,204.87714276994978,190.8566662016369
2023-02-24,196.3300018310547,197.6699981689453,192.8000030517578,196.8800048828125,142228100,-0.025684180003413215,203.11000061035156,193.35428583054315
2023-02-27,202.02999877929688,209.4199981689453,201.25999450683597,207.6300048828125,161028300,0.0546017865369246,202.16571480887276,195.6095239548456
2023-02-28,210.58999633789065,211.22999572753903,203.75,205.7100067138672,153144900,-0.009247209573726933,202.69000244140625,196.93381027948288
2023-03-01,206.2100067138672,207.1999969482422,198.5200042724609,202.7700042724609,156852800,-0.014291975817664948,201.89857482910156,198.65333411807106
2023-03-02,186.7400054931641,193.75,186.00999450683597,190.8999938964844,181500700,-0.05853928157947286,200.9742889404297,199.49523853120348
2023-03-03,194.8000030517578,200.47999572753903,192.8800048828125,197.7899932861328,154193300,0.036092192823141245,200.5357164655413,200.27523803710938
2023-03-06,198.5399932861328,198.6000061035156,192.3000030517578,193.80999755859372,128100100,-0.020122331071529165,199.35571507045202,200.53904724121094
2023-03-07,191.3800048828125,194.1999969482422,186.1000061035156,187.7100067138672,148125800,-0.0314740773002814,198.04571533203125,200.43095252627418
2023-03-08,185.0399932861328,186.5,180.0,182.0,151897800,-0.03041929843714275,194.38428606305803,199.82333374023438
2023-03-09,180.25,185.17999267578125,172.50999450683594,172.9199981689453,170023800,-0.04989011995084991,189.6999991280692,198.6857147216797
2023-03-10,175.1300048828125,178.2899932861328,168.44000244140625,173.44000244140625,191488900,0.0030071956856769777,185.50999886648995,197.35952468145462
2023-03-13,167.4600067138672,177.35000610351562,163.91000366210938,174.47999572753906,167790300,0.005996271168666301,183.1642848423549,195.79571460542223
2023-03-14,177.30999755859375,183.8000030517578,177.13999938964844,183.25999450683597,143717900,0.050320947926932424,181.08857073102678,195.14666675385973
2023-03-15,180.8000030517578,182.33999633789065,176.02999877929688,180.4499969482422,145995600,-0.015333393227232484,179.17999921526228,194.47095235188803
2023-03-16,180.3699951171875,185.80999755859372,178.83999633789062,184.1300048828125,121136800,0.020393505108375454,178.66857038225447,193.27476210821243
2023-03-17,184.5200042724609,186.22000122070312,177.3300018310547,180.1300048828125,133197100,-0.02172378153438792,178.40142822265625,191.65047636486236
2023-03-20,178.0800018310547,186.44000244140625,176.35000610351562,183.25,129684400,0.017320796272765726,179.87714276994978,190.75571477980841
2023-03-21,188.27999877929688,198.0,188.0399932861328,197.5800018310547,153391400,0.07819919143822474,183.32571411132812,190.24476260230654
2023-03-22,199.3000030517578,200.66000366210935,190.9499969482422,191.1499938964844,150376400,-0.032543819591966616,185.70714242117748,189.94857206798736
2023-03-23,195.25999450683597,199.30999755859372,188.6499938964844,192.22000122070312,144193900,0.0055977366381616545,186.98714338030135,189.53714352562315
2023-03-24,191.6499938964844,192.3600006103516,187.1499938964844,190.41000366210935,116312400,-0.009416281069083876,188.41000148228235,188.9819052559989
2023-03-27,194.4199981689453,197.38999938964844,189.94000244140625,191.80999755859372,120851600,0.007352522816861606,189.50714329310821,188.74047633579798
2023-03-28,192.0,192.3500061035156,185.42999267578125,189.19000244140625,98654600,-0.01365932511618495,190.80142865862166,187.8623809814453
2023-03-29,193.1300048828125,195.2899932861328,189.44000244140625,193.8800048828125,123660000,0.024789906342217005,192.32000078473772,187.2990475609189
2023-03-30,195.5800018310547,197.3300018310547,194.4199981689453,195.27999877929688,110252200,0.007220929756684091,191.9914289202009,186.94238063267298
2023-03-31,197.52999877929688,207.7899932861328,197.1999969482422,207.4600067138672,170222100,0.06237201971890638,194.32143075125555,187.730952671596
2023-04-03,199.91000366210935,202.69000244140625,192.1999969482422,194.7700042724609,169545900,-0.0611684277968263,194.68571690150665,187.58714367094495
2023-04-04,197.32000732421875,198.7400054931641,190.32000732421875,192.5800018310547,126463800,-0.011244043709844886,194.99571663992745,187.52857244582404
2023-04-05,190.5200042724609,190.67999267578125,183.75999450683597,185.5200042724609,133882500,-0.036660076287606036,194.0971461704799,187.4242866152809
2023-04-06,183.0800018310547,186.38999938964844,179.74000549316406,185.05999755859372,123857900,-0.002479553165553039,193.50714547293526,187.57000078473772
2023-04-10,179.94000244140625,185.1000061035156,176.11000061035156,184.50999450683597,142154600,-0.0029720256079848184,192.16857256208147,188.12190537225632
2023-04-11,186.69000244140625,189.19000244140625,185.6499938964844,186.7899932861328,115770900,0.012357047570191959,190.9557146344866,188.75761922200522
2023-04-12,190.7400054931641,191.5800018310547,180.30999755859372,180.5399932861328,150256300,-0.03346003653646468,187.10999843052454,189.0461905343192
2023-04-13,182.9600067138672,186.5,180.94000244140625,185.8999938964844,112933000,0.029688716127604264,185.84285409109933,189.1719047909691
2023-04-14,183.9499969482422,186.27999877929688,182.00999450683597,185.0,96438700,-0.00484127986031857,184.75999668666296,189.3885716029576
2023-04-17,186.32000732421875,189.69000244140625,182.69000244140625,187.0399932861328,116662200,0.011026990735853115,184.97713797433036,189.52714247930618
2023-04-18,187.1499938964844,187.69000244140625,183.5800018310547,184.30999755859372,92067000,-0.014595786064656058,184.8699951171875,189.72618974958147
2023-04-19,179.10000610351562,183.5,177.64999389648438,180.58999633789065,125732700,-0.020183393575926023,184.30999537876673,189.59952290852866
2023-04-20,166.1699981689453,169.6999969482422,160.55999755859375,162.99000549316406,210970800,-0.09745828230593878,180.90999712262834,187.95238022577195
2023-04-21,164.8000030517578,166.0,161.32000732421875,165.0800018310547,123539000,0.012822849668400638,178.70142691476005,186.71095203218005
2023-04-24,164.64999389648438,165.64999389648438,158.61000061035156,162.5500030517578,140006600,-0.015325895028073244,175.36571393694197,185.29809497651598
2023-04-25,159.82000732421875,163.47000122070312,158.75,160.6699981689453,121999300,-0.011565701922588656,171.88999938964844,183.88190423874627
2023-04-26,160.2899932861328,160.6699981689453,153.13999938964844,153.75,153364100,-0.04306963495243776,167.13428606305803,182.06952340262276
2023-04-27,152.63999938964844,160.47999572753906,152.3699951171875,160.19000244140625,127015200,0.041886194740853755,163.6885724748884,180.68857102167038
2023-04-28,160.89999389648438,165.0,157.32000732421875,164.30999755859375,122515800,0.025719427270091355,161.36285836356026,179.28047543480284
2023-05-01,163.1699981689453,163.27999877929688,158.8300018310547,161.8300018310547,109015000,-0.015093395194377579,161.1971435546875,177.68761843726747
2023-05-02,161.8800048828125,165.49000549316406,158.92999267578125,160.30999755859375,128259700,-0.00939259874721976,160.51571437290735,175.442379906064
2023-05-03,160.00999450683594,165.0,159.91000366210938,160.61000061035156,119728000,0.0018713932775662467,160.2385711669922,173.81571306501115
2023-05-04,162.7100067138672,162.9499969482422,159.64999389648438,161.1999969482422,95108500,0.003673471985857102,160.3142852783203,172.32142711821058
2023-05-05,163.97000122070312,170.7899932861328,163.50999450683594,170.05999755859375,107607300,0.05496278398315546,162.64428492954798,171.58523632231214
2023-05-08,173.72000122070312,173.8000030517578,169.19000244140625,171.7899932861328,112249400,0.010172855182730478,164.30142647879464,170.95333135695685
2023-05-09,168.9499969482422,169.82000732421875,166.55999755859375,169.14999389648438,88965000,-0.015367597024416146,164.99285452706474,170.22190275646392
2023-05-10,172.5500030517578,174.42999267578125,166.67999267578125,168.5399932861328,119840700,-0.0036062703657255835,165.95142473493303,169.3528551374163
2023-05-11,168.6999969482422,173.57000732421875,166.7899932861328,172.0800018310547,103889900,0.021003967520705658,167.63285391671317,168.9499984014602
2023-05-12,176.07000732421875,177.3800048828125,167.22999572753906,167.97999572753906,157849600,-0.023826162598143963,168.68571036202567,168.09666515531995
2023-05-15,167.66000366210938,169.75999450683594,164.5500030517578,166.35000610351562,105592500,-0.009703474612936969,169.42142595563615,167.2085702078683
2023-05-16,165.64999389648438,169.52000427246094,164.35000610351562,166.52000427246094,98288800,0.001021930644472091,168.91571262904577,166.23142787388392
2023-05-17,168.41000366210938,174.5,167.19000244140625,173.86000061035156,125473600,0.04407876621166107,169.21142796107702,165.73380897158668
2023-05-18,174.22000122070312,177.05999755859375,172.4499969482422,176.88999938964844,109520300,0.01742780840135616,170.317143031529,165.557618640718
2023-05-19,177.1699981689453,181.9499969482422,176.30999755859375,180.13999938964844,136196700,0.018373000232992265,171.97428676060267,166.37428501674108
2023-05-22,180.6999969482422,189.32000732421875,180.11000061035156,188.8699951171875,132001400,0.04846228354123516,174.37285723005022,167.50714183989027
2023-05-23,186.1999969482422,192.9600067138672,185.25999450683597,185.7700042724609,156952100,-0.01641335799687582,176.91428702218192,168.61285618373327
2023-05-24,182.22999572753903,184.22000122070312,178.22000122070312,182.8999938964844,137605100,-0.015449266889003166,179.27857099260603,169.67142740885416
2023-05-25,186.5399932861328,186.77999877929688,180.5800018310547,184.47000122070312,96870700,0.00858396597381672,181.84285627092635,171.13428460984002
2023-05-26,184.6199951171875,198.6000061035156,184.52999877929688,193.1699981689453,162061500,0.047162123329924865,184.60142735072546,172.7047605968657
2023-05-30,200.1000061035156,204.47999572753903,197.52999877929688,201.16000366210935,128818700,0.04136255924264187,188.06857081821985,174.4595227922712
2023-05-31,199.77999877929688,203.9499969482422,195.1199951171875,203.92999267578125,150711700,0.013770078361723836,191.4671412876674,176.46428426106772
2023-06-01,202.58999633789065,209.8000030517578,199.3699951171875,207.5200042724609,148029900,0.017604137329555236,194.13142830984933,178.71237981887091
2023-06-02,210.1499938964844,217.25,209.75,213.97000122070312,164398400,0.031081326211683136,198.15999930245536,181.25333222888764
2023-06-05,217.8000030517578,221.2899932861328,214.5200042724609,217.6100006103516,151143100,0.017011727666879528,203.11857169015067,183.93952287946428
2023-06-06,216.13999938964844,221.91000366210935,212.52999877929688,221.30999755859372,146911600,0.017002881015874216,208.38142830984933,186.37999906994048
2023-06-07,228.0,230.8300018310547,223.1999969482422,224.57000732421875,185710800,0.01473051286244731,212.86714390345983,188.89333307175409
2023-06-08,224.22000122070312,235.22999572753903,223.00999450683597,234.8600006103516,164489700,0.04582087077762287,217.68142918178015,192.02238101050966
2023-06-09,249.07000732421875,252.4199981689453,242.0200042724609,244.3999938964844,200242400,0.0406199151040636,223.46285792759485,195.63476199195497
2023-06-12,247.94000244140625,250.97000122070312,244.58999633789065,249.8300018310547,150337900,0.02221770896144193,229.50714329310827,199.33714294433594
2023-06-13,253.50999450683597,259.67999267578125,251.33999633789065,258.7099914550781,162384300,0.035544128242966044,235.89857046944755,203.6576189313616
2023-06-14,260.1700134277344,261.57000732421875,250.5,256.7900085449219,170575500,-0.007421371317580694,241.49571446010046,207.96428571428572
2023-06-15,248.3999938964844,258.95001220703125,247.2899932861328,255.8999938964844,160171200,-0.0034659239799891273,246.43714250837053,212.22047569638207
2023-06-16,258.9200134277344,263.6000061035156,257.2099914550781,260.5400085449219,167915600,0.01813214052015355,251.57571411132812,216.3480951218378
2023-06-20,261.5,274.75,261.1199951171875,274.45001220703125,165611200,0.05338912722001776,257.23143005371094,220.99381001790366
2023-06-21,275.1300048828125,276.989990234375,257.7799987792969,259.4599914550781,211797100,-0.054618400747766804,259.3828582763672,224.77095249720983
2023-06-22,250.7700042724609,265.0,248.25,264.6099853515625,166875900,0.019848894111198723,261.4942844935826,228.37761869884673
2023-06-23,259.2900085449219,262.45001220703125,252.8000030517578,256.6000061035156,177460800,-0.030270888067223778,261.19285801478793,231.75047592889695
2023-06-26,250.07000732421875,258.3699951171875,240.6999969482422,241.0500030517578,179990600,-0.060600166336257755,258.94428580147877,234.51952398390998
2023-06-27,243.2400054931641,250.38999938964844,240.8500061035156,250.2100067138672,164968200,0.03800042956291749,258.13143048967635,237.6500004359654
2023-06-28,249.6999969482422,259.8800048828125,248.88999938964844,256.239990234375,159770800,0.0240996896954786,257.5171421595982,240.65333339146204
2023-06-29,258.0299987792969,260.739990234375,253.6100006103516,257.5,131283400,0.004917303362650394,255.09571184430803,243.33619035993303
2023-06-30,260.6000061035156,264.45001220703125,259.8900146484375,261.7699890136719,112620800,0.016582481606492783,255.42571149553572,246.0904758998326
2023-07-03,276.489990234375,284.25,275.1099853515625,279.82000732421875,119685900,0.06895373445427366,257.59857177734375,249.53333318801154
2023-07-05,278.82000732421875,283.8500061035156,277.6000061035156,282.4800109863281,131530900,0.009506123909958086,261.29571533203125,252.79571460542223
2023-07-06,278.0899963378906,279.9700012207031,272.8800048828125,276.5400085449219,120332100,-0.021028045208104085,266.36571611676897,255.6019054594494
2023-07-07,278.42999267578125,280.7799987792969,273.7699890136719,274.42999267578125,113879200,-0.007630056425625198,269.8257141113281,258.1314290364583
2023-07-10,276.4700012207031,277.5199890136719,265.1000061035156,269.6099853515625,119425400,-0.01756370459810941,271.73571341378346,260.27618989490327
2023-07-11,268.6499938964844,270.8999938964844,266.3699951171875,269.7900085449219,91972400,0.000667717084456676,273.4914289202009,261.9395236060733
2023-07-12,276.3299865722656,276.5199890136719,271.4599914550781,271.989990234375,95672100,0.008154422401772665,274.95142909458707,263.25333295549666
2023-07-13,274.5899963378906,279.45001220703125,270.6000061035156,277.8999938964844,112681500,0.02172875427149612,274.67714146205356,264.58999924432663
2023-07-14,277.010009765625,285.29998779296875,276.3099975585937,281.3800048828125,120062400,0.012522529912772917,274.5199977329799,265.66952369326634
2023-07-17,286.6300048828125,292.2300109863281,283.57000732421875,290.3800048828125,131569600,0.03198521516746822,276.4971400669643,267.26904732840404
2023-07-18,290.1499938964844,295.260009765625,286.010009765625,293.3399963378906,112120300,0.010193509901870401,279.19856916155135,269.0519045875186
2023-07-19,296.0400085449219,299.2900085449219,289.5199890136719,291.260009765625,142355400,-0.007090702250741598,282.2914297921317,270.5147617885045
2023-07-20,279.5599975585937,280.92999267578125,261.20001220703125,262.8999938964844,175158300,-0.09737009860008494,281.30714198521207,269.96476091657365
2023-07-21,268.0,268.0,255.8000030517578,260.0199890136719,161796100,-0.010954754468143868,279.5971418108259,269.9914274669829
2023-07-24,255.8500061035156,269.8500061035156,254.1199951171875,269.0599975585937,136508500,0.03476659075024613,278.3342851911272,270.20333281017486
2023-07-25,272.3800048828125,272.8999938964844,265.0,265.2799987792969,112757300,-0.014048906614122947,276.03428431919644,270.61666579473587
2023-07-26,263.25,268.0400085449219,261.75,264.3500061035156,95856200,-0.0035057022016762307,272.31571306501115,271.72618974958147
2023-07-27,268.3099975585937,269.1300048828125,255.3000030517578,255.7100067138672,103697300,-0.032683938680391544,266.94000026157926,271.9880945114862
2023-07-28,259.8599853515625,267.25,258.2300109863281,266.44000244140625,111446000,0.04196157931177735,263.394284929548,272.4738093784877
2023-07-31,267.4800109863281,269.0799865722656,263.7799987792969,267.42999267578125,84582200,0.00371562162326855,264.0414276123047,272.9466661725725
2023-08-01,266.260009765625,266.4700012207031,260.25,261.07000732421875,83166000,-0.023781870118334214,264.1914302280971,272.91333371117
2023-08-02,255.57000732421875,259.5199890136719,250.4900054931641,254.1100006103516,101752900,-0.02665954157355055,262.0557163783482,271.68904767717635
2023-08-03,252.0399932861328,260.489990234375,252.0,259.32000732421875,97569100,0.020502958173047592,261.2042890276228,270.586190359933
2023-08-04,260.9700012207031,264.7699890136719,253.1100006103516,253.8600006103516,99539900,-0.021055092394165698,259.70571681431363,269.5061899820964
2023-08-07,251.4499969482422,253.6499938964844,242.75999450683597,251.4499969482422,111097900,-0.00949343597382446,259.0971439906529,268.41190447126115
2023-08-08,247.4499969482422,250.9199981689453,245.00999450683597,249.6999969482422,96642200,-0.006959634206558429,256.70571463448664,267.4638097853888
2023-08-09,250.8699951171875,251.1000061035156,241.8999938964844,242.19000244140625,101596300,-0.03007606967809695,253.10000174386164,266.14952378045945
2023-08-10,245.3999938964844,251.8000030517578,243.0,245.33999633789065,109498600,0.013006292021680244,250.85285731724335,264.8804764520554
2023-08-11,241.7700042724609,243.7899932861328,238.0200042724609,242.6499938964844,99038600,-0.01096438608281991,249.2157135009766,263.201905023484
2023-08-14,235.6999969482422,240.66000366210935,233.75,239.75999450683597,98595300,-0.011910156448968756,246.42142595563615,261.2199997674851
2023-08-15,238.72999572753903,240.5,232.6100006103516,232.9600067138672,88197600,-0.028361644764614335,243.43571254185267,258.4857141403925
2023-08-16,228.0200042724609,233.97000122070312,225.3800048828125,225.6000061035156,112484500,-0.03159340830287449,239.74285670689173,255.26000031970796
2023-08-17,226.05999755859372,226.7400054931641,218.8300018310547,219.22000122070312,120718400,-0.02828016272253575,235.3885716029576,251.82952372233072
2023-08-18,214.1199951171875,217.5800018310547,212.3600006103516,215.4900054931641,136276600,-0.017014851321818014,231.57428632463728,249.57190522693452
2023-08-21,221.5500030517578,232.1300048828125,220.5800018310547,231.27999877929688,135702700,0.073274828918382,229.56571524483817,248.20333426339286
2023-08-22,240.25,240.82000732421875,229.5500030517578,233.19000244140625,130442800,0.008258403978685713,228.21428789411272,246.4952392578125
2023-08-23,229.33999633789065,238.97999572753903,229.2899932861328,236.8600006103516,101077600,0.01573823118710882,227.8000030517578,245.14190601167223
2023-08-24,238.66000366210935,238.9199981689453,228.17999267578125,230.0399932861328,99777400,-0.02879341090367593,227.3828582763672,243.50809587751115
2023-08-25,231.30999755859372,239.0,230.3500061035156,238.58999633789065,106612200,0.037167463490241914,229.2385711669922,242.69285728817894
2023-08-28,242.5800018310547,244.3800048828125,235.3500061035156,238.82000732421875,107673700,0.0009640428763089126,232.03857203892298,241.37761942545572
2023-08-29,238.5800018310547,257.4800109863281,237.7700042724609,257.17999267578125,134047600,0.07687791972402569,237.9942844935826,240.88952418736048
2023-08-30,254.1999969482422,260.510009765625,250.58999633789065,256.8999938964844,121988400,-0.0010887269121663268,241.65428379603796,240.69095211937315
2023-08-31,255.97999572753903,261.17999267578125,255.0500030517578,258.0799865722656,108861700,0.004593198535678855,245.20999581473214,240.87999906994048
2023-09-01,257.260009765625,259.0799865722656,242.00999450683597,245.00999450683597,132541600,-0.050643183297632066,246.37428065708704,240.19856988816034
2023-09-05,245.0,258.0,244.8600006103516,256.489990234375,129469600,0.04685521401135628,250.15285164969308,240.32380748930433
2023-09-06,255.13999938964844,255.38999938964844,245.05999755859372,251.9199981689453,116959800,-0.017817428513501543,252.05713762555803,240.346188499814
2023-09-07,245.07000732421875,252.80999755859372,243.2700042724609,251.4900054931641,115312900,-0.0017068620153484204,253.86713736397883,240.43142700195312
2023-09-08,251.22000122070312,256.5199890136719,246.6699981689453,248.5,118367700,-0.011889162304087542,252.6271384102958,240.73190307617188
2023-09-11,264.2699890136719,274.8500061035156,260.6099853515625,273.5799865722656,174667900,0.10092549928477124,255.00999450683594,242.076664515904
2023-09-12,270.760009765625,278.3900146484375,266.6000061035156,267.4800109863281,135999900,-0.022296863386701782,256.35285513741627,243.25904628208704
2023-09-13,270.07000732421875,274.9800109863281,268.1000061035156,271.29998779296875,111673700,0.014281354305895722,260.1085684640067,244.76095072428384
2023-09-14,271.32000732421875,276.7099914550781,270.4200134277344,276.0400085449219,107709800,0.017471511114000693,262.90142822265625,246.8123793829055
2023-09-15,277.54998779296875,278.9800109863281,271.0,274.3900146484375,133692300,-0.005977372284481253,266.1114305768694,249.13571312313988
2023-09-18,271.1600036621094,271.44000244140625,263.760009765625,265.2799987792969,101543300,-0.033200974462619715,268.0814296177455,251.32904634021577
2023-09-19,264.3500061035156,267.8500061035156,261.20001220703125,266.5,103704000,0.004598918977371191,270.6528581891741,253.75809369768416
2023-09-20,267.0400085449219,273.92999267578125,262.4599914550781,262.5899963378906,122514600,-0.014671683535119606,269.0828595842634,255.24904596237909
2023-09-21,257.8500061035156,260.8599853515625,254.2100067138672,255.6999969482422,119951500,-0.026238620989897266,267.4000004359654,256.3209504627046
2023-09-22,257.3999938964844,257.7900085449219,244.47999572753903,244.8800048828125,127524100,-0.042315182614647506,263.62571716308594,256.7028554280599
2023-09-25,243.3800048828125,247.1000061035156,238.30999755859372,246.9900054931641,104636600,0.00861646752809131,259.4757167271205,257.50999886649
2023-09-26,242.97999572753903,249.5500030517578,241.66000366210935,244.1199951171875,101993600,-0.011619945391094122,255.15142822265625,257.7733321416946
2023-09-27,244.25999450683597,245.3300018310547,234.5800018310547,240.5,136597200,-0.014828753029631048,251.6114283970424,257.85333179292223
2023-09-28,240.0200042724609,247.5500030517578,238.6499938964844,246.3800048828125,117058900,0.02444908475181906,248.73714338030135,257.3390466599237
2023-09-29,250.0,254.7700042724609,246.3500061035156,250.22000122070312,128522700,0.015585665483353939,246.97000122070312,257.02095177060085
2023-10-02,244.80999755859372,254.27999877929688,242.6199951171875,251.6000061035156,123810400,0.005515166158101215,246.38428824288505,256.7123812720889
2023-10-03,248.6100006103516,250.0200042724609,244.4499969482422,246.52999877929688,101985300,-0.020151062008054055,246.62000165666853,256.7847624279204
2023-10-04,248.13999938964844,261.8599853515625,247.6000061035156,261.1600036621094,129721600,0.05934371052307452,248.644287109375,257.00714401971726
2023-10-05,260.0,263.6000061035156,256.25,260.04998779296875,119159200,-0.00425032873937603,250.92000034877233,257.394286382766
2023-10-06,253.97999572753903,261.6499938964844,250.6499938964844,260.5299987792969,118121800,0.001845841218459432,253.78142874581474,257.82476225353423
2023-10-09,255.30999755859372,261.3599853515625,252.0500030517578,259.6700134277344,101377900,-0.003300907210654902,255.68000139508928,258.3566676548549
2023-10-10,257.75,268.94000244140625,257.6499938964844,263.6199951171875,122656000,0.015211543440507347,257.5942862374442,257.88238234747024
2023-10-11,266.20001220703125,268.6000061035156,260.8999938964844,262.989990234375,103706300,-0.002389822071472425,259.221426827567,257.66857183547245
2023-10-12,262.9200134277344,265.4100036621094,256.6300048828125,258.8699951171875,111508100,-0.015665976919941982,260.9842834472656,257.07666742234005
2023-10-13,258.8999938964844,259.6000061035156,250.22000122070312,251.1199951171875,102073800,-0.02993780718577166,259.5499965122768,255.89000011625745
2023-10-16,250.0500030517578,255.3999938964844,248.47999572753903,253.9199981689453,88917200,0.01115006015531006,258.6742837088449,254.9152374267578
2023-10-17,250.1000061035156,257.17999267578125,247.0800018310547,254.8500061035156,93562900,0.0036626021631880334,257.86285618373324,254.41857110886346
2023-10-18,252.6999969482422,254.6300048828125,242.0800018310547,242.67999267578125,125147800,-0.04775363208267336,255.43571036202567,253.28428504580543
2023-10-19,225.9499969482422,230.6100006103516,216.77999877929688,220.1100006103516,170772700,-0.09300310180733773,249.2199968610491,251.2614281063988
2023-10-20,217.00999450683597,218.8600006103516,210.4199981689453,211.9900054931641,138010100,-0.036890623300491754,241.93428475516185,249.17999994187127
2023-10-23,210.0,216.97999572753903,202.50999450683597,212.0800018310547,150683400,0.0004245310418349302,235.25,247.6180950346447
2023-10-24,216.5,222.0500030517578,214.1100006103516,216.5200042724609,118231100,0.020935507370200668,230.30714416503906,246.1671425955636
2023-10-25,215.8800048828125,220.1000061035156,212.1999969482422,212.4199981689453,107065100,-0.018935922882932776,224.37857273646765,244.6576189313616
2023-10-26,211.32000732421875,214.8000030517578,204.8800048828125,205.75999450683597,115112600,-0.031352997455599274,217.365713936942,243.00333295549666
2023-10-27,210.6000061035156,212.41000366210935,205.7700042724609,207.3000030517578,94881200,0.007484489628865498,212.31142970493866,241.1423804873512
2023-10-30,209.27999877929688,210.8800048828125,194.6699981689453,197.3600006103516,136448200,-0.04794984223383947,209.0614297049386,238.62523760114397
2023-10-31,196.1199951171875,202.8000030517578,194.07000732421875,200.83999633789065,118068300,0.017632730628176496,207.46857125418526,236.20809427897134
2023-11-01,204.0399932861328,205.9900054931641,197.8500061035156,205.66000366210935,121661700,0.023999240251476373,206.55142865862166,234.26190403529577
2023-11-02,212.97000122070312,219.1999969482422,211.4499969482422,218.50999450683597,125987600,0.062481720392452145,206.83571297781808,232.23095121837798
2023-11-03,221.1499938964844,226.3699951171875,218.3999938964844,219.9600067138672,119534800,0.006635907937775576,207.91285705566406,230.32190450032553
2023-11-06,223.97999572753903,226.32000732421875,215.0,219.2700042724609,117335800,-0.0031369449915678027,209.84285845075334,228.35714285714286
2023-11-07,219.97999572753903,223.1199951171875,215.72000122070312,222.17999267578125,116900100,0.013271256198382986,211.96857125418526,226.5719037737165
2023-11-08,223.1499938964844,224.1499938964844,217.63999938964844,222.1100006103516,106584800,-0.0003150241594066516,215.50428553989954,224.59523736862909
2023-11-09,219.75,220.8000030517578,206.67999267578125,209.97999572753903,142110500,-0.05461260118625755,216.80999973842077,222.07095191592262
2023-11-10,210.02999877929688,215.3800048828125,205.69000244140625,214.6499938964844,130994000,0.022240205086035747,218.0942840576172,219.96523757207962
2023-11-13,215.6000061035156,225.3999938964844,211.6100006103516,223.7100067138672,140447600,0.04220830689495392,218.83714294433594,218.66000002906435
2023-11-14,235.02999877929688,238.13999938964844,230.72000122070312,237.41000366210935,149771600,0.06123998273248876,221.32999965122767,217.87380981445312
2023-11-15,239.2899932861328,246.6999969482422,236.4499969482422,242.83999633789065,150354000,0.02287179390936478,224.69714137486048,217.3019045875186
2023-11-16,239.4900054931641,240.8800048828125,230.9600067138672,233.58999633789065,136816800,-0.038090924639652135,226.32714189801897,216.86904761904762
2023-11-17,232.0,237.38999938964844,226.5399932861328,234.3000030517578,142532800,0.0030395424675639937,228.06857081821985,217.54476202101935
2023-11-20,234.0399932861328,237.1000061035156,231.0200042724609,235.6000061035156,116320100,0.005548455120893081,231.72857230050224,218.66904776436942
2023-11-21,235.0399932861328,243.6199951171875,233.33999633789065,241.1999969482422,122288000,0.02376906069461704,235.52142987932478,220.0557141985212
2023-11-22,242.0399932861328,244.00999450683597,231.3999938964844,234.2100067138672,117950600,-0.028980059381488954,237.02142987932478,220.8980952671596
2023-11-24,233.75,238.75,232.3300018310547,235.4499969482422,65125200,0.00529435207219775,236.7414289202009,221.99476187569755
2023-11-27,236.88999938964844,238.3300018310547,232.1000061035156,236.0800018310547,112031800,0.0026757481035388775,235.77571541922433,223.4385717482794
2023-11-28,236.67999267578125,247.0,234.00999450683597,246.72000122070312,148549900,0.04506946504203557,237.65143040248327,225.31571451822916
2023-11-29,249.2100067138672,252.75,242.75999450683597,244.13999938964844,135401300,-0.010457205813430348,239.05714416503906,227.5433335077195
2023-11-30,245.13999938964844,245.22000122070312,236.91000366210935,240.0800018310547,132353200,-0.016629792613843564,239.6971435546875,229.41190519787017
2023-12-01,233.13999938964844,240.19000244140625,231.8999938964844,238.8300018310547,121331700,-0.005206597761023168,239.35857282366072,230.9914289202009
2023-12-04,235.75,239.3699951171875,233.2899932861328,235.5800018310547,104099800,-0.01360800559009756,239.55428641183036,231.80428641183036
2023-12-05,233.8699951171875,246.66000366210935,233.6999969482422,238.72000122070312,137971100,0.013328802806870987,240.02142987932478,232.69761948358445
2023-12-06,242.9199981689453,246.57000732421875,239.1699981689453,239.3699951171875,126436200,0.002722829646282676,240.4914289202009,233.6547619047619
2023-12-07,241.5500030517578,244.0800018310547,236.97999572753903,242.63999938964844,107142300,0.01366087788429815,239.90857151576452,234.62904793875558
2023-12-08,240.2700042724609,245.2700042724609,239.2700042724609,243.83999633789065,103126800,0.0049455858525417895,239.86571393694197,235.66380964006697
2023-12-11,242.7400054931641,243.44000244140625,237.4499969482422,239.7400054931641,97913900,-0.01681426716823431,239.817143031529,237.0809529622396
2023-12-12,238.5500030517578,238.9900054931641,233.8699951171875,237.00999450683597,95328300,-0.011387381846063915,239.55714198521204,238.14571489606584
2023-12-13,234.19000244140625,240.3000030517578,228.1999969482422,239.2899932861328,146286300,0.009619842336358042,240.08714076450892,238.8876190185547
2023-12-14,241.22000122070312,253.8800048828125,240.7899932861328,251.0500030517578,160829200,0.04914543063053567,241.84856959751673,239.53714279901413
2023-12-15,251.2100067138672,254.1300048828125,248.3000030517578,253.5,135932800,0.009758999874367902,243.8671417236328,240.04476202101935
2023-12-18,253.77999877929688,258.739990234375,251.3600006103516,252.0800018310547,116416500,-0.005601570686174839,245.21571350097656,240.92523847307478
2023-12-19,253.47999572753903,258.3399963378906,253.00999450683597,257.2200012207031,106737400,0.0203903496997484,247.12714276994978,242.01666695731026
2023-12-20,256.4100036621094,259.8399963378906,247.0,247.13999938964844,125097000,-0.03918825045959673,248.18428475516183,242.5661904471261
2023-12-21,251.8999938964844,254.8000030517578,248.5500030517578,254.5,109594200,0.029780693649462897,250.682856968471,243.19952392578125
2023-12-22,256.760009765625,258.2200012207031,251.3699951171875,252.5399932861328,93370100,-0.007701401626197146,252.57571411132812,244.07238042922248
2023-12-26,254.4900054931641,257.9700012207031,252.91000366210935,256.6099853515625,86892400,0.01611622781987765,253.36999729701452,245.07999892461868
2023-12-27,258.3500061035156,263.3399963378906,257.5199890136719,261.44000244140625,106494400,0.018822405072142834,254.50428336007255,246.2876180013021
2023-12-28,263.6600036621094,265.1300048828125,252.7100067138672,253.17999267578125,113619900,-0.03159428430420175,254.6614249093192,246.5952366420201
2023-12-29,255.1000061035156,255.19000244140625,247.42999267578125,248.47999572753903,100891600,-0.018563856087400077,253.41285269601005,246.8019031343006
2024-01-02,250.0800018310547,251.25,244.41000366210935,248.4199981689453,104654200,-0.00024145830499577858,253.59570966448103,247.19904581705728
2024-01-03,244.97999572753903,245.67999267578125,236.32000732421875,238.4499969482422,121082600,-0.04013364984377277,251.3028520856585,247.18095034644716
2024-01-04,239.25,242.6999969482422,237.72999572753903,237.92999267578125,102629300,-0.0021807686270334248,249.21570914132255,247.29285467238654
2024-01-05,236.8600006103516,240.1199951171875,234.8999938964844,237.4900054931641,92488900,-0.0018492295892124089,246.48428344726562,247.23428344726562
2024-01-08,236.13999938964844,241.25,235.3000030517578,240.4499969482422,85166600,0.012463646412957274,243.48571123395647,247.28571210588728
2024-01-09,238.1100006103516,238.9600067138672,232.0399932861328,234.9600067138672,96705700,-0.02283214932024613,240.88285609654017,246.9199981689453
2024-01-10,235.1000061035156,235.5,231.2899932861328,233.94000244140625,91628500,-0.004341182513256769,238.8057141985212,246.44856988816034
2024-01-11,230.57000732421875,230.92999267578125,225.3699951171875,227.22000122070312,105873600,-0.028725319101363445,235.77714320591517,245.85237920851935
2024-01-12,220.0800018310547,225.33999633789065,217.1499938964844,218.88999938964844,123043800,-0.036660513098772496,232.98285784040178,244.9895222981771
2024-01-16,215.1000061035156,223.4900054931641,212.17999267578125,219.91000366210935,115355000,0.004659894354722027,230.4085736955915,244.06666564941406
2024-01-17,214.8600006103516,215.6699981689453,212.00999450683597,215.5500030517578,103164400,-0.019826295019532925,227.2742876325335,242.37618945893786
2024-01-18,216.8800048828125,217.4499969482422,208.7400054931641,211.8800048828125,108595400,-0.017026203279914,223.19286019461495,240.39428492954798
2024-01-19,209.9900054931641,213.19000244140625,207.55999755859372,212.19000244140625,102260300,0.0014630807600990448,219.94000244140625,238.49476114908853
2024-01-22,212.25999450683597,217.8000030517578,206.2700042724609,208.8000030517578,117952500,-0.015976244642273096,216.34857395717077,236.18904695056733
2024-01-23,211.3000030517578,215.6499938964844,207.75,209.13999938964844,106605900,0.0016283349277841364,213.76571655273438,234.37952314104353
2024-01-24,211.8800048828125,212.72999572753903,206.7700042724609,207.8300018310547,123369900,-0.006263735117226887,212.1857169015067,232.15714227585565
2024-01-25,189.6999969482422,193.0,180.05999755859375,182.6300048828125,198076800,-0.12125293136804816,206.86000279017858,228.8280952090309
2024-01-26,185.5,186.77999877929688,182.1000061035156,183.25,107343200,0.0033948152034783963,202.24571663992745,225.3347625732422
2024-01-29,185.6300048828125,191.47999572753903,183.6699981689453,190.92999267578125,125013100,0.04190991910385411,199.2528577532087,221.9771430605934
2024-01-30,195.3300018310547,196.3600006103516,190.6100006103516,191.58999633789065,109982300,0.0034567835721344142,196.30999973842077,219.0442860921224
2024-01-31,187.0,193.97000122070312,185.8500061035156,187.2899932861328,103221400,-0.02244377647032414,193.23714120047433,216.13047645205543
2024-02-01,188.5,189.8800048828125,184.27999877929688,188.8600006103516,91843300,0.008382761388752824,190.33999851771765,213.2942860921224
2024-02-02,185.0399932861328,188.69000244140625,182.0,187.91000366210935,110612700,-0.0050301649114268265,187.4942844935826,210.8876197451637
2024-02-05,184.25999450683597,184.67999267578125,175.00999450683594,181.05999755859372,134294400,-0.03645365318513305,187.2699977329799,208.17952473958334
2024-02-06,177.2100067138672,186.4900054931641,177.11000061035156,185.1000061035156,122676000,0.0223130928940527,187.53428431919642,205.6847628638858
2024-02-07,188.17999267578125,189.7899932861328,182.67999267578125,187.5800018310547,111535200,0.013398139631352501,187.0557141985212,203.1671440487816
2024-02-08,189.0,191.6199951171875,185.5800018310547,189.55999755859372,83034000,0.010555473441792307,186.76571437290735,201.00523885091147
2024-02-09,190.17999267578125,194.1199951171875,189.47999572753903,193.57000732421875,84476300,0.02115430374167171,187.66285923549108,199.08285813104538
2024-02-12,192.1100006103516,194.72999572753903,187.27999877929688,188.1300048828125,95498600,-0.028103539988478476,187.55857413155692,197.22142973400298
2024-02-13,183.9900054931641,187.25999450683597,182.1100006103516,184.0200042724609,86759500,-0.021846598116614824,187.00285993303572,195.56095377604166
2024-02-14,185.3000030517578,188.88999938964844,183.3500061035156,188.7100067138672,81203000,0.025486372853585237,188.09571838378906,194.07523963564918
2024-02-15,189.16000366210935,200.8800048828125,188.8600006103516,200.4499969482422,120831800,0.06221180550417671,190.28857421875,193.35619172595796
2024-02-16,202.05999755859372,203.1699981689453,197.3999938964844,199.9499969482422,111346700,-0.0024943876658132247,192.05571637834822,192.78809611002603
2024-02-20,196.1300048828125,198.6000061035156,189.1300048828125,193.75999450683597,104545800,-0.03095775211743823,192.6557159423828,191.9104766845703
2024-02-21,193.3600006103516,199.44000244140625,191.9499969482422,194.7700042724609,103500300,0.005212684735028228,192.827144077846,191.2423815046038
2024-02-22,194.0,198.32000732421875,191.3600006103516,197.41000366210935,92739500,0.013554445406056326,194.1528581891741,190.68381027948288
2024-02-23,195.30999755859372,197.57000732421875,191.5,191.97000122070312,78841900,-0.027556873210526023,195.28857203892298,189.92857215518043
2024-02-26,192.2899932861328,201.77999877929688,192.0,199.3999938964844,111747100,0.03870392576202164,196.81571306501115,190.7271430605934
2024-02-27,204.0399932861328,205.6000061035156,198.25999450683597,199.72999572753903,108645400,0.001654974128163511,196.71285574776786,191.51190476190476
2024-02-28,200.4199981689453,205.3000030517578,198.44000244140625,202.0399932861328,99806200,0.01156560160219966,197.0114266531808,192.04095241001673
2024-02-29,204.17999267578125,205.27999877929688,198.4499969482422,201.8800048828125,85907000,-0.0007918650199801869,198.17142813546317,192.5309528169178
2024-03-01,200.5200042724609,204.5200042724609,198.5,202.63999938964844,82243100,0.003764585340074067,199.29571315220423,193.26190548851378
2024-03-04,198.72999572753903,199.75,186.72000122070312,188.13999938964844,134334900,-0.07155546804023882,197.97142682756697,193.22761971609933
2024-03-05,183.0500030517578,184.58999633789065,177.57000732421875,180.7400054931641,119660800,-0.03933237971984116,196.3671417236328,192.88619123186385
2024-03-06,179.99000549316406,181.5800018310547,173.6999969482422,176.5399932861328,107920900,-0.02323786698783814,193.10142735072546,192.67095293317522
2024-03-07,174.35000610351562,180.0399932861328,173.6999969482422,178.64999389648438,102129000,0.011951969472048907,190.08999851771765,192.36380949474517
2024-03-08,181.5,182.72999572753903,174.6999969482422,175.33999633789062,85544600,-0.018527834714126334,186.27571323939733,191.78095209030877
2024-03-11,175.4499969482422,182.8699951171875,174.8000030517578,177.77000427246094,85391500,0.013858834181150304,182.83142743791853,191.21952383858817
2024-03-12,177.77000427246094,179.42999267578125,172.41000366210938,177.5399932861328,87391700,-0.0012938683737420131,179.24571228027344,190.45618983677454
2024-03-13,173.0500030517578,176.0500030517578,169.14999389648438,169.47999572753906,106524500,-0.04539820808488959,176.57999747140067,189.56809416271392
2024-03-14,167.77000427246094,171.1699981689453,160.50999450683594,162.5,126325700,-0.04118477639544138,173.97428240094865,188.5433320545015
2024-03-15,163.16000366210938,165.17999267578125,160.75999450683594,163.57000732421875,97146800,0.006584660456730784,172.12142726353235,187.34618922642298
2024-03-18,170.02000427246094,174.72000122070312,165.89999389648438,173.8000030517578,108214400,0.06254200201423088,171.42857142857142,186.07714189801897
2024-03-19,172.36000061035156,172.82000732421875,167.4199981689453,171.32000732421875,77271400,-0.014269250195585559,170.85428728376115,184.71380905877976
2024-03-20,173.0,176.25,170.82000732421875,175.66000366210938,83846700,0.025332688257929448,170.55285862513952,183.8519047328404
2024-03-21,176.38999938964844,178.17999267578125,171.8000030517578,172.82000732421875,73178000,-0.016167575308454918,169.87857491629464,182.8066667829241
2024-03-22,166.69000244140625,171.1999969482422,166.3000030517578,170.8300018310547,75580600,-0.01151490226146512,170.0714329310826,181.54095241001673
2024-03-25,168.75999450683594,175.24000549316406,168.72999572753906,172.6300048828125,74228600,0.010536808713131895,171.5185764857701,180.62000020345053
2024-03-26,178.5800018310547,184.25,177.3800048828125,177.6699981689453,113186200,0.029195349264770964,173.5328608921596,179.58523850213913
2024-03-27,181.41000366210935,181.91000366210935,176.0,179.8300018310547,81804000,0.012157391142962881,174.39428928920202,178.6376197451637
2024-03-28,177.4499969482422,179.57000732421875,175.3000030517578,175.7899932861328,77654800,-0.022465709302040393,175.0328587123326,177.3876197451637
2024-04-01,176.1699981689453,176.75,170.2100067138672,175.22000122070312,81562100,-0.003242460249155976,174.97000122070312,176.11809576125373
2024-04-02,164.75,167.69000244140625,163.42999267578125,166.6300048828125,116650600,-0.049024062767074494,174.0857151576451,174.40333411807106
2024-04-03,164.02000427246094,168.82000732421875,163.27999877929688,168.3800048828125,82950100,0.01050231020055925,173.73571559361048,173.4623819986979
2024-04-04,170.07000732421875,177.19000244140625,168.00999450683594,171.11000061035156,123162000,0.016213301154368365,173.51857212611608,173.0038103376116
2024-04-05,169.0800018310547,170.86000061035156,160.50999450683594,164.89999389648438,143157600,-0.036292482565110196,171.6942858014788,172.44952465239027
2024-04-08,169.33999633789062,174.5,167.7899932861328,172.97999572753906,104423300,0.04899940648952894,170.71571350097656,172.17952473958334
2024-04-09,172.91000366210938,179.22000122070312,171.9199981689453,176.8800048828125,102951700,0.02254601255405486,170.87142944335938,172.25285847981772
2024-04-10,173.0399932861328,174.92999267578125,170.00999450683594,171.75999450683594,84532400,-0.028946236061948905,170.37714276994978,171.96666753859748
2024-04-11,172.5500030517578,175.8800048828125,168.50999450683594,174.60000610351562,94516000,0.01653476762638495,171.51571437290735,171.82666814894904
2024-04-12,172.33999633789062,173.80999755859375,170.36000061035156,171.0500030517578,64722700,-0.020332204625772565,171.8971426827567,171.90143040248327
2024-04-15,170.24000549316406,170.69000244140625,161.3800048828125,161.47999572753906,100245300,-0.05594859487563397,170.52142769949776,171.8528587704613
2024-04-16,156.74000549316406,158.19000244140625,153.75,157.11000061035156,97000000,-0.027062145360474688,169.40857151576452,171.5452394031343
2024-04-17,157.63999938964844,158.3300018310547,153.77999877929688,155.4499969482422,82439700,-0.010565868854054306,166.90428597586495,170.67142958868118
2024-04-18,151.25,152.1999969482422,148.6999969482422,149.92999267578125,96098800,-0.03550983840996058,163.05428423200334,169.6528574625651
2024-04-19,148.97000122070312,150.94000244140625,146.22000122070312,147.0500030517578,87074500,-0.0192088959161848,159.52428545270647,168.29047648111978
2024-04-22,140.55999755859375,144.44000244140625,138.8000030517578,142.0500030517578,107097600,-0.03400203941675628,154.87428501674108,166.82523818243118
2024-04-23,143.3300018310547,147.25999450683594,141.11000061035156,144.67999267578125,124545100,0.018514534090260826,151.10714067731584,165.57999965122767
2024-04-24,162.83999633789062,167.97000122070312,157.50999450683594,162.1300048828125,181178000,0.12061109407252757,151.1999991280692,165.07999965122767
2024-04-25,158.9600067138672,170.8800048828125,158.36000061035156,170.17999267578125,126427500,0.04965143743002587,153.06714085170202,164.72333272298178
2024-04-26,168.85000610351562,172.1199951171875,166.3699951171875,168.2899932861328,109815700,-0.011105884774887609,154.90142604282923,164.17380850655692
2024-04-29,188.4199981689453,198.8699951171875,184.5399932861328,194.0500030517578,243869700,0.1530691710339953,161.20428466796875,165.04333278111048
2024-04-30,186.97999572753903,190.9499969482422,182.83999633789065,183.27999877929688,127031800,-0.05550118063944742,166.37999834333147,165.42714218866257
2024-05-01,182.0,185.8600006103516,179.00999450683594,179.99000549316406,92829700,-0.017950640048260635,171.7999986921038,166.0633326939174
2024-05-02,182.8600006103516,184.6000061035156,176.02000427246094,180.00999450683594,89148000,0.0001110562423569661,176.8471418108259,166.6171417236328
2024-05-03,182.1000061035156,184.77999877929688,178.4199981689453,181.19000244140625,75491500,0.006555235656792835,179.56999860491072,167.0971418108259
2024-05-06,183.8000030517578,187.55999755859372,182.1999969482422,184.75999450683597,84390300,0.01970303006416807,181.6528560093471,168.04285612560454
2024-05-07,182.3999938964844,183.25999450683597,177.39999389648438,177.80999755859375,75045900,-0.03761635178001199,183.01285661969865,168.27285621279762
2024-05-08,171.58999633789062,176.05999755859375,170.14999389648438,174.72000122070312,79969500,-0.017378079862311324,180.25142778669084,168.16999889555433
2024-05-09,175.00999450683594,175.6199951171875,171.3699951171875,171.97000122070312,65950300,-0.01573946875450305,178.6357138497489,168.17999921526228
2024-05-10,173.0500030517578,173.05999755859375,167.75,168.47000122070312,72627200,-0.02035238689978358,176.98999895368303,167.88809422084265
2024-05-13,170.0,175.39999389648438,169.0,171.88999938964844,67018900,0.020300339194899042,175.82999965122767,167.92809404645647
2024-05-14,174.5,179.49000549316406,174.07000732421875,177.5500030517578,86407400,0.03292805679333921,175.30999973842077,168.6933324904669
2024-05-15,179.89999389648438,180.0,173.11000061035156,173.99000549316406,79663000,-0.02005067585133169,173.77142987932478,169.4971422467913
2024-05-16,174.10000610351562,175.7899932861328,171.42999267578125,174.83999633789062,59812200,0.004885285464054867,173.3471439906529,170.42047555106026
2024-05-17,173.5500030517578,179.6300048828125,172.75,177.4600067138672,77445800,0.014985188920464187,173.7385733468192,171.73142860049293
2024-05-20,177.55999755859375,177.75,173.52000427246094,174.9499969482422,61727400,-0.014144086952910362,174.16428702218192,173.05999973842077
2024-05-21,175.50999450683594,186.8800048828125,174.7100067138672,186.6000061035156,115266500,0.0665905079079252,176.75428771972656,175.18142845517113
2024-05-22,182.8500061035156,183.8000030517578,178.1199951171875,180.11000061035156,88313500,-0.03478030697149992,177.92857360839844,176.86857169015067
2024-05-23,181.8000030517578,181.8999938964844,173.25999450683594,173.74000549316406,71975500,-0.03536724832380789,177.38428824288505,177.42142886207216
2024-05-24,174.83999633789062,180.0800018310547,173.72999572753906,179.24000549316406,65584500,0.03165649721483632,178.13428824288505,177.8528580438523
2024-05-28,176.39999389648438,178.25,173.16000366210938,176.75,59736600,-0.01389201861667555,178.40714590890067,178.2557155064174
2024-05-29,174.19000244140625,178.14999389648438,173.92999267578125,176.19000244140625,54782600,-0.0031683030189180172,178.22571672712053,177.40523928687685
2024-05-30,178.5800018310547,182.6699981689453,175.3800048828125,178.7899932861328,77618400,0.014756744473008343,178.7742876325335,177.1914295014881
2024-05-31,178.5,180.32000732421875,173.82000732421875,178.0800018310547,67314600,-0.003971091681523098,177.55714416503906,177.10047694614954
2024-06-03,178.1300048828125,182.63999938964844,174.49000549316406,176.2899932861328,68568900,-0.0100517100545634,177.0114288330078,176.92333403087798
2024-06-04,174.77999877929688,177.75999450683594,174.0,174.77000427246094,60056300,-0.008622094682395387,177.15857151576452,176.61761983235678
2024-06-05,175.35000610351562,176.14999389648438,172.1300048828125,175.0,57953800,0.0013159908560766986,176.5528564453125,176.1528581891741
2024-06-06,174.60000610351562,179.72999572753906,172.72999572753906,177.94000244140625,69887000,0.01680001395089281,176.72285679408483,176.15904889787947
2024-06-07,176.1300048828125,179.35000610351562,175.5800018310547,177.47999572753906,56244900,-0.0025851787543875737,176.90714154924666,176.2904772077288
2024-06-10,176.05999755859375,178.57000732421875,173.1699981689453,173.7899932861328,50774600,-0.020791089307163446,176.19285583496094,176.37714349655877
2024-06-11,173.9199981689453,174.75,167.41000366210938,170.66000366210938,64761900,-0.018010183238054034,175.13285609654017,176.48142932710192
2024-06-12,171.1199951171875,180.5500030517578,169.8000030517578,177.2899932861328,90389400,0.03884911216309472,175.27571323939733,176.7385718936012
2024-06-13,188.38999938964844,191.0800018310547,181.22999572753903,182.47000122070312,118984100,0.029217711832219218,176.37571280343192,176.97285752069382
2024-06-14,185.8000030517578,186.0,176.9199981689453,178.00999450683594,82038200,-0.024442410719736185,176.8057120186942,177.16428556896392
2024-06-17,177.9199981689453,188.80999755859372,177.0,187.44000244140625,109786100,0.052974598199923895,178.16285487583704,177.76428585960753
2024-06-18,186.55999755859372,187.1999969482422,182.3699951171875,184.8600006103516,68982300,-0.013764414198944364,179.2171412876674,178.11666652134485
2024-06-20,184.67999267578125,185.2100067138672,179.66000366210938,181.57000732421875,55893100,-0.017797215597047944,180.32857186453683,178.4319051106771
2024-06-21,182.3000030517578,183.9499969482422,180.69000244140625,183.00999450683597,61937300,0.007930754665036233,182.09285627092635,178.26095217750185
2024-06-24,184.97000122070312,188.8000030517578,182.5500030517578,182.5800018310547,61992100,-0.0023495584322593688,182.84857177734375,178.37857128324964
2024-06-25,184.3999938964844,187.97000122070312,182.00999450683597,187.3500061035156,62905700,0.026125557150967094,183.54571533203125,179.02666655040923
2024-06-26,186.5399932861328,197.75999450683597,186.3600006103516,196.3699951171875,95737100,0.0481451226037759,186.16857256208147,179.8423803420294
2024-06-27,195.1699981689453,198.72000122070312,194.0500030517578,197.4199981689453,72746500,0.0053470646120412635,187.5942862374442,180.82666596912202
2024-06-28,199.5500030517578,203.1999969482422,195.25999450683597,197.8800048828125,95438100,0.002330091774560339,189.45428684779577,181.8595232282366
2024-07-01,201.0200042724609,213.22999572753903,200.8500061035156,209.8600006103516,135691400,0.06054171938510833,193.49571446010046,183.33904738653274
2024-07-02,218.88999938964844,231.3000030517578,218.05999755859372,231.25999450683597,205047900,0.10197271435359356,200.3885716029576,185.87142799014137
2024-07-03,234.55999755859372,248.3500061035156,234.25,246.38999938964844,166561500,0.06542422054051045,209.50428553989954,189.20952351888022
2024-07-05,249.80999755859372,252.3699951171875,242.4600067138672,251.5200042724609,154501200,0.02082067005771493,218.67142813546317,192.86428542364212
2024-07-08,247.7100067138672,259.44000244140625,244.57000732421875,252.94000244140625,157219600,0.005645666924397386,226.7528577532087,196.57571411132812
2024-07-09,251.0,265.6099853515625,250.3000030517578,262.3299865722656,160210900,0.03712336538398886,236.02571323939733,200.5942847842262
2024-07-10,262.79998779296875,267.5899963378906,257.8599853515625,263.260009765625,128519400,0.003545241645880992,245.36571393694197,204.6790473574684
2024-07-11,263.29998779296875,271.0,239.6499938964844,241.02999877929688,221707300,-0.08444127539962887,249.81857081821985,207.88095238095238
2024-07-12,235.8000030517578,251.83999633789065,233.08999633789065,248.22999572753903,155955800,0.029871787680814554,252.24285670689173,211.57476152692522
2024-07-15,255.97000122070312,265.6000061035156,251.72999572753903,252.63999938964844,146912900,0.01776579679334911,253.1357138497489,215.16285705566406
2024-07-16,255.30999755859372,258.6199951171875,245.8000030517578,256.5599975585937,126332500,0.015516142251486453,253.855712890625,218.69095211937315
2024-07-17,252.72999572753903,258.4700012207031,246.17999267578125,248.5,115584800,-0.03141564404151875,253.22142682756697,222.04761904761904
2024-07-18,251.08999633789065,257.1400146484375,247.1999969482422,249.22999572753903,110869000,0.002937608561525362,251.34999956403456,224.98999968029204
2024-07-19,247.7899932861328,249.44000244140625,236.8300018310547,239.1999969482422,87403900,-0.0402439471622098,247.912854875837,227.57761855352493
2024-07-22,244.2100067138672,253.2100067138672,243.75,251.50999450683597,101225400,0.05146320115237035,249.40999712262834,230.90809413364954
2024-07-23,253.6000061035156,255.75999450683597,245.6300048828125,246.3800048828125,111928200,-0.020396762498772314,249.14571271623885,233.92571367536272
2024-07-24,225.4199981689453,225.9900054931641,214.7100067138672,215.9900054931641,167942900,-0.12334604589403686,243.90999930245536,235.51666623070128
2024-07-25,216.8000030517578,226.0,216.22999572753903,220.25,100636500,0.01972310939623889,238.72285679408483,237.08333260672433
2024-07-26,221.19000244140625,222.27999877929688,215.3300018310547,219.8000030517578,94604100,-0.0020431189477511102,234.62285723005022,238.1990472702753
2024-07-29,224.8999938964844,234.2700042724609,224.6999969482422,232.1000061035156,129201800,0.055959976710561854,232.17571585518974,239.85047621954055
2024-07-30,232.25,232.41000366210935,220.0,222.6199951171875,100560300,-0.04084450985365362,229.80714416503906,241.02857099260603
2024-07-31,227.8999938964844,234.67999267578125,226.7899932861328,232.07000732421875,67497000,0.04244907202543402,227.0300031389509,242.08619035993303
2024-08-01,227.69000244140625,231.8699951171875,214.3300018310547,216.8600006103516,83861900,-0.06554059651757438,222.8128596714565,241.40047636486236
2024-08-02,214.8800048828125,216.1300048828125,205.77999877929688,207.6699981689453,82880100,-0.04237758192170549,221.62428719656808,239.5566667829241
2024-08-05,185.22000122070312,203.8800048828125,182.0,198.8800048828125,100308800,-0.04232673647438423,218.57143075125558,237.0500001453218
2024-08-06,200.75,202.8999938964844,192.6699981689453,200.63999938964844,73783900,0.008849529684359148,215.83428737095423,234.5595238095238
2024-08-07,200.7700042724609,203.4900054931641,191.47999572753903,191.75999450683597,71159800,-0.044258397676563255,210.07142857142858,231.1990479968843
2024-08-08,195.6999969482422,200.6999969482422,192.0399932861328,198.83999633789065,65033900,0.036921162045623124,206.67428588867188,228.13142830984933
2024-08-09,197.0500030517578,200.8800048828125,195.1100006103516,200.0,58648300,0.005833854775063152,202.09285627092635,226.17761884416853
2024-08-12,199.0200042724609,199.25999450683597,194.6699981689453,197.4900054931641,64044900,-0.012549972534179554,199.32571411132812,223.7614288330078
2024-08-13,198.47000122070312,208.4900054931641,197.05999755859372,207.8300018310547,76247400,0.052357061371637315,199.34857177734375,221.62761942545572
2024-08-14,207.38999938964844,208.44000244140625,198.75,201.3800048828125,70250000,-0.0310349655555765,199.7057146344866,219.00000072660902
2024-08-15,205.0200042724609,215.8800048828125,204.82000732421875,214.13999938964844,89848500,0.06336276788880446,201.63428606305803,217.36381022135416
2024-08-16,211.1499938964844,219.8000030517578,210.8000030517578,216.1199951171875,88765100,0.009246267550119258,205.1142861502511,215.78714352562315
2024-08-19,217.07000732421875,222.97999572753903,214.08999633789065,222.72000122070312,76435200,0.030538618603692225,208.52571541922433,215.00238182431175
2024-08-20,224.8800048828125,228.22000122070312,219.55999755859372,221.1000061035156,74001200,-0.007273684933138069,211.54000200544084,213.55428713843935
2024-08-21,222.6699981689453,224.66000366210935,218.8600006103516,223.2700042724609,70146000,0.009814554993405888,215.22285897391183,212.4538109188988
2024-08-22,223.82000732421875,224.8000030517578,210.32000732421875,210.66000366210935,79514500,-0.056478704568676985,215.62714494977678,212.2000013078962
2024-08-23,214.4600067138672,221.47999572753903,214.2100067138672,220.32000732421875,81525200,0.0458558981020607,218.3328595842634,212.20333499000185
2024-08-26,218.75,219.08999633789065,211.00999450683597,213.2100067138672,59301200,-0.0322712435275504,218.20000348772322,211.88952564057848
2024-08-27,213.25,215.66000366210935,206.94000244140625,209.2100067138672,62821400,-0.018760845523390857,217.2128622872489,210.79952566964286
2024-08-28,209.72000122070312,211.83999633789065,202.58999633789065,205.75,64116400,-0.01653843794670573,214.78857639857702,209.9961925688244
2024-08-29,209.8000030517578,214.88999938964844,205.97000122070312,206.27999877929688,62308800,0.002575935743848623,212.6714324951172,208.76809692382812
2024-08-30,208.6300048828125,214.57000732421875,207.02999877929688,214.1100006103516,63370600,0.03795812428442069,211.36286054338728,208.63714454287575
2024-09-03,215.25999450683597,219.8999938964844,209.63999938964844,210.6000061035156,76714200,-0.01639341692041585,211.35428946358817,208.77666873023622
2024-09-04,210.58999633789065,222.22000122070312,210.57000732421875,219.41000366210935,80651800,0.04183284569452206,211.2242889404297,209.75428771972656
2024-09-05,223.4900054931641,235.0,222.25,230.1699981689453,119355000,0.04904058305110981,213.6471448625837,211.16047813778832
2024-09-06,232.6000061035156,233.6000061035156,210.50999450683597,210.72999572753903,112177000,-0.08445932396079381,213.86428615025108,212.06381152925036
2024-09-09,216.1999969482422,219.8699951171875,213.6699981689453,216.2700042724609,67443500,0.026289605928169646,215.36714390345978,212.89381190708704
2024-09-10,220.07000732421875,226.3999938964844,218.63999938964844,226.1699981689453,78891100,0.04577608406578748,218.20857238769528,214.14000229608445
2024-09-11,224.5500030517578,228.47000122070312,216.8000030517578,228.1300048828125,83548600,0.008666077418469476,220.21143014090399,215.59904988606772
2024-09-12,224.66000366210935,231.4499969482422,223.8300018310547,229.80999755859372,71894900,0.007364189890953776,222.95571463448658,216.64571634928384
2024-09-13,228.0,232.6699981689453,226.32000732421875,230.2899932861328,59515100,0.0020886633855723424,224.50999886648995,218.02238246372767
2024-09-16,229.3000030517578,229.9600067138672,223.52999877929688,226.77999877929688,54323000,-0.015241628421408637,224.02571323939733,218.62428719656808
2024-09-17,229.4499969482422,234.57000732421875,226.5500030517578,227.8699951171875,66761600,0.004806404196833203,226.47428458077567,219.1838110060919
2024-09-18,230.08999633789065,235.67999267578125,226.8800048828125,227.1999969482422,78010200,-0.0029402649901351108,228.03571210588728,219.3971441359747
2024-09-19,234.0,244.2400054931641,232.1300048828125,243.9199981689453,102694600,0.07359155565707187,230.57142639160156,220.4838104248047
2024-09-20,241.5200042724609,243.9900054931641,235.9199981689453,238.25,99879100,-0.02324531900421767,232.0171399797712,221.1971435546875
2024-09-23,242.6100006103516,250.0,241.9199981689453,250.0,86927200,0.04931794333683115,234.90142604282923,223.07047671363466
2024-09-24,254.0800018310547,257.19000244140625,249.0500030517578,254.2700042724609,88491000,0.017080017089843746,238.32714189801897,224.68714323497954
2024-09-25,252.5399932861328,257.04998779296875,252.27999877929688,257.0199890136719,65034300,0.010815214909361659,242.6471405029297,226.77333286830358
2024-09-26,260.6000061035156,261.75,251.52999877929688,254.22000122070312,67142200,-0.01089404681602335,246.4114270891462,228.91666594005767
2024-09-27,257.3800048828125,260.70001220703125,254.1199951171875,260.4599914550781,70988100,0.024545630573566513,251.16285487583704,231.5219036283947
2024-09-30,259.0400085449219,264.8599853515625,255.7700042724609,261.6300048828125,80705700,0.004492104223754234,253.69285583496094,234.1576182047526
2024-10-01,262.6700134277344,263.9800109863281,248.52999877929688,258.0199890136719,87397600,-0.013798172234708361,256.51713997977123,236.24857003348214
2024-10-02,247.5500030517578,251.16000366210935,241.5,249.0200042724609,93983900,-0.03488095932262858,256.3771405901228,238.07809375581286
2024-10-03,244.47999572753903,249.7899932861328,237.80999755859372,240.66000366210935,80729200,-0.03357160254966751,254.43285478864397,239.08999851771765
2024-10-04,246.69000244140625,250.9600067138672,244.5800018310547,250.0800018310547,86573200,0.03914235030998836,253.4414280482701,240.03809393019904
2024-10-07,249.0,249.8300018310547,240.6999969482422,240.8300018310547,68113300,-0.03698816351676526,251.52857099260603,241.47142755417596
2024-10-08,243.55999755859372,246.2100067138672,240.55999755859372,244.5,56303200,0.015238957526229946,249.24857221330916,242.81571306501115
2024-10-09,243.82000732421875,247.42999267578125,239.50999450683597,241.0500030517578,66289500,-0.014110416966225725,246.3085719517299,243.52428472609748
2024-10-10,241.80999755859372,242.7899932861328,232.33999633789065,238.7700042724609,83087100,-0.009458613360014523,243.55857413155692,244.03095136369978
2024-10-11,220.1300048828125,223.33999633789065,214.3800048828125,217.8000030517578,142628900,-0.08782510719719294,239.09857395717077,243.45904686337425
2024-10-14,220.1300048828125,221.91000366210935,213.7400054931641,219.16000366210935,86291900,0.006244263504570968,236.0271453857422,242.9290473574684
2024-10-15,220.00999450683597,224.25999450683597,217.1199951171875,219.57000732421875,62988800,0.0018707960177877236,231.6685747419085,242.58571443103608
2024-10-16,221.3999938964844,222.82000732421875,218.92999267578125,221.3300018310547,49632800,0.008015641700267029,228.8828604561942,242.27428617931548
2024-10-17,221.58999633789065,222.0800018310547,217.8999938964844,220.88999938964844,50791800,-0.001987992760882462,225.51000322614397,241.97381010509673
2024-10-18,220.7100067138672,222.27999877929688,219.22999572753903,220.6999969482422,49611900,-0.0008601676940163117,222.6028594970703,240.86809576125373
2024-10-21,218.8999938964844,220.47999572753903,215.72999572753903,218.8500061035156,47329000,-0.008382378207102748,219.75714547293524,239.94428652808776
2024-10-22,217.30999755859372,218.22000122070312,215.25999450683597,217.97000122070312,43268700,-0.004021041161845984,219.7814309256417,238.41904849097838
2024-10-23,217.1300048828125,218.72000122070312,212.1100006103516,213.6499938964844,80938900,-0.019819274670942244,218.9942866734096,236.48476228259858
2024-10-24,244.67999267578125,262.1199951171875,242.6499938964844,260.4800109863281,204491900,0.21919035070290405,224.8385729108538,236.64952523367745
2024-10-25,256.010009765625,269.489990234375,255.32000732421875,269.19000244140625,161611900,0.03343823359841336,231.67571585518974,237.36238243466332
2024-10-28,270.0,273.5400085449219,262.239990234375,262.510009765625,107653600,-0.024815158866218545,237.6214316231864,237.46000235421317
2024-10-29,264.510009765625,264.9800109863281,255.50999450683597,259.5199890136719,80521800,-0.01139012091242797,243.16714477539062,237.3595254080636
2024-10-30,258.0400085449219,263.3500061035156,255.82000732421875,257.54998779296875,53993600,-0.007590942139718337,248.69571358816964,237.33714439755394
2024-10-31,257.989990234375,259.75,249.25,249.8500061035156,66575300,-0.029897037679701866,253.25,237.3766682942708
2024-11-01,252.0399932861328,254.0,246.6300048828125,248.97999572753903,57544800,-0.003482130697311736,258.2971431187221,237.77285839262458
2024-11-04,244.55999755859372,248.8999938964844,238.8800048828125,242.83999633789065,68802400,-0.024660613282231014,255.77714102608817,237.42809622628343
2024-11-05,247.33999633789065,255.27999877929688,246.2100067138672,251.44000244140625,69282500,0.03541429020427689,253.2414267403739,237.93333435058588
2024-11-06,284.6700134277344,289.5899963378906,275.6199951171875,288.5299987792969,165228700,0.14751032444224466,256.95856802804127,240.0300009591239
2024-11-07,288.8900146484375,299.75,285.5199890136719,296.9100036621094,117309200,0.02904379065700735,262.29999869210377,242.69000098818825
2024-11-08,299.1400146484375,328.7099914550781,297.6600036621094,321.2200012207031,204782800,0.08187665372925301,271.39571489606584,246.61619131905692
2024-11-11,346.29998779296875,358.6400146484375,336.0,350.0,210521600,0.08959591143118995,285.7028568812779,252.91142926897322
2024-11-12,342.739990234375,345.8399963378906,323.3099975585937,328.489990234375,155726000,-0.06145717075892854,297.0614275251116,258.1176191057478
2024-11-13,335.8500061035156,344.6000061035156,322.5,330.239990234375,125405600,0.005327407385385952,309.5471409388951,263.38761829194567
2024-11-14,327.69000244140625,329.9800109863281,310.3699951171875,311.17999267578125,120726100,-0.05771559508909463,318.08142525809154,267.6661892845517
2024-11-15,310.57000732421875,324.67999267578125,309.2200012207031,320.7200012207031,114440300,0.030657525449785616,322.6799970354353,272.41999889555433
2024-11-18,340.7300109863281,348.54998779296875,330.010009765625,338.739990234375,126085600,0.056186046847983784,328.6557094029018,278.0409509567987
2024-11-19,335.760009765625,347.3800048828125,332.75,346.0,88852500,0.021432396454288627,332.1957092285156,284.09571257091704
2024-11-20,345.0,346.6000061035156,334.29998779296875,342.0299987792969,66340700,-0.011473991967350106,331.057137625558,290.0033315022786
2024-11-21,343.8099975585937,347.989990234375,335.2799987792969,339.6400146484375,58011700,-0.006987644766217049,332.6499982561384,296.0028562999907
2024-11-22,341.0899963378906,361.5299987792969,337.70001220703125,352.5599975585937,89140700,0.038040225983177356,335.8385707310268,300.38761756533665
2024-11-25,360.1400146484375,361.9299926757813,338.20001220703125,338.5899963378906,95890900,-0.03962446482142756,339.75428553989957,303.692379179455
2024-11-26,341.0,346.9599914550781,335.6600036621094,338.2300109863281,62295900,-0.001063189566898104,342.2557155064174,307.298093523298
2024-11-27,341.79998779296875,342.54998779296875,326.5899963378906,332.8900146484375,57896400,-0.015788061864523528,341.42000470842635,310.79190426781065
2024-11-29,336.0799865722656,345.45001220703125,334.6499938964844,345.1600036621094,37167600,0.03685898787510977,341.3000052315848,314.9638097853888
2024-12-02,352.3800048828125,360.0,351.1499938964844,357.0899963378906,77986500,0.034563659025395044,343.45143345424106,320.07047598702565
2024-12-03,351.79998779296875,355.69000244140625,348.20001220703125,351.4200134277344,58267200,-0.01587830229999254,345.13429042271207,324.94857206798736
2024-12-04,353.0,358.1000061035156,348.6000061035156,357.92999267578125,50810900,0.018524782309774723,345.9014325823103,330.4290480840774
2024-12-05,359.8699951171875,375.4299926757813,359.5,369.489990234375,81403600,0.03229681165351517,350.3157174246652,336.05047607421875
2024-12-06,377.4200134277344,389.489990234375,370.7999877929688,389.2200012207031,81455800,0.053397958017247005,357.6000017438616,340.8452380952381
2024-12-09,397.6099853515625,404.7999877929688,378.010009765625,389.7900085449219,96359200,0.0014644862094215227,365.7285723005022,345.2680954706101
2024-12-10,392.6799926757813,409.7300109863281,390.8500061035156,400.989990234375,97563600,0.02873337295448497,373.70428466796875,349.0666663760231
2024-12-11,409.7000122070313,424.8800048828125,402.3800048828125,424.7699890136719,104287600,0.05930322291934931,383.3728550502232,352.62714204334077
2024-12-12,424.8399963378906,429.2999877929688,415.0,418.1000061035156,87752200,-0.015702575706076027,392.8985682896205,356.89428565615697
2024-12-13,420.0,436.2999877929688,415.7099914550781,436.2300109863281,89000200,0.04336284290396253,404.0842851911272,361.9414295014881
2024-12-16,441.0899963378906,463.1900024414063,436.1499938964844,463.0199890136719,114083800,0.06141250567967771,417.44571358816967,369.1719055175781
2024-12-17,475.8999938964844,483.989990234375,457.510009765625,479.8599853515625,131223000,0.036369912179738284,430.39428274972096,376.75
2024-12-18,466.5,488.5400085449219,427.010009765625,440.1300048828125,149340800,-0.0827949436951747,437.58571079799106,381.5780959356399
2024-12-19,451.8800048828125,456.3599853515625,420.0199890136719,436.1700134277344,118566100,-0.008997322180141931,442.6114283970424,385.87190609886534
2024-12-20,425.510009765625,447.0799865722656,417.6400146484375,421.05999755859375,132216200,-0.034642491239586515,442.0814296177455,389.63523937406995
2024-12-23,431.0,434.510009765625,415.4100036621094,430.6000061035156,72698100,0.022657123925894362,443.8671439034598,393.96666753859745
2024-12-24,435.8999938964844,462.7799987792969,435.1400146484375,462.2799987792969,59551800,0.07357174228224572,447.5885707310268,399.1914295014881
2024-12-26,465.1600036621094,465.3299865722656,451.0199890136719,454.1300048828125,76366400,-0.017629994630971146,446.3185729980469,404.6933346702939
2024-12-27,449.5199890136719,450.0,426.5,431.6600036621094,82666800,-0.04947922616674816,439.432861328125,409.1423819405692
2024-12-30,419.3999938964844,427.0,415.75,417.4100036621094,64941000,-0.03301209257078741,436.18714686802457,413.1671433221726
2024-12-31,423.7900085449219,427.9299926757813,402.5400085449219,403.8399963378906,76825100,-0.03251001941775111,431.5685729980469,415.961428687686
2025-01-02,390.1000061035156,392.7300109863281,373.0400085449219,379.2799987792969,109710700,-0.06081615932376483,425.6000017438616,417.0180954706101
2025-01-03,381.4800109863281,411.8800048828125,379.4500122070313,410.4400024414063,95423300,0.08215567328200035,422.7200012207031,419.82857113792784
2025-01-06,423.2000122070313,426.4299926757813,401.7000122070313,411.0499877929688,85516500,0.0014861742226248698,415.40142822265625,422.3580947149368
2025-01-07,405.8299865722656,414.3299865722656,390.0,394.3599853515625,75699500,-0.040603340073111616,406.86285400390625,423.5423801967076
2025-01-08,392.9500122070313,402.5,387.3999938964844,394.9400024414063,73038800,0.0014707807875760093,401.6171395438058,423.81476120721726
2025-01-10,391.3999938964844,399.2799987792969,377.2900085449219,394.739990234375,62287300,-0.0005064369418009695,398.3785661969866,424.0504746210007
2025-01-13,383.2099914550781,403.7900085449219,380.0700073242188,403.30999755859375,67580500,0.021710512074366584,398.30285208565846,424.1609511602493
2025-01-14,414.3399963378906,422.6400146484375,394.5400085449219,396.3599853515625,84565000,-0.017232432245921525,400.7428501674107,422.80809384300596
2025-01-15,409.8999938964844,429.7999877929688,405.6600036621094,428.2200012207031,81375500,0.08038151439752794,403.28284999302457,423.2899983723958
2025-01-16,423.489990234375,424.0,409.1300048828125,413.8200073242188,68335200,-0.03362756026209668,403.67856706891746,422.22285534086683
2025-01-17,421.5,439.739990234375,419.75,426.5,94991400,0.030641323404759113,408.26999773297996,420.4838082449777
2025-01-21,432.6400146484375,433.2000122070313,406.30999755859375,424.0700073242188,87320900,-0.0056975209279747085,412.4314270019531,417.827142624628
2025-01-22,416.80999755859375,428.0,414.5899963378906,415.1099853515625,60963300,-0.02112863871036752,415.34142630440846,416.6357131231399
2025-01-23,416.05999755859375,420.7300109863281,408.9500122070313,412.3800048828125,50690600,-0.006576523247056931,416.6371416364397,415.5028555733817
2025-01-24,414.4500122070313,418.8800048828125,405.7799987792969,406.5799865722656,56427100,-0.014064741844588391,418.0971418108259,414.8133312406994
2025-01-27,394.7999877929688,406.6900024414063,389.0,397.1499938964844,58125500,-0.023193450212053546,413.6585693359375,413.22047351655505
2025-01-28,396.9100036621094,400.5899963378906,386.5,398.0899963378906,48910700,0.0023668700890153715,411.4114249093192,410.16380673363096
2025-01-29,395.2099914550781,398.5899963378906,384.4800109863281,389.1000061035156,68033600,-0.02258280870425211,406.06856863839283,407.06714012509303
2025-01-30,410.7799987792969,412.5,384.4100036621094,400.2799987792969,98092900,0.028732954254456988,402.6699959891183,405.5728541782924
2025-01-31,401.5299987792969,419.989990234375,401.3399963378906,404.6000061035156,83283600,0.010792463618949588,401.1685703822545,404.96285429454986
2025-02-03,386.6799926757813,389.1700134277344,374.3599853515625,383.6799926757813,93732100,-0.05170542044525328,397.06856863839283,404.0028541201637
2025-02-04,382.6300048828125,394.0,381.3999938964844,392.2099914550781,57072200,0.02223206563315605,395.01571219308033,404.6185680571057
2025-02-05,387.510009765625,388.3900146484375,375.5299987792969,378.1700134277344,57223300,-0.035797094243459227,392.30428641183033,403.08190191359745
2025-02-06,373.0299987792969,375.3999938964844,363.1799926757813,374.3200073242188,77918200,-0.010180622383618165,388.90857369559154,401.3328552246094
2025-02-07,370.1900024414063,380.5499877929688,360.3399963378906,361.6199951171875,70298300,-0.03392822173149601,384.9828578404018,399.77380807059154
2025-02-10,356.2099914550781,362.7000122070313,350.510009765625,350.7300109863281,77514900,-0.030114441341470455,377.904288155692,397.6685703822545
2025-02-11,345.79998779296875,349.3699951171875,325.1000061035156,328.5,118543400,-0.06338211812502892,367.0328587123326,394.5142851329985
2025-02-12,329.94000244140625,346.3999938964844,329.1199951171875,336.510009765625,105382700,0.0243835913717656,360.2942897251674,391.3333333333333
2025-02-13,345.0,358.69000244140625,342.8500061035156,355.94000244140625,89441500,0.05773971683431944,355.1128627232143,389.4085722423735
2025-02-14,360.6199951171875,362.0,347.5,355.8399963378906,68277300,-0.0002809633725618932,351.922860281808,385.961905343192
2025-02-18,355.010009765625,359.1000061035156,350.0199890136719,354.1099853515625,51631700,-0.004861766535893763,349.0357142857143,383.1185709635417
2025-02-19,354.0,367.3399963378906,353.6700134277344,360.55999755859375,67094400,0.018214714280444966,348.884286063058,379.97857084728423
2025-02-20,361.510009765625,362.2999877929688,348.0,354.3999938964844,45965400,-0.01708454543992588,349.4085693359375,376.6609511602493
2025-02-21,353.44000244140625,354.9800109863281,334.4200134277344,337.79998779296875,74058600,-0.046839747148427646,350.7371390206473,372.9795227050781
2025-02-24,338.1400146484375,342.3999938964844,324.70001220703125,330.5299987792969,76052300,-0.021521578674915554,349.88285173688615,369.0819033668155
2025-02-25,327.0199890136719,328.8900146484375,297.25,302.79998779296875,134228800,-0.0838955952220366,342.29142107282365,364.1399986630394
2025-02-26,303.7099914550781,309.0,288.0400085449219,290.79998779296875,100118300,-0.039630120487999076,332.999991280692,359.0757126581101
2025-02-27,291.1600036621094,297.2300109863281,280.8800048828125,281.95001220703125,101748200,-0.030433204805490277,322.69142368861606,353.5452372233073
2025-02-28,279.5,293.8800048828125,273.6000061035156,292.9800109863281,115697000,0.03912040539724382,313.0371398925781,348.96809459867933
2025-03-03,300.3399963378906,303.94000244140625,277.29998779296875,284.6499938964844,115551400,-0.02843203214376444,303.0728541782924,343.46190388997394
2025-03-04,270.92999267578125,284.3500061035156,261.8399963378906,272.0400085449219,126706600,-0.04429996705409467,293.67857142857144,337.14952305385043
2025-03-05,272.9200134277344,279.54998779296875,267.7099914550781,279.1000061035156,94042900,0.025952056083059283,286.3314296177455,332.16952369326634
2025-03-06,272.0599975585937,272.6499938964844,260.0199890136719,263.45001220703125,98451600,-0.056073068986891905,280.7100045340402,326.03809611002606
2025-03-07,259.32000732421875,266.25,250.72999572753903,262.6700134277344,102369600,-0.0029607088371812473,276.6914367675781,320.53809611002606
2025-03-10,252.5399932861328,253.3699951171875,220.0,222.1499938964844,189076900,-0.1542620682219511,268.14857700892856,313.29190499441967
2025-03-11,225.30999755859372,237.05999755859372,217.0200042724609,230.5800018310547,174896400,0.037947369642955975,259.23428998674666,307.0519053141276
2025-03-12,247.22000122070312,251.83999633789065,241.1000061035156,248.08999633789065,142215700,0.07593891216839133,254.01143319266183,302.1642855689639
2025-03-13,248.1300048828125,248.2899932861328,232.6000061035156,240.67999267578125,114813500,-0.02986820819658209,249.53143092564173,297.98238045828685
2025-03-14,247.30999755859372,251.5800018310547,240.72999572753903,249.97999572753903,100242300,0.038640532386444715,245.37142944335938,293.86190359933033
2025-03-17,245.05999755859372,245.3999938964844,232.8000030517578,238.00999450683597,111900600,-0.04788383640805216,241.73714120047433,288.2461889357794
2025-03-18,228.16000366210935,230.1000061035156,222.27999877929688,225.30999755859372,111477600,-0.05335909096824709,236.3999960763114,282.0304747081938
2025-03-19,231.6100006103516,241.41000366210935,229.1999969482422,235.8600006103516,111993800,0.04682438935722,238.3585684640067,276.39952305385043
2025-03-20,233.3500061035156,238.0,230.0500030517578,236.25999450683597,99028300,0.0016958954271570903,239.1699959891183,270.48047528948103
2025-03-21,234.9900054931641,249.5200042724609,234.5500030517578,248.7100067138672,132728700,0.052696235065183616,239.2585688999721,265.44761875697543
2025-03-24,258.0799865722656,278.6400146484375,256.3299865722656,278.3900146484375,169079900,0.11933580126800525,244.64571489606584,262.61857241675966
2025-03-25,283.6000061035156,288.20001220703125,271.2799987792969,288.1400146484375,150361500,0.03502280788451673,250.0971461704799,260.6000017438616
2025-03-26,282.6600036621094,284.8999938964844,266.510009765625,272.0599975585937,153629800,-0.05580626179068948,254.96143232073103,259.1361926850818
2025-03-27,272.4800109863281,291.8500061035156,271.82000732421875,273.1300048828125,162572100,0.003932982922226103,261.79286193847656,258.29476492745533
2025-03-28,275.5799865722656,276.1000061035156,260.57000732421875,263.54998779296875,123809400,-0.03507493471452938,265.74857439313615,257.4185732886905
2025-03-31,249.30999755859372,260.5599975585937,243.3600006103516,259.1600036621094,134008900,-0.016657121359109794,269.02000427246094,255.80809674944197
2025-04-01,263.79998779296875,277.45001220703125,259.25,268.4599914550781,146486900,0.035885119854736525,271.8414306640625,255.03714425223214
2025-04-02,254.6000061035156,284.989990234375,251.2700042724609,282.760009765625,212787800,0.05326685079977622,272.46571568080356,255.54762050083704
2025-04-03,265.2900085449219,276.29998779296875,261.510009765625,267.2799987792969,136174300,-0.05474611137253549,269.48571341378346,254.9847630092076
2025-04-04,255.3800048828125,261.0,236.0,239.42999267578125,181229400,-0.10419786826814681,264.8242841448103,253.84095255533853
2025-04-07,223.77999877929688,252.0,214.25,233.2899932861328,183453800,-0.025644236634809525,259.13285391671315,252.44190397716704
2025-04-08,245.0,250.44000244140625,217.8000030517578,221.8600006103516,171603500,-0.048994783337158454,253.17714146205358,252.42809477306548
2025-04-09,224.69000244140625,274.69000244140625,223.8800048828125,272.20001220703125,219433400,0.22689989839624514,255.03999982561385,254.41000002906435
2025-04-10,260.0,262.489990234375,239.3300018310547,252.3999938964844,181722600,-0.07274069589492616,252.7457144601005,254.61523800804503
2025-04-11,251.83999633789065,257.739990234375,241.3600006103516,252.30999755859372,128948100,-0.0003565623615965352,248.39571271623885,255.16904776436942
2025-04-14,258.3599853515625,261.79998779296875,245.92999267578125,252.3500061035156,100135200,0.00015856900364230597,246.26285661969865,255.28190540132067
2025-04-15,249.91000366210935,258.75,247.5399932861328,254.1100006103516,79594300,0.006974418324816822,248.36000061035156,256.04857235863096
2025-04-16,247.6100006103516,251.97000122070312,233.88999938964844,241.5500030517578,112378700,-0.049427403598542696,249.54000200544084,256.82190595354353
2025-04-17,243.47000122070312,244.33999633789065,237.67999267578125,241.3699951171875,83404800,-0.0007452201709629014,252.327144077846,257.08428664434524
2025-04-21,230.25999450683597,232.2100067138672,222.7899932861328,227.5,97768000,-0.05746362595919796,245.9414280482701,256.6671440487816
2025-04-22,230.9600067138672,242.7899932861328,229.8500061035156,237.97000122070312,120858500,0.04602198338770602,243.8800005231585,256.1557152157738
2025-04-23,254.8600006103516,259.45001220703125,244.42999267578125,250.7400054931641,150381900,0.05366224400956132,243.6557159423828,254.83904811314173
2025-04-24,250.5,259.5400085449219,249.1999969482422,259.510009765625,94464200,0.0349764859229853,244.67857360839844,253.47571454729353
2025-04-25,261.69000244140625,286.8500061035156,259.6300048828125,284.95001220703125,167560700,0.09803091011549903,249.08428955078125,254.0895247686477
2025-04-28,288.9800109863281,294.8599853515625,272.4200134277344,285.8800048828125,151731800,0.0032637046356942534,255.41714695521765,254.69666762579055
2025-04-29,285.5,293.32000732421875,279.4700012207031,292.0299987792969,108906600,0.021512501019458785,262.65429033551897,256.0528586251395
2025-04-30,279.8999938964844,284.45001220703125,270.7799987792969,282.1600036621094,128961100,-0.03379788089732105,270.46286228724887,257.1480967203776
2025-05-01,280.010009765625,290.8699951171875,279.8099975585937,280.5199890136719,99659000,-0.005812356915055328,276.54143197195873,257.7223823184059
2025-05-02,284.8999938964844,294.7799987792969,279.8099975585937,287.2099914550781,114454700,0.023848576584252656,281.75142996651783,257.93428620837983
2025-05-05,284.57000732421875,284.8500061035156,274.3999938964844,280.260009765625,94618900,-0.024198258752220814,284.71571568080356,258.55238196963353
2025-05-06,273.1099853515625,277.7300109863281,271.3500061035156,275.3500061035156,76715800,-0.017519458684867262,283.3442862374442,260.26285879952565
2025-05-07,276.8800048828125,277.9200134277344,271.0,276.2200012207031,71592600,0.003159597232260225,281.9642857142857,262.3071448916481
2025-05-08,279.6300048828125,289.79998779296875,279.4100036621094,284.82000732421875,97539400,0.031134624811778533,280.93428693498885,265.3052404494513
2025-05-09,290.2099914550781,307.0400085449219,290.0,298.260009765625,132387800,0.04718770485146129,283.23428780691967,266.54619271414623
2025-05-12,321.989990234375,322.2099914550781,311.5,318.3800048828125,112826700,0.06745790403815088,288.64286150251115,269.68809799920945
2025-05-13,320.0,337.5899963378906,316.79998779296875,334.07000732421875,136992600,0.049280740626853614,295.337149483817,273.5814317975725
2025-05-14,342.5,350.0,337.0,347.67999267578125,136997300,0.04073991993646375,304.9685756138393,278.1209549676804
2025-05-15,340.3399963378906,346.1400146484375,334.7200012207031,342.82000732421875,97882600,-0.013978329078298546,314.6071472167969,282.3452410016741
2025-05-16,346.239990234375,351.6199951171875,342.3299865722656,349.9800109863281,95895700,0.0208856061756566,325.14429146902904,287.5085747128441
2025-05-19,336.29998779296875,343.0,333.3699951171875,342.0899963378906,88869900,-0.022544186527114873,333.32571847098217,292.30476524716335
2025-05-20,347.8699951171875,354.989990234375,341.6300048828125,343.82000732421875,131715500,0.005057180873010214,339.83428955078125,297.84381321498324
2025-05-21,344.42999267578125,347.3500061035156,332.20001220703125,334.6199951171875,102354800,-0.026758222357769146,342.154288155692,302.4461938767206
2025-05-22,331.8999938964844,347.2699890136719,331.3900146484375,341.0400085449219,97113400,0.019185982671137136,343.1500026157924,306.7461940220424
2025-05-23,337.9200134277344,343.17999267578125,333.2099914550781,339.3399963378906,84654800,-0.004984788190348977,341.9585745675223,310.54762195405505
2025-05-27,347.3500061035156,363.7900085449219,347.32000732421875,362.8900146484375,120146400,0.06939947711644767,344.82571847098217,314.25905064174106
2025-05-28,364.8399963378906,365.0,355.9100036621094,356.8999938964844,91404300,-0.016506435862546853,345.8142874581473,317.64095488048736
2025-05-29,365.2900085449219,367.7099914550781,356.0,358.42999267578125,88087800,0.004286911755287504,348.14857264927457,320.8028593517485
2025-05-30,355.5199890136719,363.6799926757813,345.2900085449219,346.4599914550781,123474900,-0.03339564619395741,348.5257132393973,323.86476353236606
2025-06-02,343.5,348.0199890136719,333.3299865722656,342.69000244140625,81873800,-0.01088145559849063,349.67857142857144,326.82524036225817
2025-06-03,346.6000061035156,355.3999938964844,343.0400085449219,344.2699890136719,99324500,0.004610541775392996,350.13999720982144,329.5423831031436
2025-06-04,345.1000061035156,345.6000061035156,327.3299865722656,332.04998779296875,98912100,-0.03549540073392177,349.0985674176897,332.0085725330171
2025-06-05,322.489990234375,324.54998779296875,273.2099914550781,284.70001220703125,287499800,-0.14259893789082123,337.9285670689174,332.4538109188988
2025-06-06,298.8299865722656,305.5,291.1400146484375,295.1400146484375,164747700,0.036670186138995975,329.105712890625,333.3547639392671
2025-06-09,285.9599914550781,309.8299865722656,281.8500061035156,308.5799865722656,140908900,0.04553761352840424,321.9842834472656,334.48619152250745
2025-06-10,314.94000244140625,327.8299865722656,310.6700134277344,326.0899963378906,151256500,0.05674382827003055,319.0742841448103,335.8114289783296
2025-06-11,334.3999938964844,335.5,322.5,326.42999267578125,122611400,0.0010426457165473302,316.75142560686385,336.1947617303757
2025-06-12,323.0799865722656,332.5599975585937,316.8599853515625,319.1099853515625,105127500,-0.022424432461661592,313.15713936941967,335.48237973167784
2025-06-13,313.9700012207031,332.989990234375,313.29998779296875,325.3099975585937,128964300,0.019429076154419578,312.1942836216518,334.4171418689546
2025-06-16,331.2900085449219,332.04998779296875,326.4100036621094,329.1300048828125,83925900,0.011742668079331775,318.5414254324777,333.7652369907924
2025-06-17,326.0899963378906,327.260009765625,314.739990234375,316.3500061035156,88282700,-0.03882963749794621,321.57142421177457,332.16380818684894
2025-06-18,317.3099975585937,329.32000732421875,315.45001220703125,322.04998779296875,95137700,0.0180179597897272,323.49571010044644,331.2095220656622
2025-06-20,327.95001220703125,332.3599853515625,317.7799987792969,322.1600036621094,108688000,0.0003416111576173275,322.9342825753348,330.17809331984745
2025-06-23,327.5400085449219,357.5400085449219,327.4800109863281,348.67999267578125,190716800,0.0823193093872907,326.11285400390625,330.84761701311385
2025-06-24,356.1700134277344,356.260009765625,340.44000244140625,340.4700012207031,114736200,-0.023545920693855638,329.1642848423549,330.82047380719865
2025-06-25,342.70001220703125,343.0,320.3999938964844,327.54998779296875,119845100,-0.037947582404945,329.4842834472656,330.25904482886904
2025-06-26,324.6099853515625,331.04998779296875,323.6099853515625,325.7799987792969,80440900,-0.0054037218123500486,329.0057111467634,328.49190121605284
2025-06-27,324.510009765625,329.3399963378906,317.5,323.6300048828125,89067000,-0.006599526995335614,330.0457109723772,326.9076160249256
2025-06-30,319.8999938964844,325.5799865722656,316.6000061035156,317.6600036621094,76695100,-0.018446995428822777,329.4185703822545,324.96618797665553
2025-07-01,298.4599914550781,305.8900146484375,293.2099914550781,300.7099914550781,145085700,-0.05335897504131726,326.35428292410717,322.7876165480841
2025-07-02,312.6300048828125,316.8299865722656,303.82000732421875,315.6499938964844,119483700,0.04968242780731846,321.6357116699219,321.499997093564
2025-07-03,317.989990234375,318.45001220703125,312.760009765625,315.3500061035156,58042300,-0.0009503811144286889,318.0471409388951,320.1228550502232
2025-07-07,291.3699951171875,296.1499938964844,288.7699890136719,293.94000244140625,131177900,-0.06789282780315342,313.24571446010043,318.30809384300596
2025-07-08,297.0,304.04998779296875,294.3500061035156,297.8099975585937,103246700,0.013165935514200422,309.25,318.932378859747
2025-07-09,297.54998779296875,300.1499938964844,293.54998779296875,295.8800048828125,75586800,-0.0064806174796112614,305.2857142857143,318.96761648995533
2025-07-10,300.04998779296875,310.4800109863281,300.0,309.8699951171875,104365300,0.0472826483827995,304.17285592215404,319.02904546828495
2025-07-11,307.8900146484375,314.0899963378906,305.6499938964844,313.510009765625,79236400,0.01174690904506881,306.00142996651783,318.42999848865327
2025-07-14,317.7300109863281,322.6000061035156,312.6700134277344,316.8999938964844,78043400,0.010813001260769006,306.1800013950893,317.97618902297245
2025-07-15,319.67999267578125,321.20001220703125,310.5,310.7799987792969,77556300,-0.01931207079538977,305.5271432059152,317.57952299572173
2025-07-16,312.79998779296875,323.5,312.6199951171875,321.6700134277344,97284800,0.03504091219258654,309.4885733468192,317.4061904180618
2025-07-17,323.1499938964844,324.3399963378906,317.0599975585937,319.4100036621094,73922900,-0.007025863995037018,312.5742885044643,316.9433332170759
2025-07-18,321.6600036621094,330.8999938964844,321.4200134277344,329.6499938964844,94255000,0.03205907804067243,317.39857264927457,317.576665969122
2025-07-21,334.3999938964844,338.0,326.8800048828125,328.489990234375,75768800,-0.0035188948387289143,320.0585719517299,317.88333275204616
2025-07-22,329.739990234375,335.4100036621094,321.54998779296875,332.1099853515625,77370400,0.0110201078413521,322.71571132114957,318.35714140392486
2025-07-23,330.8999938964844,336.20001220703125,328.6700134277344,332.5599975585937,92553800,0.0013550095657461902,324.9528547014509,317.58952258882067
2025-07-24,310.0,310.1499938964844,300.4100036621094,305.29998779296875,156966000,-0.08197020076301276,324.1699959891183,315.91476004464283
2025-07-25,308.739990234375,323.6300048828125,308.010009765625,316.0599975585937,148227000,0.0352440556693423,323.36856515066967,315.36761765252976
2025-07-28,318.45001220703125,330.489990234375,315.69000244140625,325.5899963378906,112673800,0.030152499060024818,324.2514212472098,315.3585699172247
2025-07-29,325.54998779296875,326.25,318.25,321.20001220703125,87358900,-0.013483166498468035,323.0442810058594,315.24285598028274
2025-07-30,322.17999267578125,324.45001220703125,311.6199951171875,319.0400085449219,83931900,-0.006724793213012448,321.6942836216518,315.3085704985119
2025-07-31,319.6099853515625,321.3699951171875,306.1000061035156,308.2699890136719,85270900,-0.03375758288237862,318.28856985909596,315.6685703822545
2025-08-01,306.2099914550781,309.3099975585937,297.82000732421875,302.6300048828125,89121400,-0.01829559909125389,314.01285661969865,315.04857090541293
2025-08-04,309.0799865722656,312.1199951171875,303.0,309.260009765625,78683900,0.021907956170373222,314.57857404436385,314.7585710797991
2025-08-05,308.95001220703125,312.45001220703125,305.5,308.7200012207031,57961300,-0.0017461311772288823,313.5300031389509,315.4623805454799
2025-08-06,307.8900146484375,320.4700012207031,306.92999267578125,319.9100036621094,78523600,0.03624644466558724,312.7185756138393,316.5147617885045
2025-08-07,319.7900085449219,322.3999938964844,316.1600036621094,322.2699890136719,66658700,0.007377028928595486,312.8714294433594,317.7714276994978
2025-08-08,321.42999267578125,335.1499938964844,320.9800109863281,329.6499938964844,91200300,0.02290006868278205,314.3871416364397,318.7133324032738
2025-08-11,335.0,346.6400146484375,334.1499938964844,339.0299987792969,105320200,0.02845443669493286,318.7814287458147,319.9285699753534
2025-08-12,345.0,345.260009765625,332.94000244140625,340.8399963378906,80522100,0.005338753399730889,324.239998953683,321.06857009161087
2025-08-13,341.5,348.9800109863281,338.20001220703125,339.3800048828125,67838900,-0.004283509772223915,328.5428553989955,322.43047514415923
2025-08-14,335.760009765625,340.4700012207031,330.3999938964844,335.5799865722656,75000700,-0.011196942235471519,332.3799961635045,323.0928548177083
2025-08-15,337.6600036621094,339.29998779296875,327.0199890136719,330.5599975585937,74319800,-0.0149591430196655,333.9014238630022,323.6238069080171
2025-08-18,329.6199951171875,336.2699890136719,329.5899963378906,335.1600036621094,56956600,0.013915797850586165,335.7428545270647,323.88618832542784
2025-08-19,335.7900085449219,340.54998779296875,327.8500061035156,329.3099975585937,75956000,-0.017454368181154867,335.6942836216518,323.9252362932478
2025-08-20,329.2200012207031,331.3699951171875,314.6000061035156,323.8999938964844,77481800,-0.016428300696053832,333.53285435267856,323.53428431919644
2025-08-21,322.0799865722656,324.8999938964844,318.67999267578125,320.1099853515625,55744400,-0.011701168929731831,330.57142421177457,322.94142659505206
2025-08-22,321.6600036621094,340.25,319.69000244140625,340.010009765625,94016300,0.062166209505171155,330.6614249093192,324.5942847842262
2025-08-25,338.8999938964844,349.5299987792969,335.0299987792969,346.6000061035156,86670000,0.019381771561470362,332.23571341378346,326.04857090541293
2025-08-26,344.92999267578125,351.8999938964844,343.7200012207031,351.6700134277344,76651600,0.01462783391499567,335.25142996651783,327.2904764811198
2025-08-27,351.94000244140625,355.3900146484375,349.1600036621094,349.6000061035156,65519000,-0.0058862207330171445,337.3142874581473,328.64285714285717
2025-08-28,350.9100036621094,353.54998779296875,340.260009765625,345.9800109863281,67903200,-0.010354676927882056,339.69571794782365,329.92571440197173
2025-08-29,347.2300109863281,348.75,331.70001220703125,333.8699951171875,81145700,-0.03500206799409333,341.1200038364955,331.14476231166293
2025-09-02,328.2300109863281,333.3299865722656,325.6000061035156,329.3599853515625,58392000,-0.01350828116207925,342.4414324079241,332.4176185244606
2025-09-03,335.20001220703125,343.3299865722656,328.510009765625,334.0899963378906,88733300,0.014361219324440011,341.59571620396207,333.5999988374256
2025-09-04,336.1499938964844,338.8900146484375,331.4800109863281,338.5299987792969,60711000,0.01328983953448204,340.44285801478793,335.019522530692
2025-09-05,348.0,355.8699951171875,344.67999267578125,350.8399963378906,108989800,0.036363092201525005,340.3242841448103,336.4923793247768
2025-09-08,354.6400146484375,358.44000244140625,344.8399963378906,346.3999938964844,75208300,-0.01265534855703887,339.8671395438058,337.6414271763393
2025-09-09,348.44000244140625,350.7699890136719,343.82000732421875,346.9700012207031,53816000,0.001645517708609212,340.0085667201451,338.4661894298735
2025-09-10,350.54998779296875,356.3299865722656,346.07000732421875,347.7900085449219,72121700,0.0023633378140295314,341.9971400669643,338.88333275204616
2025-09-11,350.1700134277344,368.989990234375,347.6000061035156,368.80999755859375,103756000,0.06043873744853956,347.6328560965402,340.2152375720796
2025-09-12,370.9400024414063,396.6900024414063,370.239990234375,395.9400024414063,168156400,0.0735609258490948,356.4685712541853,342.90857078915553
2025-09-15,423.1300048828125,425.7000122070313,402.4299926757813,410.0400085449219,163823700,0.03561147147692445,366.68428693498885,346.4542861211868
2025-09-16,414.5,423.25,411.4299926757813,421.6199951171875,104285700,0.028241113869250656,376.79571533203125,350.7904764811198
2025-09-17,415.75,428.30999755859375,409.6700134277344,425.8599853515625,106133500,0.01005642588937583,388.1471426827567,355.1095232282366
2025-09-18,428.8699951171875,432.2200012207031,416.55999755859375,416.8500061035156,90454500,-0.021157139806429193,398.13000052315846,359.2780950637091
2025-09-19,421.8200073242188,429.4700012207031,421.7200012207031,426.0700073242188,93131000,0.022118270566640286,409.3128574916295,364.1433337983631
2025-09-22,431.1099853515625,444.9800109863281,429.1300048828125,434.2099914550781,97108800,0.01910480435358397,418.6557137625558,369.57666742234005
2025-09-23,439.8800048828125,440.9700012207031,423.7200012207031,425.8500061035156,83422700,-0.019253323313789705,422.92857142857144,373.66428629557294
2025-09-24,429.8299865722656,444.2099914550781,429.0299987792969,442.7900085449219,93133600,0.03977927016229388,427.60714285714283,378.24476260230654
2025-09-25,435.239990234375,435.3500061035156,419.0799865722656,423.3900146484375,96746400,-0.04381307961359793,427.86000279017856,381.66000075567337
2025-09-26,428.2999877929688,440.4700012207031,421.0199890136719,440.3999938964844,101628200,0.0401756741055197,429.93714686802457,385.98380969819567
2025-09-29,444.3500061035156,450.9800109863281,439.5,443.2099914550781,79491500,0.00638055766924972,433.7028590611049,390.61380876813615
2025-09-30,441.5199890136719,445.0,433.1199951171875,444.7200012207031,74358000,0.0034069849388267404,436.3671439034598,395.8923804873512
2025-10-01,443.7999877929688,462.2900085449219,440.75,459.4599914550781,98122300,0.033144428390707636,439.9742867606027,402.0876188732329
2025-10-02,470.5400085449219,470.75,435.5700073242188,436.0,137009000,-0.051059922281332826,441.4242858886719,406.9404761904762
2025-10-03,443.2900085449219,446.7699890136719,416.5799865722656,429.8299865722656,133188200,-0.014151406944344913,439.5728541782924,411.288094656808
2025-10-06,440.75,453.5499877929688,436.6900024414063,453.25,85324900,0.054486690457546505,443.8385663713728,416.16476149786087
2025-10-07,447.8200073242188,452.6799926757813,432.4500122070313,433.0899963378906,102296100,-0.044478772558432134,442.7942810058594,420.29285685221356
2025-10-08,437.5700073242188,441.3299865722656,425.2300109863281,438.6900024414063,71192100,0.012930352007361146,442.1485682896205,424.6604759579613
2025-10-09,431.80999755859375,436.3500061035156,426.1799926757813,435.5400085449219,69339900,-0.007180455170972766,440.83714076450894,428.83904738653274
2025-10-10,436.5400085449219,443.1300048828125,411.4500122070313,413.489990234375,112107900,-0.05062684914805626,434.2699977329799,430.9666660853795
2025-10-13,423.5299987792969,436.8900146484375,419.7000122070313,435.8999938964844,79552800,0.054197209585187034,434.2557111467634,432.8695228213356
2025-10-14,426.7900085449219,434.2000122070313,417.8599853515625,429.239990234375,72669400,-0.015278742269702716,434.17142595563615,433.7838076636905
2025-10-15,434.8999938964844,440.510009765625,426.3299865722656,435.1499938964844,71558200,0.013768529951932784,431.58571079799106,434.42809331984745
2025-10-16,434.7300109863281,439.3500061035156,421.30999755859375,428.75,77189900,-0.01470755828163206,430.96571132114957,434.56571306501115
2025-10-17,425.5,441.4599914550781,423.6000061035156,439.30999755859375,89331600,0.02462973191508744,431.05428205217635,435.63523646763394
2025-10-20,443.8699951171875,449.7999877929688,440.6099853515625,447.4299926757813,63719000,0.018483519979771268,432.7528512137277,436.65237862723217
2025-10-21,445.760009765625,449.2999877929688,442.0499877929688,442.6000061035156,54412200,-0.010794954856246375,436.9114249093192,437.0519031343006
2025-10-22,443.4500122070313,445.5400085449219,429.0,438.9700012207031,84023500,-0.008201547294971134,437.3499973842076,437.6766648065476
2025-10-23,420.0,449.3999938964844,413.8999938964844,448.9800109863281,126709800,0.022803402824313368,440.1700003487723,437.971426827567
2025-10-24,446.8299865722656,451.6799926757813,430.1700134277344,433.7200012207031,94727800,-0.03398817183887881,439.96571568080356,438.4633309500558
2025-10-27,439.9800109863281,460.1600036621094,438.6900024414063,452.4200134277344,105867500,0.043115401997602554,443.3471461704799,439.0357128324963
2025-10-28,454.7799987792969,467.0,451.6000061035156,460.5499877929688,80185700,0.017969970655449474,446.3814304896764,439.8614269438244
2025-10-29,462.5,465.7000122070313,452.6499938964844,461.510009765625,67983500,0.0020845119924044475,448.39286150251115,440.6609511602493
2025-10-30,451.0499877929688,455.05999755859375,439.6099853515625,440.1000061035156,72447900,-0.04639120107705208,448.0357186453683,439.73904709588913
2025-10-31,446.75,458.0,443.6900024414063,456.55999755859375,83135800,0.03740057084027071,450.548575265067,440.71809459867933
2025-11-03,455.989990234375,474.0700073242188,453.7999877929688,468.3699951171875,84595200,0.02586735066967427,453.3185729980469,442.55333310081846
2025-11-04,454.4599914550781,460.2200012207031,443.6000061035156,444.260009765625,87756600,-0.05147636612701911,454.8242885044643,442.125238327753
2025-11-05,452.0499877929688,466.3299865722656,440.7099914550781,462.0700073242188,85573000,0.040089130615176716,456.2028590611049,443.50523885091144
2025-11-06,461.9599914550781,467.4500122070313,435.0899963378906,445.9100036621094,109622900,-0.03497306340156048,454.11143275669644,443.8490484328497
2025-11-07,437.9200134277344,439.3599853515625,421.8800048828125,429.5199890136719,103471500,-0.03675632866235745,449.5414297921317,443.5623808361235
2025-11-10,439.6000061035156,449.6700134277344,433.3599853515625,445.2300109863281,76515900,0.03657576451501576,450.27428763253346,445.07381039574034
2025-11-11,439.3999938964844,442.489990234375,432.3599853515625,439.6199951171875,60533200,-0.01260026442672324,447.85428728376115,445.2509533110119
2025-11-12,442.1499938964844,442.3299865722656,426.55999755859375,430.6000061035156,58513500,-0.02051769508633805,442.4585745675223,445.31571597144716
2025-11-13,423.1300048828125,424.5,396.3399963378906,401.989990234375,118948000,-0.06644220962287406,436.4200003487723,443.7366681780134
2025-11-14,386.2999877929688,412.1900024414063,382.7799987792969,404.3500061035156,105506700,0.005870832424868633,428.1742858886719,442.5747637067522
2025-11-17,398.739990234375,423.9599914550781,398.739990234375,408.9200134277344,102214300,0.011302107716671506,422.89000156947543,441.12762160528274
2025-11-18,405.3800048828125,408.8999938964844,393.7099914550781,401.25,80688600,-0.018756757252943457,418.8514317103795,438.92857433500745
2025-11-19,406.1799926757813,411.7799987792969,398.5,403.989990234375,72047700,0.006828636098130891,412.96000017438615,437.09000215076264
2025-11-20,414.6300048828125,428.9400024414063,394.739990234375,395.2300109863281,113548800,-0.02168365419886953,406.6185738699777,435.0071454729353
2025-11-21,402.3200073242188,402.7999877929688,383.760009765625,391.0899963378906,100460600,-0.010474950113494086,400.9742867606027,432.25047810872394
2025-11-24,402.1700134277344,421.7200012207031,401.0899963378906,417.7799987792969,96806400,0.0682451678419993,403.2300022670201,431.4914303734189
2025-11-25,414.4200134277344,420.4800109863281,405.9500122070313,419.3999938964844,71915600,0.0038776272725380423,405.38000052315846,429.9190484909784
2025-11-26,423.9500122070313,426.9400024414063,416.8900146484375,426.5799865722656,63463000,0.017119677587676296,407.9028538295201,428.3014293852307
2025-11-28,426.5899963378906,432.9299926757813,426.2000122070313,430.1700134277344,36252900,0.008415835173881447,412.03428431919644,426.80904860723587
2025-12-01,425.3200073242188,433.6600036621094,425.2900085449219,430.1400146484375,57463600,-6.973703038437584e-05,415.77000209263394,426.3347632998512
2025-12-02,430.80999755859375,436.7999877929688,422.1199951171875,429.239990234375,69336600,-0.0020923987153301793,420.6285705566406,425.0338105701265
2025-12-03,432.1000061035156,447.9200134277344,431.1099853515625,446.739990234375,87483000,0.04076973347810542,428.5785696847098,424.0038103376116
2025-12-04,449.9400024414063,454.6300048828125,445.3900146484375,454.5299987792969,71906500,0.017437455153354264,433.8285696847098,424.4928574335007
2025-12-05,453.0299987792969,458.8699951171875,451.6600036621094,455.0,56427500,0.0010340378456106247,438.9142848423549,424.1561904180618
2025-12-08,447.4500122070313,449.75,435.25,439.5799865722656,69165800,-0.033890139401614006,440.7714276994978,423.8547610328311
2025-12-09,437.5400085449219,452.3900146484375,435.7000122070313,445.1700134277344,62367400,0.01271674558948499,442.9142848423549,424.6000002906436
2025-12-10,446.0700073242188,456.8800048828125,443.6099853515625,451.4500122070313,63257500,0.01410696720325344,445.9585702078683,424.8961908249628
2025-12-11,448.9500122070313,449.2699890136719,440.3299865722656,446.8900146484375,55979500,-0.010100780674035303,448.4800022670201,425.2423822312128
2025-12-12,448.0899963378906,463.010009765625,441.6700134277344,458.9599914550781,95656700,0.027008830833098685,450.2257167271205,426.5928577241443
2025-12-15,469.4400024414063,481.7699890136719,467.6600036621094,475.30999755859375,114542200,0.035624033484225714,453.1942879813058,430.08428664434524
2025-12-16,472.2099914550781,491.5,465.8299865722656,489.8800048828125,107608100,0.030653694218629735,458.1771458217076,434.15714372907365
2025-12-17,488.2200012207031,495.2799987792969,466.2000122070313,467.260009765625,106490400,-0.04617456293730249,462.13143484933033,436.93523879278274
2025-12-18,478.1600036621094,490.8599853515625,473.1199951171875,483.3699951171875,95168400,0.034477560704677446,467.5885750906808,440.84571475074404
2025-12-19,488.1199951171875,490.489990234375,474.7200012207031,481.2000122070313,103305400,-0.004489279293453219,471.8385750906808,444.5223824637277
2025-12-22,489.8800048828125,498.8299865722656,485.3299865722656,488.7300109863281,86916100,0.015648376118613028,477.8157174246652,448.97476341610866
2025-12-23,489.3999938964844,491.9700012207031,482.8399963378906,485.55999755859375,58223600,-0.00648622625268469,481.61571829659596,453.4733349028088
2025-12-24,488.4800109863281,490.8999938964844,476.7999877929688,485.3999938964844,41285400,-0.00032952397832164415,483.05714634486606,456.6933346702939
2025-12-26,485.2300109863281,489.0899963378906,473.8200073242188,475.1900024414063,58780700,-0.021034181259704465,480.9585745675223,459.3500017438616
2025-12-29,469.0,469.3999938964844,459.0,459.6400146484375,66263000,-0.032723726747357684,479.8700038364955,460.9242887951079
2025-12-30,461.0899963378906,463.1199951171875,453.8299865722656,454.4299926757813,59238500,-0.01133500523587172,475.7357177734375,462.07952590215774
2025-12-31,456.1000061035156,456.5499877929688,449.2999877929688,449.7200012207031,49078000,-0.010364613980130888,471.2385733468192,463.0119062151228
2026-01-02,457.7999877929688,458.3399963378906,435.2999877929688,438.0700073242188,85535400,-0.02590499391813128,464.00142996651783,463.43238321940106
2026-01-05,447.989990234375,457.5499877929688,444.5700073242188,451.6700134277344,67940800,0.031045280151877908,459.1600036621094,463.66714622860866
2026-01-06,446.3800048828125,448.25,428.7799987792969,432.9599914550781,89093800,-0.041424095947095174,451.66857474190846,462.64000302269346
2026-01-07,435.8999938964844,438.3699951171875,431.2900085449219,431.4100036621094,59828800,-0.0035799792672750463,445.41428920200894,461.5166698637463
2026-01-08,427.8900146484375,436.8900146484375,424.3699951171875,435.7999877929688,57041100,0.01017589785492734,442.0085710797991,461.336669921875
2026-01-09,435.9500122070313,449.0499877929688,430.3900146484375,445.010009765625,67331500,0.02113359850994656,440.66285923549106,461.3290506998698
2026-01-12,441.2300109863281,454.2999877929688,438.0,448.9599914550781,61649600,0.00887616368794375,440.55428641183033,461.2104782831101
2026-01-13,450.2000122070313,451.80999755859375,443.9500122070313,447.2000122070313,53719200,-0.003920124914344236,441.8585728236608,461.22524007161456
2026-01-14,442.80999755859375,443.9100036621094,434.2200012207031,439.2000122070313,57259500,-0.017889087168218576,440.07714407784607,460.28428867885043
2026-01-15,441.1300048828125,445.3599853515625,437.6499938964844,438.5700073242188,49465800,-0.0014344373071545347,440.8785749162947,458.5347653343564
2026-01-16,439.5,447.25,435.260009765625,437.5,60220600,-0.0024397640202235005,441.7485743931362,456.0404793875558
2026-01-20,429.3599853515625,430.7300109863281,417.4400024414063,419.25,63187300,-0.041714285714285704,439.38429042271207,453.7542884463356
2026-01-21,421.6600036621094,438.2000122070313,419.6199951171875,431.4400024414063,68124000,0.02907573629435012,437.44571794782365,451.2814316522507
2026-01-22,435.1600036621094,449.5,432.6300048828125,449.3599853515625,71546700,0.041535283721378935,437.5028599330357,449.7652398972284
2026-01-23,447.4299926757813,452.4299926757813,444.0400085449219,449.05999755859375,56771400,-0.0006675890216037983,437.76857212611606,447.8761916387649
2026-01-26,445.0,445.0400085449219,434.2799987792969,435.2000122070313,49397400,-0.030864440001146964,437.1971435546875,445.4780970982143
2026-01-27,437.4100036621094,437.5199890136719,430.6900024414063,430.8999938964844,37733100,-0.009880556502607218,436.10142735072543,442.8828590029762
2026-01-28,431.9100036621094,438.260009765625,430.1000061035156,431.4599914550781,54857400,0.0012995998294869082,435.2385689871652,440.8004775274368
2026-01-29,437.7999877929688,440.2300109863281,414.6199951171875,416.55999755859375,81686100,-0.03453389466363932,434.85428292410717,438.7490481422061
2026-01-30,425.3500061035156,439.8800048828125,422.7000122070313,430.4100036621094,82626100,0.033248526466028494,434.70714024135043,437.60523914155505
2026-02-02,421.2900085449219,427.1499938964844,414.5,421.80999755859375,58739500,-0.019980962408733927,430.7714276994978,436.2761913481213
2026-02-03,424.2699890136719,428.55999755859375,413.6900024414063,421.9599914550781,56886500,0.0003555958781265023,426.8999982561384,435.50904773530505
2026-02-04,420.4599914550781,423.8999938964844,399.1799926757813,406.010009765625,74606900,-0.03779974882085746,422.72999790736606,433.33476184663317
2026-02-05,397.0199890136719,402.1000061035156,387.5299987792969,397.2099914550781,72819800,-0.02167438757390938,417.9171404157366,431.6323808942522
2026-02-06,400.8699951171875,414.5499877929688,397.75,411.1099853515625,62677100,0.03499406912088299,415.00999668666293,430.66571335565476
2026-02-09,409.9100036621094,421.25,407.2900085449219,417.3200073242188,54484300,0.015105500216312517,415.11856951032365,429.7857142857143
2026-02-10,418.0799865722656,427.25,417.0,425.2099914550781,64450200,0.018906316477488083,414.3757106236049,428.84285627092635
2026-02-11,427.9599914550781,436.3500061035156,420.0299987792969,428.2699890136719,57362000,0.00719643851293883,415.29856654575894,427.8576180594308
2026-02-12,430.2999877929688,436.2300109863281,414.0,417.0700073242188,61933400,-0.02615168463063966,414.5999973842076,426.42285592215404
2026-02-13,414.30999755859375,424.05999755859375,410.8800048828125,417.4400024414063,51434100,0.0008871295242764976,416.2328534807478,425.3866649809338
2026-02-17,412.3599853515625,413.7200012207031,400.510009765625,410.6300048828125,59678800,-0.016313715788533467,418.1499982561384,424.05618867420014
2026-02-18,411.1099853515625,416.8999938964844,409.5799865722656,411.3200073242188,45921400,0.0016803507615164026,418.18000139508933,422.8095223563058
2026-02-19,407.25,415.25,404.1099853515625,411.7099914550781,51019600,0.0009481282794783219,417.3785705566407,422.45047433035717
2026-02-20,408.2999877929688,414.7000122070313,405.5,411.8200073242188,57912200,0.0002672169037041261,415.4657156808036,421.5161888485863
2026-02-23,407.2900085449219,407.7000122070313,394.0400085449219,399.8299865722656,69680000,-0.029114711618451472,411.4028581891742,419.1576174781436
2026-02-24,399.5,410.8200073242188,397.6400146484375,409.3800048828125,58579500,0.023885197787236967,410.30428641183045,417.2680940173921
2026-02-25,412.1499938964844,420.3399963378906,412.1499938964844,417.3999938964844,54809700,0.019590573349979934,410.29857090541293,416.42047409784226
2026-02-26,414.4200134277344,416.80999755859375,403.6600036621094,408.5799865722656,53602500,-0.021130827631028026,410.0057111467634,415.3576166062128
2026-02-27,402.9400024414063,407.1199951171875,398.1099853515625,402.510009765625,56890100,-0.014856275407819197,408.7471400669643,413.97904604957216
2026-03-02,390.6000061035156,404.5400085449219,388.25,403.3200073242188,55088300,0.00201236624914114,407.54857090541293,413.34857032412583
2026-03-03,395.0899963378906,396.3399963378906,385.3900146484375,392.4299926757813,62617300,-0.027000928420799375,404.77856881277904,411.5399983723959
2026-03-04,397.8500061035156,408.3299865722656,394.5799865722656,405.9400024414063,68305500,0.03442654745501761,405.65142822265625,410.7842843191965
2026-03-05,401.5700073242188,408.6199951171875,399.4200134277344,405.5499877929688,51925900,-0.0009607691927178141,405.10428292410717,410.0028555733818
2026-03-06,398.0899963378906,402.3500061035156,394.2099914550781,396.7300109863281,64054600,-0.021748186591348695,402.15142822265625,409.56095086960573
2026-03-09,390.0499877929688,401.5899963378906,381.3999938964844,398.6799926757813,67018900,0.004915135319874642,400.73714338030135,409.6309509277345
2026-03-10,402.2200012207031,406.5899963378906,398.1900024414063,399.239990234375,59258700,0.0014046291985589932,400.2699977329799,409.06571306501115
2026-03-11,402.2799987792969,416.3800048828125,402.1499938964844,407.8200073242188,62559900,0.02149087591352483,400.91285487583707,408.6133321126302
2026-03-12,405.1799926757813,406.5,394.6499938964844,395.010009765625,60973800,-0.03141091003024232,401.2814287458147,407.17523774646577
2026-03-13,399.1700134277344,400.2000122070313,389.9500122070313,391.2000122070313,58504100,-0.009645319015723963,399.1757158551898,405.41000075567337
2026-03-16,396.2200012207031,403.7300109863281,394.4200134277344,395.55999755859375,58068300,0.011145156481373153,397.7485743931362,404.3857145763579
2026-03-17,395.6900024414063,400.1199951171875,393.0,399.2699890136719,46890500,0.00937908655570907,398.11142839704246,403.52047584170384
2026-03-18,399.0,403.0700073242188,392.30999755859375,392.7799987792969,50853100,-0.016254640751756533,397.2685721261161,402.6704755510603
2026-03-19,387.2699890136719,387.2699890136719,378.7300109863281,380.2999877929688,67078300,-0.03177353995904608,394.56285749162953,401.1933317638579
2026-03-20,379.8500061035156,379.8900146484375,364.4599914550781,367.9599914550781,78628600,-0.032448058727281515,388.86856951032365,399.10999843052457
2026-03-23,373.0899963378906,385.3299865722656,372.7300109863281,380.8500061035156,74606000,0.035031022251806876,386.845711844308,397.63523646763394
2026-03-24,376.55999755859375,387.4800109863281,376.30999755859375,383.0299987792969,60004900,0.005724019012326664,385.6785670689174,396.83523704892116
2026-03-25,389.989990234375,396.2300109863281,385.010009765625,385.9500122070313,55157300,0.007623458833617258,384.3057120186942,395.7195231119792
2026-03-26,381.6000061035156,384.4400024414063,371.8699951171875,372.1099853515625,55522900,-0.03585963575004303,380.4257114955357,393.56285603841144
2026-03-27,369.6900024414063,369.8599853515625,359.4700012207031,361.8299865722656,62065700,-0.027626237359861583,376.0042811802455,391.33666556222096
2026-03-30,365.8599853515625,367.2900085449219,352.1400146484375,355.2799987792969,67954400,-0.018102390725044493,372.4299970354353,389.0876174200149
2026-03-31,361.510009765625,373.3299865722656,361.0,371.75,75534900,0.04635780589195071,372.971426827567,387.5842837379093
2026-04-01,378.6300048828125,383.1400146484375,374.0799865722656,381.260009765625,58683800,0.025581734406523227,373.0299987792969,387.0523797898066
2026-04-02,364.2000122070313,370.2799987792969,359.0299987792969,360.5899963378906,83031200,-0.05421500524128142,369.8242841448103,384.8928556896392
2026-04-06,362.5899963378906,367.7200012207031,346.6400146484375,352.82000732421875,77697600,-0.021547988276388597,365.09142630440846,382.3819042387463
2026-04-07,346.44000244140625,348.0199890136719,337.239990234375,346.6499938964844,74515400,-0.017487708462248674,361.45428466796875,379.9971415201823
2026-04-08,363.7900085449219,364.5,339.6700134277344,343.25,78838600,-0.009808146419583275,358.8000008719308,377.3576180594308
2026-04-09,343.1499938964844,348.8800048828125,337.25,345.6199951171875,62164000,0.006904574267115882,357.4200003487723,374.8042849586124
2026-04-10,346.2900085449219,350.3599853515625,342.739990234375,348.95001220703125,51336000,0.009634908676839249,354.16285923549106,372.00095185779395
2026-04-13,350.07000732421875,356.3500061035156,348.57000732421875,352.4200134277344,53617500,0.009944121218842028,350.04285975864957,369.97285679408486
2026-04-14,357.6700134277344,367.6300048828125,354.7699890136719,364.2000122070313,59979600,0.033426021027357145,350.55857631138394,368.6871425083706
2026-04-15,366.8299865722656,394.6499938964844,362.5,391.9500122070313,113810400,0.07619439612820589,356.14857700892856,368.51523844401044
2026-04-16,393.80999755859375,394.05999755859375,381.7999877929688,388.8999938964844,63515100,-0.007781651270713286,362.18429129464283,368.0214291527158
2026-04-17,395.9200134277344,409.2799987792969,391.6499938964844,400.6199951171875,90640000,0.03013628543234881,370.3800048828125,368.394762311663
2026-04-20,402.5799865722656,406.7999877929688,388.3299865722656,392.5,64603900,-0.02026857175416885,377.0771484375,368.97571527390255
2026-04-21,393.0,393.9500122070313,385.2200012207031,386.4200134277344,50530600,-0.015490411649084379,382.4300057547433,369.8547639392671
2026-04-22,387.5700073242188,393.010009765625,385.2999877929688,387.510009765625,62362800,0.0028207553957204645,387.442862374442,370.17190697079616
2026-04-23,375.2799987792969,386.0,368.3900146484375,373.7200012207031,93969500,-0.03558619957523779,388.80286080496654,369.72857375372024
2026-04-24,373.5,382.760009765625,370.7300109863281,376.2999877929688,62893300,0.0069035282132037246,386.56714303152904,369.269048781622
2026-04-27,372.0899963378906,380.7799987792969,364.0199890136719,378.6700134277344,66735800,0.0062982346841571335,385.10571725027904,369.58143107096356
2026-04-28,374.6799926757813,382.2900085449219,372.5400085449219,376.0199890136719,50864400,-0.006998242057971282,381.5914306640625,370.2571454729353
2026-04-29,375.3999938964844,376.3999938964844,370.0400085449219,372.7999877929688,45384800,-0.008563377785179349,378.7771432059152,371.0914306640625
2026-04-30,372.75,384.75,368.1700134277344,381.6300048828125,51076000,0.023685668935019777,378.09285627092635,371.56190708705356
2026-05-01,382.489990234375,397.8200073242188,378.7999877929688,390.8200073242188,65338300,0.024080922159745555,378.56571306501115,372.01714506603423
2026-05-04,390.2300109863281,394.6400146484375,384.7999877929688,392.510009765625,48765100,0.004324247504565948,381.25,373.53714570545014
2026-05-05,395.1900024414063,402.1199951171875,389.0,389.3699951171875,47780600,-0.007999833304410453,383.1171439034598,375.27762131463913
2026-05-06,386.25,401.6799926757813,384.0199890136719,398.7300109863281,53465400,0.024038873016714035,385.9828578404018,377.7576221284412
2026-05-07,407.4800109863281,415.8299865722656,402.1199951171875,411.7900085449219,64294200,0.03275398690529352,391.09286063058033,381.0214320591518
2026-05-08,416.4800109863281,431.2000122070313,416.3900146484375,428.3500061035156,65050000,0.040214665764012114,399.02857753208707,384.9609563918341
2026-05-11,422.1600036621094,449.1600036621094,416.7999877929688,445.0,78376100,0.038870068073398656,408.08143397739957,389.5347653343564
2026-05-12,441.4100036621094,447.7999877929688,422.260009765625,433.4500122070313,60569300,-0.02595502874824429,414.17143467494424,393.3933367047991
2026-05-13,436.6700134277344,453.3999938964844,430.2099914550781,445.2699890136719,68283200,0.027269526989873283,421.7085745675223,397.2538117908296
2026-05-14,446.489990234375,451.9800109863281,441.1600036621094,443.2999877929688,46070400,-0.004424284747029272,429.41285923549106,399.6990487234933
2026-05-15,433.9800109863281,434.6600036621094,422.0,422.239990234375,52688700,-0.04750732717915007,432.7714276994978,401.2866675967262
2026-05-18,419.2699890136719,421.1300048828125,405.3299865722656,409.989990234375,52474200,-0.029011937010514632,432.5142822265625,401.7328578404018
2026-05-19,403.1600036621094,405.6300048828125,393.6300048828125,404.1099853515625,46500600,-0.014341825466156255,429.0514221191406,402.2857142857143
2026-05-20,407.6000061035156,417.4599914550781,406.3900146484375,417.260009765625,45294700,0.0325407064678751,425.0885663713728,403.75428553989957
2026-05-21,422.1799926757813,426.9500122070313,412.8999938964844,417.8500061035156,42636900,0.0014139776735901943,422.8599940708705,405.1990472702753
2026-05-22,422.6700134277344,431.510009765625,420.510009765625,426.010009765625,46104700,0.019528547428303344,420.1085684640067,407.68904767717635
2026-05-26,430.260009765625,435.2000122070313,426.1199951171875,433.5899963378906,45658900,0.017792977626126305,418.721426827567,410.4171433221726
2026-05-27,442.8900146484375,445.6000061035156,435.5199890136719,440.3599853515625,44656500,0.015613803526030035,421.30999755859375,413.3547610328311
2026-05-28,437.6199951171875,443.9599914550781,436.2999877929688,442.1000061035156,32435000,0.003951359818862743,425.8971426827567,416.50142851329986
2026-05-29,439.8500061035156,441.0700073242188,428.1400146484375,435.7900085449219,45176800,-0.014272783242432974,430.422860281808,419.5009533110119
2026-06-01,427.489990234375,429.6000061035156,415.4299926757813,415.8800048828125,44937900,-0.045687150397476395,430.2257167271205,421.1319056919643
2026-06-02,418.2200012207031,424.4200134277344,413.6499938964844,423.739990234375,37596000,0.018899647156100485,431.06714303152904,422.69952392578125
2026-06-03,418.7000122070313,433.6000061035156,416.0,423.7000122070313,44500700,-9.434565598021027e-05,430.73714338030135,424.1847621372768
2026-06-04,419.8399963378906,426.3500061035156,417.1600036621094,418.4500122070313,35323300,-0.012390842220308285,428.5742885044643,425.56952485584077
2026-06-05,420.5,424.6799926757813,388.5899963378906,391.0,63420200,-0.06559926253138737,421.52286202566967,425.20142909458707
2026-06-08,396.3299865722656,412.9400024414063,394.7200012207031,408.9500122070313,50328800,0.045907959608775695,416.78714861188615,425.0661911737351
2026-06-09,411.0299987792969,418.5,384.239990234375,396.6799926757813,59940200,-0.03000371479396924,411.2000034877232,423.55809529622394
2026-06-10,391.5400085449219,397.0899963378906,380.1499938964844,381.5899963378906,49695600,-0.038040729596927725,406.30143083844865,420.538571312314
2026-06-11,388.2799987792969,399.5400085449219,380.6600036621094,399.1499938964844,45324300,0.046017971453959916,402.78857421875,418.90523710704986
2026-06-12,399.489990234375,406.6799926757813,386.760009765625,406.4299926757813,63514500,0.018238754580026217,400.32142857142856,417.0557134719122
2026-06-15,412.3699951171875,416.0,407.1000061035156,411.1499938964844,45620500,0.011613319158924273,399.27856881277904,415.5247613816034
2026-06-16,404.1099853515625,412.4200134277344,400.5400085449219,404.6600036621094,40255500,-0.015784969793794956,401.22999790736606,414.6876191638765
2026-06-17,401.5299987792969,405.9400024414063,393.760009765625,396.3800048828125,43534300,-0.02046161890071707,399.4342825753348,414.0395246233259
2026-06-18,398.1000061035156,402.5199890136719,384.7000122070313,400.489990234375,58384700,0.010368800900483421,399.9785679408482,413.8671439034598
2026-06-22,394.8500061035156,414.75,394.3999938964844,405.0499877929688,47819500,0.011386046267786165,403.32999529157365,413.2857142857143
2026-06-23,392.6099853515625,392.8699951171875,379.05999755859375,381.6099853515625,50420200,-0.05786940661108497,400.82427978515625,411.5599990118118
2026-06-24,380.0799865722656,384.5799865722656,373.0499877929688,375.5299987792969,37081400,-0.0159324619523894,396.40999494280135,409.15618896484375
2026-06-25,375.2699890136719,379.1199951171875,371.2200012207031,375.1199951171875,30138800,-0.00109180002514353,391.26285226004467,406.37190319242933
2026-06-26,370.1499938964844,387.7999877929688,368.6000061035156,379.7099914550781,53434100,0.01223607484974698,387.6985648018973,403.4838082449777
2026-06-29,381.7900085449219,413.2699890136719,379.2999877929688,411.8399963378906,57645800,0.08461722263269356,389.9071350097656,402.0428553989955
2026-06-30,406.0,424.5400085449219,406.0,420.6000061035156,43385600,0.02127042017171621,392.77999441964283,401.31952194940476
2026-07-01,421.4599914550781,432.8599853515625,418.0899963378906,425.2999877929688,40127900,0.011174468904540324,395.67285156250006,401.7680925641741
2026-07-02,428.010009765625,432.3500061035156,389.2999877929688,393.4500122070313,73717700,-0.07488825887632455,397.3642839704241,400.3257126581101
2026-07-06,397.5,420.0,390.5,419.7699890136719,54727900,0.06689535135353131,403.6842825753348,400.1385686965216
2026-07-07,416.9599914550781,419.55999755859375,401.8800048828125,402.8999938964844,38149900,-0.04018866417017264,407.6528538295201,399.39809163411456
2026-07-08,399.3800048828125,399.6300048828125,390.510009765625,394.05999755859375,33844900,-0.021940919513048773,409.7028547014509,399.54380580357144
2026-07-09,393.989990234375,407.8599853515625,390.8599853515625,406.5499877929688,37835000,0.03169565627507742,408.94713919503346,399.4295189267113
2026-07-10,410.489990234375,413.1600036621094,402.80999755859375,407.760009765625,33410000,0.002976317818197405,407.11285400390625,399.95713878813245
2026-07-13,404.6099853515625,405.5700073242188,391.3699951171875,394.760009765625,32809200,-0.03188149815738972,402.75,400.5842822846912
2026-07-14,399.0499877929688,402.2200012207031,394.760009765625,396.1799926757813,23385000,0.0035970789214423426,403.13999720982144,400.44285365513394
2026-07-15,399.3999938964844,406.5899963378906,390.6600036621094,394.4599914550781,31549800,-0.004341464113536864,399.5242832728795,399.8728535970052
2026-07-16,392.3500061035156,395.30999755859375,385.3200073242188,391.05999755859375,29269100,-0.00861936310433542,397.8328552246094,398.9161871047247
2026-07-17,381.7799987792969,385.6900024414063,377.2200012207031,380.8399963378906,31394600,-0.02613410035418373,395.9442836216518,397.7819010416667
2026-07-20,386.0499877929688,386.6099853515625,369.4299926757813,369.5700073242188,33901500,-0.029592451218471316,390.6614292689732,396.50523449125745
2026-07-21,371.1700134277344,384.0700073242188,369.9800109863281,378.9299926757813,32735300,0.025326690927467865,386.5428553989955,395.4785679408482
2026-07-22,375.5299987792969,380.1700134277344,372.8999938964844,374.010009765625,30646100,-0.012983883580748756,383.5785696847098,394.00047374906995
2026-07-23,341.0,342.1099853515625,315.739990234375,319.69000244140625,115606400,-0.14523677416617442,372.65142822265625,391.0519031343006
2026-07-24,320.7200012207031,322.9599914550781,306.510009765625,313.0299987792969,62760000,-0.020832692956452514,361.01857212611606,388.07571265811015
2026-07-27,313.239990234375,317.0,304.2799987792969,309.2200012207031,44919400,-0.012171349626078465,349.32714407784596,384.9376177106585
2026-07-28,305.92999267578125,311.1600036621094,300.69000244140625,307.44000244140625,39802400,-0.005756415407379811,338.8414306640625,381.4961896623884
2026-07-29,307.1400146484375,309.0599975585937,297.3800048828125,298.32000732421875,39478000,-0.029664308628561287,328.66285923549106,376.09047589983265
2026-07-30,302.70001220703125,310.8699951171875,301.3299865722656,308.8500061035156,38005400,0.03529766197629747,318.6514325823103,370.76904732840404
2026-07-31,309.69000244140625,315.5,301.9700012207031,311.2099914550781,36630600,0.007641202217659959,309.6800013950893,365.3361903599331
2026-08-03,310.9599914550781,324.6499938964844,310.42999267578125,322.0799865722656,38281400,0.03492816881091865,310.0214276994978,361.93761771065846
2026-08-04,324.0,329.57000732421875,320.7900085449219,327.3500061035156,33318300,0.01636245575931672,312.06714303152904,357.53666614350817
2026-08-05,323.4200134277344,327.1400146484375,320.2799987792969,321.54998779296875,27820800,-0.01771809440172356,313.8285696847098,353.66285632905505
2026-08-06,317.04998779296875,323.0,315.5199890136719,319.5299987792969,26033800,-0.006282037289245479,315.5557120186942,350.11380876813615
2026-08-07,322.3399963378906,333.7300109863281,321.25,328.5799865722656,39492300,0.02832281108985857,319.8785661969866,346.4009515671503
2026-08-10,326.6000061035156,332.04998779296875,326.1499938964844,330.8800048828125,25003800,0.006999873408422008,323.0257088797433,342.739998953683
2026-08-11,332.79998779296875,336.20001220703125,329.5299987792969,332.8099975585937,23345200,0.005832908145854132,326.1114240373884,339.7899983723958
2026-08-12,335.0,335.5,323.6400146484375,327.510009765625,28620500,-0.015924965691680004,326.8871416364397,336.51999918619794
2026-08-13,327.3299865722656,333.42999267578125,325.239990234375,333.2799987792969,5713344,0.017617748592786642,327.7342834472656,333.6066662016369
