Date,Open,High,Low,Close,Volume,daily_return,MA7,MA21
2021-08-13,161.05999755859375,162.66000366210938,159.9600067138672,160.35000610351562,926100,,,
2021-08-16,159.14999389648438,160.60000610351562,158.97999572753906,160.35000610351562,816000,0.0,,
2021-08-17,159.3699951171875,163.6300048828125,158.4499969482422,163.47000122070312,1311500,0.019457405665287864,,
2021-08-18,163.64999389648438,164.8699951171875,161.5500030517578,161.6199951171875,1164100,-0.011317098487189092,,
2021-08-19,161.38999938964844,163.7899932861328,160.75999450683594,162.27000427246094,767300,0.004021836251152822,,
2021-08-20,161.97999572753906,163.69000244140625,159.41000366210938,160.9600067138672,1040400,-0.008072949553844744,,
2021-08-23,161.1199951171875,163.92999267578125,160.42999267578125,163.36000061035156,782400,0.014910498237930447,161.76857430594308,
2021-08-24,164.16000366210938,164.55999755859375,163.1199951171875,163.82000732421875,677600,0.002815907885336033,162.26428876604353,
2021-08-25,164.07000732421875,164.6199951171875,160.5,160.66000366210938,893400,-0.01928948553796217,162.30857413155692,
2021-08-26,160.6199951171875,160.9600067138672,158.55999755859375,158.8800048828125,916300,-0.011079290045582613,161.6528603690011,
2021-08-27,159.33999633789062,161.3000030517578,158.6699981689453,160.02999877929688,1524900,0.007238128531860122,161.42571803501673,
2021-08-30,158.99000549316406,159.57000732421875,156.6199951171875,158.13999938964844,1106200,-0.01181028184756161,160.8357173374721,
2021-08-31,158.8300018310547,161.99000549316406,158.25,161.22000122070312,1257500,0.019476424958531302,160.87285940987724,
2021-09-01,162.35000610351562,163.42999267578125,160.14999389648438,161.92999267578125,878700,0.0044038670741985975,160.66857256208147,
2021-09-02,162.5500030517578,163.69000244140625,161.6300048828125,162.02999877929688,730500,0.000617588513796008,160.41285705566406,
2021-09-03,161.72000122070312,162.1300048828125,160.35000610351562,160.55999755859375,559500,-0.009072401603269942,160.39857046944755,
2021-09-07,160.6999969482422,161.0399932861328,158.08999633789062,159.11000061035156,795300,-0.009030873008783136,160.43142700195312,
2021-09-08,159.36000061035156,160.17999267578125,157.57000732421875,159.4499969482422,605600,0.0021368634063627656,160.34856959751673,
2021-09-09,158.27000427246094,158.8800048828125,156.6999969482422,157.02999877929688,833700,-0.01517716033403782,160.18999808175224,
2021-09-10,153.10000610351562,156.0,151.7100067138672,153.94000244140625,2895700,-0.01967774541113998,159.1499982561384,
2021-09-13,154.6300048828125,156.39999389648438,152.27999877929688,152.92999267578125,1144800,-0.006561061125157752,157.8642839704241,160.10047694614954
2021-09-14,152.5399932861328,153.5399932861328,151.38999938964844,152.14999389648438,1350900,-0.005100364981710959,156.4528547014509,159.71000017438615
2021-09-15,152.13999938964844,153.85000610351562,150.41000366210938,152.69000244140625,1080600,0.00354918545241123,155.32856968470983,159.3452380952381
2021-09-16,152.11000061035156,153.2100067138672,151.32000732421875,151.88999938964844,863000,-0.005239393797670577,154.2971409388951,158.79380943661644
2021-09-17,149.49000549316406,151.99000549316406,148.8699951171875,151.66000366210938,2074700,-0.0015142256136893018,153.18428475516183,158.31952412923178
2021-09-20,150.32000732421875,151.9499969482422,147.1199951171875,148.83999633789062,1030400,-0.01859427176661277,152.01428440638952,157.67999994187127
2021-09-21,149.19000244140625,149.22000122070312,145.60000610351562,145.72000122070312,1040600,-0.020962074670471065,150.83999851771765,156.95428539457777
2021-09-22,145.91000366210938,147.10000610351562,144.5800018310547,145.25,1650600,-0.0032253720612538395,149.74285670689173,156.09190441313245
2021-09-23,147.52999877929688,149.2100067138672,145.75,146.67999267578125,1180500,0.009845044239457756,148.96142796107702,155.27571323939733
2021-09-24,146.52000427246094,148.07000732421875,145.77000427246094,147.36000061035156,1023800,0.004635996512989848,148.1999991280692,154.6423797607422
2021-09-27,146.8800048828125,148.8699951171875,145.4199981689453,148.64999389648438,1048800,0.008754026063991338,147.73714120047433,154.15523638044084
2021-09-28,148.2899932861328,152.14999389648438,148.16000366210938,149.11000061035156,1867100,0.0030945626152365513,147.37285505022322,153.63523646763392
2021-09-29,148.74000549316406,152.6999969482422,148.5,151.60000610351562,1429000,0.016699117986531675,147.76714215959822,153.32380821591332
2021-09-30,152.72000122070312,155.36000061035156,152.49000549316406,154.07000732421875,1480300,0.016292883385615076,148.96000017438615,152.98333231608072
2021-10-01,154.3800048828125,160.02999877929688,151.86000061035156,158.5399932861328,1868500,0.02901269390159511,150.8585706438337,152.8219037737165
2021-10-04,157.72000122070312,157.91000366210938,155.41000366210938,157.1300048828125,991900,-0.008893581828123165,152.35142953055245,152.58857073102678
2021-10-05,157.17999267578125,162.27999877929688,156.97999572753906,162.02000427246094,1712200,0.031120723208119205,154.44571576799666,152.65809486025856
2021-10-06,161.52999877929688,166.27999877929688,160.47000122070312,165.44000244140625,2267600,0.0211084932647827,156.8442884172712,152.95952351888022
2021-10-07,166.10000610351562,172.22999572753906,165.9499969482422,170.77000427246094,1926900,0.032217128580751764,159.9385746547154,153.49857148670014
2021-10-08,171.36000061035156,175.5500030517578,169.1199951171875,173.69000244140625,1824800,0.017099010926336256,163.0942884172712,154.29190499441964
2021-10-11,173.32000732421875,173.9199981689453,169.77999877929688,170.72000122070312,1137500,-0.017099436806704227,165.47285897391183,155.09095255533853
2021-10-12,171.27000427246094,172.41000366210938,170.08999633789062,171.35000610351562,652300,0.003690281620827962,167.3028608049665,155.96809605189733
2021-10-13,171.5800018310547,172.33999633789062,170.24000549316406,170.60000610351562,940700,-0.00437700597189894,169.2271466936384,156.84666806175596
2021-10-14,171.1699981689453,172.10000610351562,168.4600067138672,169.3800048828125,933300,-0.007151237849093994,170.27857535226005,157.6414300827753
2021-10-15,169.5399932861328,172.6999969482422,169.02000427246094,170.55999755859375,1057500,0.0069665405701082594,171.01000322614397,158.53047761462983
2021-10-18,170.5399932861328,172.94000244140625,169.3800048828125,171.75,607400,0.006977031299484127,171.1500026157924,159.48714410691034
2021-10-19,172.3800048828125,173.80999755859375,171.0800018310547,172.0399932861328,925700,0.001688461636872196,170.91428702218192,160.59190586635046
2021-10-20,172.69000244140625,174.8699951171875,171.52000427246094,173.5,628700,0.008486437868193475,171.3114297049386,161.91476295107887
2021-10-21,173.92999267578125,182.7400054931641,173.0800018310547,182.05999755859372,1949000,0.04933716172100122,172.84142848423548,163.66761997767858
2021-10-22,181.75999450683597,182.5,178.52000427246094,180.75,1207000,-0.007195416764586682,174.2914276123047,165.29000127883185
2021-10-25,180.3300018310547,183.1300048828125,179.07000732421875,182.9900054931641,806300,0.012392838136454198,176.2357134137835,166.9866681780134
2021-10-26,183.4600067138672,184.7400054931641,181.1300048828125,182.5399932861328,761000,-0.00245921740817745,177.94714137486048,168.60047767275856
2021-10-27,182.66000366210935,183.92999267578125,180.02000427246094,180.91000366210935,887300,-0.0089294931739613,179.2557133265904,170.11476353236608
2021-10-28,180.25999450683597,187.1300048828125,177.5,181.1100006103516,1628700,0.0011055051914972136,180.55142865862166,171.52000136602493
2021-10-29,181.3500061035156,184.47000122070312,179.74000549316406,181.0,1075600,-0.0006073690573733526,181.62285723005022,172.80238196963356
2021-11-01,181.50999450683597,185.22000122070312,181.22000122070312,183.8000030517578,1518500,0.015469630120208855,181.87142944335938,174.00523957752046
2021-11-02,183.0,184.3800048828125,181.6000061035156,183.94000244140625,1083200,0.0007616941638952657,182.327144077846,175.2819061279297
2021-11-03,181.2100067138672,184.7899932861328,179.60000610351562,184.16000366210935,1692000,0.001196048808215,182.4942866734096,176.33619181315103
2021-11-04,189.00999450683597,193.33999633789065,186.4199981689453,192.91000366210935,2941600,0.0475130312011407,183.97571672712053,177.644287109375
2021-11-05,192.25999450683597,195.8300018310547,185.6699981689453,187.1999969482422,1736100,-0.02959932924924147,184.87428719656808,178.42666771298363
2021-11-08,187.5,187.5500030517578,181.67999267578125,185.13999938964844,1219200,-0.011004260641966246,185.4500013078962,178.97190566289993
2021-11-09,186.9900054931641,189.88999938964844,185.9199981689453,186.80999755859372,873600,0.009020191068654926,186.2800009591239,179.73809596470423
2021-11-10,186.2899932861328,186.2899932861328,181.07000732421875,182.75,1021900,-0.02173329913630717,186.1300005231585,180.2809528169178
2021-11-11,183.19000244140625,186.44000244140625,182.58999633789065,185.7100067138672,775000,0.01619702716206395,186.3828582763672,181.00047665550596
2021-11-12,185.6300048828125,189.50999450683597,183.4499969482422,187.8300018310547,1116000,0.011415621348040084,186.90714372907365,181.87904793875558
2021-11-15,185.19000244140625,185.19000244140625,174.82000732421875,177.60000610351562,2128200,-0.05446411983076338,184.72000122070312,182.2142864408947
2021-11-16,177.80999755859375,181.4499969482422,177.60000610351562,179.69000244140625,1441600,0.0117679969936062,183.6471448625837,182.5923817952474
2021-11-17,178.99000549316406,180.5200042724609,176.27999877929688,177.0399932861328,1490000,-0.014747671652670546,182.49000113351005,182.83047703334265
2021-11-18,176.91000366210938,176.99000549316406,171.44000244140625,174.0,1562600,-0.017171223460337393,180.66000148228235,182.85428655715216
2021-11-19,175.82000732421875,177.13999938964844,170.27000427246094,170.5,1651600,-0.02011494252873558,178.91000148228235,182.30381048293341
2021-11-22,170.25999450683594,170.52000427246094,164.22000122070312,164.91000366210938,1660400,-0.03278590227501832,175.9385724748884,181.54952494303384
2021-11-23,164.27000427246094,166.91000366210938,162.2100067138672,165.1300048828125,1172300,0.001334068375584474,172.69571576799666,180.6990487234933
2021-11-24,164.5,165.16000366210938,162.47000122070312,164.30999755859375,858400,-0.004965828740819633,170.7971431187221,179.83095368884858
2021-11-26,166.6999969482422,171.7899932861328,166.2899932861328,169.66000366210938,1308100,0.032560441744317936,169.3642861502511,179.2952394031343
2021-11-29,168.72000122070312,171.4499969482422,164.55999755859375,169.60000610351562,1153400,-0.0003536340757910317,168.30143083844865,178.7471444266183
2021-11-30,170.14999389648438,171.77000427246094,165.38999938964844,165.8800048828125,2341500,-0.021933968672339654,167.1414315359933,178.02714465913317
2021-12-01,165.8000030517578,168.42999267578125,160.22999572753906,160.35000610351562,824000,-0.03333734396260479,165.6914324079241,176.91047813778832
2021-12-02,159.5399932861328,163.74000549316406,159.5,161.3800048828125,1215200,0.006423440848714046,165.18714686802454,175.83619253976005
2021-12-03,161.47999572753906,165.99000549316406,159.82000732421875,165.77999877929688,1344300,0.027264802102834773,165.2800031389509,174.96095421200707
2021-12-06,165.5,165.69000244140625,162.1999969482422,164.39999389648438,969500,-0.00832431471211259,165.29285975864954,173.60333469935827
2021-12-07,166.36000061035156,168.91000366210938,165.5,167.2899932861328,1067900,0.017579072365830672,164.95428684779577,172.65523928687685
2021-12-08,166.91000366210938,171.0800018310547,165.55999755859375,170.5500030517578,1082500,0.019487177335520967,165.09000069754464,171.9604775565011
2021-12-09,170.75999450683594,173.1999969482422,165.1199951171875,166.3800048828125,845700,-0.02445029665393683,165.16142926897322,170.9876207624163
2021-12-10,166.3800048828125,167.02999877929688,163.35000610351562,165.60000610351562,632600,-0.004688055994746865,165.91142926897322,170.17095438639322
2021-12-13,165.60000610351562,166.69000244140625,164.00999450683594,166.25999450683594,768800,0.003985437071226672,166.6085706438337,169.24476332891555
2021-12-14,164.36000061035156,167.75999450683594,163.47999572753906,167.6300048828125,676600,0.008240168538681258,166.87285723005022,168.2828587123326
2021-12-15,167.6300048828125,171.52000427246094,165.72000122070312,171.14999389648438,839800,0.020998561779752123,167.83714294433594,167.97571527390252
2021-12-16,171.14999389648438,174.08999633789062,169.1999969482422,172.74000549316406,1106400,0.00929016449536868,168.61571611676897,167.64476303827195
2021-12-17,171.9499969482422,178.44000244140625,171.4600067138672,175.74000549316406,2879300,0.017367140816252347,169.35714503696985,167.5828588576544
2021-12-20,174.6999969482422,179.0399932861328,173.61000061035156,178.35000610351562,1107200,0.014851488157334058,171.06714521135603,167.79000200544084
2021-12-21,178.24000549316406,179.97000122070312,176.44000244140625,179.44000244140625,869900,0.006111557614738583,173.0442875453404,168.21571640741257
2021-12-22,179.7899932861328,180.3699951171875,176.38999938964844,177.6199951171875,1078800,-0.010142706751316788,174.66714477539062,168.82095409574964
2021-12-23,177.94000244140625,178.50999450683594,176.36000061035156,177.9600067138672,621300,0.0019142641933715954,176.14285932268416,169.4319065638951
2021-12-27,178.02999877929688,179.69000244140625,177.35000610351562,179.55999755859375,582500,0.008990732661069867,177.3442884172712,170.15809704008558
2021-12-28,179.74000549316406,181.82000732421875,178.44000244140625,179.38999938964844,600800,-0.0009467485590148872,178.2942875453404,170.6214301699684
2021-12-29,179.77999877929688,180.33999633789065,178.50999450683594,180.3000030517578,514900,0.0050727669613999105,178.94571576799666,171.13095383417038
2021-12-30,180.3500061035156,181.75,179.61000061035156,180.8300018310547,665000,0.002939538382285667,179.3000008719308,171.84285845075334
2021-12-31,180.5200042724609,181.67999267578125,177.3800048828125,177.72000122070312,858700,-0.017198476905713744,179.05428641183036,172.67000107538132
2022-01-03,176.83999633789062,178.9199981689453,173.5500030517578,178.61000061035156,1335400,0.005007874091465858,179.19571576799666,173.490477062407
2022-01-04,177.92999267578125,182.25,175.25999450683594,181.8999938964844,1242500,0.01841998362292241,179.7585710797991,174.25809587751115
2022-01-05,181.6300048828125,181.6300048828125,171.52999877929688,171.85000610351562,1701100,-0.05525007218355393,178.65714372907365,174.61285836356026
2022-01-06,169.4600067138672,172.0,164.3699951171875,164.61000061035156,1430300,-0.042129794797929554,176.54571533203125,174.48523966471353
2022-01-07,162.7899932861328,165.67999267578125,161.60000610351562,164.60000610351562,941500,-6.071627968462501e-05,174.30285862513952,174.20190647670202
2022-01-10,147.5,150.60000610351562,138.19000244140625,142.99000549316406,9883100,-0.1312879696782101,168.8971448625837,173.08809698195685
2022-01-11,141.2899932861328,149.25,141.2899932861328,148.4199981689453,7451600,0.037974630863559566,164.711430140904,172.27000136602493
2022-01-12,149.64999389648438,157.6699981689453,149.52000427246094,156.05999755859375,4328300,0.05147553890245904,161.49000113351005,171.78428722563245
2022-01-13,156.50999450683594,156.58999633789062,154.02999877929688,154.8300018310547,2860900,-0.007881556752410201,157.62285940987724,171.17476327078683
2022-01-14,154.19000244140625,154.4600067138672,149.41000366210938,152.5800018310547,2748900,-0.014532067256933345,154.87000165666853,170.2904779343378
2022-01-18,157.36000061035156,160.85000610351562,152.7899932861328,154.0399932861328,5849200,0.009568694701516112,153.36000061035156,169.4000011625744
2022-01-19,155.5,167.9499969482422,155.1999969482422,163.36000061035156,4733800,0.060503815440361874,153.182856968471,168.81047712053572
2022-01-20,164.58999633789062,168.97999572753906,163.35000610351562,164.4600067138672,2231700,0.006733631852385846,156.25,168.14904857817152
2022-01-21,164.4600067138672,169.0800018310547,163.5,164.75999450683594,2760000,0.0018240774700359896,158.58428519112724,167.4500005812872
2022-01-24,162.86000061035156,165.19000244140625,157.39999389648438,164.99000549316406,2750700,0.0013960366229472942,159.86000061035156,166.84857250395277
2022-01-25,161.99000549316406,164.8699951171875,158.2899932861328,158.38999938964844,1455600,-0.04000246005076402,160.36857169015067,165.91666739327567
2022-01-26,159.1699981689453,160.25,156.55999755859375,157.9199981689453,2871400,-0.0029673667688254746,161.13142830984933,164.88619123186385
2022-01-27,158.8000030517578,159.0500030517578,155.05999755859375,157.25,2368400,-0.004242642962980159,161.59000069754464,163.83190554664247
2022-01-28,158.5399932861328,159.27000427246094,154.25999450683594,158.74000549316406,3444700,0.009475392643332636,160.93000139508928,162.80523899623327
2022-01-31,160.0,169.99000549316406,158.47999572753906,163.33999633789062,3401300,0.028978144673962758,160.76999991280692,161.97238159179688
2022-02-01,163.9600067138672,164.27000427246094,158.10000610351562,160.25,1554800,-0.018917573204168314,160.12571498325892,161.1404767717634
2022-02-02,159.6699981689453,165.97000122070312,158.38999938964844,165.0500030517578,2078500,0.029953217171655666,160.13428606305803,160.49476260230654
2022-02-03,162.9499969482422,165.86000061035156,162.08999633789062,163.02000427246094,1602400,-0.01229929561806975,160.79571533203125,159.59571547735305
2022-02-04,161.77999877929688,175.63999938964844,159.22999572753906,175.0,5633200,0.07348788745899237,163.23571559361048,159.74571518670945
2022-02-07,175.0,176.61000061035156,173.57000732421875,175.10000610351562,3472500,0.0005714634486606585,165.7857164655413,160.2452392578125
2022-02-08,169.9499969482422,178.5,169.60000610351562,172.1999969482422,3850900,-0.016562016300325055,167.7085723876953,160.60714358375185
2022-02-09,173.47999572753906,173.6199951171875,168.91000366210938,172.33999633789062,1692700,0.0008130046000554003,168.9942866734096,162.0047621954055
2022-02-10,170.25,177.7100067138672,169.47999572753906,173.14999389648438,1534500,0.004699997538619272,170.83714294433594,163.18238103957404
2022-02-11,173.4199981689453,174.75999450683594,170.6999969482422,171.47999572753906,1360500,-0.009644806397993255,171.7557133265904,163.91666666666666
2022-02-14,171.7899932861328,171.86000061035156,167.00999450683594,167.07000732421875,1181900,-0.025717217828295502,172.33428519112724,164.49952407110305
2022-02-15,167.7100067138672,170.77000427246094,167.33999633789062,168.92999267578125,1813400,0.011132969833137052,171.4671412876674,165.2780950637091
2022-02-16,168.25,168.25,162.94000244140625,166.08999633789062,2482900,-0.016811676203297377,170.17999703543526,165.8519047328404
2022-02-17,165.25999450683594,166.14999389648438,161.8800048828125,162.1300048828125,1494400,-0.02384244411097458,168.7414267403739,165.7933335077195
2022-02-18,162.3300018310547,162.92999267578125,158.35000610351562,158.5,1591600,-0.02238947001473457,166.76428440638952,165.50952366420202
2022-02-22,157.57000732421875,160.17999267578125,157.5399932861328,158.27999877929688,1480900,-0.0013880203198934904,164.63999938964844,165.2009524390811
2022-02-23,158.94000244140625,161.10000610351562,157.66000366210938,157.82000732421875,1738200,-0.0029061881389039756,162.6885724748884,164.8595239548456
2022-02-24,154.5500030517578,163.38999938964844,153.97000122070312,163.3800048828125,1678300,0.03522999176632613,162.16142926897322,165.0971432640439
2022-02-25,165.24000549316406,166.3800048828125,161.13999938964844,165.27999877929688,1557900,0.011629292690052084,161.64000156947546,165.44761948358445
2022-02-28,163.52999877929688,165.08999633789062,160.8699951171875,162.0,2114100,-0.019845104087136134,161.05571637834822,165.67380995977493
2022-03-01,163.35000610351562,164.0,158.0,159.8000030517578,1446900,-0.013580228075569023,160.72285897391183,165.72428603399368
2022-03-02,160.4199981689453,161.63999938964844,159.6300048828125,160.86000061035156,1561300,0.006633276209953687,161.06000191824776,165.60619099934897
2022-03-03,161.44000244140625,161.44000244140625,157.27999877929688,158.1999969482422,1583800,-0.016536141066868848,161.04857308523995,165.5085718064081
2022-03-04,158.7100067138672,158.99000549316406,155.39999389648438,158.00999450683594,3267600,-0.0012010268335745922,161.07571411132812,165.17333330426897
2022-03-07,158.0,162.39999389648438,157.11000061035156,158.0,2015500,-6.325237126381111e-05,160.30714198521204,164.93428548177084
2022-03-08,158.22999572753906,158.5,152.97999572753906,156.10000610351562,2469200,-0.0120252778258505,158.99571446010046,164.03428577241442
2022-03-09,158.0,161.22000122070312,157.5399932861328,158.32000732421875,1322200,0.014221660050615093,158.47000122070312,163.23523821149553
2022-03-10,157.1199951171875,158.52000427246094,155.50999450683594,158.2899932861328,1828400,-0.0001895783015248842,158.25428553989954,162.5728570847284
2022-03-11,158.74000549316406,158.99000549316406,153.47000122070312,153.49000549316406,965300,-0.03032401286600639,157.20142909458704,161.67523847307478
2022-03-14,153.0,153.1199951171875,141.60000610351562,141.82000732421875,4480100,-0.07603099714179795,154.86143057686942,160.18333435058594
2022-03-15,140.9499969482422,143.80999755859375,133.5399932861328,142.8800048828125,3258800,0.007474245549645708,152.70000348772322,158.8214300246466
2022-03-16,143.57000732421875,148.80999755859375,141.9499969482422,148.7899932861328,2097300,0.04136329928157245,151.38428824288505,157.9509531656901
2022-03-17,148.38999938964844,150.05999755859375,145.0800018310547,149.50999450683594,1534800,0.004839043303930479,150.44285801478796,157.02619134812127
2022-03-18,149.41000366210938,153.1999969482422,147.92999267578125,151.3699951171875,1889400,0.012440643961541431,149.4499991280692,156.32523890904017
2022-03-21,150.22000122070312,152.82000732421875,149.47000122070312,151.22000122070312,1335400,-0.0009909090395904263,148.44000026157923,155.80571492513022
2022-03-22,151.44000244140625,154.47999572753906,150.6199951171875,152.2899932861328,1485600,0.007075731099010163,148.26856994628906,155.51000031970796
2022-03-23,150.82000732421875,152.52999877929688,149.0800018310547,149.39999389648438,1295500,-0.018976948696941,149.35142517089844,155.08714294433594
2022-03-24,150.38999938964844,150.67999267578125,148.6999969482422,150.5,1038200,0.007362825625533809,150.43999590192522,154.7385711669922
2022-03-25,150.36000061035156,154.5399932861328,148.50999450683594,154.5,1589000,0.02657807308970095,151.2557111467634,154.31571379162017
2022-03-28,154.66000366210938,156.91000366210938,153.82000732421875,156.5,1376000,0.012944983818770295,152.25428336007255,153.89761861165366
2022-03-29,158.14999389648438,159.5,156.49000549316406,158.57000732421875,1395700,0.013226883860822714,153.28285653250558,153.73428562709265
2022-03-30,157.32000732421875,159.50999450683594,155.55999755859375,156.05999755859375,1462300,-0.015829032286622358,153.97428458077567,153.55619012741815
2022-03-31,156.08999633789062,157.6999969482422,153.66000366210938,153.74000549316406,1284900,-0.014866026539303467,154.18142918178015,153.2171427408854
2022-04-01,153.7899932861328,154.85000610351562,151.07000732421875,151.8800048828125,1152800,-0.012098351397771157,154.5357164655413,152.9161907377697
2022-04-04,152.1699981689453,155.83999633789062,151.6300048828125,154.42999267578125,1268000,0.01678948980108519,155.0971439906529,152.74571446010046
2022-04-05,154.42999267578125,157.08999633789062,150.9199981689453,151.89999389648438,1134900,-0.016382820043309154,154.72571454729353,152.45523797898065
2022-04-06,150.4199981689453,152.0,144.89999389648438,147.1999969482422,2461000,-0.030941389974282085,153.3971426827567,152.03142801920572
2022-04-07,147.2899932861328,147.89999389648438,142.00999450683594,143.39999389648438,1941000,-0.025815238658557504,151.22999790736608,151.3209511893136
2022-04-08,142.8300018310547,144.10000610351562,140.13999938964844,141.30999755859375,1537300,-0.014574591540075787,149.12285505022322,150.51237996419272
2022-04-11,140.1300048828125,143.69000244140625,140.11000061035156,140.52999877929688,1298100,-0.0055197706657198475,147.23571123395647,149.8952367873419
2022-04-12,141.25,142.67999267578125,137.9600067138672,138.36000061035156,1726500,-0.015441529835585555,145.30428205217635,149.73047456287202
2022-04-13,137.8699951171875,139.91000366210938,136.27999877929688,138.99000549316406,1541800,0.004553374385901643,143.09856959751673,149.5452364966983
2022-04-14,138.8800048828125,139.89999389648438,137.24000549316406,137.9600067138672,1357700,-0.007410596003951775,141.10714285714286,149.02952285039993
2022-04-18,137.3300018310547,137.5500030517578,133.89999389648438,135.6999969482422,1478400,-0.01638162986112579,139.46428571428572,148.37190391903832
2022-04-19,134.5399932861328,140.69000244140625,134.49000549316406,140.3699951171875,2485900,0.0344141361383119,139.03142874581474,147.8480943952288
2022-04-20,140.1300048828125,140.35000610351562,137.0500030517578,137.33999633789062,1339700,-0.021585800988076498,138.46428571428572,147.18714178176154
2022-04-21,137.6300048828125,138.66000366210938,131.3699951171875,131.52999877929688,1608400,-0.04230375501321337,137.17857142857142,146.19857061476935
2022-04-22,132.1300048828125,136.8300018310547,131.44000244140625,136.41000366210938,3813700,0.03710183933781508,136.9000004359654,145.57999965122767
2022-04-25,135.92999267578125,136.4600067138672,131.39999389648438,132.9600067138672,1895000,-0.02529137787275415,136.03857203892298,144.74476187569755
2022-04-26,131.86000061035156,132.36000061035156,124.87999725341795,125.01000213623048,3105500,-0.05979245018199564,134.1885713849749,143.34047626313708
2022-04-27,124.62000274658205,125.98999786376952,121.51000213623048,121.6500015258789,2595300,-0.026877854195138662,132.18142918178015,141.68095252627418
2022-04-28,123.19000244140624,123.87000274658205,120.27999877929688,123.2300033569336,2609700,0.01298809544789492,129.7328589303153,139.9980951944987
2022-04-29,123.19000244140624,125.3000030517578,119.12000274658205,119.51000213623048,1595500,-0.030187463437197137,127.1857169015067,138.25761922200522
2022-05-02,120.22000122070312,121.98999786376952,117.83999633789062,121.94000244140624,1456800,0.020333028715084245,125.81571742466518,136.7433333623977
2022-05-03,121.04000091552734,123.61000061035156,120.48999786376952,121.3499984741211,1432300,-0.00483847757481104,123.66428811209542,135.2895235334124
2022-05-04,122.62000274658205,124.95999908447266,120.13999938964844,124.76000213623048,1540200,0.02810056617212564,122.49285888671875,133.87666684105284
2022-05-05,122.7300033569336,124.02999877929688,118.30999755859376,120.2300033569336,1796200,-0.03630970424600022,121.81000191824776,132.36857205345518
2022-05-06,119.62999725341795,119.9000015258789,113.4499969482422,114.2699966430664,2498700,-0.04957170878697703,120.75571550641742,130.80047680082777
2022-05-09,111.73999786376952,113.18000030517578,105.01000213623048,106.1500015258789,4311300,-0.07105973007552546,118.31571524483817,129.02666764032273
2022-05-10,107.58000183105467,108.30999755859376,101.8499984741211,103.58999633789062,5099900,-0.024116864354110867,116.0414287022182,127.23047710600353
2022-05-11,103.23999786376952,110.33000183105467,102.4000015258789,105.26000213623048,3931800,0.016121303768489526,113.6585715157645,125.5509534563337
2022-05-12,103.16999816894533,108.0,102.16000366210938,106.20999908447266,2926700,0.009025241582388155,111.49571446010044,124.02000100272042
2022-05-13,107.62999725341795,111.26000213623048,107.1500015258789,109.93000030517578,3222700,0.035024962364837986,109.37714276994977,122.63619123186383
2022-05-16,109.80999755859376,112.04000091552734,108.55999755859376,110.11000061035156,4691200,0.0016374083933055061,107.93142809186664,121.31000046502976
2022-05-17,119.87999725341795,124.58999633789062,117.63999938964844,123.08000183105467,8128000,0.11779131004276633,109.19000026157924,120.70904831659226
2022-05-18,121.27999877929688,125.6999969482422,120.68000030517578,123.0500030517578,4142700,-0.00024373398481136732,111.60428619384766,119.88428678966704
2022-05-19,122.41000366210938,127.0,119.66999816894533,119.76000213623048,5006400,-0.026737105517530613,113.91428702218192,119.0471442086356
2022-05-20,120.88999938964844,121.81999969482422,114.91999816894533,116.12000274658205,19700700,-0.030394115937872446,115.46571568080357,118.31333487374442
2022-05-23,115.01000213623048,124.25,114.25,123.62000274658205,7573700,0.06458835534449525,117.95285906110492,117.70428721110027
2022-05-24,122.4499969482422,125.25,121.2300033569336,122.69000244140624,5057200,-0.007523056823435681,119.77571650913784,117.21523938860211
2022-05-25,121.62999725341795,123.3000030517578,118.48999786376952,122.08000183105467,3580600,-0.00497188522465708,121.48571668352399,117.07571556454613
2022-05-26,122.37999725341795,123.63999938964844,120.87999725341795,123.27999877929688,3394600,0.00982959477591483,121.51428767613002,117.15333448137555
2022-05-27,123.5999984741211,127.56999969482422,123.55999755859376,125.77999877929688,3540000,0.02027903978548573,121.90428706577846,117.27476283482143
2022-05-31,127.36000061035156,128.0399932861328,123.5999984741211,124.52999877929688,3868100,-0.009937987057809905,122.58571515764508,117.51381029401507
2022-06-01,125.86000061035156,126.08000183105467,122.58999633789062,124.62999725341795,2051800,0.0008030071075348921,123.80142865862165,117.64190528506325
2022-06-02,124.48999786376952,130.36000061035156,124.0500030517578,129.0500030517578,2453300,0.03546502363594195,124.57714298793248,118.00857216971261
2022-06-03,126.97000122070312,129.0,126.63999938964844,126.97000122070312,1688300,-0.016117797612298146,125.18857138497489,118.11381022135417
2022-06-06,127.87000274658205,128.36000061035156,126.52999877929688,126.98999786376952,1971500,0.0001574910835169252,125.88999938964842,118.43571472167969
2022-06-07,125.58000183105467,134.82000732421875,125.51000213623048,131.64999389648438,2697500,0.036695772195491694,127.08571297781808,119.26333363850911
2022-06-08,132.0,133.99000549316406,130.25999450683594,131.39999389648438,1559300,-0.0018989746417806819,127.88856942313058,120.46571422758556
2022-06-09,131.39999389648438,133.69000244140625,129.1199951171875,129.22999572753906,2966200,-0.01651444649727163,128.55999755859375,121.68666657947358
2022-06-10,126.5,128.74000549316406,124.93000030517578,127.9499969482422,2465400,-0.00990481174351765,129.03428322928292,122.76714252290272
2022-06-13,125.7699966430664,127.5199966430664,122.66000366210938,123.19000244140624,3097300,-0.03720198999896385,128.19714028494698,123.57571411132812
2022-06-14,124.20999908447266,124.76000213623048,120.4800033569336,121.41000366210938,2039000,-0.014449214579271508,127.4028549194336,124.12238093784877
2022-06-15,122.1500015258789,127.83999633789062,121.83999633789062,126.16000366210938,2361100,0.0391236294928341,127.28428431919643,124.88666679745629
2022-06-16,123.91999816894533,125.63999938964844,122.08999633789062,124.9000015258789,2072500,-0.009987334334620734,126.31999969482422,124.97333344959077
2022-06-17,125.5,128.0,123.62000274658205,125.80999755859376,3398400,0.007285796810229117,125.52142878941129,125.10476175944011
2022-06-21,125.29000091552734,129.0,124.87000274658205,128.77999877929688,2854900,0.023607036629341716,125.45714351109096,125.53428540910993
2022-06-22,127.9499969482422,130.4499969482422,127.58999633789062,128.60000610351562,1524400,-0.0013976757065335965,125.5500019618443,126.12857128324963
2022-06-23,130.0500030517578,131.58999633789062,128.32000732421875,130.0500030517578,1656400,0.011275247895983886,126.53000204903739,126.43476177397228
2022-06-24,130.66000366210938,134.1699981689453,130.60000610351562,133.6199951171875,4585800,0.027450918736302343,128.27428654262,126.95523761567615
2022-06-27,132.5,133.60000610351562,127.93000030517578,129.2100067138672,2490000,-0.0330039557287265,128.71000126429968,127.29476165771484
2022-06-28,129.99000549316406,131.3800048828125,126.0500030517578,126.18000030517578,1705700,-0.023450245733686037,128.89285823277064,127.43285696847099
2022-06-29,125.5500030517578,125.98999786376952,123.27999877929688,125.52999877929688,1697300,-0.005151383137635301,128.85285840715682,127.42095220656623
2022-06-30,124.1999969482422,124.66999816894533,121.0500030517578,122.52999877929688,1679900,-0.02389866987312339,127.96000126429966,127.32571411132812
2022-07-01,122.77999877929688,125.04000091552734,121.7300033569336,124.86000061035156,1003500,0.019015766377763033,127.42571476527623,127.33666665213448
2022-07-05,123.37000274658205,127.94000244140624,121.95999908447266,127.04000091552734,1783500,0.017459557060061748,126.99571446010044,127.24095226469494
2022-07-06,127.2699966430664,127.72000122070312,124.9000015258789,125.62000274658205,966900,-0.011177567370213581,125.8528584071568,127.17666662307013
2022-07-07,125.23999786376952,127.52999877929688,124.1999969482422,126.81999969482422,1463400,0.009552594507285406,125.51142883300781,127.16857147216797
2022-07-08,126.1999969482422,126.70999908447266,123.1999969482422,124.93000030517578,2048600,-0.014903007366318222,125.33285740443638,126.84857177734375
2022-07-11,124.68000030517578,125.0,122.11000061035156,122.6999969482422,1254200,-0.017850022824671297,124.92857142857143,126.43428620837983
2022-07-12,122.56999969482422,124.04000091552734,120.98999786376952,121.98999786376952,1279000,-0.005786463750053539,124.85142844063895,126.0895244053432
2022-07-13,119.93000030517578,122.0,118.55999755859376,121.13999938964844,1550400,-0.006967771858396921,124.31999969482422,125.76523880731492
2022-07-14,120.31999969482422,122.79000091552734,118.76000213623048,122.73999786376952,2260900,0.013207846146462865,123.7057135445731,125.74381001790364
2022-07-15,123.43000030517578,125.0,123.19000244140624,123.8499984741211,1089100,0.009043511729432963,123.4528557913644,125.86000024704705
2022-07-18,124.79000091552734,126.54000091552734,122.87000274658205,123.6500015258789,2781700,-0.0016148320606074185,122.99999891008649,125.740476335798
2022-07-19,125.0199966430664,128.2899932861328,124.06999969482422,126.97000122070312,1483500,0.02684997698224345,123.29142761230469,125.83904774983723
2022-07-20,127.37999725341795,130.55999755859375,127.08999633789062,130.00999450683594,1409500,0.023942610513554285,124.33571297781808,126.03904760451545
2022-07-21,129.47999572753906,132.35000610351562,129.3699951171875,132.27000427246094,1303600,0.017383354058261746,125.80428532191685,126.20523834228516
2022-07-22,131.55999755859375,133.7899932861328,129.97000122070312,130.41000366210938,1104200,-0.01406214977146425,127.12857164655414,126.2914287022182
2022-07-25,129.89999389648438,131.25999450683594,129.42999267578125,130.77000427246094,1170600,0.0027605291023864442,128.27571541922433,126.32571447463263
2022-07-26,130.97000122070312,131.88999938964844,130.1999969482422,131.10000610351562,1564100,0.002523528487214266,129.31143079485213,126.2057149977911
2022-07-27,130.50999450683594,132.22999572753906,129.55999755859375,130.5800018310547,2203100,-0.0039664702383792605,130.30143083844865,126.27095286051433
2022-07-28,130.5800018310547,132.0500030517578,129.67999267578125,130.35000610351562,2605900,-0.0017613395949912514,130.78428867885046,126.46952456519718
2022-07-29,129.5,132.8800048828125,129.4199981689453,132.72999572753906,1885600,0.01825845425840189,131.17286028180803,126.81238156273251
2022-08-01,132.2899932861328,132.4199981689453,126.69000244140624,127.55999755859376,1729200,-0.03895124188475063,130.50000217982702,127.05190531412761
2022-08-02,126.44000244140624,129.0399932861328,126.1500015258789,126.66000366210938,1488200,-0.007055455579410674,129.96428789411272,127.13761974516369
2022-08-03,127.4800033569336,129.8800048828125,126.6999969482422,129.80999755859375,1671600,0.024869681078548034,129.827144077846,127.26952434721447
2022-08-04,130.32000732421875,130.3300018310547,126.43000030517578,127.38999938964844,2827700,-0.01864261778337195,129.2971431187221,127.3538099016462
2022-08-05,125.38999938964844,127.4000015258789,125.27999877929688,127.16000366210938,2121100,-0.0018054457072064212,128.8085719517299,127.37000056675502
2022-08-08,125.87000274658205,130.0,125.08999633789062,125.51000213623048,4477600,-0.012975790172696788,128.1171428135463,127.39761970156715
2022-08-09,121.1500015258789,124.5,118.02999877929688,120.76000213623048,5966100,-0.03784558934868221,126.40714372907367,127.30523899623326
2022-08-10,122.08000183105467,124.91000366210938,122.04000091552734,123.79000091552734,3167000,0.02509107921245879,125.86857278006417,127.39095342726935
2022-08-11,125.23999786376952,125.38999938964844,120.33999633789062,120.66999816894533,2304300,-0.02520399647392413,125.01285770961216,127.36857241675968
2022-08-12,121.41999816894533,123.37000274658205,120.31999969482422,123.13999938964844,1842600,0.02046905824300227,124.06000082833427,127.3876201084682
2022-08-15,123.27999877929688,129.0399932861328,123.27999877929688,127.38999938964844,2157400,0.03451356197064648,124.06000082833427,127.55619158063617
2022-08-16,126.0199966430664,137.42999267578125,126.0199966430664,136.58999633789062,3772600,0.07221914586954425,125.40714263916016,128.17238180977958
2022-08-17,134.30999755859375,135.8300018310547,131.66000366210938,133.0,2758200,-0.026283010719246547,126.47714233398438,128.4595246087937
2022-08-18,132.41000366210938,132.8800048828125,130.2100067138672,130.47000122070312,2723700,-0.019022547212758423,127.86428506033761,128.48142969040643
2022-08-19,128.8300018310547,129.9499969482422,127.02999877929688,127.73999786376952,1363400,-0.020924375959156527,128.42857033865792,128.26571509951637
2022-08-22,126.72000122070312,127.58999633789062,124.56999969482422,125.31999969482422,1584200,-0.01894471746841697,129.09285627092635,128.02333395821708
2022-08-23,124.58000183105467,125.5500030517578,123.45999908447266,124.36000061035156,1172700,-0.00766038211626574,129.26714215959822,127.71809568859283
2022-08-24,124.61000061035156,125.4000015258789,123.16000366210938,123.3000030517578,1012800,-0.008523621368537793,128.682856968471,127.34666697184245
2022-08-25,123.5999984741211,125.4800033569336,123.08999633789062,125.4800033569336,1004800,0.017680456214268725,127.09571511404855,127.1038099016462
2022-08-26,128.16000366210938,130.4499969482422,126.9800033569336,127.47000122070312,2724400,0.01585908360321686,126.30571528843471,126.96666681198846
2022-08-29,124.54000091552734,126.0500030517578,121.30999755859376,122.9000015258789,1848600,-0.035851570181690606,125.22428676060268,126.49857185000465
2022-08-30,124.13999938964844,124.51000213623048,121.9499969482422,123.04000091552734,1208600,0.0011391325297824828,124.5528586251395,126.28333391462054
2022-08-31,124.41999816894533,125.68000030517578,122.23999786376952,122.55999755859376,1739100,-0.0039011976053472397,124.15857260567802,126.08809552873883
2022-09-01,121.01000213623048,121.56999969482422,118.2300033569336,120.72000122070312,1363200,-0.015013025249212886,123.6385726928711,125.65523856026786
2022-09-02,121.7699966430664,121.7699966430664,118.4000015258789,118.62999725341795,1095400,-0.01731282261556788,122.97142900739398,125.23809560139973
2022-09-06,118.13999938964844,120.70999908447266,117.25,119.52999877929688,1541800,0.007586626879509506,122.12142835344586,124.87476203555153
2022-09-07,118.48999786376952,120.75,117.1999969482422,120.58000183105467,1073900,0.008784431209579058,121.13714272635323,124.64000011625744
2022-09-08,119.81999969482422,120.62000274658205,117.7300033569336,120.58000183105467,1434200,0.0,120.8057141985212,124.63142867315383
2022-09-09,123.63999938964844,127.91999816894533,123.0,127.77999877929688,2058700,0.05971136870880267,121.48285675048828,124.82142857142857
2022-09-12,127.77999877929688,130.86000061035156,127.77999877929688,129.5399932861328,1706600,0.013773630643680201,122.47999899727958,125.24380929129464
2022-09-13,126.48999786376952,129.25,126.1500015258789,127.0199966430664,1363900,-0.01945342576558684,123.37999834333148,125.42857106526692
2022-09-14,126.6500015258789,128.80999755859375,126.13999938964844,128.16000366210938,1906900,0.00897502006905615,124.74142783028739,125.46523793538411
2022-09-15,127.86000061035156,129.99000549316406,127.61000061035156,128.42999267578125,1412900,0.0021066557893030247,126.01285552978516,125.07666633242653
2022-09-16,127.5500030517578,127.5500030517578,122.3000030517578,124.19000244140624,2325600,-0.03301401912463531,126.52856990269251,124.65714263916016
2022-09-19,121.9499969482422,125.56999969482422,120.0500030517578,125.08000183105467,3071500,0.00716643346607837,127.17142704554966,124.40047600155785
2022-09-20,123.30999755859376,124.38999938964844,121.5999984741211,121.69000244140624,2181500,-0.027102649024800196,126.30142756870815,124.11238098144531
2022-09-21,121.69000244140624,122.47000122070312,117.91999816894533,117.91999816894533,1453900,-0.03098039441881162,124.64142826625279,123.75999995640346
2022-09-22,116.9000015258789,117.5199966430664,114.16000366210938,114.73999786376952,1621700,-0.026967438556264156,122.88714272635323,123.3019045875186
2022-09-23,113.70999908447266,113.76000213623048,107.37000274658205,110.36000061035156,2724300,-0.03817323805965478,120.3442851475307,122.68571399507069
2022-09-26,109.75,111.68000030517578,106.54000091552734,109.56999969482422,2500700,-0.007158398977511804,117.6500004359654,121.92809477306548
2022-09-27,110.66000366210938,112.08000183105467,108.91999816894533,109.9000015258789,1462500,0.0030117900152761834,115.60857173374721,121.09142812093098
2022-09-28,110.2699966430664,114.69000244140624,109.54000091552734,114.19000244140624,1908700,0.03903549459475797,114.05285753522601,120.67666625976562
2022-09-29,112.62999725341795,113.02999877929688,108.4000015258789,108.58000183105467,1854100,-0.049128649535060576,112.18000030517578,119.98809487479073
2022-09-30,109.52999877929688,111.94000244140624,108.55999755859376,109.0,1664300,0.0038680987462020866,110.9057148524693,119.3423807053339
2022-10-03,109.7300033569336,113.91000366210938,108.8000030517578,113.36000061035156,1735000,0.04000000559955552,110.70857238769531,118.99190448579334
2022-10-04,114.77999877929688,117.16999816894533,114.77999877929688,116.58999633789062,1606500,0.028493257852400866,111.59857177734375,118.89476158505394
2022-10-05,115.02999877929688,117.62999725341795,113.9800033569336,117.3000030517578,1316000,0.006089773875706195,112.7028579711914,118.78857131231399
2022-10-06,121.0,122.61000061035156,118.79000091552734,121.37999725341795,2837600,0.034782558359012894,114.34285736083984,118.82666633242653
2022-10-07,118.75,121.06999969482422,118.56999969482422,120.7300033569336,1507200,-0.005355033046567814,115.27714320591518,118.83380926223029
2022-10-10,119.83000183105467,120.6500015258789,117.0500030517578,117.93000030517578,1000700,-0.02319227179576655,116.61285727364677,118.36476171584357
2022-10-11,117.5500030517578,117.5500030517578,111.6500015258789,115.08999633789062,1840200,-0.024082116170065948,117.48285675048828,117.67666662307013
2022-10-12,116.58999633789062,120.0,115.33999633789062,116.5500030517578,1478800,0.012685782955286218,117.93857138497489,117.17809549967448
2022-10-13,113.77999877929688,119.26000213623048,112.5,118.86000061035156,1910900,0.01981979835356973,118.26285770961216,116.73523821149554
2022-10-14,120.0500030517578,121.2699966430664,117.69000244140624,117.81999969482422,1375000,-0.008749797326155884,118.33714294433594,116.23000045049758
2022-10-17,119.63999938964844,120.81999969482422,117.6999969482422,117.88999938964844,1261300,0.0005941240452005392,117.83857182094029,115.93000030517578
2022-10-18,120.72000122070312,121.93000030517578,119.45999908447266,121.29000091552734,1087700,0.028840457574702993,117.91857147216797,115.74952407110305
2022-10-19,119.93000030517578,122.62999725341795,119.33000183105467,122.5,1273600,0.00997608273838968,118.57142857142857,115.78809538341704
2022-10-20,123.08000183105467,127.08000183105467,122.5500030517578,123.88999938964844,1435900,0.01134693379304852,119.82857186453683,116.07238115583148
2022-10-21,122.86000061035156,125.80999755859376,121.73999786376952,125.5500030517578,1005500,0.013399012594135673,121.1142861502511,116.58714330764045
2022-10-24,125.76000213623048,125.80999755859376,120.63999938964844,123.11000061035156,1103600,-0.019434507224984632,121.72142900739398,117.19428616478329
2022-10-25,123.56999969482422,125.61000061035156,122.7300033569336,125.02999877929688,1309100,0.015595793675789116,122.75142887660435,117.93047659737724
2022-10-26,124.02999877929688,126.4000015258789,122.80999755859376,123.62000274658205,1435200,-0.011277261829009233,123.57000078473773,118.58380998883929
2022-10-27,123.63999938964844,125.31999969482422,121.3499984741211,122.73999786376952,1268800,-0.007118628565447538,123.77714320591518,118.99095262799945
2022-10-28,122.77999877929688,124.27999877929688,122.23999786376952,124.0199966430664,1388200,0.010428538386627384,123.9942855834961,119.72619047619048
2022-10-31,123.37000274658205,123.47000122070312,117.6500015258789,118.4800033569336,2593500,-0.04467016155529413,123.22142900739398,120.17761920747303
2022-11-01,120.44000244140624,122.73999786376952,115.95999908447266,116.30999755859376,1943700,-0.01831537590189336,121.90142822265625,120.31809525262742
2022-11-02,115.06999969482422,118.44000244140624,113.3000030517578,113.5500030517578,2104700,-0.02372964117246723,120.53571428571429,120.17333366757347
2022-11-03,112.08999633789062,113.93000030517578,109.93000030517578,111.3000030517578,1307500,-0.019815058912630912,118.57428632463727,119.8876193818592
2022-11-04,111.62999725341795,111.9499969482422,107.75,108.52999877929688,2524700,-0.024887728629915618,116.41857147216797,119.27571469261532
2022-11-07,108.5999984741211,109.38999938964844,106.22000122070312,108.4000015258789,5450700,-0.0011978001923903525,114.37000056675502,118.68857174827939
2022-11-08,91.9000015258789,98.9499969482422,90.0,93.56999969482422,19320500,-0.13680813304706685,110.02000100272042,117.52857171921502
2022-11-09,93.2699966430664,95.56999969482422,92.76000213623048,94.08999633789062,3967800,0.005557300895183914,106.53571428571429,116.52857171921502
2022-11-10,98.41999816894533,99.6500015258789,96.25,98.56999969482422,3100500,0.047614024139667865,104.00142887660435,115.67238108317058
2022-11-11,98.9499969482422,104.0500030517578,98.16000366210938,102.25,4107000,0.0373338776155947,102.38714272635323,114.88142867315383
2022-11-14,102.23999786376952,103.72000122070312,99.83999633789062,99.87999725341795,2824000,-0.023178510969017574,100.7557133265904,114.02714284261067
2022-11-15,102.11000061035156,103.16999816894533,99.33000183105467,101.02999877929688,2545800,0.01151383217363433,99.68428475516183,113.22428567068917
2022-11-16,100.68000030517578,102.66999816894533,100.12999725341795,100.80999755859376,2506000,-0.002177583127400684,98.5999984741211,112.2490474155971
2022-11-17,98.01000213623048,100.0199966430664,97.12000274658205,99.66000366210938,1710900,-0.011407538184057375,99.46999904087612,111.1614285423642
2022-11-18,101.0199966430664,101.0199966430664,98.5,98.7699966430664,1992900,-0.00893043333673238,100.13857051304409,109.96523793538411
2022-11-21,98.33000183105467,99.0500030517578,96.41999816894533,97.43000030517578,1955100,-0.01356683591610397,99.97571345738002,108.62619018554688
2022-11-22,97.5199966430664,100.47000122070312,96.0,100.29000091552734,1714200,0.02935441446570164,99.69571358816964,107.53952353341239
2022-11-23,100.7300033569336,103.2300033569336,99.58000183105467,103.1500015258789,1170700,0.0285173056560295,100.16285705566406,106.49761890229725
2022-11-25,102.47000122070312,103.66999816894533,102.23999786376952,102.62999725341795,939700,-0.00504124347812529,100.39142826625279,105.4980948311942
2022-11-28,102.38999938964844,103.04000091552734,100.4800033569336,101.26000213623048,1387600,-0.013348876097157292,100.45571463448661,104.47523789178757
2022-11-29,101.48999786376952,101.97000122070312,100.0999984741211,101.3499984741211,1522700,0.0008887649219040394,100.69714246477399,103.39571416945685
2022-11-30,101.27999877929688,105.83999633789062,100.13999938964844,105.69000244140624,4514100,0.042821944081166574,101.68571472167969,102.78666650681268
2022-12-01,106.20999908447266,107.41999816894533,104.8000030517578,106.4000015258789,1586900,0.006717750667725619,102.96714346749442,102.31476193382626
2022-12-02,105.77999877929688,108.87999725341795,105.47000122070312,108.76000213623048,1857800,0.022180456546117444,104.17714364188058,102.08666665213448
2022-12-05,108.36000061035156,109.8000030517578,106.4000015258789,106.9800033569336,2042200,-0.016366299598516876,104.72428676060268,101.88095238095238
2022-12-06,106.37000274658205,107.4000015258789,101.02999877929688,101.2699966430664,2180400,-0.05337452359966777,104.53000095912388,101.53523799351284
2022-12-07,100.9000015258789,102.37000274658205,98.66999816894533,99.48999786376952,1885700,-0.017576763486727764,104.27714320591518,101.11095210484096
2022-12-08,99.5,101.29000091552734,98.1999969482422,100.79000091552734,1558500,0.013066670817883708,104.1971435546875,101.45476168677921
2022-12-09,100.83000183105467,102.16000366210938,99.41000366210938,102.05999755859376,1656600,0.01260042297381081,103.67857142857143,101.83428555443173
2022-12-12,102.41999816894533,103.31999969482422,100.38999938964844,102.61000061035156,1770500,0.005389016900985366,103.13714272635323,102.02666655040923
2022-12-13,105.93000030517578,108.94000244140624,102.16000366210938,104.5500030517578,2530700,0.01890656300425486,102.53571428571429,102.13619050525483
2022-12-14,104.31999969482422,106.86000061035156,104.22000122070312,104.80999755859376,1675100,0.0024867957842837907,102.22571345738002,102.37095242454892
2022-12-15,103.3499984741211,103.8000030517578,100.38999938964844,101.66000366210938,1775900,-0.03005432658963081,102.28142874581474,102.4009526570638
2022-12-16,101.33999633789062,101.70999908447266,100.3499984741211,100.76000213623048,3206400,-0.008853054234291169,102.46285792759487,102.39857192266555
2022-12-19,100.37000274658205,100.5999984741211,98.2300033569336,98.58999633789062,3426100,-0.021536381027522644,102.14857155936105,102.34761919294085
2022-12-20,97.77999877929688,99.4499969482422,97.20999908447266,98.11000061035156,2379000,-0.004868604781097741,101.58428628104073,102.31619081043061
2022-12-21,98.1999969482422,99.91999816894533,97.2300033569336,99.87999725341795,1657000,0.018040940088217994,101.1942858014788,102.43285733177548
2022-12-22,98.91999816894533,99.76000213623048,97.3499984741211,99.2699966430664,1856500,-0.006107335073346487,100.43999917166573,102.38428569975353
2022-12-23,98.9800033569336,99.93000030517578,98.6999969482422,99.83000183105467,1154000,0.005641233070670992,99.72857121058873,102.22619047619048
2022-12-27,99.33999633789062,99.58000183105467,97.77999877929688,99.37999725341795,1225100,-0.0045077087987864806,99.4028560093471,102.07142857142857
2022-12-28,99.41999816894533,99.7300033569336,98.5500030517578,99.69000244140624,1928800,0.003119392197181936,99.24999891008649,101.99666668119885
2022-12-29,100.19000244140624,102.77999877929688,100.0500030517578,101.33999633789062,1526400,0.016551247427786908,99.64285605294364,101.99619038899739
2022-12-30,100.16999816894533,104.45999908447266,99.97000122070312,104.12999725341795,1749700,0.02753109351045202,100.5028555733817,101.92190442766461
2023-01-03,105.26000213623048,106.26000213623048,102.37999725341795,103.11000061035156,1668600,-0.009795416018153369,100.96428462437221,101.76523771740142
2023-01-04,103.5,108.62999725341795,103.5,106.7699966430664,1474800,0.03549603346959351,102.03571319580078,101.67047555106026
2023-01-05,106.7699966430664,106.9499969482422,105.31999969482422,105.95999908447266,1218400,-0.007586378046836373,102.9114270891462,101.62190391903832
2023-01-06,107.08000183105467,107.08000183105467,103.2699966430664,104.75,2602800,-0.011419395006865063,103.67857033865792,101.78761836460659
2023-01-09,105.26000213623048,107.29000091552734,104.91999816894533,105.0999984741211,2185800,0.003341274215953094,104.45142691476005,102.0547612508138
2023-01-10,104.79000091552734,106.68000030517578,104.79000091552734,105.52999877929688,1313800,0.00409134454251836,105.0499986921038,102.28047543480282
2023-01-11,105.9800033569336,106.93000030517578,104.41000366210938,105.26000213623048,1715700,-0.002558482385952243,105.211427961077,102.43285660516648
2023-01-12,104.91000366210938,105.05999755859376,101.52999877929688,104.29000091552734,1775700,-0.00921528786829906,105.37999943324498,102.51285661969867
2023-01-13,103.41000366210938,105.08999633789062,103.05999755859376,105.02999877929688,1437700,0.0070955782651580535,105.13142830984933,102.53571355910529
2023-01-17,105.02999877929688,105.63999938964844,103.25,104.54000091552734,1438900,-0.004665313429158324,104.92857142857143,102.52285657610211
2023-01-18,104.54000091552734,105.75,103.0500030517578,103.22000122070312,1274500,-0.012626742713450212,104.71000017438617,102.5971421741304
2023-01-19,103.0,103.44000244140624,101.7699966430664,102.26000213623048,1164000,-0.009300514174767294,104.30428641183036,102.66857074555897
2023-01-20,103.37999725341795,106.72000122070312,103.12999725341795,106.58999633789062,1458400,0.04234298954826676,104.45571463448661,103.04952312651135
2023-01-23,107.12999725341795,110.94000244140624,106.7699966430664,110.66999816894533,1939600,0.03827753045530735,105.22857121058873,103.64761824834915
2023-01-24,110.47000122070312,111.66000366210938,109.0500030517578,111.2699966430664,1245900,0.005421509750141551,106.22571345738002,104.18999917166573
2023-01-25,109.58999633789062,111.38999938964844,109.2699966430664,110.6999969482422,1821200,-0.005122671987244254,107.03571319580078,104.73428490048363
2023-01-26,111.8499984741211,112.25,110.55999755859376,111.88999938964844,1252900,0.010749796515013621,108.08571297781808,105.3085704985119
2023-01-27,114.0999984741211,115.33999633789062,113.36000061035156,114.27999877929688,1864900,0.021360259207129362,109.66571262904576,106.01809438069661
2023-01-30,113.0999984741211,114.54000091552734,112.33999633789062,112.66000366210938,1368800,-0.014175666210113569,111.15142713274274,106.63571348644439
2023-01-31,112.52999877929688,113.79000091552734,112.4499969482422,113.2300033569336,1346700,0.005059468101330511,112.0999995640346,107.201904296875
2023-02-01,111.25,112.66000366210938,108.76000213623048,112.25,3239500,-0.008654979492002113,112.32571411132812,107.58857109433129
2023-02-02,114.08000183105467,114.7300033569336,112.06999969482422,114.72000122070312,2889800,0.02200446521784527,112.81857190813336,108.14142826625279
2023-02-03,112.31999969482422,112.6999969482422,108.87000274658205,109.27999877929688,3255300,-0.047419825518834724,112.61571502685547,108.26095217750186
2023-02-06,107.5,108.12000274658205,104.12999725341795,105.55999755859376,5255700,-0.03404100715828218,111.71142905099052,108.24190448579334
2023-02-07,106.9000015258789,115.20999908447266,106.30999755859376,113.8499984741211,5481600,0.07853354591947337,111.6500004359654,108.67523774646577
2023-02-08,112.73999786376952,114.4499969482422,110.19000244140624,110.4499969482422,2675500,-0.029863869753601557,111.33428519112724,108.92999957856678
2023-02-09,111.52999877929688,113.27999877929688,109.93000030517578,110.87999725341795,1919800,0.0038931671983408744,110.99857003348214,109.18476141066779
2023-02-10,110.3000030517578,111.48999786376952,109.33000183105467,111.0999984741211,1535100,0.0019841380425029698,110.83428410121373,109.46285647437686
2023-02-13,111.4000015258789,112.55999755859376,110.52999877929688,111.37999725341795,1400500,0.00252024107238924,110.35714067731585,109.80047534760975
2023-02-14,109.38999938964844,112.20999908447266,108.81999969482422,112.08999633789062,1511700,0.0063745654693925236,110.7585688999721,110.13666570754279
2023-02-15,111.97000122070312,116.02999877929688,111.70999908447266,115.9499969482422,1855200,0.03443662000590808,112.24285452706474,110.67999885195778
2023-02-16,114.62999725341795,115.19000244140624,112.18000030517578,112.5199966430664,1349300,-0.029581719667546746,112.0528542654855,111.12285577683221
2023-02-17,111.16999816894533,113.12000274658205,110.31999969482422,112.51000213623048,1355300,-8.882427243250834e-05,112.34714072091239,111.61095101492745
2023-02-21,111.47000122070312,113.2699966430664,111.04000091552734,112.0199966430664,1800900,-0.0043552171705655285,112.50999777657645,111.86952245803107
2023-02-22,112.37999725341795,113.08000183105467,110.5999984741211,111.23999786376952,1634800,-0.006963031625346616,112.52999768938336,111.89666530064174
2023-02-23,111.5199966430664,111.88999938964844,109.41000366210938,110.37000274658205,1190600,-0.007820883979635762,112.38571275983539,111.8538084484282
2023-02-24,108.76000213623048,110.37000274658205,107.91999816894533,109.3000030517578,1218300,-0.009694660398632426,111.98714229038784,111.78714207240513
2023-02-27,110.13999938964844,111.11000061035156,109.38999938964844,110.08000183105467,1204200,0.0071363106817803335,111.14857155936105,111.7009517124721
2023-02-28,110.1999969482422,111.0999984741211,109.1999969482422,109.5500030517578,1418300,-0.004814669063235355,110.72428676060268,111.47571382068452
2023-03-01,109.91000366210938,110.58999633789062,108.4800033569336,108.6999969482422,1011700,-0.007759069647072514,110.18000030517578,111.28714207240513
2023-03-02,111.26000213623048,115.29000091552734,111.01000213623048,115.27999877929688,4321600,0.06053359720136653,110.64571489606585,111.38476090204148
2023-03-03,115.79000091552734,116.95999908447266,115.5,116.6999969482422,2119600,0.01231781908381091,111.42571476527623,111.59666551862445
2023-03-06,117.0,118.94000244140624,115.61000061035156,115.70999908447266,1461500,-0.00848327240495661,112.18857138497489,111.64380827404204
2023-03-07,115.95999908447266,119.4499969482422,115.83000183105467,116.87999725341795,2273500,0.010111469866067146,113.27142769949776,112.0057129632859
2023-03-08,116.38999938964844,116.98999786376952,115.70999908447266,116.30999755859376,820100,-0.004876794218161451,114.1614270891462,112.51761772519066
2023-03-09,116.26000213623048,117.0999984741211,112.6999969482422,112.95999908447266,1283700,-0.028802326063445016,114.64856937953404,112.47523680187408
2023-03-10,112.25,113.4000015258789,109.69000244140624,110.58000183105467,1429600,-0.021069380955272443,114.91714150565011,112.48142751057942
2023-03-13,110.23999786376952,112.37999725341795,108.38999938964844,111.33000183105467,1215400,0.006782419855136723,114.3528562273298,112.5028562999907
2023-03-14,112.5,115.30999755859376,111.9499969482422,113.80999755859376,1267400,0.02227607730845582,113.93999917166573,112.63190387544178
2023-03-15,113.08999633789062,113.9000015258789,111.75,113.30999755859376,1086900,-0.004393287151619352,113.59714181082589,112.72380865187873
2023-03-16,113.11000061035156,115.93000030517578,112.43000030517578,115.5500030517578,1516500,0.019768824829474507,113.40714263916016,112.88857087634858
2023-03-17,116.0,116.44000244140624,114.51000213623048,116.27999877929688,2835200,0.006317574281777372,113.4028570992606,112.90428524925595
2023-03-20,115.58999633789062,117.05999755859376,115.37000274658205,116.30999755859376,1974400,0.00025798744076199753,113.88142830984933,113.08476148332868
2023-03-21,116.4800033569336,119.23999786376952,115.75,118.58999633789062,1537300,0.019602775575231712,115.02571323939732,113.37428501674107
2023-03-22,118.31999969482422,118.56999969482422,113.51000213623048,113.55999755859376,1373700,-0.0424150344432529,115.34428405761719,113.44761839367095
2023-03-23,114.0,119.02999877929688,114.0,117.4800033569336,2357600,0.034519248702142846,115.86857060023716,113.74476151239304
2023-03-24,118.81999969482422,120.04000091552734,117.11000061035156,118.12000274658205,1178000,0.005447730433782549,116.55571419852122,114.11380913144066
2023-03-27,118.1999969482422,118.5,116.13999938964844,116.9800033569336,1036800,-0.0096511967756574,116.75999995640348,114.47952343168713
2023-03-28,116.16999816894533,116.94000244140624,114.83999633789062,115.5500030517578,983400,-0.012224314106168421,116.6557148524693,114.73999968029204
2023-03-29,116.26000213623048,116.9000015258789,115.3000030517578,116.66999816894533,770900,0.009692731177911362,116.70714351109098,115.07904706682477
2023-03-30,117.63999938964844,117.6999969482422,115.87999725341795,116.58999633789062,859300,-0.0006857103995052682,116.42142922537668,115.4547613234747
2023-03-31,117.06999969482422,119.91999816894533,116.70999908447266,119.3000030517578,1436200,0.02324390427128309,117.2414300101144,115.6461900983538
2023-04-03,118.77999877929688,119.43000030517578,118.0999984741211,118.69000244140624,1350100,-0.00511316508589621,117.41428702218191,115.74095226469494
2023-04-04,119.12000274658205,121.83999633789062,118.75,121.63999938964844,1647600,0.024854637185625972,117.9171436854771,116.02333323160808
2023-04-05,121.48999786376952,121.48999786376952,118.98999786376952,120.9800033569336,1142700,-0.005425814173187216,118.48857225690567,116.21857161748977
2023-04-06,120.5,120.9800033569336,118.7300033569336,119.0,1508400,-0.016366368837764766,118.98142896379743,116.34666697184245
2023-04-10,118.0199966430664,121.2300033569336,117.3499984741211,121.04000091552734,942300,0.01714286483636429,119.60571507045199,116.73142896379743
2023-04-11,120.7300033569336,121.79000091552734,120.31999969482422,120.38999938964844,1204300,-0.005370138144104364,120.14857264927454,117.19857170468285
2023-04-12,118.75,121.08999633789062,118.5,119.68000030517578,1195600,-0.0058974922175613065,120.2028579711914,117.596190679641
2023-04-13,120.6999969482422,123.05999755859376,120.6999969482422,122.01000213623048,1299100,0.01946859813764501,120.67714364188058,117.98666708809989
2023-04-14,121.81999969482422,123.20999908447266,121.5,123.06999969482422,1304300,0.008687792312389142,120.88142939976284,118.45142909458706
2023-04-17,123.0,124.83000183105467,122.62999725341795,124.37999725341795,1228600,0.010644328933469893,121.36714281354632,118.87190500895183
2023-04-18,124.18000030517578,124.7300033569336,123.2300033569336,124.30999755859376,1108200,-0.0005627890044214157,122.12571389334542,119.25428590320405
2023-04-19,123.33000183105467,124.43000030517578,122.98999786376952,123.3499984741211,979700,-0.007722621698388887,122.4557135445731,119.58952404203869
2023-04-20,122.9000015258789,125.38999938964844,122.7699966430664,125.13999938964844,1158600,0.014511560094610632,123.13428497314453,119.90142894926525
2023-04-21,125.16000366210938,125.4800033569336,124.7699966430664,124.98999786376952,916800,-0.0011986697028171234,123.89285605294364,120.44571467808315
2023-04-24,124.61000061035156,128.0,124.2699966430664,127.79000091552734,1958200,0.02240181694226151,124.71857016427177,120.93666694277809
2023-04-25,127.12999725341795,128.3000030517578,126.72000122070312,127.01000213623048,1678000,-0.00610375439164812,125.28142765590123,121.36000024704705
2023-04-26,125.98999786376952,126.12999725341795,120.83999633789062,121.5999984741211,3108300,-0.04259509937104511,124.88428497314453,121.58000001453217
2023-04-27,122.45999908447266,124.29000091552734,121.9499969482422,123.9499969482422,1826200,0.01932564558889549,124.8328563145229,121.97999972388858
2023-04-28,123.80999755859376,124.9800033569336,123.0999984741211,124.29000091552734,1511200,0.0027430736236897513,124.96714237758091,122.34285699753534
2023-05-01,124.0,125.97000122070312,123.75,124.13999938964844,1403400,-0.0012068672039100559,124.82428523472377,122.70238095238095
2023-05-02,123.72000122070312,125.06999969482422,120.27999877929688,121.62000274658205,1666700,-0.020299634730596927,124.34285736083986,122.81285712832496
2023-05-03,121.93000030517578,123.47000122070312,121.6999969482422,122.13999938964844,1210100,0.004275584865344184,123.5357142857143,122.97714269728888
2023-05-04,122.55999755859376,122.55999755859376,119.56999969482422,120.27999877929688,1568900,-0.015228431469185066,122.57428523472377,122.91238076346261
2023-05-05,120.4000015258789,124.80999755859376,119.91000366210938,124.51000213623048,1452100,0.03516796973614289,122.99000004359654,123.08047594342914
2023-05-08,124.26000213623048,125.94000244140624,123.9499969482422,125.69000244140624,1117200,0.009477152718097903,123.2385722569057,123.39904748825799
2023-05-09,125.48999786376952,125.58000183105467,124.01000213623048,124.5999984741211,1044800,-0.008672161238864495,123.28285762241909,123.56857118152436
2023-05-10,126.2699966430664,126.7699966430664,123.41999816894533,124.73999786376952,1355700,0.0011235906208899582,123.36857169015067,123.77571396600632
2023-05-11,125.11000061035156,127.62000274658205,124.80999755859376,125.56999969482422,1358000,0.006653854780093615,123.93285696847099,124.05619012741815
2023-05-12,126.0,126.08000183105467,124.45999908447266,125.26000213623048,886300,-0.0024687230974526075,124.37857164655414,124.21095203218006
2023-05-15,125.5199966430664,125.9800033569336,123.55999755859376,125.06999969482422,1458800,-0.001516864427318354,125.06285749162946,124.30619012741815
2023-05-16,123.7699966430664,124.5500030517578,122.44000244140624,124.0500030517578,1635600,-0.008155406137005272,124.9971433367048,124.29047611781529
2023-05-17,123.48999786376952,125.94000244140624,121.72000122070312,125.0199966430664,4367500,0.00781937579561287,124.90142822265625,124.32428559802827
2023-05-18,138.3800048828125,141.9600067138672,134.75999450683594,139.6300048828125,12476000,0.11686137123693774,127.04857199532645,125.09952399844215
2023-05-19,140.1999969482422,141.1999969482422,135.9600067138672,137.42999267578125,3795900,-0.015756013250000644,128.8614283970424,125.68476177397228
2023-05-22,137.42999267578125,139.33999633789062,136.19000244140625,137.25,1940600,-0.0013097044704490912,130.52999986921037,126.26857139950707
2023-05-23,136.91000366210938,136.9199981689453,134.52999877929688,135.77999877929688,1595400,-0.010710391407673048,132.03285653250558,126.64904748825799
2023-05-24,135.52999877929688,137.17999267578125,135.32000732421875,135.83999633789062,1410000,0.0004418733181112966,133.57142748151506,127.06952340262276
2023-05-25,137.16000366210938,137.44000244140625,134.64999389648438,136.72999572753906,1614500,0.006551821360732735,135.38285500662667,127.78999946230934
2023-05-26,137.02999877929688,139.22999572753906,136.5399932861328,138.97999572753906,1232900,0.016455789295009904,137.37714059012276,128.5057136898949
2023-05-30,139.50999450683594,139.9499969482422,137.63999938964844,138.27999877929688,1199400,-0.005036674124055174,137.18428257533483,129.17190406436012
2023-05-31,137.35000610351562,138.49000549316406,136.47999572753906,137.72999572753906,2748200,-0.00397745918869763,137.22714015415735,129.81904674711683
2023-06-01,137.4499969482422,138.8000030517578,136.7899932861328,137.58999633789062,1129500,-0.001016477121841941,137.2757110595703,130.57952263241722
2023-06-02,137.75,139.33999633789062,135.5800018310547,137.52000427246094,1877400,-0.0005087002492376591,137.52428327287947,131.31190381731307
2023-06-05,136.85000610351562,139.0399932861328,136.3000030517578,136.72000122070312,1605800,-0.0058173576709088515,137.6499982561384,132.09476107642763
2023-06-06,136.88999938964844,137.4199981689453,135.50999450683594,135.67999267578125,1297700,-0.0076068500265957795,137.49999782017298,132.62666538783483
2023-06-07,135.67999267578125,136.66000366210938,131.50999450683594,132.25,2021800,-0.025280018137806892,136.538569859096,132.93904622395834
2023-06-08,132.00999450683594,133.8300018310547,131.67999267578125,133.1199951171875,1054100,0.006578412984404647,135.80142647879464,133.34476034981864
2023-06-09,133.05999755859375,134.22000122070312,132.08999633789062,134.02999877929688,1009500,0.0068359652605778365,135.2728554861886,133.78714134579613
2023-06-12,134.02999877929688,136.2899932861328,134.0,136.0,1023100,0.014698211136650485,135.04571315220423,134.283808026995
2023-06-13,136.5500030517578,137.55999755859375,136.05999755859375,136.47000122070312,1390400,0.0034558913286995008,134.89571271623885,134.81761750720796
2023-06-14,136.3300018310547,136.92999267578125,134.4499969482422,136.6300048828125,1146300,0.0011724456706834196,134.88285609654017,135.3680939447312
2023-06-15,136.14999389648438,137.6999969482422,135.67999267578125,137.1999969482422,921600,0.004171792761908932,135.0999995640346,135.9942841302781
2023-06-16,138.3000030517578,138.77999877929688,137.24000549316406,138.63999938964844,2377300,0.010495644850119668,136.01285661969865,136.64285568963913
2023-06-20,138.63999938964844,139.41000366210938,137.61000061035156,139.02999877929688,1484500,0.002813036579381034,136.85714285714286,136.6142839704241
2023-06-21,139.02999877929688,141.58999633789062,138.94000244140625,140.4600067138672,1814800,0.01028560704255188,137.77571541922433,136.7585703531901
2023-06-22,140.4600067138672,141.5800018310547,140.10000610351562,141.17999267578125,1309400,0.005125914335037507,138.51571437290735,136.94571286156065
2023-06-23,140.6199951171875,142.1699981689453,139.99000549316406,141.85000610351562,4419400,0.004745810047412702,139.28428649902344,137.23476082938058
2023-06-26,142.0,144.44000244140625,141.89999389648438,143.50999450683594,1390700,0.011702420386989099,140.26714215959822,137.5999988374256
2023-06-27,144.36000061035156,146.8000030517578,143.82000732421875,146.33999633789062,1579400,0.019719893661621413,141.57285635811942,138.05761791410902
2023-06-28,147.33999633789062,149.0399932861328,145.6300048828125,145.97999572753906,1487400,-0.002460028832584782,142.62142726353235,138.39095124744233
2023-06-29,146.24000549316406,146.25,144.10000610351562,145.47000122070312,974500,-0.0034935917369651737,143.5414276123047,138.73333231608072
2023-06-30,146.8800048828125,147.63999938964844,146.5500030517578,147.16000366210938,1094600,0.011617532324360358,144.49857003348214,139.18238031296502
2023-07-03,146.6300048828125,147.75999450683594,146.4499969482422,147.72999572753906,453600,0.0038732811310500104,145.43428475516183,139.6652374267578
2023-07-05,146.4499969482422,147.36000061035156,144.52999877929688,145.0399932861328,1543300,-0.01820891165777505,145.88999720982142,140.02333214169457
2023-07-06,143.1999969482422,144.57000732421875,142.3699951171875,142.8800048828125,1229900,-0.014892364198191288,145.7999986921038,140.31666564941406
2023-07-07,142.7899932861328,144.6999969482422,142.33999633789062,143.19000244140625,885500,0.0021696356942877415,145.3499995640346,140.67428516206286
2023-07-10,143.75,144.33999633789062,143.25999450683594,143.94000244140625,895600,0.0052377958461653495,145.0585719517299,141.23095194498697
2023-07-11,144.49000549316406,151.0500030517578,143.3800048828125,150.75,4255900,0.04731136197782049,145.81285749162947,142.07047598702567
2023-07-12,151.55999755859375,151.6300048828125,147.27999877929688,149.9199981689453,1683300,-0.005505816458074242,146.20714242117745,142.82714262462798
2023-07-13,150.1199951171875,150.74000549316406,148.7100067138672,149.2899932861328,1190800,-0.0042022738160825135,146.42999921526228,143.45999944777716
2023-07-14,149.2899932861328,150.39999389648438,148.83999633789062,150.0,938100,0.004755889515691614,147.1385716029576,144.10428510393416
2023-07-17,152.00999450683594,153.72000122070312,151.47000122070312,152.7100067138672,1401900,0.018066711425781312,148.54285757882255,144.8699994768415
2023-07-18,153.11000061035156,153.60000610351562,150.88999938964844,153.5500030517578,1333700,0.0055005978715234605,150.02285766601562,145.64857119605654
2023-07-19,153.83999633789062,153.83999633789062,151.25999450683594,152.00999450683594,1015200,-0.010029361864634878,151.17571367536272,146.28523763020834
2023-07-20,151.8800048828125,153.58999633789062,150.94000244140625,151.63999938964844,1268300,-0.0024340183577261643,151.3028564453125,146.8857138497489
2023-07-21,152.85000610351562,152.85000610351562,149.8300018310547,149.9600067138672,874100,-0.011078822754835294,151.3085719517299,147.33809480212983
2023-07-24,150.4600067138672,150.92999267578125,148.83999633789062,150.27999877929688,549900,0.0021338493671865244,151.4500013078962,147.77142842610678
2023-07-25,149.69000244140625,151.44000244140625,149.5399932861328,151.02999877929688,666000,0.00499068409696668,151.5971439906529,148.2085709344773
2023-07-26,150.66000366210938,151.3000030517578,149.0,150.25,825500,-0.005164528806205548,151.24571446010046,148.52952357700892
2023-07-27,151.25999450683594,151.75,149.24000549316406,149.85000610351562,934800,-0.0026621889949043354,150.71714346749442,148.69666689918154
2023-07-28,151.97000122070312,152.19000244140625,150.4600067138672,151.60000610351562,598100,0.011678344536009577,150.6585736955915,148.9642864408947
2023-07-31,151.60000610351562,152.97000122070312,150.72000122070312,152.94000244140625,1043200,0.008839025619666874,150.8442884172712,149.32000078473772
2023-08-01,152.1999969482422,153.75,151.60000610351562,151.7899932861328,1078800,-0.0075193483517435045,151.10571507045202,149.54047648111978
2023-08-02,149.97000122070312,149.97999572753906,146.39999389648438,147.22000122070312,1299500,-0.030107334261587293,150.66857256208147,149.51619102841332
2023-08-03,145.83999633789062,147.07000732421875,144.35000610351562,145.75,854800,-0.009985064587109904,149.91428702218192,149.5500008719308
2023-08-04,145.42999267578125,145.63999938964844,141.63999938964844,142.17999267578125,1721800,-0.024494046821397997,148.7614288330078,149.51666695731026
2023-08-07,142.30999755859375,142.82000732421875,140.67999267578125,141.17999267578125,1954700,-0.007033338384538679,147.5228554861886,149.42095220656623
2023-08-08,139.77999877929688,140.24000549316406,138.47999572753906,140.13999938964844,2603600,-0.007366435331393917,145.88571166992188,149.23999968029204
2023-08-09,140.0,143.83999633789062,136.9199981689453,139.39999389648438,3773100,-0.005280473072548975,143.95142473493303,148.69952319917223
2023-08-10,140.85000610351562,142.6199951171875,138.4199981689453,138.4600067138672,1920300,-0.00674309342735846,142.0471409388951,148.15380932035902
2023-08-11,138.3300018310547,140.6300048828125,137.42999267578125,140.1999969482422,1398100,0.012566735158194398,141.0442831856864,147.72095235188803
2023-08-14,140.33999633789062,142.4600067138672,139.97999572753906,142.3800048828125,1482500,0.0155492723396784,140.56285531180245,147.35809544154577
2023-08-15,142.0,142.33999633789062,138.97000122070312,139.50999450683594,1188900,-0.020157397651016762,140.18142700195312,146.72952343168714
2023-08-16,139.35000610351562,141.55999755859375,139.07000732421875,140.27000427246094,1335300,0.005447708376103089,140.05142865862166,146.0971425374349
2023-08-17,140.52999877929688,140.97000122070312,138.05999755859375,138.0800018310547,1008600,-0.015612763774872196,139.75714329310827,145.4338095528739
2023-08-18,136.69000244140625,138.32000732421875,135.97999572753906,137.4600067138672,1026600,-0.0044901152155696344,139.4800022670201,144.7585718064081
2023-08-21,138.33999633789062,139.74000549316406,137.72999572753906,139.55999755859375,1001400,0.015277104191460111,139.63714381626673,144.26333327520462
2023-08-22,140.22999572753906,141.97000122070312,140.0,140.47999572753906,1217500,0.006592133742042039,139.67714364188058,143.79666646321616
2023-08-23,141.0800018310547,144.8300018310547,140.75,144.5500030517578,1258700,0.02897214869021303,139.98714338030135,143.48809523809524
2023-08-24,144.5500030517578,145.82000732421875,139.61000061035156,139.66000366210938,1404300,-0.033829119933657226,140.0085732596261,142.98380969819567
2023-08-25,139.66000366210938,142.3800048828125,139.05999755859375,141.4199981689453,1419200,0.012601993847100479,140.17285810198103,142.58238074893043
2023-08-28,141.52999877929688,142.0,140.2899932861328,140.8000030517578,620700,-0.004384069616850339,140.5614297049386,142.0680948893229
2023-08-29,140.10000610351562,142.25,140.07000732421875,141.38999938964844,785600,0.004190314808968809,141.12285723005022,141.5180947440011
2023-08-30,141.86000061035156,142.2100067138672,140.9199981689453,141.8300018310547,583900,0.00311197710803901,141.4471435546875,141.04380943661644
2023-08-31,141.99000549316406,143.47000122070312,141.97999572753906,142.1999969482422,1438500,0.0026087225016624416,141.69285801478796,140.8047616141183
2023-09-01,142.75,143.6199951171875,140.52999877929688,141.8300018310547,1379900,-0.0026019347758647893,141.30428641183036,140.6180950346447
2023-09-05,141.52999877929688,142.9600067138672,140.83999633789062,141.17999267578125,1342900,-0.004583015912583255,141.52142769949776,140.57047598702567
2023-09-06,141.3000030517578,141.3300018310547,139.75999450683594,140.97000122070312,1074600,-0.0014874023655772062,141.45714242117745,140.5604763939267
2023-09-07,140.75,143.00999450683594,139.85000610351562,142.22999572753906,925400,0.00893803288589945,141.6614270891462,140.66000002906435
2023-09-08,142.75,143.0,141.6300048828125,142.77000427246094,711800,0.003796727561999891,141.8585706438337,140.82047671363466
2023-09-11,142.89999389648438,146.08999633789062,142.55999755859375,145.3800048828125,1077600,0.018281155230412738,142.36571393694197,141.1500004359654
2023-09-12,144.61000061035156,146.22999572753906,142.8300018310547,143.19000244140625,846600,-0.015063986572098176,142.50714329310827,141.2923816499256
2023-09-13,143.1300048828125,144.72999572753906,142.5800018310547,144.36000061035156,970100,0.008170948732430405,142.86857169015067,141.3866671607608
2023-09-14,144.58999633789062,145.5,143.05999755859375,144.39999389648438,813300,0.00027703855613547823,143.32857186453683,141.61952427455358
2023-09-15,144.0,144.4199981689453,142.22999572753906,142.91000366210938,1623100,-0.010318492363947884,143.60571507045202,141.74523853120348
2023-09-18,143.0399932861328,143.0399932861328,139.64999389648438,141.3300018310547,918700,-0.011055921842884953,143.4771445138114,141.9000004359654
2023-09-19,141.19000244140625,145.10000610351562,140.33999633789062,143.91000366210938,1255200,0.01825516024643381,143.64000156947546,142.20714314778647
2023-09-20,144.3300018310547,144.3300018310547,140.5399932861328,140.72000122070312,806800,-0.022166648323463045,142.97428676060267,142.26238141741072
2023-09-21,139.0,139.27000427246094,135.72999572753906,135.94000244140625,1582900,-0.03396815476003301,141.9385724748884,142.0461912609282
2023-09-22,136.99000549316406,139.49000549316406,136.7899932861328,138.24000549316406,1079900,0.016919251217088815,141.06428745814733,141.74571518670945
2023-09-25,137.80999755859375,139.05999755859375,137.3000030517578,138.75,631700,0.0036891962280858337,140.25714547293526,141.70238167898995
2023-09-26,137.3800048828125,139.38999938964844,136.72000122070312,137.3800048828125,980800,-0.009873838682432412,139.46714564732142,141.51000104631697
2023-09-27,137.67999267578125,138.6999969482422,137.0399932861328,137.77999877929688,815200,0.002911587438256147,138.96000235421317,141.36619131905692
2023-09-28,137.77999877929688,141.1699981689453,137.1199951171875,140.1999969482422,1230300,0.017564219700870964,138.43000139508928,141.3095245361328
2023-09-29,141.10000610351562,141.55999755859375,140.1999969482422,140.38999938964844,1231700,0.0013552242905996437,138.3828582763672,141.24095299130394
2023-10-02,140.49000549316406,140.49000549316406,137.30999755859375,139.0,1372300,-0.009900985794511818,138.82000078473772,141.08857218424478
2023-10-03,137.5800018310547,138.5399932861328,137.07000732421875,137.55999755859375,1083400,-0.010359729794289563,138.72285679408483,140.88523864746094
2023-10-04,137.7899932861328,140.05999755859375,136.67999267578125,139.6300048828125,868400,0.015048032574564552,138.84857177734375,140.8114297049386
2023-10-05,139.33999633789062,140.91000366210938,138.6999969482422,140.1999969482422,924400,0.004082160320112216,139.25142778669084,140.77476283482142
2023-10-06,139.61000061035156,142.55999755859375,139.0800018310547,140.91000366210938,1386000,0.005064242006576514,139.69857134137834,140.71190606980096
2023-10-09,139.82000732421875,143.75,139.7899932861328,143.1300048828125,1117300,0.015754745319761065,140.11714390345983,140.72904895600817
2023-10-10,143.36000061035156,146.33999633789062,143.27999877929688,145.24000549316406,1248500,0.014741846841122674,140.81000191824776,140.7223823184059
2023-10-11,147.3699951171875,148.9600067138672,144.69000244140625,144.75,1364900,-0.0033737639399024077,141.63143048967635,140.79666791643416
2023-10-12,143.89999389648438,144.69000244140625,139.74000549316406,141.6199951171875,1832600,-0.0216235225064767,142.211430140904,140.66619146437873
2023-10-13,141.6199951171875,143.07000732421875,141.30999755859375,142.8300018310547,800100,0.008544038663932607,142.66857256208147,140.59142993745348
2023-10-16,143.5800018310547,144.82000732421875,142.6999969482422,143.58999633789062,1229000,0.005320972464418761,143.1528581891741,140.62381054106214
2023-10-17,142.5500030517578,145.3699951171875,142.39999389648438,144.86000061035156,1623700,0.008844657043324933,143.71714346749442,140.79190572102866
2023-10-18,144.50999450683594,145.0,141.92999267578125,142.5,865300,-0.01629159602656327,143.62714276994978,140.72476268949964
2023-10-19,142.82000732421875,143.42999267578125,140.10000610351562,140.27999877929688,742400,-0.015578955934758776,142.91857038225447,140.7038101922898
2023-10-20,141.60000610351562,144.4600067138672,140.35000610351562,140.5800018310547,1297700,0.002138601756261904,142.32285635811942,140.92476254417784
2023-10-23,140.0,143.47000122070312,138.8000030517578,142.1699981689453,2809900,0.011310259760854535,142.40142822265625,141.11190505254837
2023-10-24,143.3800048828125,144.4600067138672,139.69000244140625,142.69000244140625,1536300,0.0036576231213212296,142.38142830984933,141.29952421642486
2023-10-25,141.89999389648438,142.6999969482422,136.3699951171875,137.07000732421875,1243600,-0.03938604682199287,141.4500013078962,141.28476242792038
2023-10-26,137.58999633789062,137.8000030517578,132.39999389648438,133.0399932861328,2499100,-0.029401136811450956,139.7614288330078,141.05904788062685
2023-10-27,133.27999877929688,135.39999389648438,132.72999572753906,134.42999267578125,1515900,0.010447981507778037,138.6085706438337,140.78428577241442
2023-10-30,135.17999267578125,135.30999755859375,130.33999633789062,133.35000610351562,1622100,-0.008033821551045817,137.61857169015067,140.4490479968843
2023-10-31,133.4199981689453,134.25,132.24000549316406,133.75,1146000,0.0029995791389305637,136.64285714285714,140.1990479968843
2023-11-01,133.92999267578125,135.00999450683594,132.1999969482422,133.80999755859375,1629900,0.0004485798773363747,135.44857134137834,140.02047656831286
2023-11-02,135.69000244140625,137.8000030517578,134.83999633789062,137.5,1959400,0.027576433067270978,134.70714242117745,139.91904776436942
2023-11-03,137.60000610351562,139.6699981689453,136.8800048828125,138.91000366210938,1386800,0.010254572088068237,134.9699990408761,139.8576195126488
2023-11-06,139.0,139.1699981689453,132.1699981689453,134.3699951171875,1926700,-0.032683092831565896,135.15999930245536,139.5461905343192
2023-11-07,135.67999267578125,137.27999877929688,135.0,136.36000061035156,1881700,0.014809894808945456,135.4357147216797,139.22380937848772
2023-11-08,148.2100067138672,148.63999938964844,143.1300048828125,143.47000122070312,8062400,0.052141394679722675,136.88142830984933,139.1395234607515
2023-11-09,148.6300048828125,149.9199981689453,144.25999450683594,146.32000732421875,4612600,0.0198648224664848,138.67714364188058,139.21428571428572
2023-11-10,146.67999267578125,149.07000732421875,145.10000610351562,147.8800048828125,2430200,0.010661546476942618,140.68714468819755,139.51238141741072
2023-11-13,147.64999389648438,151.97999572753906,147.27999877929688,150.08999633789062,2829600,0.014944491358581224,142.48571559361048,139.85809544154577
2023-11-14,153.08999633789062,156.2100067138672,152.5800018310547,153.39999389648438,2315400,0.02205341887771195,144.5557141985212,140.32523818243118
2023-11-15,153.63999938964844,155.80999755859375,153.07000732421875,153.94000244140625,1805700,0.003520264448551913,147.35142953055245,140.75761922200522
2023-11-16,153.9499969482422,154.97999572753906,152.77999877929688,154.85000610351562,1405300,0.005911417745077419,149.99285888671875,141.34571475074404
2023-11-17,154.9199981689453,155.5500030517578,153.42999267578125,154.38999938964844,1067200,-0.0029706599660039856,151.55285862513952,142.01761954171317
2023-11-20,153.99000549316406,156.5399932861328,153.33999633789062,155.8800048828125,1162200,0.00965091974256449,152.91857256208147,142.7461911156064
2023-11-21,155.82000732421875,156.9600067138672,154.6699981689453,155.74000549316406,885200,-0.0008981228205227065,154.0414297921317,143.3923819405692
2023-11-22,156.39999389648438,157.60000610351562,155.80999755859375,155.8800048828125,1118600,0.0008989301702226893,154.86857386997767,144.02047729492188
2023-11-24,156.39999389648438,156.5399932861328,155.42999267578125,156.32000732421875,539200,0.00282269968965565,155.2857186453683,144.93714396158853
2023-11-27,156.0500030517578,157.5800018310547,156.00999450683594,156.27000427246094,1008500,-0.0003198762117129217,155.6185760498047,146.0433349609375
2023-11-28,156.27000427246094,158.1699981689453,156.27000427246094,156.67999267578125,1324700,0.002623589890005329,155.88000270298548,147.1028587704613
2023-11-29,157.58999633789062,158.83999633789062,155.74000549316406,157.00999450683594,1562500,0.002106215512388765,156.25428771972656,148.22952488490515
2023-11-30,157.1699981689453,158.5399932861328,156.5,158.1999969482422,1508200,0.007579150901469767,156.5857151576451,149.39381045386904
2023-12-01,158.69000244140625,161.60000610351562,157.1999969482422,157.83999633789062,1733700,-0.0022756044076874815,156.8857138497489,150.53809611002603
2023-12-04,157.35000610351562,158.4499969482422,154.5,157.55999755859375,1878900,-0.0017739406094351429,157.12571280343192,151.4933340890067
2023-12-05,154.25999450683594,157.97999572753906,152.1199951171875,156.75999450683594,3597000,-0.0050774502675421385,157.18856811523438,152.3433336530413
2023-12-06,157.5,158.80999755859375,156.5399932861328,157.32000732421875,2544900,0.0035724217721786466,157.33856855119978,153.43619137718565
2023-12-07,155.10000610351562,155.85000610351562,153.55999755859375,154.2100067138672,2437200,-0.01976862741903007,156.9857134137835,154.28619166782923
2023-12-08,154.3800048828125,156.72000122070312,154.0800018310547,155.32000732421875,2078700,0.007197980429448636,156.7442866734096,154.85047767275856
2023-12-11,154.41000366210938,155.0500030517578,152.10000610351562,152.55999755859375,2478100,-0.01776982768139901,155.9385724748884,155.14762006487166
2023-12-12,155.13999938964844,157.33999633789062,154.66000366210938,157.1999969482422,2270600,0.030414259726678106,155.8471439906529,155.5914292108445
2023-12-13,161.13999938964844,164.0399932861328,160.83999633789062,163.1199951171875,4475600,0.03765902216203254,156.6414293561663,156.21190534319197
2023-12-14,163.2899932861328,164.85000610351562,162.39999389648438,163.88999938964844,3013400,0.004720477535005818,157.66000148228235,156.71142941429503
2023-12-15,163.67999267578125,163.86000061035156,159.25,160.1999969482422,15610100,-0.02251511657299643,158.07142857142858,157.009524390811
2023-12-18,160.5399932861328,161.4499969482422,157.83999633789062,158.57000732421875,1962500,-0.01017471694802874,158.6942858014788,157.1866673060826
2023-12-19,158.63999938964844,159.77000427246094,157.75,159.39999389648438,1324300,0.005234196467990282,159.27714102608817,157.42523847307478
2023-12-20,158.2100067138672,160.4499969482422,157.5,157.9600067138672,1569300,-0.009033796974624253,160.04857090541296,157.52428617931548
2023-12-21,159.27999877929688,160.5,158.74000549316406,160.38999938964844,1069300,0.015383594406798151,160.50428553989954,157.74571446010046
2023-12-22,158.8800048828125,162.89999389648438,158.8800048828125,161.9499969482422,1347600,0.009726276978179405,160.33714294433594,158.0347617013114
2023-12-26,162.0,162.25999450683594,161.16000366210938,161.6199951171875,763300,-0.002037677290973705,160.01285661969865,158.28714207240515
2023-12-27,161.58999633789062,161.72999572753906,160.5,160.99000549316406,936900,-0.0038979683396639375,160.12571498325892,158.51190403529577
2023-12-28,160.99000549316406,162.25,160.39999389648438,161.47000122070312,784900,0.002981525008764807,160.53999982561385,158.73999968029204
2023-12-29,161.5,162.9199981689453,160.72000122070312,160.9499969482422,916600,-0.0032204388959542474,160.7614288330078,158.92761884416853
2024-01-02,160.13999938964844,160.13999938964844,157.99000549316406,159.25999450683594,1506200,-0.010500170695559086,160.94714137486048,158.97809491838728
2024-01-03,158.88999938964844,159.17999267578125,157.47999572753906,158.39999389648438,1061400,-0.005399978902514979,160.66285487583704,159.00476146879652
2024-01-04,157.9600067138672,160.52000427246094,157.82000732421875,158.86000061035156,1238900,0.002904082901466598,160.22142682756697,159.06666637602308
2024-01-05,158.52000427246094,159.7899932861328,157.7899932861328,158.2100067138672,1039100,-0.004091614591382631,159.73428562709265,159.13571457635788
2024-01-08,158.27000427246094,159.17999267578125,156.66000366210938,158.5399932861328,880100,0.002085750320853119,159.38428388323103,159.19380914597284
2024-01-09,158.82000732421875,161.13999938964844,158.4499969482422,159.22000122070312,1067000,0.004289188617177642,159.06285531180245,159.43238031296502
2024-01-10,158.57000732421875,160.02000427246094,158.30999755859375,159.2100067138672,884300,-6.277167918167237e-05,158.8142852783203,159.61761837913878
2024-01-11,159.24000549316406,161.8000030517578,158.5500030517578,161.5399932861328,1255500,0.01463467416626063,159.13999938964844,160.04523722330728
2024-01-12,161.8699951171875,162.42999267578125,160.72000122070312,161.67999267578125,945800,0.0008666546704658717,159.6085706438337,160.2585703531901
2024-01-16,161.25,163.60000610351562,160.25,161.8800048828125,1264900,0.0012370869377285043,160.03999982561385,160.19952319917223
2024-01-17,160.44000244140625,160.94000244140625,158.3699951171875,160.3800048828125,983600,-0.00926612277461858,160.3499995640346,160.03238060360863
2024-01-18,161.32000732421875,162.22999572753906,158.97999572753906,159.86000061035156,1202800,-0.003242326079494151,160.53857203892298,160.01619030180433
2024-01-19,160.88999938964844,163.14999389648438,159.77999877929688,163.10000610351562,1503900,0.020267768552443277,161.09285845075334,160.23190452938988
2024-01-22,164.97000122070312,165.5399932861328,163.58999633789062,164.42999267578125,875500,0.008154423804383581,161.83857073102678,160.47142828078498
2024-01-23,165.14999389648438,165.77999877929688,164.13999938964844,165.14999389648438,827000,0.004378770618343353,162.35428510393416,160.81380862281435
2024-01-24,166.1199951171875,168.16000366210938,164.82000732421875,165.89999389648438,1050200,0.004541326235047327,162.95714242117745,161.07618931361608
2024-01-25,167.8699951171875,168.52000427246094,166.77000427246094,168.5,1524300,0.01567212898837078,163.9028560093471,161.38809422084265
2024-01-26,168.5,169.55999755859375,167.3000030517578,167.38999938964844,1123100,-0.006587540714252604,164.90428379603796,161.66285632905505
2024-01-29,167.94000244140625,168.22000122070312,165.97000122070312,168.02000427246094,1155400,0.0037636948749009136,166.06999860491072,161.99761817568825
2024-01-30,166.47999572753906,168.24000549316406,165.67999267578125,166.94000244140625,1280800,-0.006427816947935261,166.61856951032365,162.25809442429315
2024-01-31,165.33999633789062,166.85000610351562,164.3300018310547,164.92999267578125,1078800,-0.012040312305197753,166.68999808175224,162.44761803036644
2024-02-01,164.57000732421875,166.3300018310547,162.44000244140625,166.3300018310547,1105500,0.008488505532317392,166.8585706438337,162.78428504580543
2024-02-02,166.52999877929688,168.25,165.99000549316406,167.0,1120900,0.004028125783500203,167.01571437290735,163.19380914597284
2024-02-05,165.72000122070312,166.11000061035156,163.6999969482422,164.00999450683594,1530300,-0.017904224509964428,166.37428501674108,163.43904695056733
2024-02-06,164.35000610351562,166.72000122070312,164.0,166.6699981689453,925000,0.01621854613255591,166.27142769949776,163.84190368652344
2024-02-07,168.35000610351562,169.67999267578125,167.50999450683594,169.57000732421875,1406000,0.017399707128656905,166.49285670689173,164.36714245024183
2024-02-08,170.61000061035156,171.58999633789062,168.32000732421875,169.60000610351562,3063100,0.0001769108804690056,166.87285723005022,164.8614283970424
2024-02-09,154.88999938964844,158.11000061035156,152.22999572753906,154.91000366210938,6604100,-0.08661557731572356,165.4414302280971,164.6566663469587
2024-02-12,154.8300018310547,160.0399932861328,154.0,155.27000427246094,3436500,0.00232393390898622,163.86143057686942,164.35809544154577
2024-02-13,154.47999572753906,155.57000732421875,151.66000366210938,153.49000549316406,2385100,-0.011463893413523829,161.93143136160714,163.96809605189733
2024-02-14,154.8000030517578,155.97999572753906,153.67999267578125,155.72000122070312,1547000,0.014528605431826547,160.7471466064453,163.67476254417784
2024-02-15,155.72000122070312,157.42999267578125,155.2100067138672,156.9600067138672,1283000,0.007963045745206454,159.36000497000558,163.51190548851378
2024-02-16,156.6999969482422,157.24000549316406,153.2899932861328,153.3800048828125,1499700,-0.022808369507660076,157.0471474783761,163.20333426339286
2024-02-20,153.02999877929688,154.3699951171875,150.47999572753906,151.94000244140625,2076500,-0.009388462612883952,154.52428981236048,162.67190551757812
2024-02-21,152.0,152.44000244140625,149.80999755859375,151.11000061035156,1491800,-0.005462694601277018,153.98143223353796,162.03762018112909
2024-02-22,153.08999633789062,153.8300018310547,151.75999450683594,152.44000244140625,1397200,0.008801547387218944,153.57714625767298,161.43238249279204
2024-02-23,152.1300048828125,153.05999755859375,150.85000610351562,151.00999450683594,1466900,-0.00938079186347407,153.22285897391183,160.72333490280877
2024-02-26,151.25,151.4600067138672,149.52999877929688,149.7100067138672,1340500,-0.008608620887738061,152.36428833007812,159.82857331775483
2024-02-27,150.0,150.11000061035156,147.00999450683594,147.94000244140625,2173100,-0.011822885532587368,151.07571629115515,158.90238298688615
2024-02-28,148.47999572753906,148.5,145.88999938964844,147.47999572753906,1589000,-0.0031094139940235355,150.23285784040178,157.92428734188988
2024-02-29,147.8300018310547,148.13999938964844,145.61000061035156,146.92999267578125,2297300,-0.003729340030453443,149.51714215959822,156.97142973400298
2024-03-01,146.49000549316406,150.75999450683594,145.5,150.33999633789062,2341400,0.023208356578591438,149.40714154924666,156.27666800362724
2024-03-04,150.33999633789062,150.8300018310547,146.32000732421875,146.3300018310547,2803600,-0.02667283892852723,148.53428431919642,155.32428705124627
2024-03-05,145.0,145.0,142.0,143.94000244140625,2910300,-0.016332941705336723,147.52428545270647,154.2261919294085
2024-03-06,145.9499969482422,146.47999572753906,143.35000610351562,143.89999389648438,1210200,-0.00027795292651988657,146.69428362165178,153.26857285272507
2024-03-07,145.27000427246094,145.57000732421875,143.8000030517578,145.00999450683594,1415100,0.007713694631217738,146.2757110595703,152.23714410691034
2024-03-08,144.7899932861328,145.72000122070312,142.63999938964844,143.72999572753906,1385400,-0.008826969366146242,145.73999677385603,151.0066673642113
2024-03-11,143.72999572753906,147.52999877929688,143.5500030517578,145.8699951171875,2151400,0.014889024234754134,145.58856855119978,149.87666684105284
2024-03-12,145.1300048828125,145.97000122070312,143.74000549316406,144.52999877929688,1757900,-0.009186236942108073,144.7585688999721,149.38238089425224
2024-03-13,144.52999877929688,146.69000244140625,144.1199951171875,144.88999938964844,1371000,0.002490836597191848,144.55285426548548,148.88809494745163
2024-03-14,143.75999450683594,144.22000122070312,141.4499969482422,143.77000427246094,1526900,-0.00772996840296436,144.528568812779,148.42523774646577
2024-03-15,143.2899932861328,144.6699981689453,142.02999877929688,143.91000366210938,3757600,0.0009737732871115679,144.52999877929688,147.86285691034226
2024-03-18,143.9600067138672,145.2100067138672,143.42999267578125,144.6199951171875,2237100,0.004933579577588887,144.47428458077567,147.27523731050036
2024-03-19,144.24000549316406,145.4499969482422,143.5,145.1999969482422,1118600,0.00401052309941452,144.68428475516183,146.88571312313988
2024-03-20,145.4600067138672,149.41000366210938,145.1199951171875,148.42999267578125,2396500,0.022245150106238842,145.0499986921038,146.71856980096726
2024-03-21,149.92999267578125,153.22999572753906,149.4499969482422,152.1699981689453,2474700,0.025197100840215203,146.14142717633928,146.769045875186
2024-03-22,152.6699981689453,153.24000549316406,151.72000122070312,152.4600067138672,1181100,0.0019058194677763485,147.22285679408483,146.76999845958892
2024-03-25,150.0,150.4199981689453,141.8300018310547,146.13999938964844,3763000,-0.04145354221372932,147.5614275251116,146.53809393019904
2024-03-26,147.2899932861328,148.6999969482422,145.0399932861328,146.6699981689453,1959900,0.00362665102990567,147.9557124546596,146.39333161853608
2024-03-27,148.0,148.0,146.1699981689453,146.9199981689453,1181600,0.0017045067370358158,148.28428431919642,146.34475998651413
2024-03-28,145.19000244140625,150.33999633789062,144.57000732421875,148.49000549316406,1656300,0.010686137651685579,148.75428553989954,146.39285568963913
2024-04-01,148.69000244140625,150.47999572753906,147.50999450683594,150.0,1270900,0.010168997582166828,148.97857230050224,146.53904651460192
2024-04-02,149.27000427246094,149.63999938964844,147.75999450683594,149.57000732421875,1251000,-0.0028666178385416963,148.60714503696985,146.50238037109375
2024-04-03,149.38999938964844,152.0,148.63999938964844,151.72999572753906,1625800,0.01444132043557489,148.5028577532087,146.759522937593
2024-04-04,153.24000549316406,153.38999938964844,149.3300018310547,149.58999633789062,1503600,-0.01410399690178088,148.99571446010046,147.02857026599702
2024-04-05,149.82000732421875,151.82000732421875,149.82000732421875,151.0399932861328,1357300,0.009693141144057282,149.6199994768415,147.36857023693267
2024-04-08,154.25,155.35000610351562,151.75,153.64999389648438,1434600,0.017280195487079597,150.58142743791853,147.77999877929688
2024-04-09,155.24000549316406,156.25,153.3699951171875,154.6999969482422,1018000,0.006833733117263874,151.46856907435827,148.30237978980654
2024-04-10,152.02000427246094,153.10000610351562,151.1199951171875,152.1199951171875,1351100,-0.016677452372011903,151.77142551967077,148.5999988374256
2024-04-11,152.67999267578125,153.0500030517578,150.3800048828125,151.33999633789062,1101200,-0.0051275230366395474,152.02428109305245,148.92428443545387
2024-04-12,150.0,150.32000732421875,147.17999267578125,147.27000427246094,2077300,-0.02689303663218534,151.38713945661272,149.0376180013021
2024-04-15,147.6300048828125,147.75999450683594,144.47999572753906,145.3000030517578,1923300,-0.013376798829030201,150.77428327287947,149.1104750860305
2024-04-16,145.3000030517578,146.11000061035156,144.69000244140625,145.4499969482422,1875000,0.0010323048405644908,149.9757123674665,149.1838080996559
2024-04-17,146.52000427246094,147.27000427246094,143.0399932861328,143.16000366210938,1531700,-0.015744196178619996,148.47714233398438,149.1142846970331
2024-04-18,143.74000549316406,143.85000610351562,140.3800048828125,140.63999938964844,1494000,-0.017602711707165986,146.46857125418526,148.8971419561477
2024-04-19,140.02000427246094,140.94000244140625,139.25,140.60000610351562,2543000,-0.0002843663702103427,144.82285853794642,148.52428545270647
2024-04-22,140.60000610351562,141.1300048828125,138.92999267578125,139.9600067138672,1170500,-0.004551915802743611,143.19714573451452,147.94285728817894
2024-04-23,140.85000610351562,143.25,140.5500030517578,141.72000122070312,1259900,0.012574981583375111,142.40428815569197,147.43142845517113
2024-04-24,140.97000122070312,142.92999267578125,140.82000732421875,142.8300018310547,1024900,0.007832349709219422,142.05143083844865,147.27380952380952
2024-04-25,142.33999633789062,143.8800048828125,141.0399932861328,143.42999267578125,1108900,0.004200733998703354,141.76285879952567,147.11952354794457
2024-04-26,143.3800048828125,145.69000244140625,143.3800048828125,144.47000122070312,853100,0.0072509837414045375,141.9500013078962,147.0028570265997
2024-04-29,144.0800018310547,145.72000122070312,143.72999572753906,144.27000427246094,1319100,-0.0013843493220205838,142.46857343401228,146.8019045875186
2024-04-30,143.2899932861328,144.27999877929688,142.49000549316406,142.80999755859375,2314100,-0.010119960287170215,142.78428649902344,146.45952351888022
2024-05-01,142.22000122070312,145.1199951171875,141.52999877929688,142.74000549316406,1164500,-0.000490106201430085,143.18142918178015,146.13428533644904
2024-05-02,143.8699951171875,143.8699951171875,140.3699951171875,143.07000732421875,1232000,0.0023119084934495326,143.37428719656808,145.7219049362909
2024-05-03,144.4199981689453,146.27999877929688,143.9499969482422,145.8800048828125,1075100,0.019640717234506555,143.81000191824776,145.5452386765253
2024-05-06,146.0,148.4499969482422,145.9199981689453,148.33999633789062,1081600,0.016863116073064788,144.51143101283483,145.41666739327567
2024-05-07,148.0,148.72000122070312,147.50999450683594,148.3300018310547,1006300,-6.737567131365196e-05,145.06285967145647,145.163334437779
2024-05-08,147.75,148.0,145.38999938964844,145.97000122070312,1230700,-0.0159104738166157,145.30571637834822,144.74762035551527
2024-05-09,145.80999755859375,146.55999755859375,145.1300048828125,145.67999267578125,1196900,-0.001986768120138538,145.71571568080358,144.44095357259116
2024-05-10,145.50999450683594,146.63999938964844,144.8800048828125,145.8800048828125,1284700,0.0013729559108119904,146.16428702218192,144.1809539794922
2024-05-13,146.5500030517578,146.91000366210938,143.69000244140625,143.9499969482422,1684600,-0.013230106045860834,146.28999982561385,144.02285839262464
2024-05-14,144.00999450683594,145.30999755859375,143.5500030517578,144.9600067138672,1608000,0.007016393102030838,146.15857151576452,144.0066680908203
2024-05-15,145.77000427246094,148.25,145.4499969482422,148.0800018310547,1832500,0.021523144127234994,146.12142944335938,144.1319064185733
2024-05-16,148.97000122070312,148.97000122070312,145.5,146.0800018310547,3603400,-0.013506212690906128,145.8000008719308,144.27095395042784
2024-05-17,151.63999938964844,154.41000366210938,146.1999969482422,147.83999633789062,5612200,0.012048155016258999,146.067143031529,144.61381094796317
2024-05-20,147.10000610351562,151.00999450683594,146.6699981689453,150.89999389648438,2187100,0.020698035946917104,146.81285749162947,145.10428655715216
2024-05-21,150.0,152.74000549316406,150.0,151.4199981689453,1862900,0.003446019174909054,147.60428510393416,145.6500004359654
2024-05-22,151.3800048828125,153.07000732421875,149.67999267578125,150.61000061035156,1510400,-0.005349343338982182,148.5557141985212,146.07333374023438
2024-05-23,153.52000427246094,154.5399932861328,151.3300018310547,152.3300018310547,2269500,0.01142023247946855,149.6085706438337,146.52571469261534
2024-05-24,152.44000244140625,155.1699981689453,151.77999877929688,154.60000610351562,1623900,0.014901885676982696,150.53999982561385,147.057620093936
2024-05-28,154.97000122070312,157.3699951171875,153.9600067138672,156.7899932861328,2223700,0.014165505149791757,152.06999860491072,147.64428638276598
2024-05-29,155.72000122070312,160.39999389648438,155.60000610351562,159.67999267578125,2034300,0.018432294874675792,153.7614266531808,148.37809535435267
2024-05-30,159.67999267578125,160.72999572753906,157.8699951171875,159.77999877929688,1223200,0.000626290757156367,155.02999877929688,149.18619065057663
2024-05-31,160.16000366210938,160.83999633789062,158.4499969482422,160.36000061035156,2263900,0.003630002725534043,156.30714198521204,150.02523803710938
2024-06-03,160.25,163.72999572753906,160.00999450683594,163.63999938964844,1776200,0.020453970858148818,158.16857038225447,151.00476146879652
2024-06-04,163.05999755859375,166.2899932861328,161.3800048828125,165.9600067138672,1729900,0.014177507534050449,160.11571393694197,151.96095203218005
2024-06-05,166.63999938964844,167.75,165.07000732421875,167.42999267578125,1554500,0.00885747109210766,161.94856916155135,152.8699994768415
2024-06-06,167.1199951171875,168.67999267578125,165.4499969482422,165.6699981689453,1521300,-0.010511823352008842,163.2171412876674,153.69571358816964
2024-06-07,165.64999389648438,166.42999267578125,164.64999389648438,164.77000427246094,1504400,-0.0054324494865183315,163.9442858014788,154.59095182872954
2024-06-10,164.1199951171875,165.4199981689453,159.83999633789062,160.5399932861328,2126700,-0.025672215067333748,164.0528564453125,155.29857090541296
2024-06-11,160.0,160.97000122070312,157.75999450683594,158.50999450683594,1831600,-0.012644816645026147,163.788569859096,155.8999989827474
2024-06-12,157.0,160.25999450683594,156.7100067138672,159.6699981689453,3424800,0.007318173631375435,163.22142682756697,156.64857046944755
2024-06-13,158.63999938964844,160.39999389648438,157.55999755859375,157.72000122070312,1273400,-0.012212669697527767,162.0442831856864,157.25618925548736
2024-06-14,157.00999450683594,159.25,155.94000244140625,158.9600067138672,1174800,0.007862068752008788,160.83428519112724,157.77428472609748
2024-06-17,158.16000366210938,158.9600067138672,157.1699981689453,157.39999389648438,1027900,-0.009813869850866852,159.6528560093471,158.31333196730841
2024-06-18,157.38999938964844,158.4199981689453,155.22000122070312,155.3699951171875,1184600,-0.01289707025422071,158.30999755859375,158.6719033377511
2024-06-20,155.00999450683594,155.55999755859375,153.99000549316406,154.97999572753906,1387500,-0.0025101332426140655,157.51571219308036,158.8661891392299
2024-06-21,155.64999389648438,159.25,155.16000366210938,158.22000122070312,3171000,0.02090595936562112,157.47428458077567,159.18999880836122
2024-06-24,158.05999755859375,160.22999572753906,157.44000244140625,159.7100067138672,1557800,0.009417301742310258,157.48000008719308,159.62333243233817
2024-06-25,160.0,160.72000122070312,157.8000030517578,159.0399932861328,1017600,-0.0041951875246912795,157.66857038225447,159.94285583496094
2024-06-26,158.8300018310547,159.60000610351562,156.97999572753906,157.5399932861328,1302500,-0.009431589935377516,157.46571132114954,160.08285522460938
2024-06-27,157.8800048828125,158.5500030517578,156.4600067138672,156.97999572753906,1092300,-0.0035546374410252435,157.4057115827288,160.09190295991442
2024-06-28,156.83999633789062,158.17999267578125,155.1999969482422,155.49000549316406,1625800,-0.00949159303686753,157.422855922154,159.8923797607422
2024-07-01,154.0500030517578,155.8800048828125,153.3800048828125,154.2899932861328,1259900,-0.007717616339553146,157.32428414481026,159.63095092773438
2024-07-02,154.55999755859375,155.4499969482422,154.2899932861328,154.64999389648438,1509200,0.002333272577722756,156.8142830984933,159.35904584612166
2024-07-03,154.2100067138672,154.9499969482422,152.8000030517578,153.5,717300,-0.007436106963276901,155.92713928222656,158.87618873232887
2024-07-05,152.83999633789062,153.00999450683594,151.50999450683594,151.74000549316406,1130300,-0.011465762259517454,154.88428388323103,158.19904581705728
2024-07-08,151.83999633789062,152.80999755859375,151.02999877929688,152.0,1177700,0.0017134209662832411,154.09285627092635,157.46428426106772
2024-07-09,151.9499969482422,151.9499969482422,149.14999389648438,149.36000061035156,1320300,-0.017368417037160744,153.00428553989954,156.6876177106585
2024-07-10,149.39999389648438,149.97999572753906,147.6199951171875,148.8300018310547,1799400,-0.0035484652994849375,152.0528564453125,155.9285699753534
2024-07-11,150.00999450683594,153.0800018310547,149.85000610351562,151.52000427246094,2371800,0.01807432915615914,151.65714372907365,155.4990466889881
2024-07-12,151.88999938964844,155.27999877929688,151.75999450683594,153.35000610351562,1576100,0.012077625260384695,151.471431187221,155.25333295549666
2024-07-15,153.5500030517578,154.57000732421875,152.30999755859375,153.30999755859375,1188000,-0.00026089692422226474,151.4442879813058,154.95047578357514
2024-07-16,153.7899932861328,154.55999755859375,152.72999572753906,154.10000610351562,1176500,0.005153013877127854,151.78143092564173,154.7780950637091
2024-07-17,154.1300048828125,154.1300048828125,149.8300018310547,149.8699951171875,1708400,-0.02744977818811145,151.4771445138114,154.34523736862909
2024-07-18,149.8699951171875,151.32000732421875,148.77999877929688,150.3000030517578,1853500,0.0028692063026629633,151.61143057686942,154.00714256649925
2024-07-19,150.4499969482422,151.25,148.9199981689453,150.32000732421875,1643000,0.00013309562245344964,151.82428850446428,153.76666695731026
2024-07-22,150.55999755859375,151.05999755859375,148.86000061035156,150.4499969482422,1084500,0.0008647526456213583,151.67143031529017,153.5509527297247
2024-07-23,150.4499969482422,152.52000427246094,150.07000732421875,151.7100067138672,1109700,0.008374940453195645,151.43714468819755,153.24095299130394
2024-07-24,151.7899932861328,155.1199951171875,151.66000366210938,152.88999938964844,1842500,0.00777794887325256,151.37714494977678,152.9161907377697
2024-07-25,153.5,153.5,150.02000427246094,150.3000030517578,1466200,-0.01694025997926707,150.83428737095423,152.50000072660902
2024-07-26,150.6300048828125,151.05999755859375,149.16000366210938,150.75,1358900,0.0029939916108134845,150.96000235421317,152.17666771298363
2024-07-29,151.41000366210938,151.9199981689453,150.22999572753906,150.6999969482422,1313000,-0.00033169520237352756,151.01714433942522,151.87762015206474
2024-07-30,150.42999267578125,152.4499969482422,149.86000061035156,150.0,1360700,-0.004644969889963546,150.97142900739397,151.61619131905692
2024-07-31,151.10000610351562,152.25,150.3800048828125,150.52999877929688,1590800,0.0035333251953124645,150.98285784040178,151.43714396158853
2024-08-01,150.16000366210938,150.22999572753906,144.9600067138672,145.9600067138672,1684800,-0.030359344333285243,150.16142926897322,151.02333504813058
2024-08-02,146.0,146.57000732421875,143.16000366210938,143.67999267578125,1809600,-0.015620813464030325,148.84571402413505,150.5557156517392
2024-08-05,141.16000366210938,141.39999389648438,137.50999450683594,139.49000549316406,1935900,-0.02916193900477182,147.30142865862166,149.9723823184059
2024-08-06,139.35000610351562,141.47000122070312,138.99000549316406,140.11000061035156,1599900,0.004444727885668298,145.78142874581474,149.40619187127976
2024-08-07,141.0,141.44000244140625,135.61000061035156,135.6699981689453,2707300,-0.031689404197163484,143.63428606305803,148.75428699311755
2024-08-08,136.8300018310547,138.8699951171875,135.24000549316406,138.77999877929688,2622100,0.022923274506709834,142.03142874581474,148.27571541922433
2024-08-09,142.13999938964844,145.6999969482422,141.33999633789062,144.82000732421875,3996300,0.043522183297662,141.21571568080358,147.9566679454985
2024-08-12,145.88999938964844,149.5,145.25999450683594,147.2899932861328,2585200,0.017055557498932616,141.4057137625558,147.66809590657553
2024-08-13,147.30999755859375,147.80999755859375,144.6999969482422,144.8800048828125,1575400,-0.01636220051038062,141.577144077846,147.26666768391928
2024-08-14,144.6300048828125,145.91000366210938,143.1699981689453,144.91000366210938,954200,0.00020705948568355836,142.35142953055245,146.8290485200428
2024-08-15,145.89999389648438,148.0500030517578,145.5,146.3800048828125,1129900,0.010144235619031328,143.2471444266183,146.66285850888207
2024-08-16,146.4600067138672,151.10000610351562,146.38999938964844,149.94000244140625,1901100,0.024320244841115946,145.2857164655413,146.64571562267486
2024-08-19,150.0,150.86000061035156,148.60000610351562,150.5,1078300,0.0037348109208721336,146.96000235421317,146.65428670247397
2024-08-20,150.72999572753906,155.63999938964844,149.97999572753906,154.80999755859375,2750600,0.028637857532184396,148.38714381626673,146.86190577915735
2024-08-21,156.6199951171875,161.3699951171875,156.49000549316406,160.07000732421875,1849400,0.03397719687731504,150.21286010742188,147.26000104631697
2024-08-22,160.0,161.82000732421875,158.52000427246094,158.6999969482422,1221900,-0.008558819974323062,152.18714468819755,147.5366675967262
2024-08-23,160.1999969482422,160.89999389648438,158.8000030517578,159.38999938964844,1076200,0.004347841554346532,154.2557155064174,147.96952456519716
2024-08-26,159.94000244140625,161.1999969482422,159.7100067138672,160.3800048828125,805600,0.006211214611676397,156.2557155064174,148.4280962262835
2024-08-27,160.30999755859375,161.9199981689453,160.16000366210938,160.77999877929688,783900,0.0024940384356306744,157.80428641183036,148.90809631347656
2024-08-28,160.88999938964844,161.14999389648438,158.1300048828125,159.0,1153700,-0.011071021226590982,159.01857212611608,149.33666774204798
2024-08-29,160.47999572753906,162.97999572753906,160.16000366210938,160.5,929600,0.009433962264151052,159.83142961774553,149.8114297049386
2024-08-30,161.05999755859375,162.1199951171875,160.42999267578125,161.7100067138672,1206500,0.0075389826409171246,160.06571524483817,150.5614297049386
2024-09-03,160.75,161.47999572753906,154.6199951171875,155.89999389648438,1581700,-0.0359285917764085,159.66571480887276,151.1433345249721
2024-09-04,155.6300048828125,159.1300048828125,155.6300048828125,158.0399932861328,990100,0.013726744537715385,159.47285679408483,152.02666727701822
2024-09-05,158.60000610351562,159.05999755859375,156.77999877929688,157.05999755859375,1021700,-0.0062009350112079975,158.99857003348214,152.83380998883928
2024-09-06,157.75999450683594,159.42999267578125,156.52000427246094,156.61000061035156,1246000,-0.0028651276915645507,158.4028560093471,153.8309529622396
2024-09-09,155.44000244140625,156.4199981689453,149.86000061035156,156.32000732421875,2107800,-0.0018516907285781592,158.01999991280692,154.66619146437873
2024-09-10,157.10000610351562,157.42999267578125,153.97999572753906,154.85000610351562,853200,-0.009403794471773752,157.21285792759485,155.14381045386904
2024-09-11,153.77000427246094,153.83999633789062,150.19000244140625,152.33999633789062,1720800,-0.016209297169462733,155.87428501674108,155.38428678966704
2024-09-12,152.77000427246094,154.75999450683594,152.27999877929688,153.61000061035156,1194200,0.008336643711373437,155.5471431187221,155.8000008719308
2024-09-13,153.82000732421875,154.89999389648438,152.07000732421875,152.17999267578125,1223400,-0.009309341376787628,154.71000017438615,156.1461908249628
2024-09-16,152.4499969482422,153.0500030517578,150.91000366210938,152.4499969482422,1320600,0.0017742429061367027,154.05142865862166,156.43523806617372
2024-09-17,152.47999572753906,155.8300018310547,151.0399932861328,152.7100067138672,1534300,0.001705541297670754,153.4942866734096,156.567143031529
2024-09-18,152.9499969482422,155.16000366210938,151.42999267578125,153.3300018310547,1449600,0.004059950821357683,153.067143031529,156.70190502348402
2024-09-19,156.22000122070312,158.11000061035156,153.52000427246094,153.66000366210938,1971000,0.0021522326166687478,152.8971426827567,156.6471434093657
2024-09-20,152.52000427246094,152.94000244140625,147.22999572753906,148.77999877929688,5624000,-0.03175845871736005,152.3885716029576,156.1095239548456
2024-09-23,149.5800018310547,150.75,148.05999755859375,149.72999572753906,1495700,0.006385246377447862,151.83428519112724,155.68238103957404
2024-09-24,149.6300048828125,151.11000061035156,147.94000244140625,150.89999389648438,1190500,0.007814053311497648,151.65142822265625,155.2780950637091
2024-09-25,150.64999389648438,150.89999389648438,149.66000366210938,150.77000427246094,841600,-0.0008614289548123377,151.41142926897322,154.82047598702567
2024-09-26,152.2899932861328,152.5,150.44000244140625,151.69000244140625,1485400,0.006101997366019463,151.26571437290735,154.3876190185547
2024-09-27,152.49000549316406,153.80999755859375,152.1999969482422,153.0500030517578,1371000,0.008965657515081826,151.22571454729353,154.10428583054315
2024-09-30,153.07000732421875,154.85000610351562,152.25999450683594,153.7100067138672,1343700,0.004312340078073573,151.23285784040178,153.7809528169178
2024-10-01,153.07000732421875,153.07000732421875,149.50999450683594,150.47999572753906,1379100,-0.021013667589910523,151.47571454729353,153.2461903889974
2024-10-02,150.32000732421875,151.6699981689453,148.92999267578125,151.3699951171875,1178200,0.005914403342088592,151.71000017438615,153.03047616141183
2024-10-03,149.91000366210938,151.19000244140625,146.75999450683594,147.66000366210938,1462100,-0.024509424421966353,151.2471444266183,152.53619094122024
2024-10-04,149.0,152.1199951171875,147.77999877929688,151.69000244140625,1768100,0.027292419608215157,151.37857273646765,152.28047688802084
2024-10-07,151.42999267578125,152.5500030517578,150.4499969482422,152.2100067138672,1041500,0.0034280721477462084,151.4528590611049,152.07095336914062
2024-10-08,152.27000427246094,153.0800018310547,151.32000732421875,152.94000244140625,757000,0.004795977237628923,151.43714468819755,151.91000075567337
2024-10-09,153.0,155.3000030517578,152.75999450683594,153.86000061035156,880000,0.006015418819532048,151.4585723876953,151.86285763695128
2024-10-10,152.33999633789062,154.0399932861328,152.27000427246094,153.49000549316406,912100,-0.002404751824514162,151.8885737827846,151.91761997767858
2024-10-11,153.05999755859375,156.47999572753906,153.05999755859375,155.08999633789062,1311700,0.010424071844846061,152.42000252859933,151.98809596470423
2024-10-14,155.50999450683594,156.49000549316406,154.69000244140625,155.42999267578125,725100,0.002192251891926622,153.5300009591239,152.14285786946616
2024-10-15,155.36000061035156,157.50999450683594,154.99000549316406,156.0500030517578,1310200,0.003989000869799142,154.1528581891741,152.31428673153832
2024-10-16,155.88999938964844,155.97000122070312,154.27999877929688,154.91000366210938,766300,-0.007305346794964973,154.53857203892298,152.4190484909784
2024-10-17,155.97000122070312,156.52999877929688,154.02999877929688,154.7899932861328,816400,-0.0007747103036568337,154.8028564453125,152.4885718936012
2024-10-18,154.41000366210938,155.8000030517578,154.14999389648438,155.27000427246094,976800,0.003101046625415993,155.00428553989954,152.5652385893322
2024-10-21,154.47000122070312,156.92999267578125,154.1300048828125,156.8800048828125,1129100,0.01036903823050328,155.4885711669922,152.9509531656901
2024-10-22,156.99000549316406,160.30999755859375,156.52999877929688,160.02000427246094,1697000,0.020015293803655743,156.19285801478796,153.44095357259116
2024-10-23,160.0,161.2899932861328,159.22999572753906,161.00999450683594,1694800,0.00618666546645863,156.99000113351005,153.9223821730841
2024-10-24,161.6199951171875,163.07000732421875,159.9600067138672,161.25999450683594,1218900,0.0015526986431229073,157.73428562709265,154.42190551757812
2024-10-25,162.39999389648438,163.85000610351562,161.14999389648438,161.7899932861328,1040800,0.003286610426334935,158.7171412876674,154.9028574625651
2024-10-28,162.0,162.13999938964844,160.00999450683594,160.75,1395700,-0.006428044559551593,159.56857081821985,155.26952398390998
2024-10-29,160.38999938964844,163.5399932861328,158.64999389648438,162.27999877929688,1603500,0.00951787732066478,160.56999860491072,155.67761884416853
2024-10-30,162.1999969482422,164.67999267578125,160.6199951171875,162.88999938964844,1659300,0.0037589389631507153,161.42856924874442,156.26857139950707
2024-10-31,162.75,164.4600067138672,161.27999877929688,161.72000122070312,1414000,-0.007182750158569062,161.67142595563615,156.7614288330078
2024-11-01,161.1199951171875,164.39999389648438,160.8300018310547,163.77999877929688,1457800,0.01273805060007649,162.06714085170202,157.52904764811197
2024-11-04,164.22000122070312,164.6999969482422,161.02000427246094,162.92999267578125,1829600,-0.005189926180553139,162.3057120186942,158.0642852783203
2024-11-05,163.64999389648438,165.49000549316406,162.8000030517578,164.02999877929688,1303500,0.00675140338160185,162.62571280343192,158.62714204334077
2024-11-06,166.49000549316406,169.0399932861328,165.35000610351562,166.6199951171875,3089300,0.01578977234143286,163.4642835344587,159.27857026599702
2024-11-07,174.0,180.52999877929688,171.39999389648438,179.1699981689453,3777500,0.07532111042813994,165.87714059012276,160.48380824497767
2024-11-08,179.1699981689453,179.33999633789062,173.1999969482422,177.89999389648438,2225700,-0.0070882641370761945,168.02142551967077,161.6461886451358
2024-11-11,178.44000244140625,180.50999450683597,178.1199951171875,179.38999938964844,2134000,0.008375523014526154,170.54571097237724,162.80333164760046
2024-11-12,178.66000366210938,180.6699981689453,177.1699981689453,180.5500030517578,1115100,0.006466378650181959,172.94142586844308,163.99952261788505
2024-11-13,180.2899932861328,182.6199951171875,180.10000610351562,181.8699951171875,1074400,0.007310950114197912,175.6471405029297,165.22904604957216
2024-11-14,181.0,182.3500061035156,179.2899932861328,181.47999572753903,1071500,-0.00214438555077312,178.13999720982142,166.49428376697358
2024-11-15,181.0,181.0,176.67999267578125,177.6199951171875,1349600,-0.021269565248098532,179.71142578125,167.58142671130952
2024-11-18,178.13999938964844,183.3600006103516,177.08999633789062,182.92999267578125,1254600,0.02989526913954932,180.24856785365515,168.89856901622954
2024-11-19,182.1199951171875,186.3000030517578,181.05999755859372,186.00999450683597,1535800,0.0168370521750012,181.40713936941964,170.28571137927827
2024-11-20,186.07000732421875,186.75,184.1999969482422,185.5,1364500,-0.0027417586253259962,182.27999659946985,171.49904450916108
2024-11-21,187.30999755859372,187.30999755859372,184.91000366210935,186.5800018310547,1168900,0.005822112296790749,183.14142499651228,172.71666390555245
2024-11-22,187.0,188.4499969482422,185.8699951171875,188.1499938964844,1081900,0.008414578465120393,184.03856767926897,173.99714006696428
2024-11-25,189.75999450683597,190.42999267578125,187.47000122070312,187.6199951171875,2501800,-0.00281689501190463,184.91571044921875,175.22714015415735
2024-11-26,188.19000244140625,189.27999877929688,187.13999938964844,187.8500061035156,1788200,0.0012259406903003534,186.37714059012276,176.51761663527716
2024-11-27,188.22999572753903,188.55999755859372,185.3500061035156,185.55999755859372,1235800,-0.012190622680416374,186.7528555733817,177.62618800571985
2024-11-29,186.2100067138672,189.30999755859372,186.2100067138672,188.3800048828125,679600,0.015197280455494289,187.09142848423548,178.83999779110863
2024-12-02,188.3600006103516,188.6300048828125,187.0,187.9499969482422,1257300,-0.0022826622965521626,187.4414280482701,180.08904520670572
2024-12-03,187.3999938964844,188.3800048828125,186.94000244140625,188.05999755859372,926700,0.0005852652946933823,187.6528560093471,181.24523562476747
2024-12-04,188.5,188.8800048828125,187.25,188.1999969482422,1431300,0.0007444400269378537,187.65999930245536,182.44856916155135
2024-12-05,189.3500061035156,191.6300048828125,188.0,190.02999877929688,1976700,0.009723708080388471,188.00428553989954,183.6866643996466
2024-12-06,190.3600006103516,191.91000366210935,188.1699981689453,189.7100067138672,1500800,-0.0016839028968332892,188.26999991280692,184.78618876139322
2024-12-09,188.97000122070312,191.0200042724609,187.6699981689453,187.8999938964844,1420500,-0.009540945407865431,188.60428510393416,185.201902843657
2024-12-10,186.7100067138672,188.2400054931641,184.7100067138672,185.3600006103516,1153900,-0.013517793340281359,188.172855922154,185.55714125860305
2024-12-11,188.8800048828125,191.25999450683597,186.0500030517578,190.4600067138672,1489200,0.027514059596041918,188.53142874581474,186.08428446451822
2024-12-12,189.3300018310547,190.5399932861328,188.2700042724609,189.63999938964844,796900,-0.004305404259754453,188.75714329310827,186.5171414329892
2024-12-13,188.3000030517578,188.6499938964844,184.6999969482422,185.47999572753903,1327900,-0.021936319740024635,188.36857169015067,186.68904622395834
2024-12-16,185.9199981689453,188.77999877929688,185.32000732421875,187.17999267578125,1847000,0.009165392427221253,187.96142796107702,186.9604746500651
2024-12-17,186.63999938964844,187.32000732421875,185.8500061035156,185.92999267578125,1372700,-0.006678064157023211,187.42142595563615,187.35618881952195
2024-12-18,186.5200042724609,188.3999938964844,181.63999938964844,181.8999938964844,2022500,-0.02167481814687222,186.5642830984933,187.30714125860305
2024-12-19,183.5,184.4900054931641,181.16000366210935,181.3800048828125,1570300,-0.0028586532771838202,185.99571228027344,187.086665562221
2024-12-20,180.0,184.1999969482422,179.0,181.97000122070312,3579400,0.0032528190649889765,184.78285435267858,186.91857038225447
2024-12-23,181.08999633789065,183.3699951171875,181.08999633789065,183.22000122070312,1198400,0.006869264118341878,183.86571175711495,186.7585703531901
2024-12-24,184.0,185.82000732421875,183.6300048828125,185.38999938964844,461100,0.011843675114549201,183.8528551374163,186.62714204334077
2024-12-26,184.75,187.55999755859372,184.7100067138672,187.16000366210935,733500,0.009547463608005957,183.8499995640346,186.60523768833704
2024-12-27,187.42999267578125,188.3600006103516,184.6999969482422,186.42999267578125,1010700,-0.003900464693546546,183.92142813546317,186.5376180013021
2024-12-30,184.19000244140625,185.92999267578125,182.0,184.5399932861328,1317100,-0.010137850474174037,184.29857090541296,186.48904636928015
2024-12-31,184.7700042724609,185.7700042724609,183.6499938964844,184.0800018310547,1106900,-0.0024926382996280916,184.68428475516183,186.28428431919642
2025-01-02,184.66000366210935,185.1000061035156,180.8699951171875,183.07000732421875,1437600,-0.005486714997769759,184.84142848423548,186.0519038609096
2025-01-03,184.6000061035156,189.17999267578125,184.1999969482422,188.75,1452700,0.031026342101587057,185.63142830984933,186.08476112002418
2025-01-06,190.63999938964844,192.13999938964844,188.30999755859372,188.97999572753903,1233400,0.001218520410802837,186.14428492954798,186.12190391903832
2025-01-07,188.08999633789065,188.7100067138672,180.8800048828125,181.75,2250900,-0.0382579949782772,185.37142726353235,185.72761826288132
2025-01-08,181.58999633789065,183.91000366210935,180.1699981689453,183.7400054931641,1976300,0.010949136138454385,184.98714338030135,185.4433324904669
2025-01-10,181.8999938964844,182.8800048828125,177.35000610351562,178.61000061035156,1420400,-0.027919912536431224,184.14000156947546,185.0009518577939
2025-01-13,178.61000061035156,179.97999572753906,177.92999267578125,178.75999450683594,957500,0.0008397844240064511,183.3800005231585,184.6866658528646
2025-01-14,178.91000366210938,181.52999877929688,178.64999389648438,180.02999877929688,876200,0.007104521769340177,182.94571358816964,184.18999880836122
2025-01-15,183.3999938964844,183.8000030517578,179.5800018310547,181.32000732421875,1332000,0.007165519933726827,181.88428606305803,183.79380871000745
2025-01-16,182.2700042724609,184.4600067138672,181.25999450683597,183.3699951171875,1282200,0.01130591060093633,181.0828574044364,183.6933324904669
2025-01-17,186.9499969482422,186.9499969482422,184.82000732421875,186.41000366210935,1443700,0.016578549522123565,181.74857221330916,183.6566663469587
2025-01-21,187.5500030517578,189.0399932861328,184.42999267578125,185.13999938964844,1611200,-0.00681296200585324,181.94857134137834,183.61904761904762
2025-01-22,185.3600006103516,188.17999267578125,183.5399932861328,187.9900054931641,1548500,0.015393789094259924,183.28857203892298,183.90904817127046
2025-01-23,183.27999877929688,184.69000244140625,179.61000061035156,183.82000732421875,2066900,-0.022182020570753025,184.01143101283483,184.0252387637184
2025-01-24,184.0,185.6300048828125,182.57000732421875,185.4900054931641,1638800,0.009084964108394544,184.7914319719587,184.19285801478796
2025-01-27,185.0500030517578,190.5800018310547,184.17999267578125,187.8699951171875,2335500,0.012830824052733725,185.7271445138114,184.4142862955729
2025-01-28,186.8500061035156,189.6999969482422,185.72999572753903,187.13999938964844,1616100,-0.0038856429792512026,186.26571655273438,184.49761962890625
2025-01-29,186.9199981689453,191.6100006103516,186.9199981689453,190.08999633789065,1430400,0.015763583188327157,186.7914297921317,184.63714308965774
2025-01-30,190.91000366210935,192.5,189.8800048828125,191.22999572753903,1213100,0.005997156145039817,187.66142926897322,184.86571466355096
2025-01-31,190.07000732421875,190.92999267578125,185.38999938964844,185.50999450683597,1680700,-0.029911631796785798,187.30714198521204,184.91190519787017
2025-02-03,184.6199951171875,187.58999633789065,182.88999938964844,186.07000732421875,1741400,0.0030187743731626693,187.62857055664062,185.0066673642113
2025-02-04,186.13999938964844,186.6100006103516,182.66000366210935,183.5399932861328,1661200,-0.013597108284504444,187.3499973842076,185.02904764811197
2025-02-05,185.1000061035156,186.1699981689453,182.9199981689453,184.9199981689453,1697800,0.007518823871051961,186.92856924874442,184.84666660853796
2025-02-06,184.0800018310547,184.52999877929688,181.8600006103516,183.0800018310547,2779700,-0.009950229050995185,186.34856959751673,184.56571451822916
2025-02-07,198.0,212.8800048828125,195.97000122070312,208.7700042724609,6798600,0.1403211830045361,189.01714215959822,185.85238138834634
2025-02-10,210.00999450683597,215.83999633789065,206.27999877929688,212.50999450683597,3454100,0.017914404166482045,192.05714198521204,187.22238086518786
2025-02-11,212.2700042724609,214.0399932861328,208.3800048828125,209.94000244140625,1783200,-0.012093511514099875,195.5471431187221,188.71428571428572
2025-02-12,207.42999267578125,210.1100006103516,206.55999755859372,209.17999267578125,1162800,-0.00362012840233783,198.84856959751673,190.16285705566406
2025-02-13,209.17999267578125,210.5800018310547,207.8300018310547,210.08999633789065,1338200,0.004350337957607087,202.64142717633928,191.5942855108352
2025-02-14,210.22999572753903,212.58999633789065,208.5500030517578,208.75999450683597,1454700,-0.006330629036308877,206.0471409388951,192.9009515671503
2025-02-18,208.63999938964844,216.5200042724609,208.41000366210935,216.3800048828125,2462900,0.036501296112685155,210.80428423200334,194.47285679408483
2025-02-19,218.58999633789065,218.75,212.4600067138672,215.17999267578125,1582300,-0.0055458553468521465,211.7199968610491,195.84285627092635
2025-02-20,215.17999267578125,215.3300018310547,209.0399932861328,215.2400054931641,1648300,0.00027889589843632656,212.10999843052454,197.27618989490327
2025-02-21,216.0,216.52999877929688,210.66000366210935,211.6499938964844,1439100,-0.01667910938979089,212.35428292410714,198.4028560093471
2025-02-24,213.2100067138672,213.6999969482422,207.27999877929688,212.0200042724609,1206500,0.001748218221813369,212.75999886648995,199.74571300688245
2025-02-25,210.47999572753903,210.67999267578125,206.07000732421875,207.91000366210935,1922000,-0.019384966170786,212.44857134137834,200.81333196730841
2025-02-26,208.80999755859372,210.27999877929688,207.4600067138672,209.1100006103516,1281000,0.005771713371678144,212.49857221330916,201.82476080031623
2025-02-27,209.8500061035156,211.3699951171875,207.6300048828125,208.2100067138672,1122800,-0.004303925655671614,211.33142961774553,202.82809448242188
2025-02-28,208.72000122070312,212.1000061035156,206.7100067138672,211.97999572753903,1858300,0.018106665828279578,210.87428719656808,203.87047540573846
2025-03-03,212.88999938964844,214.5,207.77999877929688,208.0500030517578,1781700,-0.018539450679263658,209.8471439906529,204.67142813546317
2025-03-04,207.97999572753903,209.08999633789065,202.00999450683597,208.5500030517578,2106700,0.0024032684098331814,209.40428815569197,205.76857139950707
2025-03-05,208.1000061035156,215.2700042724609,208.1000061035156,214.80999755859372,1750100,0.030016755767116043,209.80285862513952,207.13714236304872
2025-03-06,214.1999969482422,216.4600067138672,207.3300018310547,207.8699951171875,2273200,-0.03230763242066137,209.7971431187221,208.29571387881325
2025-03-07,206.75999450683597,207.4499969482422,198.7100067138672,204.3300018310547,1889400,-0.017029842542388707,209.1142861502511,209.21999976748512
2025-03-10,200.97999572753903,202.47000122070312,197.0,201.92999267578125,1883600,-0.011745750177489023,208.2171412876674,210.11761837913878
2025-03-11,202.0399932861328,206.0200042724609,201.7700042724609,203.8000030517578,1543500,0.009260686593393075,207.04857090541296,209.8809516543434
2025-03-12,204.47999572753903,206.72000122070312,203.4900054931641,205.3300018310547,1414900,0.007507354054888449,206.65999930245536,209.53904724121094
2025-03-13,204.47999572753903,206.1999969482422,201.92999267578125,203.6300048828125,1262900,-0.008279340247807299,205.95714242117745,209.2385711669922
2025-03-14,205.6699981689453,206.32000732421875,201.83999633789065,204.57000732421875,1365500,0.004616227564042896,204.4942866734096,209.01904805501303
2025-03-17,203.82000732421875,207.7100067138672,203.05999755859372,206.5,1904900,0.009434387283969947,204.29857308523995,208.8480958484468
2025-03-18,205.9600067138672,206.3600006103516,203.6999969482422,204.32000732421875,1067500,-0.010556865258020576,204.2971452985491,208.63666788736978
2025-03-19,204.0,210.7100067138672,203.47999572753903,208.8600006103516,1381600,0.02222001332903578,205.28714643205916,208.27857244582404
2025-03-20,206.92999267578125,211.4600067138672,206.8999938964844,209.6300048828125,1329200,0.0036867005181018264,206.12000383649553,208.01428731282553
2025-03-21,207.50999450683597,215.0,204.2100067138672,213.47000122070312,3631800,0.0183179709414083,207.2828608921596,207.93000139508928
2025-03-24,217.1499938964844,217.17999267578125,211.88999938964844,213.50999450683597,1452900,0.00018734850753809873,208.6942879813058,208.01857285272507
2025-03-25,213.66000366210935,218.55999755859372,211.57000732421875,217.9499969482422,1361000,0.020795290879294548,210.60571507045202,208.3009534563337
2025-03-26,217.0,220.92999267578125,211.9499969482422,215.88999938964844,1951700,-0.009451698038256628,211.9471435546875,208.68095325288317
2025-03-27,215.7700042724609,216.6999969482422,213.6300048828125,214.2899932861328,1128700,-0.0074112099126363296,213.37142726353235,208.92761957077752
2025-03-28,214.27999877929688,215.5200042724609,209.32000732421875,210.47000122070312,1439400,-0.017826273671720183,213.60142735072546,209.03523835681733
2025-03-31,207.3999938964844,207.88999938964844,200.66000366210935,207.25,2689900,-0.015299098218403917,213.2614266531808,208.81000046502976
2025-04-01,205.22999572753903,210.57000732421875,204.6999969482422,210.1300048828125,1654700,0.013896284114897517,212.78428431919642,208.90904817127046
2025-04-02,207.8800048828125,212.72000122070312,207.0,211.1000061035156,1602800,0.004616195679641555,212.44000026157923,209.03047688802084
2025-04-03,205.4600067138672,211.5,204.94000244140625,208.92999267578125,2324500,-0.010279551705319467,211.15142822265625,208.75047665550596
2025-04-04,205.1000061035156,208.3300018310547,194.17999267578125,194.5800018310547,3684600,-0.06868324964235728,208.10714285714286,208.11761983235678
2025-04-07,190.9199981689453,201.1300048828125,188.55999755859372,197.52999877929688,3608200,0.015160843460180207,205.71285792759485,207.79381016322546
2025-04-08,201.6100006103516,205.2100067138672,193.1100006103516,196.25,2230700,-0.0064800222103329475,203.68142918178015,207.5233343215216
2025-04-09,194.33999633789065,209.38999938964844,194.1199951171875,208.1300048828125,2820900,0.06053505672770698,203.80714416503906,207.72952488490515
2025-04-10,205.00999450683597,206.3600006103516,196.6499938964844,204.41000366210935,2257300,-0.01787344992759554,202.99000113351005,207.6857154482887
2025-04-11,204.8300018310547,212.8500061035156,202.25999450683597,212.07000732421875,2648600,0.03747372205311161,203.12857273646765,208.0876203264509
2025-04-14,214.0,216.0,210.9900054931641,212.9499969482422,1220600,0.004149524183672426,203.7028590611049,208.4866674514044
2025-04-15,212.75,215.3500061035156,211.9499969482422,214.6000061035156,1267100,0.007748340826106981,206.56285967145647,208.87238202776228
2025-04-16,213.8000030517578,215.8500061035156,209.1699981689453,211.3999938964844,1228600,-0.014911519645938953,208.5442875453404,209.2095242454892
2025-04-17,213.6699981689453,214.8000030517578,211.4600067138672,212.7700042724609,1059800,0.006480654756533921,210.90428815569197,209.39571489606584
2025-04-21,210.83999633789065,211.33999633789065,202.41000366210935,205.16000366210935,1744400,-0.03576632259031509,210.4800022670201,209.18285769507997
2025-04-22,208.1300048828125,211.75,207.07000732421875,209.97000122070312,1492600,0.023445103688512603,211.2742876325335,209.01619102841332
2025-04-23,212.07000732421875,215.97000122070312,211.0,213.3000030517578,1713600,0.015859417115278607,211.4500013078962,209.00619143531435
2025-04-24,213.8000030517578,224.5800018310547,213.3000030517578,222.69000244140625,2966600,0.04402250002485908,212.8414306640625,209.23190598260788
2025-04-25,222.6499938964844,225.4900054931641,222.27999877929688,225.3800048828125,1534600,0.0120795833307068,214.38143048967635,209.6838110060919
2025-04-28,227.25,229.0,223.58999633789065,225.5500030517578,2071700,0.0007542735170038561,216.4028603690011,210.22000194731214
2025-04-29,225.1999969482422,231.22999572753903,225.1999969482422,230.7100067138672,1621200,0.022877426700478765,218.96571786063058,211.1838117327009
2025-04-30,227.0,234.08999633789065,225.3999938964844,233.32000732421875,2234200,0.01131290596158907,222.9885755266462,212.42524065290178
2025-05-01,234.1199951171875,238.0,233.4199981689453,235.1699981689453,2175100,0.007928985027657154,226.5885750906808,213.61762128557478
2025-05-02,214.4499969482422,224.72000122070312,211.0,219.5,8968300,-0.0666326414549191,227.4742889404297,214.01762099493118
2025-05-05,218.5,225.82000732421875,217.7400054931641,225.32000732421875,2828200,0.02651483974587121,227.8500039236886,214.79809788295202
2025-05-06,223.50999450683597,232.2100067138672,222.2400054931641,231.83999633789065,2812000,0.028936573769457352,228.77285984584265,216.5723833356585
2025-05-07,232.1100006103516,232.94000244140625,225.33999633789065,226.33999633789065,2786100,-0.023723257793638597,228.8857160295759,217.9442879813058
2025-05-08,227.1100006103516,227.97999572753903,224.38999938964844,225.4499969482422,1773800,-0.003932134859275349,228.13428606305803,219.3347640264602
2025-05-09,225.4499969482422,227.4900054931641,223.0500030517578,226.5500030517578,1524700,0.004879157766270348,227.1671425955636,220.21190679640998
2025-05-12,226.0800018310547,227.88999938964844,219.41000366210935,226.25,2080100,-0.0013242244436839634,225.89285714285714,221.2519066220238
2025-05-13,225.8600006103516,228.3000030517578,224.30999755859372,226.16000366210935,2116700,-0.00039777386912998036,226.8442862374442,221.92285882859002
2025-05-14,225.7100067138672,229.6699981689453,224.88999938964844,229.5,2140200,0.014768289192640394,227.4414280482701,222.71095421200707
2025-05-15,228.75,233.75999450683597,228.3999938964844,232.33999633789065,3081500,0.012374711711941933,227.51285661969865,223.5557156517392
2025-05-16,236.5800018310547,240.77999877929688,226.1100006103516,226.7400054931641,4381400,-0.024102569221799097,227.57000078473772,224.28619239443825
2025-05-19,226.7400054931641,235.72000122070312,225.4499969482422,234.66000366210935,2190000,0.03492986670666731,228.8857160295759,225.32857331775483
2025-05-20,233.0200042724609,237.6199951171875,232.5399932861328,237.5,1729500,0.012102600756710213,230.4500013078962,226.86857314336868
2025-05-21,228.02999877929688,231.63999938964844,226.6699981689453,226.75999450683597,6081100,-0.04522107576069068,230.52285766601562,227.66809663318452
2025-05-22,228.02999877929688,228.3999938964844,223.1199951171875,226.00999450683597,4750900,-0.003307461713566884,230.50142778669084,228.2733343215216
2025-05-23,225.9199981689453,226.16000366210935,224.0,224.9900054931641,1862800,-0.0045130261424833895,229.85714285714286,228.3828582763672
2025-05-27,226.0,227.5,224.0,226.2700042724609,2372000,0.005689136175143217,228.99000113351005,228.42523919968377
2025-05-28,226.33999633789065,229.8800048828125,226.33999633789065,228.3300018310547,2077600,0.009104156625697746,229.21714346749442,228.557620093936
2025-05-29,228.66000366210935,228.66000366210935,223.72000122070312,225.38999938964844,2137500,-0.012876110970215904,227.89285714285714,228.30428641183036
2025-05-30,225.3999938964844,226.9499969482422,224.25999450683597,226.27999877929688,3647800,0.003948708425655756,226.28999982561385,227.96904790969123
2025-06-02,226.1000061035156,227.6300048828125,222.1199951171875,227.6000061035156,2472600,0.005833513042865945,226.41000148228235,227.6085720970517
2025-06-03,227.0,229.8500061035156,224.0,229.6499938964844,1832200,0.009006976001733724,226.93000139508928,228.09190513974144
2025-06-04,229.5200042724609,230.3999938964844,227.1999969482422,229.17999267578125,1757500,-0.002046598010862599,227.52857099260603,228.27571396600632
2025-06-05,229.5500030517578,232.77999877929688,228.8300018310547,231.02999877929688,2340200,0.008072284504052618,228.2085702078683,228.23714265369233
2025-06-06,232.97999572753903,233.1999969482422,230.47000122070312,232.72000122070312,1497000,0.007315077913413015,228.83571297781808,228.54095241001673
2025-06-09,232.2700042724609,234.3300018310547,230.38999938964844,233.5,1426200,0.003351661976647824,229.9942844935826,228.92428588867188
2025-06-10,233.47000122070312,235.6199951171875,231.8999938964844,234.91000366210935,1596600,0.006038559580768155,231.22714233398438,229.32238115583147
2025-06-11,234.3300018310547,235.6699981689453,232.2400054931641,234.7400054931641,1277500,-0.0007236736039124558,232.2471422467913,229.72666713169642
2025-06-12,234.1199951171875,237.38999938964844,233.6100006103516,234.4600067138672,1441000,-0.0011928038372013283,232.93428693498885,230.12190537225632
2025-06-13,232.92999267578125,235.8000030517578,229.58999633789065,230.22999572753903,2011400,-0.018041503306320483,233.08428737095423,230.15666707356772
2025-06-16,230.9499969482422,240.44000244140625,230.6699981689453,238.6000061035156,2220100,0.03635499514095408,234.16571698869978,230.45476277669272
2025-06-17,238.6100006103516,239.55999755859372,236.1499938964844,237.5200042724609,1713100,-0.004526411581842638,234.85143171037947,230.96809605189733
2025-06-18,237.6999969482422,242.08999633789065,235.6699981689453,238.5,2510600,0.00412595027749707,235.56571742466517,231.1509530203683
2025-06-20,240.08999633789065,242.27999877929688,236.97999572753903,238.3699951171875,3448500,-0.0005450938482703949,236.06000191824776,231.192381359282
2025-06-23,238.30999755859372,241.9600067138672,235.5500030517578,241.58999633789065,1719000,0.013508416691119685,237.03857203892298,231.89857192266555
2025-06-24,242.3699951171875,245.0800018310547,240.6199951171875,243.0500030517578,1943300,0.0060433243760025235,238.26571437290735,232.71000090099517
2025-06-25,243.47000122070312,244.44000244140625,240.80999755859372,241.63999938964844,1526800,-0.0058012904521919095,239.89571489606584,233.5028577532087
2025-06-26,241.3800048828125,242.75999450683597,238.66000366210935,239.3300018310547,1667000,-0.009559665471066459,240.0,234.12476239885603
2025-06-27,239.5500030517578,241.91000366210935,238.8800048828125,241.44000244140625,4576800,0.008816281261055714,240.55999973842077,234.7490481422061
2025-06-30,242.67999267578125,244.5,237.30999755859372,242.8500061035156,3236600,0.005839975347297965,241.18142918178015,235.58047703334265
2025-07-01,242.42999267578125,243.8999938964844,238.1100006103516,240.1000061035156,1932500,-0.011323862181942035,241.42857360839844,236.2385726202102
2025-07-02,239.92999267578125,242.27999877929688,238.82000732421875,239.50999450683597,1640400,-0.002457357691299955,241.13143048967635,236.80571492513022
2025-07-03,240.16000366210935,240.9900054931641,237.00999450683597,240.1100006103516,1008300,0.0025051401497924175,240.711430140904,237.30381048293341
2025-07-07,240.63999938964844,243.19000244140625,239.83999633789065,242.52999877929688,1924500,0.010078706271266169,240.8385729108538,237.9395250592913
2025-07-08,242.52999877929688,243.1300048828125,239.50999450683597,240.55999755859372,1083300,-0.008122711543390837,241.0142865862165,238.3933345249721
2025-07-09,241.3500061035156,243.17999267578125,240.16000366210935,242.22999572753903,1369400,0.006942127477111093,241.12714276994978,238.84619140625
2025-07-10,241.6699981689453,242.52999877929688,234.6000061035156,235.3300018310547,2471600,-0.02848529917098075,240.0528564453125,238.93333435058594
2025-07-11,235.77999877929688,236.52999877929688,233.1499938964844,233.9199981689453,1429400,-0.005991601798064128,239.1699981689453,238.88619123186385
2025-07-14,234.0,239.16000366210935,233.5,238.4600067138672,1340000,0.019408381414413922,239.01999991280692,239.0633341471354
2025-07-15,237.8000030517578,241.07000732421875,236.1999969482422,237.6999969482422,2203400,-0.0031871581993913045,238.67571367536272,239.21761939639137
2025-07-16,238.7899932861328,239.6000061035156,236.91000366210935,238.72999572753903,1660300,0.004333188020701151,238.13285609654017,239.62238130115327
2025-07-17,238.72999572753903,238.9600067138672,230.3999938964844,233.9199981689453,2106100,-0.02014827480700554,237.18428475516183,239.39952378045945
2025-07-18,233.97000122070312,234.9499969482422,227.4499969482422,231.17999267578125,3170400,-0.011713429867527325,235.605712890625,239.09761846633185
2025-07-21,232.0800018310547,233.2400054931641,230.05999755859372,231.6300048828125,1355800,0.0019465880322193652,235.07714189801897,238.77047584170387
2025-07-22,232.1300048828125,232.8500061035156,229.1000061035156,231.07000732421875,1777000,-0.002417638245429621,234.67000034877233,238.42285737537202
2025-07-23,230.4499969482422,231.2899932861328,227.8699951171875,228.72999572753903,1331200,-0.010126851268050574,233.27999877929688,237.8104763939267
2025-07-24,228.17999267578125,229.41000366210935,225.3300018310547,225.75,1608100,-0.013028443069131979,231.57285635811942,236.98666672479538
2025-07-25,226.0,227.2100067138672,223.0399932861328,224.75,1895500,-0.0044296788482834915,229.57571411132812,236.18238103957404
2025-07-28,228.22999572753903,228.66000366210935,224.41000366210935,226.1000061035156,1421600,0.006006701239223977,228.45857238769528,235.55238124302454
2025-07-29,227.1499938964844,227.3600006103516,222.5,223.97999572753903,1857400,-0.009376427769780538,227.43000139508925,234.72095235188803
2025-07-30,224.0500030517578,225.9199981689453,223.0500030517578,223.80999755859372,1512000,-0.000758988178355513,226.31285749162944,233.8142852783203
2025-07-31,224.6199951171875,225.30999755859372,222.3000030517578,222.72999572753903,1644000,-0.004825529881755775,225.12142726353233,232.98714192708334
2025-08-01,222.82000732421875,222.82000732421875,219.07000732421875,220.5800018310547,1396300,-0.009652915807147888,223.95714242117745,232.0857137044271
2025-08-04,222.83999633789065,226.38999938964844,221.6199951171875,225.9900054931641,1875300,0.024526265378549628,223.9914289202009,231.413332984561
2025-08-05,226.17999267578125,227.9900054931641,225.41000366210935,225.9199981689453,1398000,-0.00030978062089959124,224.15857151576452,230.62238057454428
2025-08-06,226.66000366210935,227.6699981689453,224.0,227.2100067138672,1544400,0.005710023704750489,224.317143031529,229.98666672479538
2025-08-07,227.75,228.50999450683597,222.3800048828125,226.4900054931641,2267100,-0.003168879888330922,224.67571585518974,229.23714338030135
2025-08-08,237.5200042724609,239.13999938964844,216.33999633789065,217.3699951171875,5619200,-0.04026672327601599,223.7557155064174,228.3819049653553
2025-08-11,219.3600006103516,226.57000732421875,218.3999938964844,222.6699981689453,3191100,0.024382404061335627,223.7471444266183,227.84619067964098
2025-08-12,224.44000244140625,232.77999877929688,224.1999969482422,232.55999755859372,2440000,0.044415500386112194,225.4585723876953,227.56523786272322
2025-08-13,233.2899932861328,236.2400054931641,230.6999969482422,236.13999938964844,2105700,0.015393884884062015,226.90857151576452,227.49095226469495
2025-08-14,235.3000030517578,238.38999938964844,232.1999969482422,233.16000366210935,1688700,-0.012619614361148002,227.94285801478796,227.22571454729353
2025-08-15,233.6499938964844,233.6499938964844,229.58999633789065,232.17999267578125,1376600,-0.004203169372686721,228.6528560093471,227.14285714285714
2025-08-18,233.47000122070312,235.6000061035156,231.5200042724609,232.5500030517578,1428600,0.001593635918893499,229.51856994628906,227.20809573218935
2025-08-19,232.1000061035156,232.4499969482422,227.75,228.3600006103516,1366200,-0.01801764087904001,231.08857073102678,227.05238124302454
2025-08-20,227.3800048828125,229.4499969482422,225.5399932861328,228.6699981689453,1327300,0.0013574949980958984,231.94571358816964,226.93809509277344
2025-08-21,227.47000122070312,228.7899932861328,226.27999877929688,227.8699951171875,950500,-0.0034985046493364313,231.27571323939733,226.8971426827567
2025-08-22,228.6699981689453,230.07000732421875,226.75,229.02999877929688,1089300,0.005090638025918359,230.25999886648995,227.05333310081846
2025-08-25,228.6699981689453,232.9900054931641,228.5,231.8300018310547,1187900,0.012225486035373212,230.06999860491072,227.3904760451544
2025-08-26,231.3600006103516,233.5500030517578,230.3300018310547,230.82000732421875,2165300,-0.004356616912645994,229.87571498325892,227.61523800804503
2025-08-27,230.5200042724609,232.33999633789065,228.75,232.02999877929688,1030000,0.005242142867531108,229.80142865862166,227.99857148670014
2025-08-28,230.63999938964844,235.02999877929688,230.63999938964844,234.8999938964844,1127100,0.012369069225041995,230.7357134137835,228.52666655040923
2025-08-29,234.27999877929688,235.9900054931641,232.6100006103516,233.2700042724609,989000,-0.006939079039490315,231.39285714285714,229.02857171921502
2025-09-02,231.16000366210935,241.0800018310547,229.3300018310547,240.9499969482422,1860300,0.03292319001636823,233.2614288330078,229.99857148670014
2025-09-03,241.0,242.3000030517578,237.02999877929688,238.8600006103516,1208700,-0.008673983666161011,234.66571480887276,230.6114283970424
2025-09-04,238.52999877929688,240.83999633789065,237.3699951171875,240.6499938964844,915400,0.007493901371342648,235.92571367536272,231.31285676502046
2025-09-05,242.0,242.69000244140625,236.94000244140625,239.67999267578125,979400,-0.004030755226698268,237.19142586844308,231.9066656203497
2025-09-08,241.77999877929688,250.4499969482422,241.3999938964844,248.77999877929688,2214500,0.03796731634511241,239.58428301130022,232.9680938720703
2025-09-09,249.27999877929688,250.0,247.2700042724609,247.8600006103516,997500,-0.00369803912476685,241.43571254185267,234.41999889555433
2025-09-10,248.5800018310547,248.5800018310547,243.4600067138672,244.0399932861328,1116400,-0.015411955599177185,242.97428240094865,235.4376177106585
2025-09-11,246.07000732421875,248.0,244.88999938964844,246.5399932861328,976800,0.01024422254047841,243.7728533063616,236.10333179292223
2025-09-12,245.97000122070312,248.3000030517578,244.02999877929688,246.25999450683597,1001700,-0.0011357134214402542,244.82999529157368,236.58523632231214
2025-09-15,246.25,250.25,245.9199981689453,247.25,1333400,0.004020163710092728,245.77285330636164,237.25618852887834
2025-09-16,247.5399932861328,250.9600067138672,246.72000122070312,247.72999572753903,1764100,0.0019413376240202673,246.92285374232702,237.99666486467635
2025-09-17,248.0,251.1999969482422,245.6999969482422,250.5200042724609,1690900,0.011262296020020157,247.17142595563615,238.85237920851935
2025-09-18,251.08999633789065,252.6100006103516,249.1100006103516,249.7400054931641,2167000,-0.0031135189445730127,247.43999808175224,239.87047467912947
2025-09-19,251.9600067138672,252.3999938964844,247.80999755859372,250.8500061035156,3620100,0.004444624753489501,248.41285705566406,240.9266655331566
2025-09-22,249.38999938964844,255.3300018310547,249.38999938964844,251.63999938964844,1609300,0.0031492655647249457,249.1414293561663,242.0585704985119
2025-09-23,251.63999938964844,254.1199951171875,250.83999633789065,251.27999877929688,1572700,-0.001430617593485728,249.8585728236607,243.11809430803572
2025-09-24,253.05999755859372,253.05999755859372,239.4600067138672,244.1199951171875,2075900,-0.028494124868243542,249.4114292689732,243.70333208356584
2025-09-25,244.08999633789065,246.1300048828125,242.6199951171875,245.1100006103516,1188900,0.004055405181738081,249.03714425223214,244.3838079543341
2025-09-26,246.32000732421875,258.1000061035156,245.4900054931641,256.1199951171875,3480600,0.0449185854490628,249.83714294433594,245.53095063709077
2025-09-29,257.57000732421875,261.4700012207031,254.5500030517578,259.9599914550781,2670900,0.014992958031775805,251.2971409388951,246.72428385416666
2025-09-30,259.70001220703125,261.1499938964844,256.1600036621094,258.3599853515625,1986500,-0.0061548167260657705,252.3699951171875,247.91904485793341
2025-10-01,256.69000244140625,258.4200134277344,253.1999969482422,255.3999938964844,1626100,-0.011456849446133455,252.90713718959267,248.60713995070685
2025-10-02,255.3999938964844,257.3299865722656,252.5500030517578,256.94000244140625,1366000,0.006029790844654492,253.71570914132255,249.4680924188523
2025-10-03,256.6700134277344,261.0899963378906,255.50999450683597,257.67999267578125,1728200,0.002880011782298242,255.65285164969308,250.27904474167596
2025-10-06,258.6499938964844,259.9599914550781,256.1000061035156,256.9800109863281,1399800,-0.0027164766739723456,257.3485674176897,251.1028551374163
2025-10-07,257.5,261.0899963378906,257.5,260.5,1383200,0.01369752067548613,257.97428240094865,251.66095043364027
2025-10-08,261.1099853515625,262.19000244140625,255.57000732421875,258.07000732421875,1332900,-0.00932818685520631,257.70428466796875,252.1471412295387
2025-10-09,259.3399963378906,259.3800048828125,255.8600006103516,256.69000244140625,923300,-0.005347405136772676,257.46571568080356,252.74952261788505
2025-10-10,256.0899963378906,258.1400146484375,250.9499969482422,251.97000122070312,1350300,-0.018387943339478352,256.9757167271205,253.00809442429315
2025-10-13,253.3000030517578,257.4200134277344,251.5,256.67999267578125,931200,0.018692667509068173,256.9385724748884,253.50428481329055
2025-10-14,256.989990234375,260.7300109863281,254.5500030517578,257.7200012207031,900000,0.004051770977863134,256.9442879813058,254.0028562999907
2025-10-15,259.4200134277344,264.7900085449219,259.3800048828125,261.5,1325300,0.014667075746518377,257.59000069754467,254.6585707891555
2025-10-16,262.7200012207031,264.3399963378906,257.5400085449219,259.2300109863281,1327000,-0.008680646323793062,257.40857369559154,255.07333301362536
2025-10-17,259.2300109863281,263.0,258.2200012207031,261.3500061035156,1001800,0.008178046627862479,257.8771449497768,255.62619018554688
2025-10-20,262.2200012207031,262.95001220703125,260.3699951171875,262.2900085449219,1340100,0.0035967186510565963,258.6771458217076,256.1709522065662
2025-10-21,261.2900085449219,262.20001220703125,258.3299865722656,260.2799987792969,916000,-0.007663310458433825,259.8642883300781,256.5823807489304
2025-10-22,261.0,261.0599975585937,254.94000244140625,255.55999755859372,1590400,-0.01813432166451423,259.70428902762274,256.7861902146112
2025-10-23,255.33999633789065,256.989990234375,254.25,254.52999877929688,1042000,-0.004030359951231022,259.24857439313615,257.28190467471165
2025-10-24,255.9499969482422,258.0299987792969,254.3999938964844,255.1199951171875,957400,0.0023179835018276584,258.33714512416293,257.7585710797991
2025-10-27,256.2900085449219,257.010009765625,252.1499938964844,254.2700042724609,1318200,-0.003331729621334323,257.6285727364676,257.67047627766925
2025-10-28,254.63999938964844,256.20001220703125,251.41000366210935,251.57000732421875,1455600,-0.010618621555332997,256.23143005371094,257.2709532238188
2025-10-29,250.1199951171875,252.75,249.2400054931641,251.72999572753903,1520300,0.0006359597673109008,254.72285679408483,256.95523943219865
2025-10-30,251.4600067138672,255.97999572753903,250.0,252.77999877929688,1264900,0.004171147934608044,253.65142822265625,256.83047775995163
2025-10-31,253.16000366210935,257.0899963378906,253.16000366210935,256.3699951171875,1411100,0.014202058530054185,253.76714215959822,256.80333455403644
2025-11-03,257.75,257.75,251.3300018310547,255.6499938964844,1513300,-0.002808445740204446,253.92714146205358,256.7066679454985
2025-11-04,256.0599975585937,256.0599975585937,250.3300018310547,252.42999267578125,1818500,-0.012595350274121175,253.54285539899553,256.49000040690106
2025-11-05,253.7100067138672,256.2699890136719,249.9900054931641,254.75999450683597,2309400,0.009230289183771223,253.61285400390625,256.2166668119885
2025-11-06,253.08999633789065,256.9200134277344,252.0399932861328,252.3999938964844,3324700,-0.009263623258118137,253.7314235142299,255.94666617257255
2025-11-07,232.02999877929688,243.55999755859372,227.25,232.0,5792500,-0.08082406652058383,250.91285269601005,254.77095177060082
2025-11-10,231.97000122070312,237.0200042724609,229.1000061035156,234.05999755859372,3222600,0.008879299821524578,248.23856680733817,253.91809445335753
2025-11-11,234.05999755859372,241.42999267578125,233.1999969482422,240.6999969482422,2072300,0.02836879201447573,245.999995640346,253.15714227585565
2025-11-12,241.0500030517578,242.6000061035156,238.2899932861328,240.33999633789065,1317400,-0.0014956402780053057,243.81285313197546,252.32952299572173
2025-11-13,239.5200042724609,242.08999633789065,237.2700042724609,237.5500030517578,1358200,-0.011608526789733453,241.68714032854353,251.18904695056733
2025-11-14,235.9499969482422,238.2700042724609,234.00999450683597,235.02999877929688,1542800,-0.010608310840189206,238.86856951032365,250.03666541689918
2025-11-17,235.1100006103516,236.47999572753903,232.2400054931641,233.5800018310547,1456900,-0.006169412227261195,236.17999921526228,248.71428426106772
2025-11-18,233.3999938964844,239.9199981689453,231.5,239.08999633789065,1867400,0.02358932470092734,237.19285583496094,247.6095217750186
2025-11-19,238.5200042724609,244.2400054931641,236.6300048828125,240.4600067138672,2097100,0.005730103295666034,238.10714285714286,246.66571262904577
2025-11-20,242.41000366210935,243.4499969482422,234.4199981689453,235.3699951171875,1717300,-0.02116780942594121,237.34571402413505,245.70428394135973
2025-11-21,234.8600006103516,238.3699951171875,234.0200042724609,235.47000122070312,1759800,0.00042488892208125684,236.6500004359654,244.79666500999815
2025-11-24,234.8999938964844,240.3699951171875,234.88999938964844,239.07000732421875,2272200,0.015288597633893009,236.86714390345983,244.03237987699964
2025-11-25,239.6199951171875,242.4199981689453,238.80999755859372,241.83999633789065,1142000,0.011586518295100712,237.84000069754467,243.44047473725817
2025-11-26,242.5,245.5399932861328,241.8600006103516,243.6300048828125,1026800,0.007401623271697799,239.27571541922435,243.0623793829055
2025-11-28,244.77999877929688,246.4900054931641,243.7400054931641,246.07000732421875,590100,0.01001519678407381,240.27285984584265,242.79285612560454
2025-12-01,246.07000732421875,249.8500061035156,242.5,249.33999633789065,1706700,0.01328885648937872,241.5414297921317,242.62904648553757
2025-12-02,249.2400054931641,250.0,246.55999755859372,246.8300018310547,1321300,-0.010066553877038475,243.17857360839844,242.17476109095983
2025-12-03,246.25999450683597,246.5500030517578,242.97999572753903,244.9499969482422,849300,-0.0076165979373093995,244.5328587123326,241.6652374267578
2025-12-04,244.2100067138672,247.8999938964844,242.19000244140625,247.50999450683597,1013900,0.010451102635182785,245.7385711669922,241.43095179966517
2025-12-05,247.6999969482422,251.33999633789065,246.83999633789065,247.8800048828125,1362400,0.0014949310500118607,246.60142953055245,241.10333324614027
2025-12-08,248.5200042724609,248.9499969482422,245.9900054931641,247.27999877929688,1096100,-0.0024205506361809626,247.12285723005022,240.8595239548456
2025-12-09,247.0,249.5,246.22999572753903,248.72999572753903,1356600,0.005863785811226485,247.5028555733817,241.65619041806175
2025-12-10,249.2899932861328,250.17999267578125,245.3600006103516,246.0200042724609,1150000,-0.01089531420266121,247.02857099260603,242.22571454729353
2025-12-11,244.00999450683597,246.7400054931641,242.05999755859372,242.41000366210935,1478400,-0.014673605998126837,246.3971426827567,242.30714343843005
2025-12-12,242.16000366210935,243.3000030517578,240.5,241.47000122070312,1529900,-0.003877737829320216,245.9000004359654,242.36095319475447
2025-12-15,244.27999877929688,246.83999633789065,242.6499938964844,244.55999755859372,1888600,0.012796605467634725,245.4785723005022,242.69476245698473
2025-12-16,244.5,246.91000366210935,243.19000244140625,244.52999877929688,1526900,-0.00012266429340990204,244.99999999999997,243.1471434093657
2025-12-17,244.69000244140625,246.1999969482422,240.27999877929688,240.5500030517578,1563900,-0.01627610414839631,244.03857203892295,243.47904822939918
2025-12-18,242.97999572753903,246.8500061035156,241.3800048828125,246.6499938964844,1810300,0.02535851493385377,243.7414289202009,243.83904811314173
2025-12-19,246.1999969482422,250.3800048828125,244.38999938964844,247.3999938964844,3905400,0.003040746071596434,243.9385702950614,244.16952369326637
2025-12-22,247.3999938964844,249.77999877929688,247.05999755859372,248.5800018310547,1084600,0.0047696360698537,244.81999860491072,244.79857163202195
2025-12-23,248.5399932861328,249.4600067138672,247.66000366210935,249.22999572753903,648200,0.002614827788625096,245.92856924874442,245.4538094656808
2025-12-24,249.22999572753903,251.72000122070312,248.75999450683597,251.6000061035156,485800,0.009509330404063654,246.93428475516183,246.05047607421875
2025-12-26,250.7400054931641,256.2900085449219,249.83999633789065,256.0899963378906,920700,0.017845747716427773,248.58571297781808,246.72904750279017
2025-12-29,255.0,256.57000732421875,254.16000366210935,255.6999969482422,1076200,-0.0015228997431585567,250.74999782017298,247.3038090297154
2025-12-30,255.41000366210935,260.0400085449219,254.4600067138672,257.9100036621094,1073400,0.008642967306388138,252.3585706438337,247.86761837913878
2025-12-31,257.9100036621094,258.3900146484375,255.91000366210935,256.0299987792969,808000,-0.007289383335729482,253.59142848423548,248.18618992396765
2026-01-02,257.7099914550781,257.7099914550781,250.1999969482422,251.6000061035156,1317900,-0.017302631320168183,254.0228576660156,248.413332984561
2026-01-05,252.42999267578125,258.5599975585937,251.3500061035156,257.3099975585937,1108700,0.02269471906423104,255.17714364188058,249.0019044421968
2026-01-06,257.2900085449219,257.79998779296875,253.5800018310547,254.3500061035156,922100,-0.011503600649656276,255.57000078473772,249.32761928013392
2026-01-07,253.66000366210935,257.1499938964844,251.27999877929688,256.6700134277344,1192400,0.009121318138575418,255.6528603690011,249.7461911156064
2026-01-08,256.94000244140625,257.9100036621094,250.58999633789065,252.3800048828125,1567800,-0.016714101065529174,255.17857578822546,249.98904854910714
2026-01-09,252.7100067138672,254.8000030517578,249.33999633789065,250.7100067138672,1013600,-0.006616998718740552,254.15000479561942,250.08333478655135
2026-01-12,249.0399932861328,251.2100067138672,245.7400054931641,248.9199981689453,1177100,-0.007139757077844866,253.13429042271204,250.22142973400298
2026-01-13,248.94000244140625,250.4900054931641,244.7700042724609,247.4900054931641,1158600,-0.005744788230356068,252.5471474783761,250.46333458310082
2026-01-14,246.67999267578125,246.75,241.50999450683597,245.4900054931641,1454700,-0.008081134411931812,250.85857718331474,250.6547633579799
2026-01-15,245.47999572753903,246.0,242.5500030517578,244.33999633789065,1083900,-0.004684545723004807,249.42857578822546,250.644287109375
2026-01-16,244.97000122070312,245.02999877929688,239.0,240.13999938964844,1718300,-0.01718915041004654,247.06714521135603,250.43523951939173
2026-01-20,239.0,242.9199981689453,237.05999755859372,240.6100006103516,1350400,0.0019571967264835344,245.3857160295759,250.43809654599144
2026-01-21,240.6100006103516,241.0,236.00999450683597,238.22999572753903,1267600,-0.009891545973879867,243.6028573172433,250.03714425223214
2026-01-22,239.55999755859372,241.5500030517578,233.8500061035156,241.1000061035156,1625500,0.012047225065893619,242.48571559361048,249.73714483351935
2026-01-23,241.13999938964844,245.82000732421875,240.94000244140625,245.72999572753903,1174900,0.019203606415652885,242.23428562709265,249.60143025716147
2026-01-26,245.57000732421875,247.1999969482422,244.05999755859372,245.6300048828125,1204700,-0.0004069134678917896,242.25428553989954,249.4300021216983
2026-01-27,246.0500030517578,248.5399932861328,242.72999572753903,245.5200042724609,1173800,-0.0004478305099739899,242.42285810198103,249.1404782249814
2026-01-28,245.9900054931641,248.5500030517578,242.3300018310547,243.17999267578125,1554600,-0.009530838856140145,242.85714285714286,248.52571614583334
2026-01-29,241.0399932861328,243.7100067138672,236.1300048828125,239.2700042724609,1907100,-0.016078577683540374,242.66571480887276,247.7433355422247
2026-01-30,237.6699981689453,238.1499938964844,211.1300048828125,220.3000030517578,9097800,-0.07928282225924832,240.10428728376115,245.95238313220796
2026-02-02,225.50999450683597,229.0800018310547,220.3500061035156,221.80999755859372,4345800,0.006854264575208102,237.34857177734375,244.32285926455543
2026-02-03,220.97999572753903,221.16000366210935,206.6100006103516,212.1699981689453,5266500,-0.04346061717575145,232.55428641183036,242.4452398390997
2026-02-04,207.7100067138672,209.0500030517578,197.4499969482422,200.75999450683597,5743300,-0.053777648869204664,226.14428492954798,239.75238255092077
2026-02-05,201.77999877929688,203.77999877929688,192.1999969482422,193.2400054931641,3995400,-0.037457607189841924,218.67571367536272,236.8423825218564
2026-02-06,197.4199981689453,198.07000732421875,189.4499969482422,195.58999633789065,3100300,0.012160995538833763,211.87714276994978,233.93381027948288
2026-02-09,197.5,205.66000366210935,196.3300018310547,205.02999877929688,4129000,0.04826423957336856,206.9857134137835,231.67904808407738
2026-02-10,212.4900054931641,213.52999877929688,208.72999572753903,210.7100067138672,4145200,0.027703301801628166,205.61571393694197,229.77428617931548
2026-02-11,208.0,210.2400054931641,199.3600006103516,203.88999938964844,4207300,-0.032366793730304155,203.0557141985212,227.6300005231585
2026-02-12,203.3999938964844,204.1999969482422,189.2899932861328,190.3600006103516,5020800,-0.06635930560497993,199.94000026157923,224.9095241001674
2026-02-13,191.8999938964844,194.67999267578125,188.6499938964844,193.6699981689453,2575400,0.01738809386415663,198.92714364188058,222.44190470377603
2026-02-17,193.6499938964844,196.8300018310547,191.8800048828125,193.8699951171875,2160800,0.0010326687155113312,199.01714215959822,220.038571312314
2026-02-18,194.72999572753903,200.08999633789065,193.88999938964844,199.1300048828125,1931000,0.02713163407491459,199.52285766601562,218.08571443103608
2026-02-19,199.02999877929688,204.6000061035156,198.75,201.3699951171875,2139600,0.011248883540645904,199.0,216.2171427408854
2026-02-20,199.1199951171875,202.94000244140625,197.1999969482422,199.72000122070312,1872600,-0.008193841865686835,197.42999921526228,214.38333347865515
2026-02-23,199.1699981689453,199.3300018310547,194.13999938964844,195.58999633789065,1962800,-0.020678974852641585,196.2442844935826,212.21619015648253
2026-02-24,194.7700042724609,204.50999450683597,192.6300048828125,204.19000244140625,1982500,0.043969560123405804,198.2199990408761,210.23809523809524
2026-02-25,204.8500061035156,207.97999572753903,202.83999633789065,207.30999755859372,2416600,0.015279862284554246,200.16857038225447,208.413332984561
2026-02-26,207.75999450683597,214.1499938964844,207.75,213.2899932861328,2231300,0.02884566976008429,202.94285583496094,206.87857055664062
2026-02-27,210.30999755859372,213.67999267578125,209.3699951171875,211.47999572753903,2234800,-0.008486087559511635,204.70714024135046,205.3690468924386
2026-03-02,209.0,215.9600067138672,208.77999877929688,213.8800048828125,1966800,0.011348634404010127,206.4942844935826,204.15999930245536
2026-03-03,209.77999877929688,221.0800018310547,208.50999450683597,217.0500030517578,2367200,0.014821386275365889,208.9699990408761,204.00523739769346
2026-03-04,217.9199981689453,219.4499969482422,211.32000732421875,215.7700042724609,2471000,-0.005897252989172652,211.8528573172433,203.71761866978235
2026-03-05,213.08999633789065,216.1699981689453,210.82000732421875,212.52999877929688,2112200,-0.015016014408901657,213.0442853655134,203.7347615559896
2026-03-06,210.82000732421875,212.4600067138672,208.69000244140625,211.5,1587400,-0.004846368913625665,213.64285714285714,204.2461903889974
2026-03-09,208.69000244140625,214.83999633789065,208.00999450683597,214.6300048828125,1876300,0.014799077460106336,213.83428737095423,205.26476178850447
2026-03-10,214.7700042724609,216.0,207.8000030517578,209.0800018310547,1877800,-0.025858467714186095,213.4914311000279,205.90714300246466
2026-03-11,209.1300048828125,211.63999938964844,207.5,211.08999633789065,1868800,0.009613518697307644,213.09285845075334,206.19571431477866
2026-03-12,210.67999267578125,212.80999755859372,208.1699981689453,209.1999969482422,1351900,-0.008953524195543405,211.97142900739397,206.1238090878441
2026-03-13,209.3300018310547,210.3500061035156,203.8999938964844,208.5800018310547,1633800,-0.002963647830936167,210.9442858014788,206.3471425374349
2026-03-16,209.4600067138672,212.0200042724609,207.4499969482422,207.69000244140625,2129900,-0.004266944969965603,210.2528577532087,207.17238071986608
2026-03-17,209.05999755859372,213.0,206.44000244140625,206.72000122070312,1587400,-0.004670428086574807,209.57000078473772,207.79380943661644
2026-03-18,204.8000030517578,208.8999938964844,203.6199951171875,204.22000122070312,1497500,-0.012093653179359731,208.0828574044364,208.2866668701172
2026-03-19,203.3999938964844,206.3800048828125,199.5500030517578,201.75,1626000,-0.012094805630883165,207.03571428571428,208.4114285423642
2026-03-20,200.7100067138672,202.38999938964844,198.0200042724609,200.6300048828125,3698600,-0.005551400828686548,205.5414297921317,208.3761909121559
2026-03-23,201.33999633789065,203.44000244140625,199.19000244140625,200.83999633789065,1875900,0.0010466602699870098,204.3471439906529,208.42952401297433
2026-03-24,199.57000732421875,199.9199981689453,191.0,191.3699951171875,2465200,-0.047151968698361024,201.8885716029576,208.22857157389322
2026-03-25,194.05999755859372,195.88999938964844,188.22999572753903,193.0500030517578,1931200,0.008778847141327262,199.7971431187221,207.6980954124814
2026-03-26,190.5,197.1699981689453,190.3500061035156,194.72000122070312,1677400,0.008650599028986239,198.0828574044364,207.09857177734375
2026-03-27,193.0,194.0,187.6300048828125,189.69000244140625,1867400,-0.025831957414563123,196.00714329310827,205.97476268949964
2026-03-30,192.7899932861328,195.6199951171875,191.22999572753903,193.0800018310547,2086700,0.017871260193038196,194.76857212611608,205.09857250395277
2026-03-31,194.2400054931641,198.50999450683597,193.3800048828125,197.5,2085100,0.02289205576459863,194.32142857142858,204.31857227143786
2026-04-01,198.0,199.47999572753903,196.5500030517578,198.1999969482422,1348600,0.003544288345530111,193.9442858014788,203.42095293317522
2026-04-02,195.1100006103516,202.1300048828125,193.8999938964844,199.8699951171875,1473500,0.008425823383748199,195.15857151576452,202.66380964006697
2026-04-06,199.8000030517578,199.9199981689453,193.7899932861328,196.69000244140625,1405700,-0.015910305465894226,195.67857142857142,201.9095241001674
2026-04-07,195.83999633789065,198.6300048828125,193.94000244140625,198.3300018310547,1247500,0.00833799059073681,196.1942858014788,201.28238133021765
2026-04-08,202.82000732421875,205.1100006103516,201.1300048828125,202.1300048828125,1646600,0.01916000109249638,197.97142900739397,200.68714323497954
2026-04-09,201.00999450683597,201.2100067138672,197.58999633789065,198.0500030517578,1493800,-0.02018503800769278,198.68142918178015,200.16190519787017
2026-04-10,197.3999938964844,199.2100067138672,194.50999450683597,197.07000732421875,1532900,-0.004948223743692415,198.62000165666853,199.4942866734096
2026-04-13,197.47999572753903,202.19000244140625,196.00999450683597,201.3600006103516,2078800,0.021768879721382195,199.07143075125558,199.12095351446243
2026-04-14,202.5200042724609,207.83999633789065,202.25999450683597,205.1000061035156,1731000,0.01857372607184904,199.8185751778739,198.95523943219865
2026-04-15,207.66000366210935,215.3699951171875,206.5800018310547,214.1499938964844,1951700,0.04412475633180235,202.31285967145647,199.26285807291666
2026-04-16,216.72999572753903,217.0500030517578,212.75,213.92999267578125,1384000,-0.0010273230304620462,204.5414297921317,199.60619099934897
2026-04-17,217.9199981689453,218.6999969482422,211.72000122070312,212.0399932861328,1792400,-0.008834662994229192,205.95714242117745,199.97857157389322
2026-04-20,212.13999938964844,216.9499969482422,210.77999877929688,216.8500061035156,1384300,0.022684460336178214,208.64285714285714,200.69761948358445
2026-04-21,218.0,219.8699951171875,215.72999572753903,217.6499938964844,1165800,0.0036891296769754334,211.58285522460938,201.50809515090216
2026-04-22,219.08999633789065,221.22000122070312,216.67999267578125,218.19000244140625,1246500,0.002481086882909267,213.98714120047433,202.33428591773622
2026-04-23,215.00999450683597,215.00999450683597,206.4499969482422,209.8999938964844,1587900,-0.037994447280635946,214.67285374232702,203.21666681198846
2026-04-24,210.9900054931641,211.0,207.8000030517578,210.75,1101500,0.004049576599486571,214.18714032854353,204.0595238095238
2026-04-27,209.22999572753903,216.3500061035156,208.75,213.7700042724609,1532900,0.014329794887121716,214.1642848423549,204.96666681198846
2026-04-28,213.0500030517578,215.7899932861328,211.25999450683597,213.00999450683597,929000,-0.003555268514923493,214.3028564453125,206.07714262462798
2026-04-29,212.58999633789065,215.9199981689453,209.50999450683597,215.33999633789065,1028000,0.010938462471909549,214.08714076450897,207.13714236304872
2026-04-30,213.47999572753903,215.5,211.3300018310547,213.75999450683597,1430800,-0.007337242769222985,213.53142656598774,207.91142781575522
2026-05-01,215.4600067138672,217.3600006103516,211.5800018310547,216.02999877929688,1042200,0.010619406487626604,213.22285461425784,208.76047552199591
2026-05-04,219.3500061035156,227.0200042724609,218.2100067138672,225.17999267578125,2046300,0.042355200426734685,215.4057115827288,209.96571350097656
2026-05-05,226.0,226.44000244140625,221.94000244140625,223.1100006103516,1310300,-0.009192610945724988,217.17142595563615,211.22380865187873
2026-05-06,221.0,225.13999938964844,218.6999969482422,222.0,1850700,-0.0049751271001524655,218.34713963099892,212.35095142182848
2026-05-07,225.05999755859372,227.0200042724609,222.16000366210935,223.5,1901200,0.006756756756756799,219.84571184430803,213.36857023693267
2026-05-08,222.63999938964844,222.97999572753903,219.7100067138672,220.4499969482422,1756100,-0.013646546092876077,220.5757119315011,214.43523661295572
2026-05-11,221.41000366210935,224.92999267578125,219.0399932861328,221.47000122070312,2061000,0.004626918968388072,221.67714146205358,215.5971410842169
2026-05-12,224.3600006103516,228.7899932861328,221.6999969482422,225.9900054931641,1785600,0.020409103930769446,223.0999995640346,216.76999845958892
2026-05-13,224.92999267578125,228.9499969482422,221.72999572753903,226.9900054931641,1660500,0.004424974448838048,223.35857282366072,217.8123793829055
2026-05-14,239.5,246.25,236.5,242.41000366210935,3667000,0.06793249832935766,226.11571611676897,219.15809413364954
2026-05-15,243.7700042724609,246.2400054931641,240.2899932861328,242.44000244140625,1959500,0.00012375223317406814,229.0357164655413,220.51571364629837
2026-05-18,233.3500061035156,244.1300048828125,231.9600067138672,242.16000366210935,2339700,-0.0011549198831763974,231.70143127441406,221.9499998546782
2026-05-19,240.3999938964844,242.16000366210935,235.8999938964844,238.13999938964844,1784800,-0.016600612040252982,234.22857448032923,222.96380905877976
2026-05-20,236.1000061035156,237.32000732421875,233.1300048828125,236.6199951171875,1859200,-0.00638281799091589,236.39285932268416,223.86714245024183
2026-05-21,236.3000030517578,241.91000366210935,236.1000061035156,238.0800018310547,4202700,0.006170259251100596,238.12000165666853,224.8142852783203
2026-05-22,243.75,247.0,220.55999755859372,227.5500030517578,7045300,-0.04422882517771953,238.2000013078962,225.6547619047619
2026-05-26,225.1300048828125,230.63999938964844,220.4900054931641,220.6699981689453,3239500,-0.030235134214643744,235.0942862374442,226.12714276994978
2026-05-27,217.97000122070312,224.1100006103516,216.3999938964844,218.4600067138672,2976800,-0.01001491581735614,231.66857256208147,226.35047621954055
2026-05-28,219.6699981689453,221.47999572753903,216.30999755859372,217.8699951171875,2730600,-0.0027007762452945228,228.19857134137834,226.5819048200335
2026-05-29,218.25999450683597,227.77999877929688,217.8500061035156,224.16000366210935,6487100,0.028870467186354,226.20142909458704,227.0019051688058
2026-06-01,227.9900054931641,231.0200042724609,223.8800048828125,226.97999572753903,2625800,0.012580264183437606,224.82428632463728,227.63142903645834
2026-06-02,222.25999450683597,224.0,217.3600006103516,222.3800048828125,2682900,-0.020266062786644223,222.58142961774553,227.93381027948288
2026-06-03,220.0,220.7899932861328,214.2899932861328,215.8000030517578,2188500,-0.02958899940002313,220.9028581891741,227.48714410691034
2026-06-04,217.00999450683597,220.75,216.3500061035156,216.6499938964844,1942200,0.003938789771577245,220.32857186453683,227.17952473958334
2026-06-05,217.3300018310547,220.2899932861328,212.77999877929688,214.38999938964844,1989800,-0.010431546598223318,219.7471422467913,226.81714375813803
2026-06-08,214.0,214.3600006103516,208.5,212.5500030517578,2481100,-0.00858247279784019,218.98714338030135,226.29571533203125
2026-06-09,210.69000244140625,213.32000732421875,207.91000366210935,212.0500030517578,1770000,-0.002352387639713349,217.25714329310827,225.89571562267486
2026-06-10,209.9600067138672,214.1699981689453,208.82000732421875,210.4600067138672,1999800,-0.007498214171223205,214.8971448625837,225.3714301699684
2026-06-11,207.2400054931641,213.7700042724609,206.0,212.0800018310547,1865400,0.007697401242555246,213.42571585518974,224.70904904320128
2026-06-12,211.25999450683597,213.25999450683597,209.0,211.75,1495200,-0.001556025217868351,212.8471439906529,223.98333449590774
2026-06-15,213.00999450683597,217.3699951171875,211.75,216.22999572753903,1632500,0.02115700461647707,212.78714425223214,222.7366674514044
2026-06-16,217.0,230.5,214.02999877929688,229.97000122070312,3489400,0.06354347576493136,215.01285879952567,222.14285786946616
2026-06-17,227.8300018310547,234.72000122070312,226.4499969482422,228.02999877929688,2674900,-0.008435893512669157,217.22428676060267,221.4700004940941
2026-06-18,239.13999938964844,242.1499938964844,233.22999572753903,239.27999877929688,7241500,0.04933561399914099,221.1142861502511,221.52428617931548
2026-06-22,244.6100006103516,251.2400054931641,237.1999969482422,239.57000732421875,4373100,0.0012120049582136083,225.27285766601562,221.66476295107887
2026-06-23,240.47999572753903,247.4199981689453,240.1000061035156,242.63999938964844,3151200,0.012814592693462412,229.6385716029576,221.88190569196428
2026-06-24,247.05999755859372,249.2899932861328,234.0,235.7700042724609,4145000,-0.028313530887193905,233.07000078473772,222.2733343215216
2026-06-25,237.0200042724609,240.83999633789065,230.6699981689453,238.72000122070312,2851200,0.012512180916929294,236.2828587123326,223.1328582763672
2026-06-26,240.83999633789065,241.1000061035156,233.3999938964844,238.52999877929688,6491700,-0.0007959217511506189,237.5057155064174,224.08857218424478
2026-06-29,243.2400054931641,250.47000122070312,242.4499969482422,247.1499938964844,3795100,0.03613799170461274,240.23714338030135,225.48285784040178
2026-06-30,244.5,252.9499969482422,243.22000122070312,249.97999572753903,3116300,0.011450543803128488,241.76571437290735,226.71238127208892
2026-07-01,252.52999877929688,253.1999969482422,248.13999938964844,250.32000732421875,2305200,0.0013601552223814206,243.30142865862166,227.82381039574034
2026-07-02,250.32000732421875,255.2700042724609,249.13999938964844,254.9900054931641,2033700,0.01865611230546449,245.06571524483817,229.37666756766183
2026-07-06,252.9900054931641,258.510009765625,252.63999938964844,258.4100036621094,1898400,0.01341228320824106,248.3000008719308,231.4057152157738
2026-07-07,263.0799865722656,265.94000244140625,256.8599853515625,257.7900085449219,2058900,-0.0023992690236489533,251.0242876325335,233.36476353236608
2026-07-08,256.94000244140625,259.989990234375,250.9199981689453,251.3800048828125,1543900,-0.024865213738461844,252.86000279017858,235.1261923653739
2026-07-09,251.6499938964844,253.8600006103516,244.3000030517578,246.1000061035156,2375700,-0.021004052338046253,252.71000453404014,236.72381155831474
2026-07-10,247.3699951171875,249.0,242.25,243.1999969482422,2249100,-0.011783864621496942,251.7414332798549,238.20714460100447
2026-07-13,242.97999572753903,246.6999969482422,242.97999572753903,244.1000061035156,1252300,0.0037006955862131097,250.85286167689733,239.80904933384485
2026-07-14,237.19000244140625,241.8600006103516,236.2400054931641,237.0399932861328,1461500,-0.028922624501651395,248.28857421874997,240.99762035551527
2026-07-15,237.4900054931641,246.19000244140625,237.25,243.8000030517578,1630200,0.02851843552604616,246.20143127441406,242.52381097702752
2026-07-16,243.0,243.5,238.0,239.57000732421875,1558400,-0.017350269378959116,243.59857395717077,243.63524010067894
2026-07-17,235.63999938964844,239.25,232.5,236.67999267578125,2361000,-0.012063340819313595,241.49857221330916,243.9547635033017
2026-07-20,236.8000030517578,241.7899932861328,236.75,238.97999572753903,1352100,0.009717775574332066,240.48142787388392,244.4761919294085
2026-07-21,237.8300018310547,239.3800048828125,235.3000030517578,235.92999267578125,1195700,-0.012762587272095782,239.44285583496094,244.31666782924108
2026-07-22,236.2400054931641,236.5,232.57000732421875,233.5800018310547,1273800,-0.009960543032593416,237.93999808175224,244.03142947242372
2026-07-23,231.8699951171875,233.17999267578125,228.5,230.25,1486000,-0.014256365292193318,236.9699990408761,243.4414295014881
2026-07-24,231.69000244140625,234.16000366210935,229.55999755859372,231.6499938964844,1343400,0.00608032094021449,235.23428344726562,243.24523853120348
2026-07-27,237.92999267578125,244.50999450683597,235.6199951171875,243.9499969482422,2027500,0.0530973597057558,235.85999625069755,243.4942859468006
2026-07-28,245.22000122070312,248.6999969482422,241.4199981689453,247.6199951171875,1943100,0.015044059089387662,237.42285374232702,243.9271429152716
2026-07-29,248.1699981689453,250.92999267578125,246.05999755859372,246.42999267578125,2480600,-0.004805760701364514,238.48713902064733,243.89285714285714
2026-07-30,242.0200042724609,247.66000366210935,242.0200042724609,247.42999267578125,2309500,0.004057947610766943,240.12999616350447,243.77142842610678
2026-07-31,246.3699951171875,247.0800018310547,237.9600067138672,242.9199981689453,1931000,-0.018227355778753895,241.4642813546317,243.4190470377604
2026-08-03,246.0500030517578,248.4600067138672,243.75999450683597,245.1499938964844,1630000,0.009179959428404771,243.59285191127233,242.95047505696616
2026-08-04,244.19000244140625,246.25,239.50999450683597,240.22000122070312,2096600,-0.0201101072752341,244.817138671875,242.08428446451822
2026-08-05,242.75999450683597,243.50999450683597,232.33999633789065,234.91000366210935,2109200,-0.022104727048582462,243.5257110595703,240.99476042247954
2026-08-06,240.66000366210935,242.97000122070312,228.1999969482422,232.47000122070312,3985700,-0.010386966937840025,241.3614262172154,240.0942840576172
2026-08-07,233.5,247.5399932861328,231.07000732421875,246.5,3987100,0.06035186779208135,241.37142726353235,240.1133313860212
2026-08-10,247.5500030517578,256.6199951171875,247.33999633789065,253.57000732421875,3776700,0.028681571295005037,242.24857221330916,240.60714140392486
2026-08-11,253.3699951171875,254.9499969482422,247.8300018310547,250.5,2447600,-0.012107138997292322,243.33142961774553,240.91190301804315
2026-08-12,248.3800048828125,248.9600067138672,242.2100067138672,243.0,1839400,-0.029940119760479056,243.0242876325335,241.19571286156065
2026-08-13,243.7700042724609,245.4293975830078,240.8650054931641,241.32749938964844,178336,-0.006882718561117551,243.18250165666853,241.0779745919364
